{"type":"FeatureCollection","features":[{"type":"Feature","geometry":{"type":"LineString","coordinates":[[7.5364,51.32218],[7.52911,51.3297]]},"properties":{"id":"autobahn:2023-001227--vi-bs.2022-05-03_19-00-00-000.devi-zus.2022-05-03_19-00-00-000.f_001.de1","version":"8b167f2d5b9111ba2218ce10f3af36a8025b2be96e674f27395b2258b189be18","cityId":"castrop-rauxel","kind":"roadworks","category":"Autobahn-Baustelle","title":"A45 | Brunsbecke - Waterhövel","statement":"A45 | Brunsbecke - Waterhövel: eine Baustelle ist im Autobahn-Verkehrsdienst verzeichnet. A45: Gießen -> Hagen, zwischen Brunsbecke und 0.9 km vor Waterhövel Die Lage kann auch eine Pendelstrecke außerhalb des Stadtgebiets betreffen.","status":"im Verkehrsdienst geführt","startDate":"2022-05-03","endDate":"2030-10-30","nextStep":"Aktuelle Verkehrs- und Sperrinformationen beim Betreiber prüfen.","scale":"district","geometryPrecision":"approximate","reviewState":"candidate","asOf":"2026-09-27T10:04:55.206Z","sourceCount":1,"primarySource":{"url":"https://verkehr.autobahn.de/o/autobahn/A45/services/roadworks","title":"Autobahn A45 roadworks","publisher":"Autobahn GmbH","licence":"unknown","reuse":"unknown"}}},{"type":"Feature","geometry":{"type":"LineString","coordinates":[[7.52902,51.32969],[7.53625,51.32209]]},"properties":{"id":"autobahn:2023-001227--vi-bs.2022-05-03_19-00-00-000.devi-zus.2022-05-03_19-00-00-000.f_001.de3","version":"a4ce866e7c478cc72c27415e38969399d11ac1baa86077b2c71c4ed2da9bf608","cityId":"castrop-rauxel","kind":"roadworks","category":"Autobahn-Baustelle","title":"A45 | Waterhövel - Brunsbecke","statement":"A45 | Waterhövel - Brunsbecke: eine Baustelle ist im Autobahn-Verkehrsdienst verzeichnet. A45: Hagen -> Gießen, zwischen 0.9 km hinter Waterhövel und Brunsbecke Die Lage kann auch eine Pendelstrecke außerhalb des Stadtgebiets betreffen.","status":"im Verkehrsdienst geführt","startDate":"2022-05-03","endDate":"2030-10-30","nextStep":"Aktuelle Verkehrs- und Sperrinformationen beim Betreiber prüfen.","scale":"district","geometryPrecision":"approximate","reviewState":"candidate","asOf":"2026-09-27T10:04:55.206Z","sourceCount":1,"primarySource":{"url":"https://verkehr.autobahn.de/o/autobahn/A45/services/roadworks","title":"Autobahn A45 roadworks","publisher":"Autobahn GmbH","licence":"unknown","reuse":"unknown"}}},{"type":"Feature","geometry":{"type":"LineString","coordinates":[[7.54345,51.3191],[7.5364,51.32218]]},"properties":{"id":"autobahn:2023-001227--vi-bs.2022-05-03_19-00-00-000.devi-zus.2022-05-03_19-00-00-000.f_001.de5","version":"43bd8c6422dcbd630bf28a483f07627ffd60b2d04bdac7ec287a0cc3426598ac","cityId":"castrop-rauxel","kind":"roadworks","category":"Autobahn-Baustelle","title":"A45 | Rölveder Mühle - Waterhövel","statement":"A45 | Rölveder Mühle - Waterhövel: eine Baustelle ist im Autobahn-Verkehrsdienst verzeichnet. A45: Gießen -> Hagen, zwischen 4.4 km hinter Rölveder Mühle und 1.9 km vor Waterhövel Die Lage kann auch eine Pendelstrecke außerhalb des Stadtgebiets betreffen.","status":"im Verkehrsdienst geführt","startDate":"2022-05-03","endDate":"2030-10-30","nextStep":"Aktuelle Verkehrs- und Sperrinformationen beim Betreiber prüfen.","scale":"district","geometryPrecision":"approximate","reviewState":"candidate","asOf":"2026-09-27T10:04:55.206Z","sourceCount":1,"primarySource":{"url":"https://verkehr.autobahn.de/o/autobahn/A45/services/roadworks","title":"Autobahn A45 roadworks","publisher":"Autobahn GmbH","licence":"unknown","reuse":"unknown"}}},{"type":"Feature","geometry":{"type":"LineString","coordinates":[[7.52557,51.34983],[7.52435,51.34027]]},"properties":{"id":"autobahn:2023-001227--vi-bs.2022-05-20_19-00-00-000.devi-zus.2022-05-03_19-00-00-000.f_001.de11","version":"45e528b1e400197a8e10e7842ed668d38ec5da4747f39551f9b1c0cbff65d3b2","cityId":"castrop-rauxel","kind":"roadworks","category":"Autobahn-Baustelle","title":"A45 | Hagen - Waterhövel","statement":"A45 | Hagen - Waterhövel: eine Baustelle ist im Autobahn-Verkehrsdienst verzeichnet. A45: Dortmund -> Gießen, zwischen 2.4 km hinter AK Hagen und 0.3 km vor Waterhövel Die Lage kann auch eine Pendelstrecke außerhalb des Stadtgebiets betreffen.","status":"im Verkehrsdienst geführt","startDate":"2022-05-20","endDate":"2030-10-30","nextStep":"Aktuelle Verkehrs- und Sperrinformationen beim Betreiber prüfen.","scale":"district","geometryPrecision":"approximate","reviewState":"candidate","asOf":"2026-09-27T10:04:55.206Z","sourceCount":1,"primarySource":{"url":"https://verkehr.autobahn.de/o/autobahn/A45/services/roadworks","title":"Autobahn A45 roadworks","publisher":"Autobahn GmbH","licence":"unknown","reuse":"unknown"}}},{"type":"Feature","geometry":{"type":"LineString","coordinates":[[7.52907,51.32978],[7.52459,51.34012]]},"properties":{"id":"autobahn:2023-001227--vi-bs.2022-05-20_19-00-00-000.devi-zus.2022-05-03_19-00-00-000.f_001.de7","version":"d9baaa2c8d906dadca2f464b79c8ef7ba3fbeb9d02e423ab9f16b753c36ef002","cityId":"castrop-rauxel","kind":"roadworks","category":"Autobahn-Baustelle","title":"A45 | Brunsbecke - Hagen-Süd","statement":"A45 | Brunsbecke - Hagen-Süd: eine Baustelle ist im Autobahn-Verkehrsdienst verzeichnet. A45: Gießen -> Hagen, zwischen 1.0 km hinter Brunsbecke und 0.9 km vor AS Hagen-Süd Die Lage kann auch eine Pendelstrecke außerhalb des Stadtgebiets betreffen.","status":"im Verkehrsdienst geführt","startDate":"2022-05-20","endDate":"2030-10-30","nextStep":"Aktuelle Verkehrs- und Sperrinformationen beim Betreiber prüfen.","scale":"district","geometryPrecision":"approximate","reviewState":"candidate","asOf":"2026-09-27T10:04:55.206Z","sourceCount":1,"primarySource":{"url":"https://verkehr.autobahn.de/o/autobahn/A45/services/roadworks","title":"Autobahn A45 roadworks","publisher":"Autobahn GmbH","licence":"unknown","reuse":"unknown"}}},{"type":"Feature","geometry":{"type":"LineString","coordinates":[[7.52438,51.3401],[7.52899,51.32976]]},"properties":{"id":"autobahn:2023-001227--vi-bs.2022-05-20_19-00-00-000.devi-zus.2022-05-03_19-00-00-000.f_001.de9","version":"e4c81eb3e56cc64d8133b1d21d91f8a819cf5dc8970fb6a007dd7710487c4870","cityId":"castrop-rauxel","kind":"roadworks","category":"Autobahn-Baustelle","title":"A45 | Hagen-Süd - Brunsbecke","statement":"A45 | Hagen-Süd - Brunsbecke: eine Baustelle ist im Autobahn-Verkehrsdienst verzeichnet. A45: Hagen -> Gießen, zwischen 0.9 km hinter AS Hagen-Süd und 1.0 km vor Brunsbecke Die Lage kann auch eine Pendelstrecke außerhalb des Stadtgebiets betreffen.","status":"im Verkehrsdienst geführt","startDate":"2022-05-20","endDate":"2030-10-30","nextStep":"Aktuelle Verkehrs- und Sperrinformationen beim Betreiber prüfen.","scale":"district","geometryPrecision":"approximate","reviewState":"candidate","asOf":"2026-09-27T10:04:55.206Z","sourceCount":1,"primarySource":{"url":"https://verkehr.autobahn.de/o/autobahn/A45/services/roadworks","title":"Autobahn A45 roadworks","publisher":"Autobahn GmbH","licence":"unknown","reuse":"unknown"}}},{"type":"Feature","geometry":{"type":"LineString","coordinates":[[7.18771,51.58356],[7.18839,51.58463]]},"properties":{"id":"autobahn:2023-001445--vi-fbm.2021-04-12_05-00-00-000.devi-zus.2021-04-12_05-00-00-000_001.de1","version":"e0b68c1fc7865121ec26bc456c86ae7c9adfc613f45a889476f31c2e7dc55a2a","cityId":"castrop-rauxel","kind":"roadworks","category":"Sperrung","title":"A2 - Sperrung der Abfahrten auf die A43 in Richtung Wuppertal - AlD 1445","statement":"A2 - Sperrung der Abfahrten auf die A43 in Richtung Wuppertal - AlD 1445: eine Sperrung ist im Autobahn-Verkehrsdienst verzeichnet. Abfahrt von der A2: AK Recklinghausen (aus Richtung Recklinghausen-Süd) Die Lage kann auch eine Pendelstrecke außerhalb des Stadtgebiets betreffen.","status":"im Verkehrsdienst geführt","startDate":"2021-04-12","endDate":"2026-12-31","nextStep":"Aktuelle Verkehrs- und Sperrinformationen beim Betreiber prüfen.","scale":"district","geometryPrecision":"approximate","reviewState":"candidate","asOf":"2026-09-27T10:04:55.015Z","sourceCount":1,"primarySource":{"url":"https://verkehr.autobahn.de/o/autobahn/A2/services/closure","title":"Autobahn A2 closure","publisher":"Autobahn GmbH","licence":"unknown","reuse":"unknown"}}},{"type":"Feature","geometry":{"type":"LineString","coordinates":[[7.18578,51.58241],[7.18911,51.58166]]},"properties":{"id":"autobahn:2023-001445--vi-fbm.2021-04-12_05-00-00-000.devi-zus.2021-04-12_05-00-00-000_001.de2","version":"a383b6087082867d1cd0372917f0c494880e839aa509399739d237508fa68aee","cityId":"castrop-rauxel","kind":"roadworks","category":"Sperrung","title":"A2 - Sperrung der Abfahrten auf die A43 in Richtung Wuppertal - AlD 1445","statement":"A2 - Sperrung der Abfahrten auf die A43 in Richtung Wuppertal - AlD 1445: eine Sperrung ist im Autobahn-Verkehrsdienst verzeichnet. Die Lage kann auch eine Pendelstrecke außerhalb des Stadtgebiets betreffen.","status":"im Verkehrsdienst geführt","startDate":"2021-04-12","endDate":"2026-12-31","nextStep":"Aktuelle Verkehrs- und Sperrinformationen beim Betreiber prüfen.","scale":"district","geometryPrecision":"approximate","reviewState":"candidate","asOf":"2026-09-27T10:04:55.015Z","sourceCount":1,"primarySource":{"url":"https://verkehr.autobahn.de/o/autobahn/A2/services/closure","title":"Autobahn A2 closure","publisher":"Autobahn GmbH","licence":"unknown","reuse":"unknown"}}},{"type":"Feature","geometry":{"type":"LineString","coordinates":[[7.40625,51.58374],[7.40917,51.58405]]},"properties":{"id":"autobahn:2023-002164--vi-bs.2026-04-16_13-00-00-000.devi-zus.2023-01-18_05-00-00-000.de5","version":"919a568bf80bd79e8f353573ea2f1e25135d37d3680e1d7f1f8508ce9713079e","cityId":"castrop-rauxel","kind":"roadworks","category":"Autobahn-Baustelle","title":"A2 | Dortmund-Mengede - Kleine Herrenthey","statement":"A2 | Dortmund-Mengede - Kleine Herrenthey: eine Baustelle ist im Autobahn-Verkehrsdienst verzeichnet. A2: Oberhausen -> Dortmund, zwischen 0.9 km hinter AS Dortmund-Mengede und 1.5 km vor Kleine Herrenthey Die Lage kann auch eine Pendelstrecke außerhalb des Stadtgebiets betreffen.","status":"im Verkehrsdienst geführt","startDate":"2026-04-16","endDate":"2029-12-31","nextStep":"Aktuelle Verkehrs- und Sperrinformationen beim Betreiber prüfen.","scale":"district","geometryPrecision":"approximate","reviewState":"candidate","asOf":"2026-09-27T10:04:54.955Z","sourceCount":1,"primarySource":{"url":"https://verkehr.autobahn.de/o/autobahn/A2/services/roadworks","title":"Autobahn A2 roadworks","publisher":"Autobahn GmbH","licence":"unknown","reuse":"unknown"}}},{"type":"Feature","geometry":{"type":"LineString","coordinates":[[7.40912,51.58421],[7.40621,51.5839]]},"properties":{"id":"autobahn:2023-002164--vi-bs.2026-04-16_13-00-00-000.devi-zus.2023-01-18_05-00-00-000.de7","version":"48c51666307fed804bf28706c3bd7b9cfa86a6e0ce0ab7e3a84f8e4d12c778d5","cityId":"castrop-rauxel","kind":"roadworks","category":"Autobahn-Baustelle","title":"A2 | Kleine Herrenthey - Dortmund-Mengede","statement":"A2 | Kleine Herrenthey - Dortmund-Mengede: eine Baustelle ist im Autobahn-Verkehrsdienst verzeichnet. A2: Dortmund -> Oberhausen, zwischen 1.5 km hinter Kleine Herrenthey und 0.9 km vor AS Dortmund-Mengede Die Lage kann auch eine Pendelstrecke außerhalb des Stadtgebiets betreffen.","status":"im Verkehrsdienst geführt","startDate":"2026-04-16","endDate":"2029-12-31","nextStep":"Aktuelle Verkehrs- und Sperrinformationen beim Betreiber prüfen.","scale":"district","geometryPrecision":"approximate","reviewState":"candidate","asOf":"2026-09-27T10:04:54.955Z","sourceCount":1,"primarySource":{"url":"https://verkehr.autobahn.de/o/autobahn/A2/services/roadworks","title":"Autobahn A2 roadworks","publisher":"Autobahn GmbH","licence":"unknown","reuse":"unknown"}}},{"type":"Feature","geometry":{"type":"LineString","coordinates":[[7.00627,51.50764],[6.99868,51.50635]]},"properties":{"id":"autobahn:2023-002969--vi-bs.2024-03-16_12-00-00-000.devi-zus.2023-11-17_11-00-00-000.de27","version":"1b7ce96d18cc357afb3d7df33a3a91be8f020f20e581e7bbefc93f87dd5b6291","cityId":"castrop-rauxel","kind":"roadworks","category":"Autobahn-Baustelle","title":"A42 | Essen-Altenessen - Essen-Nord","statement":"A42 | Essen-Altenessen - Essen-Nord: eine Baustelle ist im Autobahn-Verkehrsdienst verzeichnet. A42: Dortmund -> Kamp-Lintfort, zwischen 0.5 km hinter AS Essen-Altenessen und 0.2 km vor AK Essen-Nord Die Lage kann auch eine Pendelstrecke außerhalb des Stadtgebiets betreffen.","status":"im Verkehrsdienst geführt","startDate":"2024-03-16","endDate":"2027-06-30","nextStep":"Aktuelle Verkehrs- und Sperrinformationen beim Betreiber prüfen.","scale":"district","geometryPrecision":"approximate","reviewState":"candidate","asOf":"2026-09-27T10:04:55.065Z","sourceCount":1,"primarySource":{"url":"https://verkehr.autobahn.de/o/autobahn/A42/services/roadworks","title":"Autobahn A42 roadworks","publisher":"Autobahn GmbH","licence":"unknown","reuse":"unknown"}}},{"type":"Feature","geometry":{"type":"LineString","coordinates":[[6.92528,51.50014],[6.93547,51.50445]]},"properties":{"id":"autobahn:2023-002969--vi-bs.2024-03-28_12-00-00-000.devi-zus.2023-11-17_11-00-00-000.de29","version":"dacd2d7ea77c8703098d6cd10793a4ed84a05e51d9c15d38e509a23e8393fd2b","cityId":"castrop-rauxel","kind":"roadworks","category":"Autobahn-Baustelle","title":"A42 | Oberhausen Neue Mitte - Essen-Nord","statement":"A42 | Oberhausen Neue Mitte - Essen-Nord: eine Baustelle ist im Autobahn-Verkehrsdienst verzeichnet. A42: Kamp-Lintfort -> Dortmund, zwischen 2.5 km hinter AS Oberhausen Neue Mitte und 4.5 km vor AK Essen-Nord Die Lage kann auch eine Pendelstrecke außerhalb des Stadtgebiets betreffen.","status":"im Verkehrsdienst geführt","startDate":"2024-03-28","endDate":"2027-06-30","nextStep":"Aktuelle Verkehrs- und Sperrinformationen beim Betreiber prüfen.","scale":"district","geometryPrecision":"approximate","reviewState":"candidate","asOf":"2026-09-27T10:04:55.065Z","sourceCount":1,"primarySource":{"url":"https://verkehr.autobahn.de/o/autobahn/A42/services/roadworks","title":"Autobahn A42 roadworks","publisher":"Autobahn GmbH","licence":"unknown","reuse":"unknown"}}},{"type":"Feature","geometry":{"type":"LineString","coordinates":[[6.93335,51.50347],[6.93478,51.50345]]},"properties":{"id":"autobahn:2023-002969--vi-bs.2024-03-28_12-00-00-000.devi-zus.2023-11-17_11-00-00-000.de31","version":"a167125f18dbf9bf08626c03d1084acf8042d21104f2ba676ee5702f974cf906","cityId":"castrop-rauxel","kind":"roadworks","category":"Autobahn-Baustelle","title":"A42 - Instandsetzung des Bauwerks Rhein-Herne-Kanal - AlD 2969","statement":"A42 - Instandsetzung des Bauwerks Rhein-Herne-Kanal - AlD 2969: eine Baustelle ist im Autobahn-Verkehrsdienst verzeichnet. Abfahrt von der A42: AS Bottrop-Süd (aus Richtung Oberhausen Neue Mitte) Die Lage kann auch eine Pendelstrecke außerhalb des Stadtgebiets betreffen.","status":"im Verkehrsdienst geführt","startDate":"2024-03-28","endDate":"2027-06-30","nextStep":"Aktuelle Verkehrs- und Sperrinformationen beim Betreiber prüfen.","scale":"district","geometryPrecision":"approximate","reviewState":"candidate","asOf":"2026-09-27T10:04:55.065Z","sourceCount":1,"primarySource":{"url":"https://verkehr.autobahn.de/o/autobahn/A42/services/roadworks","title":"Autobahn A42 roadworks","publisher":"Autobahn GmbH","licence":"unknown","reuse":"unknown"}}},{"type":"Feature","geometry":{"type":"LineString","coordinates":[[6.9965,51.50626],[6.99792,51.50643]]},"properties":{"id":"autobahn:2023-002969--vi-fbm.2023-12-11_03-00-00-000.devi-zus.2023-11-17_11-00-00-000.de11","version":"817cf757d85a74e6d9b8c4f117e00b98c8c9820698297f50d2c63024f4e4a5bb","cityId":"castrop-rauxel","kind":"roadworks","category":"Sperrung","title":"A42 - Instandsetzung des Bauwerks Rhein-Herne-Kanal - AlD 2969","statement":"A42 - Instandsetzung des Bauwerks Rhein-Herne-Kanal - AlD 2969: eine Sperrung ist im Autobahn-Verkehrsdienst verzeichnet. Die Lage kann auch eine Pendelstrecke außerhalb des Stadtgebiets betreffen.","status":"im Verkehrsdienst geführt","startDate":"2023-12-11","endDate":"2027-06-30","nextStep":"Aktuelle Verkehrs- und Sperrinformationen beim Betreiber prüfen.","scale":"district","geometryPrecision":"approximate","reviewState":"candidate","asOf":"2026-09-27T10:04:55.121Z","sourceCount":1,"primarySource":{"url":"https://verkehr.autobahn.de/o/autobahn/A42/services/closure","title":"Autobahn A42 closure","publisher":"Autobahn GmbH","licence":"unknown","reuse":"unknown"}}},{"type":"Feature","geometry":{"type":"LineString","coordinates":[[6.99435,51.50754],[6.99351,51.50505]]},"properties":{"id":"autobahn:2023-002969--vi-fbm.2023-12-11_03-00-00-000.devi-zus.2023-11-17_11-00-00-000.de12","version":"2fbc1d2a7fe584afa73e33f87c552a6359444665eb412d912a1c22c6651c1fb7","cityId":"castrop-rauxel","kind":"roadworks","category":"Sperrung","title":"A42 - Instandsetzung des Bauwerks Rhein-Herne-Kanal - AlD 2969","statement":"A42 - Instandsetzung des Bauwerks Rhein-Herne-Kanal - AlD 2969: eine Sperrung ist im Autobahn-Verkehrsdienst verzeichnet. Die Lage kann auch eine Pendelstrecke außerhalb des Stadtgebiets betreffen.","status":"im Verkehrsdienst geführt","startDate":"2023-12-11","endDate":"2027-06-30","nextStep":"Aktuelle Verkehrs- und Sperrinformationen beim Betreiber prüfen.","scale":"district","geometryPrecision":"approximate","reviewState":"candidate","asOf":"2026-09-27T10:04:55.121Z","sourceCount":1,"primarySource":{"url":"https://verkehr.autobahn.de/o/autobahn/A42/services/closure","title":"Autobahn A42 closure","publisher":"Autobahn GmbH","licence":"unknown","reuse":"unknown"}}},{"type":"Feature","geometry":{"type":"LineString","coordinates":[[6.93452,51.50355],[6.93455,51.50405]]},"properties":{"id":"autobahn:2023-002969--vi-fbm.2023-12-11_03-00-00-000.devi-zus.2023-11-17_11-00-00-000.de7","version":"b7adc56a6d04f3c58aed4fcd62ea9941839c4bef192043038f9e3f70cad2aa23","cityId":"castrop-rauxel","kind":"roadworks","category":"Sperrung","title":"A42 - Instandsetzung des Bauwerks Rhein-Herne-Kanal - AlD 2969","statement":"A42 - Instandsetzung des Bauwerks Rhein-Herne-Kanal - AlD 2969: eine Sperrung ist im Autobahn-Verkehrsdienst verzeichnet. Die Lage kann auch eine Pendelstrecke außerhalb des Stadtgebiets betreffen.","status":"im Verkehrsdienst geführt","startDate":"2023-12-11","endDate":"2027-06-30","nextStep":"Aktuelle Verkehrs- und Sperrinformationen beim Betreiber prüfen.","scale":"district","geometryPrecision":"approximate","reviewState":"candidate","asOf":"2026-09-27T10:04:55.121Z","sourceCount":1,"primarySource":{"url":"https://verkehr.autobahn.de/o/autobahn/A42/services/closure","title":"Autobahn A42 closure","publisher":"Autobahn GmbH","licence":"unknown","reuse":"unknown"}}},{"type":"Feature","geometry":{"type":"LineString","coordinates":[[7.22067,51.55168],[7.21292,51.54872]]},"properties":{"id":"autobahn:2023-004133--vi-bs.2026-03-18_05-00-00-000.devi-zus.2022-01-03_20-00-00-000_008.f.de163","version":"9326e8655d900103279e618346eb7bf77b0fb0fe05258373d570770cbac0ac21","cityId":"castrop-rauxel","kind":"roadworks","category":"Autobahn-Baustelle","title":"A42 | Herne-Horsthausen - Herne-Baukau","statement":"A42 | Herne-Horsthausen - Herne-Baukau: eine Baustelle ist im Autobahn-Verkehrsdienst verzeichnet. A42: Dortmund -> Kamp-Lintfort, zwischen 0.8 km hinter AS Herne-Horsthausen und 0.1 km vor AS Herne-Baukau Die Lage kann auch eine Pendelstrecke außerhalb des Stadtgebiets betreffen.","status":"im Verkehrsdienst geführt","startDate":"2026-03-18","endDate":"2027-05-10","nextStep":"Aktuelle Verkehrs- und Sperrinformationen beim Betreiber prüfen.","scale":"district","geometryPrecision":"approximate","reviewState":"candidate","asOf":"2026-09-27T10:04:55.065Z","sourceCount":1,"primarySource":{"url":"https://verkehr.autobahn.de/o/autobahn/A42/services/roadworks","title":"Autobahn A42 roadworks","publisher":"Autobahn GmbH","licence":"unknown","reuse":"unknown"}}},{"type":"Feature","geometry":{"type":"LineString","coordinates":[[7.21292,51.54872],[7.18904,51.54379]]},"properties":{"id":"autobahn:2023-004133--vi-bs.2026-03-18_05-00-00-000.devi-zus.2022-01-03_20-00-00-000_008.f.de165","version":"c04e37554c4f96c0f256978b1a1269651c62c0e4cf6724533c58fc854472b9fe","cityId":"castrop-rauxel","kind":"roadworks","category":"Autobahn-Baustelle","title":"A42 | Herne-Horsthausen - Herne-Crange","statement":"A42 | Herne-Horsthausen - Herne-Crange: eine Baustelle ist im Autobahn-Verkehrsdienst verzeichnet. A42: Dortmund -> Kamp-Lintfort, zwischen 1.5 km hinter AS Herne-Horsthausen und 1.5 km vor AS Herne-Crange Die Lage kann auch eine Pendelstrecke außerhalb des Stadtgebiets betreffen.","status":"im Verkehrsdienst geführt","startDate":"2026-03-18","endDate":"2027-05-10","nextStep":"Aktuelle Verkehrs- und Sperrinformationen beim Betreiber prüfen.","scale":"district","geometryPrecision":"approximate","reviewState":"candidate","asOf":"2026-09-27T10:04:55.065Z","sourceCount":1,"primarySource":{"url":"https://verkehr.autobahn.de/o/autobahn/A42/services/roadworks","title":"Autobahn A42 roadworks","publisher":"Autobahn GmbH","licence":"unknown","reuse":"unknown"}}},{"type":"Feature","geometry":{"type":"LineString","coordinates":[[7.18904,51.54372],[7.19405,51.54383]]},"properties":{"id":"autobahn:2023-004133--vi-bs.2026-03-18_05-00-00-000.devi-zus.2022-01-03_20-00-00-000_008.f.de167","version":"201f44e0c1a0e1a8d740694c58f44b0af9c78441c5f6116ebe26106d1bc17e63","cityId":"castrop-rauxel","kind":"roadworks","category":"Autobahn-Baustelle","title":"A42 | Herne-Crange - Herne","statement":"A42 | Herne-Crange - Herne: eine Baustelle ist im Autobahn-Verkehrsdienst verzeichnet. A42: Kamp-Lintfort -> Dortmund, zwischen 1.5 km hinter AS Herne-Crange und 0.4 km vor AK Herne Die Lage kann auch eine Pendelstrecke außerhalb des Stadtgebiets betreffen.","status":"im Verkehrsdienst geführt","startDate":"2026-03-18","endDate":"2027-05-10","nextStep":"Aktuelle Verkehrs- und Sperrinformationen beim Betreiber prüfen.","scale":"district","geometryPrecision":"approximate","reviewState":"candidate","asOf":"2026-09-27T10:04:55.065Z","sourceCount":1,"primarySource":{"url":"https://verkehr.autobahn.de/o/autobahn/A42/services/roadworks","title":"Autobahn A42 roadworks","publisher":"Autobahn GmbH","licence":"unknown","reuse":"unknown"}}},{"type":"Feature","geometry":{"type":"LineString","coordinates":[[7.19405,51.54383],[7.20987,51.54749]]},"properties":{"id":"autobahn:2023-004133--vi-bs.2026-03-18_05-00-00-000.devi-zus.2022-01-03_20-00-00-000_008.f.de169","version":"b80e26acc646e3ce6276355c4124708092993915be369ab8c0d1e7eaede75546","cityId":"castrop-rauxel","kind":"roadworks","category":"Autobahn-Baustelle","title":"A42 | Herne-Crange - Herne-Baukau","statement":"A42 | Herne-Crange - Herne-Baukau: eine Baustelle ist im Autobahn-Verkehrsdienst verzeichnet. A42: Kamp-Lintfort -> Dortmund, zwischen 1.8 km hinter AS Herne-Crange und 0.2 km vor AS Herne-Baukau Die Lage kann auch eine Pendelstrecke außerhalb des Stadtgebiets betreffen.","status":"im Verkehrsdienst geführt","startDate":"2026-03-18","endDate":"2027-05-10","nextStep":"Aktuelle Verkehrs- und Sperrinformationen beim Betreiber prüfen.","scale":"district","geometryPrecision":"approximate","reviewState":"candidate","asOf":"2026-09-27T10:04:55.065Z","sourceCount":1,"primarySource":{"url":"https://verkehr.autobahn.de/o/autobahn/A42/services/roadworks","title":"Autobahn A42 roadworks","publisher":"Autobahn GmbH","licence":"unknown","reuse":"unknown"}}},{"type":"Feature","geometry":{"type":"LineString","coordinates":[[7.21448,51.54943],[7.21361,51.54946]]},"properties":{"id":"autobahn:2023-004133--vi-bs.2026-03-18_05-00-00-000.devi-zus.2022-01-03_20-00-00-000_008.f.de171","version":"45276f6352a3756fd9b8f299b74535a9943d5b7f7e9364a6252e628c8917ae5e","cityId":"castrop-rauxel","kind":"roadworks","category":"Autobahn-Baustelle","title":"A42 - Ausbau AK Herne und Neubau Tunnel Baukau - AlD 4133","statement":"A42 - Ausbau AK Herne und Neubau Tunnel Baukau - AlD 4133: eine Baustelle ist im Autobahn-Verkehrsdienst verzeichnet. Abfahrt von der A42: AS Herne-Baukau (aus Richtung Herne-Horsthausen) Die Lage kann auch eine Pendelstrecke außerhalb des Stadtgebiets betreffen.","status":"im Verkehrsdienst geführt","startDate":"2026-03-18","endDate":"2027-05-10","nextStep":"Aktuelle Verkehrs- und Sperrinformationen beim Betreiber prüfen.","scale":"district","geometryPrecision":"approximate","reviewState":"candidate","asOf":"2026-09-27T10:04:55.065Z","sourceCount":1,"primarySource":{"url":"https://verkehr.autobahn.de/o/autobahn/A42/services/roadworks","title":"Autobahn A42 roadworks","publisher":"Autobahn GmbH","licence":"unknown","reuse":"unknown"}}},{"type":"Feature","geometry":{"type":"LineString","coordinates":[[7.21317,51.54943],[7.21308,51.54888]]},"properties":{"id":"autobahn:2023-004133--vi-bs.2026-03-18_05-00-00-000.devi-zus.2022-01-03_20-00-00-000_008.f.de173","version":"8673b6053fab170f8c244f687d998008137a09745d710c8980dfaa06ad3820a0","cityId":"castrop-rauxel","kind":"roadworks","category":"Autobahn-Baustelle","title":"A42 - Ausbau AK Herne und Neubau Tunnel Baukau - AlD 4133","statement":"A42 - Ausbau AK Herne und Neubau Tunnel Baukau - AlD 4133: eine Baustelle ist im Autobahn-Verkehrsdienst verzeichnet. Die Lage kann auch eine Pendelstrecke außerhalb des Stadtgebiets betreffen.","status":"im Verkehrsdienst geführt","startDate":"2026-03-18","endDate":"2027-05-10","nextStep":"Aktuelle Verkehrs- und Sperrinformationen beim Betreiber prüfen.","scale":"district","geometryPrecision":"approximate","reviewState":"candidate","asOf":"2026-09-27T10:04:55.065Z","sourceCount":1,"primarySource":{"url":"https://verkehr.autobahn.de/o/autobahn/A42/services/roadworks","title":"Autobahn A42 roadworks","publisher":"Autobahn GmbH","licence":"unknown","reuse":"unknown"}}},{"type":"Feature","geometry":{"type":"LineString","coordinates":[[7.20098,51.54511],[7.19931,51.54504]]},"properties":{"id":"autobahn:2023-004133--vi-bs.2026-03-18_05-00-00-000.devi-zus.2022-01-03_20-00-00-000_008.f.de176","version":"6f6cab1964943a3b072ec23d87b4bb0d1045225c4e4889fad270de34a916f6f4","cityId":"castrop-rauxel","kind":"roadworks","category":"Autobahn-Baustelle","title":"A42 - Ausbau AK Herne und Neubau Tunnel Baukau - AlD 4133","statement":"A42 - Ausbau AK Herne und Neubau Tunnel Baukau - AlD 4133: eine Baustelle ist im Autobahn-Verkehrsdienst verzeichnet. Von Auffahrt auf die A43: AK Herne (aus Richtung Recklinghausen-Hochlarmark) nach A43: Recklinghausen -> Wuppertal, zwischen AS Recklinghausen-Hochlarmark und 0.1 km vor AK Herne Die Lage kann auch eine Pendelstrecke außerhalb des Stadtgebiets betreffen.","status":"im Verkehrsdienst geführt","startDate":"2026-03-18","endDate":"2027-05-10","nextStep":"Aktuelle Verkehrs- und Sperrinformationen beim Betreiber prüfen.","scale":"district","geometryPrecision":"approximate","reviewState":"candidate","asOf":"2026-09-27T10:04:55.065Z","sourceCount":1,"primarySource":{"url":"https://verkehr.autobahn.de/o/autobahn/A42/services/roadworks","title":"Autobahn A42 roadworks","publisher":"Autobahn GmbH","licence":"unknown","reuse":"unknown"}}},{"type":"Feature","geometry":{"type":"LineString","coordinates":[[7.19702,51.54519],[7.19622,51.54425]]},"properties":{"id":"autobahn:2023-004133--vi-bs.2026-03-18_05-00-00-000.devi-zus.2022-01-03_20-00-00-000_008.f.de179","version":"05895da11d1561d3a567fcb64ab37e141d2a24f858402c724d5dabf2f06a73d6","cityId":"castrop-rauxel","kind":"roadworks","category":"Autobahn-Baustelle","title":"A42 - Ausbau AK Herne und Neubau Tunnel Baukau - AlD 4133","statement":"A42 - Ausbau AK Herne und Neubau Tunnel Baukau - AlD 4133: eine Baustelle ist im Autobahn-Verkehrsdienst verzeichnet. Die Lage kann auch eine Pendelstrecke außerhalb des Stadtgebiets betreffen.","status":"im Verkehrsdienst geführt","startDate":"2026-03-18","endDate":"2027-05-10","nextStep":"Aktuelle Verkehrs- und Sperrinformationen beim Betreiber prüfen.","scale":"district","geometryPrecision":"approximate","reviewState":"candidate","asOf":"2026-09-27T10:04:55.065Z","sourceCount":1,"primarySource":{"url":"https://verkehr.autobahn.de/o/autobahn/A42/services/roadworks","title":"Autobahn A42 roadworks","publisher":"Autobahn GmbH","licence":"unknown","reuse":"unknown"}}},{"type":"Feature","geometry":{"type":"LineString","coordinates":[[7.20255,51.54362],[7.20327,51.54473]]},"properties":{"id":"autobahn:2023-004133--vi-bs.2026-03-18_05-00-00-000.devi-zus.2022-01-03_20-00-00-000_008.f.de181","version":"18eb1b6bf37fcfa12d22d1a387a7e133c09cbcc766939687b2d55c4b49490881","cityId":"castrop-rauxel","kind":"roadworks","category":"Autobahn-Baustelle","title":"A42 - Ausbau AK Herne und Neubau Tunnel Baukau - AlD 4133","statement":"A42 - Ausbau AK Herne und Neubau Tunnel Baukau - AlD 4133: eine Baustelle ist im Autobahn-Verkehrsdienst verzeichnet. Die Lage kann auch eine Pendelstrecke außerhalb des Stadtgebiets betreffen.","status":"im Verkehrsdienst geführt","startDate":"2026-03-18","endDate":"2027-05-10","nextStep":"Aktuelle Verkehrs- und Sperrinformationen beim Betreiber prüfen.","scale":"district","geometryPrecision":"approximate","reviewState":"candidate","asOf":"2026-09-27T10:04:55.065Z","sourceCount":1,"primarySource":{"url":"https://verkehr.autobahn.de/o/autobahn/A42/services/roadworks","title":"Autobahn A42 roadworks","publisher":"Autobahn GmbH","licence":"unknown","reuse":"unknown"}}},{"type":"Feature","geometry":{"type":"LineString","coordinates":[[7.19635,51.54379],[7.19785,51.54375]]},"properties":{"id":"autobahn:2023-004133--vi-bs.2026-03-18_05-00-00-000.devi-zus.2022-01-03_20-00-00-000_008.f.de183","version":"621a8f7039db8d011a6eb48adab7a15a313e81639b7c2b30428753fe682fcd2d","cityId":"castrop-rauxel","kind":"roadworks","category":"Autobahn-Baustelle","title":"A42 - Ausbau AK Herne und Neubau Tunnel Baukau - AlD 4133","statement":"A42 - Ausbau AK Herne und Neubau Tunnel Baukau - AlD 4133: eine Baustelle ist im Autobahn-Verkehrsdienst verzeichnet. Abfahrt von der A42: AK Herne (aus Richtung Herne-Crange) Die Lage kann auch eine Pendelstrecke außerhalb des Stadtgebiets betreffen.","status":"im Verkehrsdienst geführt","startDate":"2026-03-18","endDate":"2027-05-10","nextStep":"Aktuelle Verkehrs- und Sperrinformationen beim Betreiber prüfen.","scale":"district","geometryPrecision":"approximate","reviewState":"candidate","asOf":"2026-09-27T10:04:55.065Z","sourceCount":1,"primarySource":{"url":"https://verkehr.autobahn.de/o/autobahn/A42/services/roadworks","title":"Autobahn A42 roadworks","publisher":"Autobahn GmbH","licence":"unknown","reuse":"unknown"}}},{"type":"Feature","geometry":{"type":"LineString","coordinates":[[7.22067,51.55168],[7.21451,51.5493]]},"properties":{"id":"autobahn:2023-004133--vi-bs.2026-09-29_05-00-00-000.devi-zus.2022-01-03_20-00-00-000_008.f.de204","version":"f9e7f10f24d909063c3ca048e00a85f44c422e9741030f3c58750cfd06221d42","cityId":"castrop-rauxel","kind":"roadworks","category":"Autobahn-Baustelle","title":"A42 | Herne-Horsthausen - Herne-Baukau","statement":"A42 | Herne-Horsthausen - Herne-Baukau: eine Baustelle ist im Autobahn-Verkehrsdienst verzeichnet. A42: Dortmund -> Kamp-Lintfort, zwischen 0.8 km hinter AS Herne-Horsthausen und 0.2 km vor AS Herne-Baukau Die Lage kann auch eine Pendelstrecke außerhalb des Stadtgebiets betreffen.","status":"angekündigt","startDate":"2026-09-29","endDate":"2027-05-10","nextStep":"Aktuelle Verkehrs- und Sperrinformationen beim Betreiber prüfen.","scale":"district","geometryPrecision":"approximate","reviewState":"candidate","asOf":"2026-09-27T10:04:55.065Z","sourceCount":1,"primarySource":{"url":"https://verkehr.autobahn.de/o/autobahn/A42/services/roadworks","title":"Autobahn A42 roadworks","publisher":"Autobahn GmbH","licence":"unknown","reuse":"unknown"}}},{"type":"Feature","geometry":{"type":"LineString","coordinates":[[7.21292,51.54872],[7.18904,51.54379]]},"properties":{"id":"autobahn:2023-004133--vi-bs.2026-09-29_05-00-00-000.devi-zus.2022-01-03_20-00-00-000_008.f.de206","version":"14a870379816deaed4ee7ef46a7c214af24a80407d67bce801a376ae9a38aadc","cityId":"castrop-rauxel","kind":"roadworks","category":"Autobahn-Baustelle","title":"A42 | Herne-Horsthausen - Herne-Crange","statement":"A42 | Herne-Horsthausen - Herne-Crange: eine Baustelle ist im Autobahn-Verkehrsdienst verzeichnet. A42: Dortmund -> Kamp-Lintfort, zwischen 1.5 km hinter AS Herne-Horsthausen und 1.5 km vor AS Herne-Crange Die Lage kann auch eine Pendelstrecke außerhalb des Stadtgebiets betreffen.","status":"angekündigt","startDate":"2026-09-29","endDate":"2027-05-10","nextStep":"Aktuelle Verkehrs- und Sperrinformationen beim Betreiber prüfen.","scale":"district","geometryPrecision":"approximate","reviewState":"candidate","asOf":"2026-09-27T10:04:55.065Z","sourceCount":1,"primarySource":{"url":"https://verkehr.autobahn.de/o/autobahn/A42/services/roadworks","title":"Autobahn A42 roadworks","publisher":"Autobahn GmbH","licence":"unknown","reuse":"unknown"}}},{"type":"Feature","geometry":{"type":"LineString","coordinates":[[7.18905,51.54372],[7.20547,51.54589]]},"properties":{"id":"autobahn:2023-004133--vi-bs.2026-09-29_05-00-00-000.devi-zus.2022-01-03_20-00-00-000_008.f.de208","version":"dddac3a4f53345d4e0387e44072d84b31166051ac6a565a2b36b12d854c12331","cityId":"castrop-rauxel","kind":"roadworks","category":"Autobahn-Baustelle","title":"A42 | Herne-Crange - Herne-Baukau","statement":"A42 | Herne-Crange - Herne-Baukau: eine Baustelle ist im Autobahn-Verkehrsdienst verzeichnet. A42: Kamp-Lintfort -> Dortmund, zwischen 1.5 km hinter AS Herne-Crange und 0.5 km vor AS Herne-Baukau Die Lage kann auch eine Pendelstrecke außerhalb des Stadtgebiets betreffen.","status":"angekündigt","startDate":"2026-09-29","endDate":"2027-05-10","nextStep":"Aktuelle Verkehrs- und Sperrinformationen beim Betreiber prüfen.","scale":"district","geometryPrecision":"approximate","reviewState":"candidate","asOf":"2026-09-27T10:04:55.065Z","sourceCount":1,"primarySource":{"url":"https://verkehr.autobahn.de/o/autobahn/A42/services/roadworks","title":"Autobahn A42 roadworks","publisher":"Autobahn GmbH","licence":"unknown","reuse":"unknown"}}},{"type":"Feature","geometry":{"type":"LineString","coordinates":[[7.21448,51.54943],[7.21361,51.54946]]},"properties":{"id":"autobahn:2023-004133--vi-bs.2026-09-29_05-00-00-000.devi-zus.2022-01-03_20-00-00-000_008.f.de210","version":"811023be2f285aaafd3421fa94cdf3d536b748b36b05303a60239305283a60ab","cityId":"castrop-rauxel","kind":"roadworks","category":"Autobahn-Baustelle","title":"A42 - Ausbau AK Herne und Neubau Tunnel Baukau - AlD 4133","statement":"A42 - Ausbau AK Herne und Neubau Tunnel Baukau - AlD 4133: eine Baustelle ist im Autobahn-Verkehrsdienst verzeichnet. Abfahrt von der A42: AS Herne-Baukau (aus Richtung Herne-Horsthausen) Die Lage kann auch eine Pendelstrecke außerhalb des Stadtgebiets betreffen.","status":"angekündigt","startDate":"2026-09-29","endDate":"2027-05-10","nextStep":"Aktuelle Verkehrs- und Sperrinformationen beim Betreiber prüfen.","scale":"district","geometryPrecision":"approximate","reviewState":"candidate","asOf":"2026-09-27T10:04:55.065Z","sourceCount":1,"primarySource":{"url":"https://verkehr.autobahn.de/o/autobahn/A42/services/roadworks","title":"Autobahn A42 roadworks","publisher":"Autobahn GmbH","licence":"unknown","reuse":"unknown"}}},{"type":"Feature","geometry":{"type":"LineString","coordinates":[[7.21317,51.54943],[7.21308,51.54888]]},"properties":{"id":"autobahn:2023-004133--vi-bs.2026-09-29_05-00-00-000.devi-zus.2022-01-03_20-00-00-000_008.f.de212","version":"9dcb33498bcc8da39b1d525d3d7efea6dc2d0ddefafa23c13fe5bc02a69fb118","cityId":"castrop-rauxel","kind":"roadworks","category":"Autobahn-Baustelle","title":"A42 - Ausbau AK Herne und Neubau Tunnel Baukau - AlD 4133","statement":"A42 - Ausbau AK Herne und Neubau Tunnel Baukau - AlD 4133: eine Baustelle ist im Autobahn-Verkehrsdienst verzeichnet. Die Lage kann auch eine Pendelstrecke außerhalb des Stadtgebiets betreffen.","status":"angekündigt","startDate":"2026-09-29","endDate":"2027-05-10","nextStep":"Aktuelle Verkehrs- und Sperrinformationen beim Betreiber prüfen.","scale":"district","geometryPrecision":"approximate","reviewState":"candidate","asOf":"2026-09-27T10:04:55.065Z","sourceCount":1,"primarySource":{"url":"https://verkehr.autobahn.de/o/autobahn/A42/services/roadworks","title":"Autobahn A42 roadworks","publisher":"Autobahn GmbH","licence":"unknown","reuse":"unknown"}}},{"type":"Feature","geometry":{"type":"LineString","coordinates":[[7.20098,51.54511],[7.19931,51.54504]]},"properties":{"id":"autobahn:2023-004133--vi-bs.2026-09-29_05-00-00-000.devi-zus.2022-01-03_20-00-00-000_008.f.de215","version":"b3d19879bc47387ba7a191d94ffc2d5eaf4ae8b576906638bf70f497d9c19c2c","cityId":"castrop-rauxel","kind":"roadworks","category":"Autobahn-Baustelle","title":"A42 - Ausbau AK Herne und Neubau Tunnel Baukau - AlD 4133","statement":"A42 - Ausbau AK Herne und Neubau Tunnel Baukau - AlD 4133: eine Baustelle ist im Autobahn-Verkehrsdienst verzeichnet. Von Auffahrt auf die A43: AK Herne (aus Richtung Recklinghausen-Hochlarmark) nach A43: Recklinghausen -> Wuppertal, zwischen AS Recklinghausen-Hochlarmark und 0.1 km vor AK Herne Die Lage kann auch eine Pendelstrecke außerhalb des Stadtgebiets betreffen.","status":"angekündigt","startDate":"2026-09-29","endDate":"2027-05-10","nextStep":"Aktuelle Verkehrs- und Sperrinformationen beim Betreiber prüfen.","scale":"district","geometryPrecision":"approximate","reviewState":"candidate","asOf":"2026-09-27T10:04:55.065Z","sourceCount":1,"primarySource":{"url":"https://verkehr.autobahn.de/o/autobahn/A42/services/roadworks","title":"Autobahn A42 roadworks","publisher":"Autobahn GmbH","licence":"unknown","reuse":"unknown"}}},{"type":"Feature","geometry":{"type":"LineString","coordinates":[[7.19702,51.54519],[7.19622,51.54425]]},"properties":{"id":"autobahn:2023-004133--vi-bs.2026-09-29_05-00-00-000.devi-zus.2022-01-03_20-00-00-000_008.f.de218","version":"d506f4e819c9ac48c91d11561defceb3c2266d663bbe89cd8c765147370c90e6","cityId":"castrop-rauxel","kind":"roadworks","category":"Autobahn-Baustelle","title":"A42 - Ausbau AK Herne und Neubau Tunnel Baukau - AlD 4133","statement":"A42 - Ausbau AK Herne und Neubau Tunnel Baukau - AlD 4133: eine Baustelle ist im Autobahn-Verkehrsdienst verzeichnet. Die Lage kann auch eine Pendelstrecke außerhalb des Stadtgebiets betreffen.","status":"angekündigt","startDate":"2026-09-29","endDate":"2027-05-10","nextStep":"Aktuelle Verkehrs- und Sperrinformationen beim Betreiber prüfen.","scale":"district","geometryPrecision":"approximate","reviewState":"candidate","asOf":"2026-09-27T10:04:55.065Z","sourceCount":1,"primarySource":{"url":"https://verkehr.autobahn.de/o/autobahn/A42/services/roadworks","title":"Autobahn A42 roadworks","publisher":"Autobahn GmbH","licence":"unknown","reuse":"unknown"}}},{"type":"Feature","geometry":{"type":"LineString","coordinates":[[7.20255,51.54362],[7.20327,51.54473]]},"properties":{"id":"autobahn:2023-004133--vi-bs.2026-09-29_05-00-00-000.devi-zus.2022-01-03_20-00-00-000_008.f.de220","version":"6d95f5a7ce657720c4a0ea49334ebe09e6fda42124404aa703fefc74cf376930","cityId":"castrop-rauxel","kind":"roadworks","category":"Autobahn-Baustelle","title":"A42 - Ausbau AK Herne und Neubau Tunnel Baukau - AlD 4133","statement":"A42 - Ausbau AK Herne und Neubau Tunnel Baukau - AlD 4133: eine Baustelle ist im Autobahn-Verkehrsdienst verzeichnet. Die Lage kann auch eine Pendelstrecke außerhalb des Stadtgebiets betreffen.","status":"angekündigt","startDate":"2026-09-29","endDate":"2027-05-10","nextStep":"Aktuelle Verkehrs- und Sperrinformationen beim Betreiber prüfen.","scale":"district","geometryPrecision":"approximate","reviewState":"candidate","asOf":"2026-09-27T10:04:55.065Z","sourceCount":1,"primarySource":{"url":"https://verkehr.autobahn.de/o/autobahn/A42/services/roadworks","title":"Autobahn A42 roadworks","publisher":"Autobahn GmbH","licence":"unknown","reuse":"unknown"}}},{"type":"Feature","geometry":{"type":"LineString","coordinates":[[7.19635,51.54379],[7.19785,51.54375]]},"properties":{"id":"autobahn:2023-004133--vi-bs.2026-09-29_05-00-00-000.devi-zus.2022-01-03_20-00-00-000_008.f.de222","version":"ed2ce6c45693e7fd39a8c6f6a693fc9f37a5ff8cdcb518e90f863c28ce653f0e","cityId":"castrop-rauxel","kind":"roadworks","category":"Autobahn-Baustelle","title":"A42 - Ausbau AK Herne und Neubau Tunnel Baukau - AlD 4133","statement":"A42 - Ausbau AK Herne und Neubau Tunnel Baukau - AlD 4133: eine Baustelle ist im Autobahn-Verkehrsdienst verzeichnet. Abfahrt von der A42: AK Herne (aus Richtung Herne-Crange) Die Lage kann auch eine Pendelstrecke außerhalb des Stadtgebiets betreffen.","status":"angekündigt","startDate":"2026-09-29","endDate":"2027-05-10","nextStep":"Aktuelle Verkehrs- und Sperrinformationen beim Betreiber prüfen.","scale":"district","geometryPrecision":"approximate","reviewState":"candidate","asOf":"2026-09-27T10:04:55.065Z","sourceCount":1,"primarySource":{"url":"https://verkehr.autobahn.de/o/autobahn/A42/services/roadworks","title":"Autobahn A42 roadworks","publisher":"Autobahn GmbH","licence":"unknown","reuse":"unknown"}}},{"type":"Feature","geometry":{"type":"LineString","coordinates":[[7.19729,51.54525],[7.1988,51.54405]]},"properties":{"id":"autobahn:2023-004133--vi-fbm.2026-03-18_05-00-00-000.devi-zus.2022-01-03_20-00-00-000_008.f.de178","version":"99a290b83d9c502e846b54a4d813b38f108ea65c2fff5e386d97a0c5c41441c3","cityId":"castrop-rauxel","kind":"roadworks","category":"Sperrung","title":"A42 - Ausbau AK Herne und Neubau Tunnel Baukau - AlD 4133","statement":"A42 - Ausbau AK Herne und Neubau Tunnel Baukau - AlD 4133: eine Sperrung ist im Autobahn-Verkehrsdienst verzeichnet. Abfahrt von der A43: AK Herne (aus Richtung Recklinghausen-Hochlarmark) Die Lage kann auch eine Pendelstrecke außerhalb des Stadtgebiets betreffen.","status":"im Verkehrsdienst geführt","startDate":"2026-03-18","endDate":"2027-05-10","nextStep":"Aktuelle Verkehrs- und Sperrinformationen beim Betreiber prüfen.","scale":"district","geometryPrecision":"approximate","reviewState":"candidate","asOf":"2026-09-27T10:04:55.121Z","sourceCount":1,"primarySource":{"url":"https://verkehr.autobahn.de/o/autobahn/A42/services/closure","title":"Autobahn A42 closure","publisher":"Autobahn GmbH","licence":"unknown","reuse":"unknown"}}},{"type":"Feature","geometry":{"type":"LineString","coordinates":[[7.19886,51.54386],[7.19947,51.5453]]},"properties":{"id":"autobahn:2023-004133--vi-fbm.2026-03-18_05-00-00-000.devi-zus.2022-01-03_20-00-00-000_008.f.de185","version":"edb0fad893c344b7ba19466945ce2d10b787fd0b56aa165ecb820a5aa9bc3bae","cityId":"castrop-rauxel","kind":"roadworks","category":"Sperrung","title":"A42 - Ausbau AK Herne und Neubau Tunnel Baukau - AlD 4133","statement":"A42 - Ausbau AK Herne und Neubau Tunnel Baukau - AlD 4133: eine Sperrung ist im Autobahn-Verkehrsdienst verzeichnet. Abfahrt von der A42: AK Herne (aus Richtung Herne-Crange) Die Lage kann auch eine Pendelstrecke außerhalb des Stadtgebiets betreffen.","status":"im Verkehrsdienst geführt","startDate":"2026-03-18","endDate":"2027-05-10","nextStep":"Aktuelle Verkehrs- und Sperrinformationen beim Betreiber prüfen.","scale":"district","geometryPrecision":"approximate","reviewState":"candidate","asOf":"2026-09-27T10:04:55.121Z","sourceCount":1,"primarySource":{"url":"https://verkehr.autobahn.de/o/autobahn/A42/services/closure","title":"Autobahn A42 closure","publisher":"Autobahn GmbH","licence":"unknown","reuse":"unknown"}}},{"type":"Feature","geometry":{"type":"LineString","coordinates":[[7.212,51.54838],[7.1959,51.54405]]},"properties":{"id":"autobahn:2023-004133--vi-fbm.2026-09-25_21-00-00-000.devi-zus.2022-01-03_20-00-00-000_008.f.de196","version":"39719ec9bd3c644703ad825c3e49b5006693a247d05eb3c67df552e978fa42b9","cityId":"castrop-rauxel","kind":"roadworks","category":"Sperrung","title":"A42 | Herne-Baukau - Herne-Crange","statement":"A42 | Herne-Baukau - Herne-Crange: eine Sperrung ist im Autobahn-Verkehrsdienst verzeichnet. A42: Dortmund -> Kamp-Lintfort, zwischen AS Herne-Baukau und 1.9 km vor AS Herne-Crange Die Lage kann auch eine Pendelstrecke außerhalb des Stadtgebiets betreffen.","status":"im Verkehrsdienst geführt","startDate":"2026-09-25","endDate":"2027-05-10","nextStep":"Aktuelle Verkehrs- und Sperrinformationen beim Betreiber prüfen.","scale":"district","geometryPrecision":"approximate","reviewState":"candidate","asOf":"2026-09-27T10:04:55.121Z","sourceCount":1,"primarySource":{"url":"https://verkehr.autobahn.de/o/autobahn/A42/services/closure","title":"Autobahn A42 closure","publisher":"Autobahn GmbH","licence":"unknown","reuse":"unknown"}}},{"type":"Feature","geometry":{"type":"LineString","coordinates":[[7.21273,51.54964],[7.21293,51.5488]]},"properties":{"id":"autobahn:2023-004133--vi-fbm.2026-09-25_21-00-00-000.devi-zus.2022-01-03_20-00-00-000_008.f.de197","version":"a453e5371ac22c6a121c554cbe3a579fcf7ba480bf7cbd9f40b2f68bea49b0a8","cityId":"castrop-rauxel","kind":"roadworks","category":"Sperrung","title":"A42 - Ausbau AK Herne und Neubau Tunnel Baukau - AlD 4133","statement":"A42 - Ausbau AK Herne und Neubau Tunnel Baukau - AlD 4133: eine Sperrung ist im Autobahn-Verkehrsdienst verzeichnet. Die Lage kann auch eine Pendelstrecke außerhalb des Stadtgebiets betreffen.","status":"im Verkehrsdienst geführt","startDate":"2026-09-25","endDate":"2027-05-10","nextStep":"Aktuelle Verkehrs- und Sperrinformationen beim Betreiber prüfen.","scale":"district","geometryPrecision":"approximate","reviewState":"candidate","asOf":"2026-09-27T10:04:55.121Z","sourceCount":1,"primarySource":{"url":"https://verkehr.autobahn.de/o/autobahn/A42/services/closure","title":"Autobahn A42 closure","publisher":"Autobahn GmbH","licence":"unknown","reuse":"unknown"}}},{"type":"Feature","geometry":{"type":"LineString","coordinates":[[7.20042,51.54494],[7.19902,51.54547]]},"properties":{"id":"autobahn:2023-004133--vi-fbm.2026-09-25_21-00-00-000.devi-zus.2022-01-03_20-00-00-000_008.f.de198","version":"ac8842fce765abca46397295c7fe65d8e5bc9cac5f3965f68d376aa4f4c8f7a4","cityId":"castrop-rauxel","kind":"roadworks","category":"Sperrung","title":"A42 - Ausbau AK Herne und Neubau Tunnel Baukau - AlD 4133","statement":"A42 - Ausbau AK Herne und Neubau Tunnel Baukau - AlD 4133: eine Sperrung ist im Autobahn-Verkehrsdienst verzeichnet. Von Auffahrt auf die A43: AK Herne (aus Richtung Recklinghausen-Hochlarmark) nach A43: Recklinghausen -> Wuppertal, zwischen AS Recklinghausen-Hochlarmark und 0.1 km vor AK Herne Die Lage kann auch eine Pendelstrecke außerhalb des Stadtgebiets betreffen.","status":"im Verkehrsdienst geführt","startDate":"2026-09-25","endDate":"2027-05-10","nextStep":"Aktuelle Verkehrs- und Sperrinformationen beim Betreiber prüfen.","scale":"district","geometryPrecision":"approximate","reviewState":"candidate","asOf":"2026-09-27T10:04:55.121Z","sourceCount":1,"primarySource":{"url":"https://verkehr.autobahn.de/o/autobahn/A42/services/closure","title":"Autobahn A42 closure","publisher":"Autobahn GmbH","licence":"unknown","reuse":"unknown"}}},{"type":"Feature","geometry":{"type":"LineString","coordinates":[[7.17616,51.54299],[7.17518,51.54288]]},"properties":{"id":"autobahn:2023-004133--vi-fbm.2026-09-25_21-00-00-000.devi-zus.2022-01-03_20-00-00-000_008.f.de199","version":"6eabceb17f2a227a6e87996eb639877e721fc5ae546d1e2799eb9497f6f6a30b","cityId":"castrop-rauxel","kind":"roadworks","category":"Sperrung","title":"A42 - Ausbau AK Herne und Neubau Tunnel Baukau - AlD 4133","statement":"A42 - Ausbau AK Herne und Neubau Tunnel Baukau - AlD 4133: eine Sperrung ist im Autobahn-Verkehrsdienst verzeichnet. Abfahrt von der A42: AS Herne-Crange (aus Richtung Herne) Die Lage kann auch eine Pendelstrecke außerhalb des Stadtgebiets betreffen.","status":"im Verkehrsdienst geführt","startDate":"2026-09-25","endDate":"2027-05-10","nextStep":"Aktuelle Verkehrs- und Sperrinformationen beim Betreiber prüfen.","scale":"district","geometryPrecision":"approximate","reviewState":"candidate","asOf":"2026-09-27T10:04:55.121Z","sourceCount":1,"primarySource":{"url":"https://verkehr.autobahn.de/o/autobahn/A42/services/closure","title":"Autobahn A42 closure","publisher":"Autobahn GmbH","licence":"unknown","reuse":"unknown"}}},{"type":"Feature","geometry":{"type":"LineString","coordinates":[[7.19697,51.54514],[7.19632,51.5443]]},"properties":{"id":"autobahn:2023-004133--vi-fbm.2026-09-25_21-00-00-000.devi-zus.2022-01-03_20-00-00-000_008.f.de200","version":"c1db8c65fbc477ea7c084b381f18285220954d760cf143ad95b2d9dba4c365f8","cityId":"castrop-rauxel","kind":"roadworks","category":"Sperrung","title":"A42 - Ausbau AK Herne und Neubau Tunnel Baukau - AlD 4133","statement":"A42 - Ausbau AK Herne und Neubau Tunnel Baukau - AlD 4133: eine Sperrung ist im Autobahn-Verkehrsdienst verzeichnet. Die Lage kann auch eine Pendelstrecke außerhalb des Stadtgebiets betreffen.","status":"im Verkehrsdienst geführt","startDate":"2026-09-25","endDate":"2027-05-10","nextStep":"Aktuelle Verkehrs- und Sperrinformationen beim Betreiber prüfen.","scale":"district","geometryPrecision":"approximate","reviewState":"candidate","asOf":"2026-09-27T10:04:55.121Z","sourceCount":1,"primarySource":{"url":"https://verkehr.autobahn.de/o/autobahn/A42/services/closure","title":"Autobahn A42 closure","publisher":"Autobahn GmbH","licence":"unknown","reuse":"unknown"}}},{"type":"Feature","geometry":{"type":"LineString","coordinates":[[7.18046,51.54345],[7.20371,51.54532]]},"properties":{"id":"autobahn:2023-004133--vi-fbm.2026-09-25_21-00-00-000.devi-zus.2022-01-03_20-00-00-000_008.f.de201","version":"7222f562eddcdde7b934d9ba81cdffdeb8e289ecc65dd61a911078bf8227515c","cityId":"castrop-rauxel","kind":"roadworks","category":"Sperrung","title":"A42 | Herne-Crange - Herne-Baukau","statement":"A42 | Herne-Crange - Herne-Baukau: eine Sperrung ist im Autobahn-Verkehrsdienst verzeichnet. A42: Kamp-Lintfort -> Dortmund, zwischen 0.9 km hinter AS Herne-Crange und 0.7 km vor AS Herne-Baukau Die Lage kann auch eine Pendelstrecke außerhalb des Stadtgebiets betreffen.","status":"im Verkehrsdienst geführt","startDate":"2026-09-25","endDate":"2027-05-10","nextStep":"Aktuelle Verkehrs- und Sperrinformationen beim Betreiber prüfen.","scale":"district","geometryPrecision":"approximate","reviewState":"candidate","asOf":"2026-09-27T10:04:55.121Z","sourceCount":1,"primarySource":{"url":"https://verkehr.autobahn.de/o/autobahn/A42/services/closure","title":"Autobahn A42 closure","publisher":"Autobahn GmbH","licence":"unknown","reuse":"unknown"}}},{"type":"Feature","geometry":{"type":"LineString","coordinates":[[7.17382,51.5414],[7.17814,51.54312]]},"properties":{"id":"autobahn:2023-004133--vi-fbm.2026-09-25_21-00-00-000.devi-zus.2022-01-03_20-00-00-000_008.f.de202","version":"c59acc46977e8f1417df408500fdf14bd794260b6d0c1fb02a767045318ae3a6","cityId":"castrop-rauxel","kind":"roadworks","category":"Sperrung","title":"A42 - Ausbau AK Herne und Neubau Tunnel Baukau - AlD 4133","statement":"A42 - Ausbau AK Herne und Neubau Tunnel Baukau - AlD 4133: eine Sperrung ist im Autobahn-Verkehrsdienst verzeichnet. Von Auffahrt auf die A42: AS Herne-Crange (aus Richtung Herne-Wanne) nach A42: Kamp-Lintfort -> Dortmund, zwischen AS Herne-Crange und 1.5 km vor AK Herne Die Lage kann auch eine Pendelstrecke außerhalb des Stadtgebiets betreffen.","status":"im Verkehrsdienst geführt","startDate":"2026-09-25","endDate":"2027-05-10","nextStep":"Aktuelle Verkehrs- und Sperrinformationen beim Betreiber prüfen.","scale":"district","geometryPrecision":"approximate","reviewState":"candidate","asOf":"2026-09-27T10:04:55.121Z","sourceCount":1,"primarySource":{"url":"https://verkehr.autobahn.de/o/autobahn/A42/services/closure","title":"Autobahn A42 closure","publisher":"Autobahn GmbH","licence":"unknown","reuse":"unknown"}}},{"type":"Feature","geometry":{"type":"LineString","coordinates":[[7.19729,51.54525],[7.1988,51.54405]]},"properties":{"id":"autobahn:2023-004133--vi-fbm.2026-09-29_05-00-00-000.devi-zus.2022-01-03_20-00-00-000_008.f.de217","version":"5157b7cb4118978b4e9467ddd0d7e076026df561176b37beaa00e222c175af9d","cityId":"castrop-rauxel","kind":"roadworks","category":"Sperrung","title":"A42 - Ausbau AK Herne und Neubau Tunnel Baukau - AlD 4133","statement":"A42 - Ausbau AK Herne und Neubau Tunnel Baukau - AlD 4133: eine Sperrung ist im Autobahn-Verkehrsdienst verzeichnet. Abfahrt von der A43: AK Herne (aus Richtung Recklinghausen-Hochlarmark) Die Lage kann auch eine Pendelstrecke außerhalb des Stadtgebiets betreffen.","status":"angekündigt","startDate":"2026-09-29","endDate":"2027-05-10","nextStep":"Aktuelle Verkehrs- und Sperrinformationen beim Betreiber prüfen.","scale":"district","geometryPrecision":"approximate","reviewState":"candidate","asOf":"2026-09-27T10:04:55.121Z","sourceCount":1,"primarySource":{"url":"https://verkehr.autobahn.de/o/autobahn/A42/services/closure","title":"Autobahn A42 closure","publisher":"Autobahn GmbH","licence":"unknown","reuse":"unknown"}}},{"type":"Feature","geometry":{"type":"LineString","coordinates":[[7.19886,51.54386],[7.19947,51.5453]]},"properties":{"id":"autobahn:2023-004133--vi-fbm.2026-09-29_05-00-00-000.devi-zus.2022-01-03_20-00-00-000_008.f.de224","version":"0cca45b8e1bf523fa150d99286e8bbaae6ed8ae603b392517ee66c376a4a07cc","cityId":"castrop-rauxel","kind":"roadworks","category":"Sperrung","title":"A42 - Ausbau AK Herne und Neubau Tunnel Baukau - AlD 4133","statement":"A42 - Ausbau AK Herne und Neubau Tunnel Baukau - AlD 4133: eine Sperrung ist im Autobahn-Verkehrsdienst verzeichnet. Abfahrt von der A42: AK Herne (aus Richtung Herne-Crange) Die Lage kann auch eine Pendelstrecke außerhalb des Stadtgebiets betreffen.","status":"angekündigt","startDate":"2026-09-29","endDate":"2027-05-10","nextStep":"Aktuelle Verkehrs- und Sperrinformationen beim Betreiber prüfen.","scale":"district","geometryPrecision":"approximate","reviewState":"candidate","asOf":"2026-09-27T10:04:55.121Z","sourceCount":1,"primarySource":{"url":"https://verkehr.autobahn.de/o/autobahn/A42/services/closure","title":"Autobahn A42 closure","publisher":"Autobahn GmbH","licence":"unknown","reuse":"unknown"}}},{"type":"Feature","geometry":{"type":"LineString","coordinates":[[7.212,51.54838],[7.1959,51.54405]]},"properties":{"id":"autobahn:2023-004133--vi-fbm.2026-10-02_21-00-00-000.devi-zus.2022-01-03_20-00-00-000_008.f.de225","version":"88b80f002af82d32a529b5ca940bf46c67c06f9167087d4430132e1cd3ec912b","cityId":"castrop-rauxel","kind":"roadworks","category":"Sperrung","title":"A42 | Herne-Baukau - Herne-Crange","statement":"A42 | Herne-Baukau - Herne-Crange: eine Sperrung ist im Autobahn-Verkehrsdienst verzeichnet. A42: Dortmund -> Kamp-Lintfort, zwischen AS Herne-Baukau und 1.9 km vor AS Herne-Crange Die Lage kann auch eine Pendelstrecke außerhalb des Stadtgebiets betreffen.","status":"angekündigt","startDate":"2026-10-02","endDate":"2027-05-10","nextStep":"Aktuelle Verkehrs- und Sperrinformationen beim Betreiber prüfen.","scale":"district","geometryPrecision":"approximate","reviewState":"candidate","asOf":"2026-09-27T10:04:55.121Z","sourceCount":1,"primarySource":{"url":"https://verkehr.autobahn.de/o/autobahn/A42/services/closure","title":"Autobahn A42 closure","publisher":"Autobahn GmbH","licence":"unknown","reuse":"unknown"}}},{"type":"Feature","geometry":{"type":"LineString","coordinates":[[7.21273,51.54964],[7.21293,51.5488]]},"properties":{"id":"autobahn:2023-004133--vi-fbm.2026-10-02_21-00-00-000.devi-zus.2022-01-03_20-00-00-000_008.f.de226","version":"f537f97aa5d26bd3ad4208d57e24b5f7e91ce67c796f6046cd3e8ed05e4c5bce","cityId":"castrop-rauxel","kind":"roadworks","category":"Sperrung","title":"A42 - Ausbau AK Herne und Neubau Tunnel Baukau - AlD 4133","statement":"A42 - Ausbau AK Herne und Neubau Tunnel Baukau - AlD 4133: eine Sperrung ist im Autobahn-Verkehrsdienst verzeichnet. Die Lage kann auch eine Pendelstrecke außerhalb des Stadtgebiets betreffen.","status":"angekündigt","startDate":"2026-10-02","endDate":"2027-05-10","nextStep":"Aktuelle Verkehrs- und Sperrinformationen beim Betreiber prüfen.","scale":"district","geometryPrecision":"approximate","reviewState":"candidate","asOf":"2026-09-27T10:04:55.121Z","sourceCount":1,"primarySource":{"url":"https://verkehr.autobahn.de/o/autobahn/A42/services/closure","title":"Autobahn A42 closure","publisher":"Autobahn GmbH","licence":"unknown","reuse":"unknown"}}},{"type":"Feature","geometry":{"type":"LineString","coordinates":[[7.20042,51.54494],[7.19902,51.54547]]},"properties":{"id":"autobahn:2023-004133--vi-fbm.2026-10-02_21-00-00-000.devi-zus.2022-01-03_20-00-00-000_008.f.de227","version":"7f72f0832c5a907ff697073d08cb71a1c8e0e34bc170576bc00bee7e1f8ad8a4","cityId":"castrop-rauxel","kind":"roadworks","category":"Sperrung","title":"A42 - Ausbau AK Herne und Neubau Tunnel Baukau - AlD 4133","statement":"A42 - Ausbau AK Herne und Neubau Tunnel Baukau - AlD 4133: eine Sperrung ist im Autobahn-Verkehrsdienst verzeichnet. Von Auffahrt auf die A43: AK Herne (aus Richtung Recklinghausen-Hochlarmark) nach A43: Recklinghausen -> Wuppertal, zwischen AS Recklinghausen-Hochlarmark und 0.1 km vor AK Herne Die Lage kann auch eine Pendelstrecke außerhalb des Stadtgebiets betreffen.","status":"angekündigt","startDate":"2026-10-02","endDate":"2027-05-10","nextStep":"Aktuelle Verkehrs- und Sperrinformationen beim Betreiber prüfen.","scale":"district","geometryPrecision":"approximate","reviewState":"candidate","asOf":"2026-09-27T10:04:55.121Z","sourceCount":1,"primarySource":{"url":"https://verkehr.autobahn.de/o/autobahn/A42/services/closure","title":"Autobahn A42 closure","publisher":"Autobahn GmbH","licence":"unknown","reuse":"unknown"}}},{"type":"Feature","geometry":{"type":"LineString","coordinates":[[7.17616,51.54299],[7.17518,51.54288]]},"properties":{"id":"autobahn:2023-004133--vi-fbm.2026-10-02_21-00-00-000.devi-zus.2022-01-03_20-00-00-000_008.f.de228","version":"4bd521737d4d9300e2f22fff26868760df1b7a85cfc7e354af2b202c3180d7c2","cityId":"castrop-rauxel","kind":"roadworks","category":"Sperrung","title":"A42 - Ausbau AK Herne und Neubau Tunnel Baukau - AlD 4133","statement":"A42 - Ausbau AK Herne und Neubau Tunnel Baukau - AlD 4133: eine Sperrung ist im Autobahn-Verkehrsdienst verzeichnet. Abfahrt von der A42: AS Herne-Crange (aus Richtung Herne) Die Lage kann auch eine Pendelstrecke außerhalb des Stadtgebiets betreffen.","status":"angekündigt","startDate":"2026-10-02","endDate":"2027-05-10","nextStep":"Aktuelle Verkehrs- und Sperrinformationen beim Betreiber prüfen.","scale":"district","geometryPrecision":"approximate","reviewState":"candidate","asOf":"2026-09-27T10:04:55.121Z","sourceCount":1,"primarySource":{"url":"https://verkehr.autobahn.de/o/autobahn/A42/services/closure","title":"Autobahn A42 closure","publisher":"Autobahn GmbH","licence":"unknown","reuse":"unknown"}}},{"type":"Feature","geometry":{"type":"LineString","coordinates":[[7.19697,51.54514],[7.19632,51.5443]]},"properties":{"id":"autobahn:2023-004133--vi-fbm.2026-10-02_21-00-00-000.devi-zus.2022-01-03_20-00-00-000_008.f.de229","version":"96fdec5fb1a83c0bc5bf35ea73560f403edcbfd9724db0a5be50d71ff711a974","cityId":"castrop-rauxel","kind":"roadworks","category":"Sperrung","title":"A42 - Ausbau AK Herne und Neubau Tunnel Baukau - AlD 4133","statement":"A42 - Ausbau AK Herne und Neubau Tunnel Baukau - AlD 4133: eine Sperrung ist im Autobahn-Verkehrsdienst verzeichnet. Die Lage kann auch eine Pendelstrecke außerhalb des Stadtgebiets betreffen.","status":"angekündigt","startDate":"2026-10-02","endDate":"2027-05-10","nextStep":"Aktuelle Verkehrs- und Sperrinformationen beim Betreiber prüfen.","scale":"district","geometryPrecision":"approximate","reviewState":"candidate","asOf":"2026-09-27T10:04:55.121Z","sourceCount":1,"primarySource":{"url":"https://verkehr.autobahn.de/o/autobahn/A42/services/closure","title":"Autobahn A42 closure","publisher":"Autobahn GmbH","licence":"unknown","reuse":"unknown"}}},{"type":"Feature","geometry":{"type":"LineString","coordinates":[[7.17384,51.54141],[7.1781,51.54311]]},"properties":{"id":"autobahn:2023-004133--vi-fbm.2026-10-02_21-00-00-000.devi-zus.2022-01-03_20-00-00-000_008.f.de230","version":"32ca0b33935ca7e31cd72928c8871294223a62280c9d5a5fadd526abbcf1cff1","cityId":"castrop-rauxel","kind":"roadworks","category":"Sperrung","title":"A42 - Ausbau AK Herne und Neubau Tunnel Baukau - AlD 4133","statement":"A42 - Ausbau AK Herne und Neubau Tunnel Baukau - AlD 4133: eine Sperrung ist im Autobahn-Verkehrsdienst verzeichnet. Von Auffahrt auf die A42: AS Herne-Crange (aus Richtung Herne-Wanne) nach A42: Kamp-Lintfort -> Dortmund, zwischen AS Herne-Crange und 1.5 km vor AK Herne Die Lage kann auch eine Pendelstrecke außerhalb des Stadtgebiets betreffen.","status":"angekündigt","startDate":"2026-10-02","endDate":"2027-05-10","nextStep":"Aktuelle Verkehrs- und Sperrinformationen beim Betreiber prüfen.","scale":"district","geometryPrecision":"approximate","reviewState":"candidate","asOf":"2026-09-27T10:04:55.121Z","sourceCount":1,"primarySource":{"url":"https://verkehr.autobahn.de/o/autobahn/A42/services/closure","title":"Autobahn A42 closure","publisher":"Autobahn GmbH","licence":"unknown","reuse":"unknown"}}},{"type":"Feature","geometry":{"type":"LineString","coordinates":[[7.18044,51.54345],[7.20293,51.54511]]},"properties":{"id":"autobahn:2023-004133--vi-fbm.2026-10-02_21-00-00-000.devi-zus.2022-01-03_20-00-00-000_008.f.de231","version":"46368d2efd861d9bbdcac2f339d8d0a6e7f6e52df98df8aebad4a70ed468cf09","cityId":"castrop-rauxel","kind":"roadworks","category":"Sperrung","title":"A42 | Herne-Crange - Herne-Baukau","statement":"A42 | Herne-Crange - Herne-Baukau: eine Sperrung ist im Autobahn-Verkehrsdienst verzeichnet. A42: Kamp-Lintfort -> Dortmund, zwischen 0.9 km hinter AS Herne-Crange und 0.7 km vor AS Herne-Baukau Die Lage kann auch eine Pendelstrecke außerhalb des Stadtgebiets betreffen.","status":"angekündigt","startDate":"2026-10-02","endDate":"2027-05-10","nextStep":"Aktuelle Verkehrs- und Sperrinformationen beim Betreiber prüfen.","scale":"district","geometryPrecision":"approximate","reviewState":"candidate","asOf":"2026-09-27T10:04:55.121Z","sourceCount":1,"primarySource":{"url":"https://verkehr.autobahn.de/o/autobahn/A42/services/closure","title":"Autobahn A42 closure","publisher":"Autobahn GmbH","licence":"unknown","reuse":"unknown"}}},{"type":"Feature","geometry":{"type":"LineString","coordinates":[[6.97986,51.50386],[6.984,51.50311]]},"properties":{"id":"autobahn:2023-004405--vi-bs.2026-03-01_20-15-00-000.devi-zus.2024-05-02_20-00-00-000_008.f.de26","version":"c77450a45494371a6ee9320960e606dcd7ab96f0be78f195bab2b77257117466","cityId":"castrop-rauxel","kind":"roadworks","category":"Autobahn-Baustelle","title":"A42 | Bottrop-Süd - Essen-Nord","statement":"A42 | Bottrop-Süd - Essen-Nord: eine Baustelle ist im Autobahn-Verkehrsdienst verzeichnet. A42: Kamp-Lintfort -> Dortmund, zwischen 3.3 km hinter AS Bottrop-Süd und 0.9 km vor AK Essen-Nord Die Lage kann auch eine Pendelstrecke außerhalb des Stadtgebiets betreffen.","status":"im Verkehrsdienst geführt","startDate":"2026-03-01","endDate":"2028-12-20","nextStep":"Aktuelle Verkehrs- und Sperrinformationen beim Betreiber prüfen.","scale":"district","geometryPrecision":"approximate","reviewState":"candidate","asOf":"2026-09-27T10:04:55.065Z","sourceCount":1,"primarySource":{"url":"https://verkehr.autobahn.de/o/autobahn/A42/services/roadworks","title":"Autobahn A42 roadworks","publisher":"Autobahn GmbH","licence":"unknown","reuse":"unknown"}}},{"type":"Feature","geometry":{"type":"LineString","coordinates":[[6.984,51.50311],[6.99493,51.50497]]},"properties":{"id":"autobahn:2023-004405--vi-bs.2026-03-01_20-15-00-000.devi-zus.2024-05-02_20-00-00-000_008.f.de28","version":"53bb3fe54d4f7dd82ad981e33b4a406748c1ea11ff21ea92b27fa5a66b160016","cityId":"castrop-rauxel","kind":"roadworks","category":"Autobahn-Baustelle","title":"A42 | Bottrop-Süd - Essen-Nord","statement":"A42 | Bottrop-Süd - Essen-Nord: eine Baustelle ist im Autobahn-Verkehrsdienst verzeichnet. A42: Kamp-Lintfort -> Dortmund, zwischen 3.6 km hinter AS Bottrop-Süd und 0.1 km vor AK Essen-Nord Die Lage kann auch eine Pendelstrecke außerhalb des Stadtgebiets betreffen.","status":"im Verkehrsdienst geführt","startDate":"2026-03-01","endDate":"2028-12-20","nextStep":"Aktuelle Verkehrs- und Sperrinformationen beim Betreiber prüfen.","scale":"district","geometryPrecision":"approximate","reviewState":"candidate","asOf":"2026-09-27T10:04:55.065Z","sourceCount":1,"primarySource":{"url":"https://verkehr.autobahn.de/o/autobahn/A42/services/roadworks","title":"Autobahn A42 roadworks","publisher":"Autobahn GmbH","licence":"unknown","reuse":"unknown"}}},{"type":"Feature","geometry":{"type":"LineString","coordinates":[[6.99485,51.50506],[6.98402,51.50321]]},"properties":{"id":"autobahn:2023-004405--vi-bs.2026-03-01_20-15-00-000.devi-zus.2024-05-02_20-00-00-000_008.f.de30","version":"4ae514d2f05af0c4ee8e2db39b516e44f16c03715278df5d2018bf8875db3101","cityId":"castrop-rauxel","kind":"roadworks","category":"Autobahn-Baustelle","title":"A42 | Essen-Nord - Bottrop-Süd","statement":"A42 | Essen-Nord - Bottrop-Süd: eine Baustelle ist im Autobahn-Verkehrsdienst verzeichnet. A42: Dortmund -> Kamp-Lintfort, zwischen 0.1 km hinter AK Essen-Nord und 3.6 km vor AS Bottrop-Süd Die Lage kann auch eine Pendelstrecke außerhalb des Stadtgebiets betreffen.","status":"im Verkehrsdienst geführt","startDate":"2026-03-01","endDate":"2028-12-20","nextStep":"Aktuelle Verkehrs- und Sperrinformationen beim Betreiber prüfen.","scale":"district","geometryPrecision":"approximate","reviewState":"candidate","asOf":"2026-09-27T10:04:55.065Z","sourceCount":1,"primarySource":{"url":"https://verkehr.autobahn.de/o/autobahn/A42/services/roadworks","title":"Autobahn A42 roadworks","publisher":"Autobahn GmbH","licence":"unknown","reuse":"unknown"}}},{"type":"Feature","geometry":{"type":"LineString","coordinates":[[6.99493,51.50497],[6.99744,51.50583]]},"properties":{"id":"autobahn:2023-004405--vi-bs.2026-03-01_20-15-00-000.devi-zus.2024-05-02_20-00-00-000_008.f.de32","version":"98024eb4797f8911f4c60e84f811e078fd085e416aa629eac38906e8bfae7b3c","cityId":"castrop-rauxel","kind":"roadworks","category":"Autobahn-Baustelle","title":"A42 | Bottrop-Süd - Essen-Altenessen","statement":"A42 | Bottrop-Süd - Essen-Altenessen: eine Baustelle ist im Autobahn-Verkehrsdienst verzeichnet. A42: Kamp-Lintfort -> Dortmund, zwischen 4.4 km hinter AS Bottrop-Süd und 1.2 km vor AS Essen-Altenessen Die Lage kann auch eine Pendelstrecke außerhalb des Stadtgebiets betreffen.","status":"im Verkehrsdienst geführt","startDate":"2026-03-01","endDate":"2028-12-20","nextStep":"Aktuelle Verkehrs- und Sperrinformationen beim Betreiber prüfen.","scale":"district","geometryPrecision":"approximate","reviewState":"candidate","asOf":"2026-09-27T10:04:55.065Z","sourceCount":1,"primarySource":{"url":"https://verkehr.autobahn.de/o/autobahn/A42/services/roadworks","title":"Autobahn A42 roadworks","publisher":"Autobahn GmbH","licence":"unknown","reuse":"unknown"}}},{"type":"Feature","geometry":{"type":"LineString","coordinates":[[6.99868,51.50635],[6.9949,51.50508]]},"properties":{"id":"autobahn:2023-004405--vi-bs.2026-03-01_20-15-00-000.devi-zus.2024-05-02_20-00-00-000_008.f.de34","version":"508b546793d4041890312c37cd1eb09fd7a297e9291094ed744a067fd5737b77","cityId":"castrop-rauxel","kind":"roadworks","category":"Autobahn-Baustelle","title":"A42 | Essen-Altenessen - Bottrop-Süd","statement":"A42 | Essen-Altenessen - Bottrop-Süd: eine Baustelle ist im Autobahn-Verkehrsdienst verzeichnet. A42: Dortmund -> Kamp-Lintfort, zwischen 1.1 km hinter AS Essen-Altenessen und 4.4 km vor AS Bottrop-Süd Die Lage kann auch eine Pendelstrecke außerhalb des Stadtgebiets betreffen.","status":"im Verkehrsdienst geführt","startDate":"2026-03-01","endDate":"2028-12-20","nextStep":"Aktuelle Verkehrs- und Sperrinformationen beim Betreiber prüfen.","scale":"district","geometryPrecision":"approximate","reviewState":"candidate","asOf":"2026-09-27T10:04:55.065Z","sourceCount":1,"primarySource":{"url":"https://verkehr.autobahn.de/o/autobahn/A42/services/roadworks","title":"Autobahn A42 roadworks","publisher":"Autobahn GmbH","licence":"unknown","reuse":"unknown"}}},{"type":"Feature","geometry":{"type":"LineString","coordinates":[[6.98402,51.50321],[6.97991,51.50396]]},"properties":{"id":"autobahn:2023-004405--vi-bs.2026-03-01_20-15-00-000.devi-zus.2024-05-02_20-00-00-000_008.f.de36","version":"9c56f487f892101272a8296c656d676230122442fee0bbdcce78ec76b2ee8573","cityId":"castrop-rauxel","kind":"roadworks","category":"Autobahn-Baustelle","title":"A42 | Essen-Nord - Bottrop-Süd","statement":"A42 | Essen-Nord - Bottrop-Süd: eine Baustelle ist im Autobahn-Verkehrsdienst verzeichnet. A42: Dortmund -> Kamp-Lintfort, zwischen 0.9 km hinter AK Essen-Nord und 3.3 km vor AS Bottrop-Süd Die Lage kann auch eine Pendelstrecke außerhalb des Stadtgebiets betreffen.","status":"im Verkehrsdienst geführt","startDate":"2026-03-01","endDate":"2028-12-20","nextStep":"Aktuelle Verkehrs- und Sperrinformationen beim Betreiber prüfen.","scale":"district","geometryPrecision":"approximate","reviewState":"candidate","asOf":"2026-09-27T10:04:55.065Z","sourceCount":1,"primarySource":{"url":"https://verkehr.autobahn.de/o/autobahn/A42/services/roadworks","title":"Autobahn A42 roadworks","publisher":"Autobahn GmbH","licence":"unknown","reuse":"unknown"}}},{"type":"Feature","geometry":{"type":"LineString","coordinates":[[7.19686,51.54503],[7.19592,51.54414]]},"properties":{"id":"autobahn:2023-004424--vi-bs.2026-03-22_20-00-00-000.devi-zus.2021-06-14_20-00-00-000_006.f.de137","version":"f0399dacf6266a795be63bb58fd7b1059e858e130e6f8d2f7a80806edafb346b","cityId":"castrop-rauxel","kind":"roadworks","category":"Autobahn-Baustelle","title":"A43 - Ausbau AK Herne - Tunnelneubau - 6-str. Ausbau - im Bereich der beiden Schrankenanlagen Verbot für Fahrzeuge über 2,10m bzw. 2,40m tatsächliche Breite - AlD 4424","statement":"A43 - Ausbau AK Herne - Tunnelneubau - 6-str. Ausbau - im Bereich der beiden Schrankenanlagen Verbot für Fahrzeuge über 2,10m bzw. 2,40m tatsächliche Breite - AlD 4424: eine Baustelle ist im Autobahn-Verkehrsdienst verzeichnet. Die Lage kann auch eine Pendelstrecke außerhalb des Stadtgebiets betreffen.","status":"im Verkehrsdienst geführt","startDate":"2026-03-22","endDate":"2026-12-31","nextStep":"Aktuelle Verkehrs- und Sperrinformationen beim Betreiber prüfen.","scale":"district","geometryPrecision":"approximate","reviewState":"candidate","asOf":"2026-09-27T10:04:55.065Z","sourceCount":1,"primarySource":{"url":"https://verkehr.autobahn.de/o/autobahn/A42/services/roadworks","title":"Autobahn A42 roadworks","publisher":"Autobahn GmbH","licence":"unknown","reuse":"unknown"}}},{"type":"Feature","geometry":{"type":"LineString","coordinates":[[7.20255,51.54362],[7.20306,51.54444]]},"properties":{"id":"autobahn:2023-004424--vi-bs.2026-03-22_20-00-00-000.devi-zus.2021-06-14_20-00-00-000_006.f.de139","version":"35c053df35427c0477fee383130e7fd4558403f76353a7dff9bffd0c65253a7d","cityId":"castrop-rauxel","kind":"roadworks","category":"Autobahn-Baustelle","title":"A43 - Ausbau AK Herne - Tunnelneubau - 6-str. Ausbau - im Bereich der beiden Schrankenanlagen Verbot für Fahrzeuge über 2,10m bzw. 2,40m tatsächliche Breite - AlD 4424","statement":"A43 - Ausbau AK Herne - Tunnelneubau - 6-str. Ausbau - im Bereich der beiden Schrankenanlagen Verbot für Fahrzeuge über 2,10m bzw. 2,40m tatsächliche Breite - AlD 4424: eine Baustelle ist im Autobahn-Verkehrsdienst verzeichnet. Die Lage kann auch eine Pendelstrecke außerhalb des Stadtgebiets betreffen.","status":"im Verkehrsdienst geführt","startDate":"2026-03-22","endDate":"2026-12-31","nextStep":"Aktuelle Verkehrs- und Sperrinformationen beim Betreiber prüfen.","scale":"district","geometryPrecision":"approximate","reviewState":"candidate","asOf":"2026-09-27T10:04:55.065Z","sourceCount":1,"primarySource":{"url":"https://verkehr.autobahn.de/o/autobahn/A42/services/roadworks","title":"Autobahn A42 roadworks","publisher":"Autobahn GmbH","licence":"unknown","reuse":"unknown"}}},{"type":"Feature","geometry":{"type":"LineString","coordinates":[[7.19701,51.54485],[7.19906,51.54411]]},"properties":{"id":"autobahn:2023-004424--vi-fbm.2026-03-22_20-00-00-000.devi-zus.2021-06-14_20-00-00-000_006.f.de136","version":"f722fb379a01b35b9a17134b3a1cb623107a3fc13da4cbb4034f0ebb0504f78f","cityId":"castrop-rauxel","kind":"roadworks","category":"Sperrung","title":"A43 - Ausbau AK Herne - Tunnelneubau - 6-str. Ausbau - im Bereich der beiden Schrankenanlagen Verbot für Fahrzeuge über 2,10m bzw. 2,40m tatsächliche Breite - AlD 4424","statement":"A43 - Ausbau AK Herne - Tunnelneubau - 6-str. Ausbau - im Bereich der beiden Schrankenanlagen Verbot für Fahrzeuge über 2,10m bzw. 2,40m tatsächliche Breite - AlD 4424: eine Sperrung ist im Autobahn-Verkehrsdienst verzeichnet. Abfahrt von der A43: AK Herne (aus Richtung Recklinghausen-Hochlarmark) Die Lage kann auch eine Pendelstrecke außerhalb des Stadtgebiets betreffen.","status":"im Verkehrsdienst geführt","startDate":"2026-03-22","endDate":"2026-12-31","nextStep":"Aktuelle Verkehrs- und Sperrinformationen beim Betreiber prüfen.","scale":"district","geometryPrecision":"approximate","reviewState":"candidate","asOf":"2026-09-27T10:04:55.121Z","sourceCount":1,"primarySource":{"url":"https://verkehr.autobahn.de/o/autobahn/A42/services/closure","title":"Autobahn A42 closure","publisher":"Autobahn GmbH","licence":"unknown","reuse":"unknown"}}},{"type":"Feature","geometry":{"type":"LineString","coordinates":[[7.5271,51.43451],[7.52212,51.43693]]},"properties":{"id":"autobahn:2023-004446--vi-bs.2026-09-11_20-00-00-000.devi-zus.2025-03-03_20-00-00-000_009.f.de11","version":"7cf266f605c80df6e22ed8c34712d25f25f9797d790ee6235b9823e51993c595","cityId":"castrop-rauxel","kind":"roadworks","category":"Autobahn-Baustelle","title":"A45 | Westhofener Kreuz - Dortmund-Süd","statement":"A45 | Westhofener Kreuz - Dortmund-Süd: eine Baustelle ist im Autobahn-Verkehrsdienst verzeichnet. A45: Hagen -> Dortmund, zwischen 0.4 km hinter AK Westhofener Kreuz und 2.7 km vor AS Dortmund-Süd Die Lage kann auch eine Pendelstrecke außerhalb des Stadtgebiets betreffen.","status":"im Verkehrsdienst geführt","startDate":"2026-09-11","endDate":"2026-12-14","nextStep":"Aktuelle Verkehrs- und Sperrinformationen beim Betreiber prüfen.","scale":"district","geometryPrecision":"approximate","reviewState":"candidate","asOf":"2026-09-27T10:04:55.206Z","sourceCount":1,"primarySource":{"url":"https://verkehr.autobahn.de/o/autobahn/A45/services/roadworks","title":"Autobahn A45 roadworks","publisher":"Autobahn GmbH","licence":"unknown","reuse":"unknown"}}},{"type":"Feature","geometry":{"type":"LineString","coordinates":[[7.5056,51.44165],[7.52197,51.43682]]},"properties":{"id":"autobahn:2023-004446--vi-bs.2026-09-11_20-00-00-000.devi-zus.2025-03-03_20-00-00-000_009.f.de5","version":"d70b350438d728d1df0999d57e0bc83532db78627c33ec78b2235081102e889f","cityId":"castrop-rauxel","kind":"roadworks","category":"Autobahn-Baustelle","title":"A45 | Dortmund-Süd - Westhofener Kreuz","statement":"A45 | Dortmund-Süd - Westhofener Kreuz: eine Baustelle ist im Autobahn-Verkehrsdienst verzeichnet. A45: Dortmund -> Hagen, zwischen 1.4 km hinter AS Dortmund-Süd und 0.9 km vor AK Westhofener Kreuz Die Lage kann auch eine Pendelstrecke außerhalb des Stadtgebiets betreffen.","status":"im Verkehrsdienst geführt","startDate":"2026-09-11","endDate":"2026-12-14","nextStep":"Aktuelle Verkehrs- und Sperrinformationen beim Betreiber prüfen.","scale":"district","geometryPrecision":"approximate","reviewState":"candidate","asOf":"2026-09-27T10:04:55.206Z","sourceCount":1,"primarySource":{"url":"https://verkehr.autobahn.de/o/autobahn/A45/services/roadworks","title":"Autobahn A45 roadworks","publisher":"Autobahn GmbH","licence":"unknown","reuse":"unknown"}}},{"type":"Feature","geometry":{"type":"LineString","coordinates":[[7.52212,51.43693],[7.50566,51.4418]]},"properties":{"id":"autobahn:2023-004446--vi-bs.2026-09-11_20-00-00-000.devi-zus.2025-03-03_20-00-00-000_009.f.de7","version":"5460a8a74669bc9108644085fe1530739650f34c24799e5e65cbb8f466e167be","cityId":"castrop-rauxel","kind":"roadworks","category":"Autobahn-Baustelle","title":"A45 | Westhofener Kreuz - Dortmund-Süd","statement":"A45 | Westhofener Kreuz - Dortmund-Süd: eine Baustelle ist im Autobahn-Verkehrsdienst verzeichnet. A45: Hagen -> Dortmund, zwischen 0.9 km hinter AK Westhofener Kreuz und 1.4 km vor AS Dortmund-Süd Die Lage kann auch eine Pendelstrecke außerhalb des Stadtgebiets betreffen.","status":"im Verkehrsdienst geführt","startDate":"2026-09-11","endDate":"2026-12-14","nextStep":"Aktuelle Verkehrs- und Sperrinformationen beim Betreiber prüfen.","scale":"district","geometryPrecision":"approximate","reviewState":"candidate","asOf":"2026-09-27T10:04:55.206Z","sourceCount":1,"primarySource":{"url":"https://verkehr.autobahn.de/o/autobahn/A45/services/roadworks","title":"Autobahn A45 roadworks","publisher":"Autobahn GmbH","licence":"unknown","reuse":"unknown"}}},{"type":"Feature","geometry":{"type":"LineString","coordinates":[[7.52197,51.43682],[7.52698,51.4344]]},"properties":{"id":"autobahn:2023-004446--vi-bs.2026-09-11_20-00-00-000.devi-zus.2025-03-03_20-00-00-000_009.f.de9","version":"746e4a1f0257122d0ac50e378106e200ef2ef4b57e66ac9ba04f062822c8e3b1","cityId":"castrop-rauxel","kind":"roadworks","category":"Autobahn-Baustelle","title":"A45 | Dortmund-Süd - Westhofener Kreuz","statement":"A45 | Dortmund-Süd - Westhofener Kreuz: eine Baustelle ist im Autobahn-Verkehrsdienst verzeichnet. A45: Dortmund -> Hagen, zwischen 2.7 km hinter AS Dortmund-Süd und 0.4 km vor AK Westhofener Kreuz Die Lage kann auch eine Pendelstrecke außerhalb des Stadtgebiets betreffen.","status":"im Verkehrsdienst geführt","startDate":"2026-09-11","endDate":"2026-12-14","nextStep":"Aktuelle Verkehrs- und Sperrinformationen beim Betreiber prüfen.","scale":"district","geometryPrecision":"approximate","reviewState":"candidate","asOf":"2026-09-27T10:04:55.206Z","sourceCount":1,"primarySource":{"url":"https://verkehr.autobahn.de/o/autobahn/A45/services/roadworks","title":"Autobahn A45 roadworks","publisher":"Autobahn GmbH","licence":"unknown","reuse":"unknown"}}},{"type":"Feature","geometry":{"type":"LineString","coordinates":[[7.50566,51.4418],[7.50287,51.44225]]},"properties":{"id":"autobahn:2023-004457--vi-bs.2026-09-07_19-00-00-000.devi-zus.2023-06-01_05-00-00-000_006.f.de53","version":"7d6f78960852904df6d5757e31c5284e453f521ea93b88ade1536de83523306a","cityId":"castrop-rauxel","kind":"roadworks","category":"Autobahn-Baustelle","title":"A45 | Westhofener Kreuz - Dortmund-Süd","statement":"A45 | Westhofener Kreuz - Dortmund-Süd: eine Baustelle ist im Autobahn-Verkehrsdienst verzeichnet. A45: Hagen -> Dortmund, zwischen 2.1 km hinter AK Westhofener Kreuz und 1.2 km vor AS Dortmund-Süd Die Lage kann auch eine Pendelstrecke außerhalb des Stadtgebiets betreffen.","status":"im Verkehrsdienst geführt","startDate":"2026-09-07","endDate":"2027-01-15","nextStep":"Aktuelle Verkehrs- und Sperrinformationen beim Betreiber prüfen.","scale":"district","geometryPrecision":"approximate","reviewState":"candidate","asOf":"2026-09-27T10:04:55.206Z","sourceCount":1,"primarySource":{"url":"https://verkehr.autobahn.de/o/autobahn/A45/services/roadworks","title":"Autobahn A45 roadworks","publisher":"Autobahn GmbH","licence":"unknown","reuse":"unknown"}}},{"type":"Feature","geometry":{"type":"LineString","coordinates":[[7.50281,51.4421],[7.5056,51.44165]]},"properties":{"id":"autobahn:2023-004457--vi-bs.2026-09-07_19-00-00-000.devi-zus.2023-06-01_05-00-00-000_006.f.de55","version":"293fc0be6edcd5f6156a5997fca2e44e123e02d7e3eb3f590c4746b8c928d396","cityId":"castrop-rauxel","kind":"roadworks","category":"Autobahn-Baustelle","title":"A45 | Dortmund-Süd - Westhofener Kreuz","statement":"A45 | Dortmund-Süd - Westhofener Kreuz: eine Baustelle ist im Autobahn-Verkehrsdienst verzeichnet. A45: Dortmund -> Hagen, zwischen 1.2 km hinter AS Dortmund-Süd und 2.1 km vor AK Westhofener Kreuz Die Lage kann auch eine Pendelstrecke außerhalb des Stadtgebiets betreffen.","status":"im Verkehrsdienst geführt","startDate":"2026-09-07","endDate":"2027-01-15","nextStep":"Aktuelle Verkehrs- und Sperrinformationen beim Betreiber prüfen.","scale":"district","geometryPrecision":"approximate","reviewState":"candidate","asOf":"2026-09-27T10:04:55.206Z","sourceCount":1,"primarySource":{"url":"https://verkehr.autobahn.de/o/autobahn/A45/services/roadworks","title":"Autobahn A45 roadworks","publisher":"Autobahn GmbH","licence":"unknown","reuse":"unknown"}}},{"type":"Feature","geometry":{"type":"LineString","coordinates":[[7.48404,51.44345],[7.49487,51.44304]]},"properties":{"id":"autobahn:2023-004457--vi-bs.2026-09-07_19-00-00-000.devi-zus.2023-06-01_05-00-00-000_006.f.de57","version":"0dbe85e0ca317ac28191fb8c512a5027845a38b1d9d0b73a82f8dee62c0b5303","cityId":"castrop-rauxel","kind":"roadworks","category":"Autobahn-Baustelle","title":"A45 | Flöz Mausegatt - Westhofener Kreuz","statement":"A45 | Flöz Mausegatt - Westhofener Kreuz: eine Baustelle ist im Autobahn-Verkehrsdienst verzeichnet. A45: Dortmund -> Hagen, zwischen 3.0 km hinter Flöz Mausegatt und 2.9 km vor AK Westhofener Kreuz Die Lage kann auch eine Pendelstrecke außerhalb des Stadtgebiets betreffen.","status":"im Verkehrsdienst geführt","startDate":"2026-09-07","endDate":"2027-01-15","nextStep":"Aktuelle Verkehrs- und Sperrinformationen beim Betreiber prüfen.","scale":"district","geometryPrecision":"approximate","reviewState":"candidate","asOf":"2026-09-27T10:04:55.206Z","sourceCount":1,"primarySource":{"url":"https://verkehr.autobahn.de/o/autobahn/A45/services/roadworks","title":"Autobahn A45 roadworks","publisher":"Autobahn GmbH","licence":"unknown","reuse":"unknown"}}},{"type":"Feature","geometry":{"type":"LineString","coordinates":[[7.49327,51.44317],[7.49457,51.44306]]},"properties":{"id":"autobahn:2023-004457--vi-bs.2026-09-07_19-00-00-000.devi-zus.2023-06-01_05-00-00-000_006.f.de59","version":"b5944480298b54a1fc2caa8d7b9fbf6c7bad2dc709ea713d7b41c2c91530e2a8","cityId":"castrop-rauxel","kind":"roadworks","category":"Autobahn-Baustelle","title":"A45 | Dortmund-Süd - Westhofener Kreuz","statement":"A45 | Dortmund-Süd - Westhofener Kreuz: eine Baustelle ist im Autobahn-Verkehrsdienst verzeichnet. A45: Dortmund -> Hagen, zwischen 0.6 km hinter AS Dortmund-Süd und 2.9 km vor AK Westhofener Kreuz Die Lage kann auch eine Pendelstrecke außerhalb des Stadtgebiets betreffen.","status":"im Verkehrsdienst geführt","startDate":"2026-09-07","endDate":"2027-01-15","nextStep":"Aktuelle Verkehrs- und Sperrinformationen beim Betreiber prüfen.","scale":"district","geometryPrecision":"approximate","reviewState":"candidate","asOf":"2026-09-27T10:04:55.206Z","sourceCount":1,"primarySource":{"url":"https://verkehr.autobahn.de/o/autobahn/A45/services/roadworks","title":"Autobahn A45 roadworks","publisher":"Autobahn GmbH","licence":"unknown","reuse":"unknown"}}},{"type":"Feature","geometry":{"type":"LineString","coordinates":[[7.50287,51.44225],[7.49489,51.44319]]},"properties":{"id":"autobahn:2023-004457--vi-bs.2026-09-07_19-00-00-000.devi-zus.2023-06-01_05-00-00-000_006.f.de61","version":"d159b6e48e25b4034d68d7f6cbfe8261ddd1e74078d8f910731f60dc1b51042a","cityId":"castrop-rauxel","kind":"roadworks","category":"Autobahn-Baustelle","title":"A45 | Westhofener Kreuz - Dortmund-Süd","statement":"A45 | Westhofener Kreuz - Dortmund-Süd: eine Baustelle ist im Autobahn-Verkehrsdienst verzeichnet. A45: Hagen -> Dortmund, zwischen 2.3 km hinter AK Westhofener Kreuz und 0.7 km vor AS Dortmund-Süd Die Lage kann auch eine Pendelstrecke außerhalb des Stadtgebiets betreffen.","status":"im Verkehrsdienst geführt","startDate":"2026-09-07","endDate":"2027-01-15","nextStep":"Aktuelle Verkehrs- und Sperrinformationen beim Betreiber prüfen.","scale":"district","geometryPrecision":"approximate","reviewState":"candidate","asOf":"2026-09-27T10:04:55.206Z","sourceCount":1,"primarySource":{"url":"https://verkehr.autobahn.de/o/autobahn/A45/services/roadworks","title":"Autobahn A45 roadworks","publisher":"Autobahn GmbH","licence":"unknown","reuse":"unknown"}}},{"type":"Feature","geometry":{"type":"LineString","coordinates":[[7.49485,51.44304],[7.50281,51.4421]]},"properties":{"id":"autobahn:2023-004457--vi-bs.2026-09-07_19-00-00-000.devi-zus.2023-06-01_05-00-00-000_006.f.de63","version":"2c069607fb0fe9b08e3f7d1f10a12c1a18bf6854537cf9801d764a102227bb19","cityId":"castrop-rauxel","kind":"roadworks","category":"Autobahn-Baustelle","title":"A45 | Dortmund-Süd - Westhofener Kreuz","statement":"A45 | Dortmund-Süd - Westhofener Kreuz: eine Baustelle ist im Autobahn-Verkehrsdienst verzeichnet. A45: Dortmund -> Hagen, zwischen 0.7 km hinter AS Dortmund-Süd und 2.3 km vor AK Westhofener Kreuz Die Lage kann auch eine Pendelstrecke außerhalb des Stadtgebiets betreffen.","status":"im Verkehrsdienst geführt","startDate":"2026-09-07","endDate":"2027-01-15","nextStep":"Aktuelle Verkehrs- und Sperrinformationen beim Betreiber prüfen.","scale":"district","geometryPrecision":"approximate","reviewState":"candidate","asOf":"2026-09-27T10:04:55.206Z","sourceCount":1,"primarySource":{"url":"https://verkehr.autobahn.de/o/autobahn/A45/services/roadworks","title":"Autobahn A45 roadworks","publisher":"Autobahn GmbH","licence":"unknown","reuse":"unknown"}}},{"type":"Feature","geometry":{"type":"LineString","coordinates":[[7.52698,51.4344],[7.53853,51.43014]]},"properties":{"id":"autobahn:2023-004527--vi-bs.2024-11-25_05-00-00-000.devi-zus.2024-05-11_20-00-00-000_001.f.de1","version":"633db417d31b63f5f8fb1e977e317ef4833944138e65cbe288f0bb759bb58c83","cityId":"castrop-rauxel","kind":"roadworks","category":"Autobahn-Baustelle","title":"A45 | Dortmund-Süd - Schwerte-Ergste","statement":"A45 | Dortmund-Süd - Schwerte-Ergste: eine Baustelle ist im Autobahn-Verkehrsdienst verzeichnet. A45: Dortmund -> Hagen, zwischen 3.2 km hinter AS Dortmund-Süd und 2.5 km vor AS Schwerte-Ergste Die Lage kann auch eine Pendelstrecke außerhalb des Stadtgebiets betreffen.","status":"im Verkehrsdienst geführt","startDate":"2024-11-25","endDate":"2029-06-04","nextStep":"Aktuelle Verkehrs- und Sperrinformationen beim Betreiber prüfen.","scale":"district","geometryPrecision":"approximate","reviewState":"candidate","asOf":"2026-09-27T10:04:55.206Z","sourceCount":1,"primarySource":{"url":"https://verkehr.autobahn.de/o/autobahn/A45/services/roadworks","title":"Autobahn A45 roadworks","publisher":"Autobahn GmbH","licence":"unknown","reuse":"unknown"}}},{"type":"Feature","geometry":{"type":"LineString","coordinates":[[7.53866,51.43025],[7.52712,51.4345]]},"properties":{"id":"autobahn:2023-004527--vi-bs.2024-11-25_05-00-00-000.devi-zus.2024-05-11_20-00-00-000_001.f.de3","version":"74ff1393e550e0011eb107a95ffcc2347cb04787e1627b7726deaaa4afa95c1b","cityId":"castrop-rauxel","kind":"roadworks","category":"Autobahn-Baustelle","title":"A45 | Schwerte-Ergste - Dortmund-Süd","statement":"A45 | Schwerte-Ergste - Dortmund-Süd: eine Baustelle ist im Autobahn-Verkehrsdienst verzeichnet. A45: Hagen -> Dortmund, zwischen 2.6 km hinter AS Schwerte-Ergste und 3.2 km vor AS Dortmund-Süd Die Lage kann auch eine Pendelstrecke außerhalb des Stadtgebiets betreffen.","status":"im Verkehrsdienst geführt","startDate":"2024-11-25","endDate":"2029-06-04","nextStep":"Aktuelle Verkehrs- und Sperrinformationen beim Betreiber prüfen.","scale":"district","geometryPrecision":"approximate","reviewState":"candidate","asOf":"2026-09-27T10:04:55.206Z","sourceCount":1,"primarySource":{"url":"https://verkehr.autobahn.de/o/autobahn/A45/services/roadworks","title":"Autobahn A45 roadworks","publisher":"Autobahn GmbH","licence":"unknown","reuse":"unknown"}}},{"type":"Feature","geometry":{"type":"LineString","coordinates":[[7.53091,51.43283],[7.53489,51.43148]]},"properties":{"id":"autobahn:2023-004527--vi-bs.2024-11-25_05-00-00-000.devi-zus.2024-05-11_20-00-00-000_001.f.de5","version":"fb92a2734fa015331297166e5c96cf060b1a2669bded37751b917f2404711bd2","cityId":"castrop-rauxel","kind":"roadworks","category":"Autobahn-Baustelle","title":"A45 - Ersatzneubau Kreuzungsbauwerk A1-A45 Westhofener Kreuz - AlD 4527","statement":"A45 - Ersatzneubau Kreuzungsbauwerk A1-A45 Westhofener Kreuz - AlD 4527: eine Baustelle ist im Autobahn-Verkehrsdienst verzeichnet. Abfahrt von der A45: AK Westhofener Kreuz (aus Richtung Dortmund-Süd) Die Lage kann auch eine Pendelstrecke außerhalb des Stadtgebiets betreffen.","status":"im Verkehrsdienst geführt","startDate":"2024-11-25","endDate":"2029-06-04","nextStep":"Aktuelle Verkehrs- und Sperrinformationen beim Betreiber prüfen.","scale":"district","geometryPrecision":"approximate","reviewState":"candidate","asOf":"2026-09-27T10:04:55.206Z","sourceCount":1,"primarySource":{"url":"https://verkehr.autobahn.de/o/autobahn/A45/services/roadworks","title":"Autobahn A45 roadworks","publisher":"Autobahn GmbH","licence":"unknown","reuse":"unknown"}}},{"type":"Feature","geometry":{"type":"LineString","coordinates":[[7.53294,51.43258],[7.53135,51.43311]]},"properties":{"id":"autobahn:2023-004527--vi-bs.2024-11-25_05-00-00-000.devi-zus.2024-05-11_20-00-00-000_001.f.de7","version":"3af5080c4d0644ac62350eadf6fe198361cf1cf2b2599d9e7568f22c51feb135","cityId":"castrop-rauxel","kind":"roadworks","category":"Autobahn-Baustelle","title":"A45 - Ersatzneubau Kreuzungsbauwerk A1-A45 Westhofener Kreuz - AlD 4527","statement":"A45 - Ersatzneubau Kreuzungsbauwerk A1-A45 Westhofener Kreuz - AlD 4527: eine Baustelle ist im Autobahn-Verkehrsdienst verzeichnet. Die Lage kann auch eine Pendelstrecke außerhalb des Stadtgebiets betreffen.","status":"im Verkehrsdienst geführt","startDate":"2024-11-25","endDate":"2029-06-04","nextStep":"Aktuelle Verkehrs- und Sperrinformationen beim Betreiber prüfen.","scale":"district","geometryPrecision":"approximate","reviewState":"candidate","asOf":"2026-09-27T10:04:55.206Z","sourceCount":1,"primarySource":{"url":"https://verkehr.autobahn.de/o/autobahn/A45/services/roadworks","title":"Autobahn A45 roadworks","publisher":"Autobahn GmbH","licence":"unknown","reuse":"unknown"}}},{"type":"Feature","geometry":{"type":"LineString","coordinates":[[7.11532,51.57006],[7.15635,51.57544]]},"properties":{"id":"autobahn:2023-004557--vi-bs.2026-09-07_20-00-00-000.devi-zus.2025-08-05_20-00-00-000_005.f.de15","version":"6129e739e15e64f1ec79d6023e6274f6d563b70bb9cfeef8b6b35b19a0207222","cityId":"castrop-rauxel","kind":"roadworks","category":"Autobahn-Baustelle","title":"A2 | Resser Mark - Stuckenbusch","statement":"A2 | Resser Mark - Stuckenbusch: eine Baustelle ist im Autobahn-Verkehrsdienst verzeichnet. A2: Oberhausen -> Dortmund, zwischen 1.4 km hinter Resser Mark und 1.7 km vor Stuckenbusch Die Lage kann auch eine Pendelstrecke außerhalb des Stadtgebiets betreffen.","status":"im Verkehrsdienst geführt","startDate":"2026-09-07","endDate":"2029-04-02","nextStep":"Aktuelle Verkehrs- und Sperrinformationen beim Betreiber prüfen.","scale":"district","geometryPrecision":"approximate","reviewState":"candidate","asOf":"2026-09-27T10:04:54.955Z","sourceCount":1,"primarySource":{"url":"https://verkehr.autobahn.de/o/autobahn/A2/services/roadworks","title":"Autobahn A2 roadworks","publisher":"Autobahn GmbH","licence":"unknown","reuse":"unknown"}}},{"type":"Feature","geometry":{"type":"LineString","coordinates":[[7.16584,51.57752],[7.13768,51.57417]]},"properties":{"id":"autobahn:2023-004557--vi-bs.2026-09-07_20-00-00-000.devi-zus.2025-08-05_20-00-00-000_005.f.de17","version":"314c83e44020120ed9032413a7367f10d6fb33ddcfd489c4f7680b0c146731c3","cityId":"castrop-rauxel","kind":"roadworks","category":"Autobahn-Baustelle","title":"A2 | Stuckenbusch - Herten","statement":"A2 | Stuckenbusch - Herten: eine Baustelle ist im Autobahn-Verkehrsdienst verzeichnet. A2: Dortmund -> Oberhausen, zwischen 1.0 km hinter Stuckenbusch und 0.2 km vor AS Herten Die Lage kann auch eine Pendelstrecke außerhalb des Stadtgebiets betreffen.","status":"im Verkehrsdienst geführt","startDate":"2026-09-07","endDate":"2029-04-02","nextStep":"Aktuelle Verkehrs- und Sperrinformationen beim Betreiber prüfen.","scale":"district","geometryPrecision":"approximate","reviewState":"candidate","asOf":"2026-09-27T10:04:54.955Z","sourceCount":1,"primarySource":{"url":"https://verkehr.autobahn.de/o/autobahn/A2/services/roadworks","title":"Autobahn A2 roadworks","publisher":"Autobahn GmbH","licence":"unknown","reuse":"unknown"}}},{"type":"Feature","geometry":{"type":"LineString","coordinates":[[7.1304,51.5721],[7.13081,51.5726]]},"properties":{"id":"autobahn:2023-004557--vi-bs.2026-09-07_20-00-00-000.devi-zus.2025-08-05_20-00-00-000_005.f.de19","version":"b04476db761044629c927be8398fe26c2ef6fd4afae79a1ca1c875e920041469","cityId":"castrop-rauxel","kind":"roadworks","category":"Autobahn-Baustelle","title":"A2 - Ersatzneubauten BW L638 (AS Herten, Münsterstraße) und BW Ewaldstraße - AlD 4557","statement":"A2 - Ersatzneubauten BW L638 (AS Herten, Münsterstraße) und BW Ewaldstraße - AlD 4557: eine Baustelle ist im Autobahn-Verkehrsdienst verzeichnet. Die Lage kann auch eine Pendelstrecke außerhalb des Stadtgebiets betreffen.","status":"im Verkehrsdienst geführt","startDate":"2026-09-07","endDate":"2029-04-02","nextStep":"Aktuelle Verkehrs- und Sperrinformationen beim Betreiber prüfen.","scale":"district","geometryPrecision":"approximate","reviewState":"candidate","asOf":"2026-09-27T10:04:54.955Z","sourceCount":1,"primarySource":{"url":"https://verkehr.autobahn.de/o/autobahn/A2/services/roadworks","title":"Autobahn A2 roadworks","publisher":"Autobahn GmbH","licence":"unknown","reuse":"unknown"}}},{"type":"Feature","geometry":{"type":"LineString","coordinates":[[7.38905,51.51526],[7.38636,51.5182]]},"properties":{"id":"autobahn:2024-019555--vi-bs.2026-08-22_20-00-00-000.devi-bs.2025-04-14_20-00-00-000.f.de11","version":"7eacb60b93a3d09f2ab2981ebddca2e23aa33333c9af69344badc1d6bdba79db","cityId":"castrop-rauxel","kind":"roadworks","category":"Autobahn-Baustelle","title":"A45 | Dortmund-West - Dortmund-Hafen","statement":"A45 | Dortmund-West - Dortmund-Hafen: eine Baustelle ist im Autobahn-Verkehrsdienst verzeichnet. A45: Hagen -> Dortmund, zwischen 2.0 km hinter AK Dortmund-West und 0.1 km vor AS Dortmund-Hafen Die Lage kann auch eine Pendelstrecke außerhalb des Stadtgebiets betreffen.","status":"im Verkehrsdienst geführt","startDate":"2026-08-22","endDate":"2026-12-06","nextStep":"Aktuelle Verkehrs- und Sperrinformationen beim Betreiber prüfen.","scale":"district","geometryPrecision":"approximate","reviewState":"candidate","asOf":"2026-09-27T10:04:55.206Z","sourceCount":1,"primarySource":{"url":"https://verkehr.autobahn.de/o/autobahn/A45/services/roadworks","title":"Autobahn A45 roadworks","publisher":"Autobahn GmbH","licence":"unknown","reuse":"unknown"}}},{"type":"Feature","geometry":{"type":"LineString","coordinates":[[7.39026,51.51157],[7.38985,51.51356]]},"properties":{"id":"autobahn:2024-019555--vi-bs.2026-08-22_20-00-00-000.devi-bs.2025-04-14_20-00-00-000.f.de7","version":"9773af0ddfbceace6d0eb5043bc80da56d4356aaafe6c26ad5b39ea279756c83","cityId":"castrop-rauxel","kind":"roadworks","category":"Autobahn-Baustelle","title":"A45 | Dortmund-West - Dortmund-Hafen","statement":"A45 | Dortmund-West - Dortmund-Hafen: eine Baustelle ist im Autobahn-Verkehrsdienst verzeichnet. A45: Hagen -> Dortmund, zwischen 1.6 km hinter AK Dortmund-West und 0.7 km vor AS Dortmund-Hafen Die Lage kann auch eine Pendelstrecke außerhalb des Stadtgebiets betreffen.","status":"im Verkehrsdienst geführt","startDate":"2026-08-22","endDate":"2026-12-06","nextStep":"Aktuelle Verkehrs- und Sperrinformationen beim Betreiber prüfen.","scale":"district","geometryPrecision":"approximate","reviewState":"candidate","asOf":"2026-09-27T10:04:55.206Z","sourceCount":1,"primarySource":{"url":"https://verkehr.autobahn.de/o/autobahn/A45/services/roadworks","title":"Autobahn A45 roadworks","publisher":"Autobahn GmbH","licence":"unknown","reuse":"unknown"}}},{"type":"Feature","geometry":{"type":"LineString","coordinates":[[7.38985,51.51356],[7.38905,51.51526]]},"properties":{"id":"autobahn:2024-019555--vi-bs.2026-08-22_20-00-00-000.devi-bs.2025-04-14_20-00-00-000.f.de9","version":"f9cd0598863845d5cd77cbcf405cfd5c293b34bf597bd8e141bc37d14a39102b","cityId":"castrop-rauxel","kind":"roadworks","category":"Autobahn-Baustelle","title":"A45 | Dortmund-West - Dortmund-Hafen","statement":"A45 | Dortmund-West - Dortmund-Hafen: eine Baustelle ist im Autobahn-Verkehrsdienst verzeichnet. A45: Hagen -> Dortmund, zwischen 1.8 km hinter AK Dortmund-West und 0.5 km vor AS Dortmund-Hafen Die Lage kann auch eine Pendelstrecke außerhalb des Stadtgebiets betreffen.","status":"im Verkehrsdienst geführt","startDate":"2026-08-22","endDate":"2026-12-06","nextStep":"Aktuelle Verkehrs- und Sperrinformationen beim Betreiber prüfen.","scale":"district","geometryPrecision":"approximate","reviewState":"candidate","asOf":"2026-09-27T10:04:55.206Z","sourceCount":1,"primarySource":{"url":"https://verkehr.autobahn.de/o/autobahn/A45/services/roadworks","title":"Autobahn A45 roadworks","publisher":"Autobahn GmbH","licence":"unknown","reuse":"unknown"}}},{"type":"Feature","geometry":{"type":"LineString","coordinates":[[7.44137,51.44295],[7.45123,51.44164]]},"properties":{"id":"autobahn:2024-048526--vi-bs.2026-07-15_20-00-00-000.devi-zus.2026-03-01_20-00-00-000.de11","version":"62ee1d7c8c2dad387569934d06ca29023c6ed2e4ee5f30ff30890f7db47b13ad","cityId":"castrop-rauxel","kind":"roadworks","category":"Autobahn-Baustelle","title":"A45 | Johannes Erbstollen - Dortmund-Süd","statement":"A45 | Johannes Erbstollen - Dortmund-Süd: eine Baustelle ist im Autobahn-Verkehrsdienst verzeichnet. A45: Dortmund -> Hagen, zwischen Johannes Erbstollen und 2.4 km vor AS Dortmund-Süd Die Lage kann auch eine Pendelstrecke außerhalb des Stadtgebiets betreffen.","status":"im Verkehrsdienst geführt","startDate":"2026-07-15","endDate":"2026-10-07","nextStep":"Aktuelle Verkehrs- und Sperrinformationen beim Betreiber prüfen.","scale":"district","geometryPrecision":"approximate","reviewState":"candidate","asOf":"2026-09-27T10:04:55.206Z","sourceCount":1,"primarySource":{"url":"https://verkehr.autobahn.de/o/autobahn/A45/services/roadworks","title":"Autobahn A45 roadworks","publisher":"Autobahn GmbH","licence":"unknown","reuse":"unknown"}}},{"type":"Feature","geometry":{"type":"LineString","coordinates":[[7.45123,51.44164],[7.46058,51.44145]]},"properties":{"id":"autobahn:2024-048526--vi-bs.2026-07-15_20-00-00-000.devi-zus.2026-03-01_20-00-00-000.de13","version":"ea9cf32d88408afc025cedc428179f27597facdf1e54f3568b2aebbf33ed2dfa","cityId":"castrop-rauxel","kind":"roadworks","category":"Autobahn-Baustelle","title":"A45 | Flöz Mausegatt - Dortmund-Süd","statement":"A45 | Flöz Mausegatt - Dortmund-Süd: eine Baustelle ist im Autobahn-Verkehrsdienst verzeichnet. A45: Dortmund -> Hagen, zwischen 0.7 km hinter Flöz Mausegatt und 1.7 km vor AS Dortmund-Süd Die Lage kann auch eine Pendelstrecke außerhalb des Stadtgebiets betreffen.","status":"im Verkehrsdienst geführt","startDate":"2026-07-15","endDate":"2026-10-07","nextStep":"Aktuelle Verkehrs- und Sperrinformationen beim Betreiber prüfen.","scale":"district","geometryPrecision":"approximate","reviewState":"candidate","asOf":"2026-09-27T10:04:55.206Z","sourceCount":1,"primarySource":{"url":"https://verkehr.autobahn.de/o/autobahn/A45/services/roadworks","title":"Autobahn A45 roadworks","publisher":"Autobahn GmbH","licence":"unknown","reuse":"unknown"}}},{"type":"Feature","geometry":{"type":"LineString","coordinates":[[7.4769,51.44323],[7.46128,51.44162]]},"properties":{"id":"autobahn:2024-048526--vi-bs.2026-07-15_20-00-00-000.devi-zus.2026-03-01_20-00-00-000.de15","version":"65edc3830c2a6b47165b9916cf16658fc1cffb8a5bc15b7cf426892c45c8828a","cityId":"castrop-rauxel","kind":"roadworks","category":"Autobahn-Baustelle","title":"A45 | Dortmund-Süd - Flöz Mausegatt","statement":"A45 | Dortmund-Süd - Flöz Mausegatt: eine Baustelle ist im Autobahn-Verkehrsdienst verzeichnet. A45: Hagen -> Dortmund, zwischen 0.6 km hinter AS Dortmund-Süd und 1.4 km vor Flöz Mausegatt Die Lage kann auch eine Pendelstrecke außerhalb des Stadtgebiets betreffen.","status":"im Verkehrsdienst geführt","startDate":"2026-07-15","endDate":"2026-10-07","nextStep":"Aktuelle Verkehrs- und Sperrinformationen beim Betreiber prüfen.","scale":"district","geometryPrecision":"approximate","reviewState":"candidate","asOf":"2026-09-27T10:04:55.206Z","sourceCount":1,"primarySource":{"url":"https://verkehr.autobahn.de/o/autobahn/A45/services/roadworks","title":"Autobahn A45 roadworks","publisher":"Autobahn GmbH","licence":"unknown","reuse":"unknown"}}},{"type":"Feature","geometry":{"type":"LineString","coordinates":[[7.46128,51.44162],[7.45268,51.44167]]},"properties":{"id":"autobahn:2024-048526--vi-bs.2026-07-15_20-00-00-000.devi-zus.2026-03-01_20-00-00-000.de17","version":"9d93c272a863d69989a72e9de42eef56f57ad88fb64048e3ffd5c741785cd181","cityId":"castrop-rauxel","kind":"roadworks","category":"Autobahn-Baustelle","title":"A45 | Dortmund-Süd - Flöz Mausegatt","statement":"A45 | Dortmund-Süd - Flöz Mausegatt: eine Baustelle ist im Autobahn-Verkehrsdienst verzeichnet. A45: Hagen -> Dortmund, zwischen 1.7 km hinter AS Dortmund-Süd und 0.8 km vor Flöz Mausegatt Die Lage kann auch eine Pendelstrecke außerhalb des Stadtgebiets betreffen.","status":"im Verkehrsdienst geführt","startDate":"2026-07-15","endDate":"2026-10-07","nextStep":"Aktuelle Verkehrs- und Sperrinformationen beim Betreiber prüfen.","scale":"district","geometryPrecision":"approximate","reviewState":"candidate","asOf":"2026-09-27T10:04:55.206Z","sourceCount":1,"primarySource":{"url":"https://verkehr.autobahn.de/o/autobahn/A45/services/roadworks","title":"Autobahn A45 roadworks","publisher":"Autobahn GmbH","licence":"unknown","reuse":"unknown"}}},{"type":"Feature","geometry":{"type":"LineString","coordinates":[[7.3855,51.4976],[7.38841,51.50615]]},"properties":{"id":"autobahn:2025-001946--vi-bs.2026-02-25_05-00-00-000.devi-zus.2025-03-01_19-00-00-000.de23","version":"9f801ce014e137731ed5e3c5dfddef9dec5672b706741d4b3940d3adac1e95f1","cityId":"castrop-rauxel","kind":"roadworks","category":"Autobahn-Baustelle","title":"A45 | Dortmund-Eichlinghofen - Dortmund-Hafen","statement":"A45 | Dortmund-Eichlinghofen - Dortmund-Hafen: eine Baustelle ist im Autobahn-Verkehrsdienst verzeichnet. A45: Hagen -> Dortmund, zwischen 2.1 km hinter AS Dortmund-Eichlinghofen und 1.5 km vor AS Dortmund-Hafen Die Lage kann auch eine Pendelstrecke außerhalb des Stadtgebiets betreffen.","status":"im Verkehrsdienst geführt","startDate":"2026-02-25","endDate":"2028-07-15","nextStep":"Aktuelle Verkehrs- und Sperrinformationen beim Betreiber prüfen.","scale":"district","geometryPrecision":"approximate","reviewState":"candidate","asOf":"2026-09-27T10:04:55.206Z","sourceCount":1,"primarySource":{"url":"https://verkehr.autobahn.de/o/autobahn/A45/services/roadworks","title":"Autobahn A45 roadworks","publisher":"Autobahn GmbH","licence":"unknown","reuse":"unknown"}}},{"type":"Feature","geometry":{"type":"LineString","coordinates":[[7.38841,51.50615],[7.39026,51.51157]]},"properties":{"id":"autobahn:2025-001946--vi-bs.2026-02-25_05-00-00-000.devi-zus.2025-03-01_19-00-00-000.de25","version":"192daf7c9a8b7f39ad22e298c0721b7b121325a72080a7278f9fcb34ae0fb2c0","cityId":"castrop-rauxel","kind":"roadworks","category":"Autobahn-Baustelle","title":"A45 | Dortmund-West - Dortmund-Hafen","statement":"A45 | Dortmund-West - Dortmund-Hafen: eine Baustelle ist im Autobahn-Verkehrsdienst verzeichnet. A45: Hagen -> Dortmund, zwischen 1.0 km hinter AK Dortmund-West und 0.9 km vor AS Dortmund-Hafen Die Lage kann auch eine Pendelstrecke außerhalb des Stadtgebiets betreffen.","status":"im Verkehrsdienst geführt","startDate":"2026-02-25","endDate":"2028-07-15","nextStep":"Aktuelle Verkehrs- und Sperrinformationen beim Betreiber prüfen.","scale":"district","geometryPrecision":"approximate","reviewState":"candidate","asOf":"2026-09-27T10:04:55.206Z","sourceCount":1,"primarySource":{"url":"https://verkehr.autobahn.de/o/autobahn/A45/services/roadworks","title":"Autobahn A45 roadworks","publisher":"Autobahn GmbH","licence":"unknown","reuse":"unknown"}}},{"type":"Feature","geometry":{"type":"LineString","coordinates":[[7.37784,51.52545],[7.39002,51.51179]]},"properties":{"id":"autobahn:2025-001946--vi-bs.2026-02-26_06-00-00-000.devi-zus.2025-03-01_19-00-00-000.de19","version":"d0165f07c93c65358553ce7ee5faff83d3211ad9137470cee10cdfa1872d50be","cityId":"castrop-rauxel","kind":"roadworks","category":"Autobahn-Baustelle","title":"A45 | Kirchlinde - Dortmund-West","statement":"A45 | Kirchlinde - Dortmund-West: eine Baustelle ist im Autobahn-Verkehrsdienst verzeichnet. A45: Dortmund -> Hagen, zwischen 1.4 km hinter Kirchlinde und 1.6 km vor AK Dortmund-West Die Lage kann auch eine Pendelstrecke außerhalb des Stadtgebiets betreffen.","status":"im Verkehrsdienst geführt","startDate":"2026-02-26","endDate":"2028-07-15","nextStep":"Aktuelle Verkehrs- und Sperrinformationen beim Betreiber prüfen.","scale":"district","geometryPrecision":"approximate","reviewState":"candidate","asOf":"2026-09-27T10:04:55.206Z","sourceCount":1,"primarySource":{"url":"https://verkehr.autobahn.de/o/autobahn/A45/services/roadworks","title":"Autobahn A45 roadworks","publisher":"Autobahn GmbH","licence":"unknown","reuse":"unknown"}}},{"type":"Feature","geometry":{"type":"LineString","coordinates":[[7.39002,51.51179],[7.3882,51.50617]]},"properties":{"id":"autobahn:2025-001946--vi-bs.2026-02-26_06-00-00-000.devi-zus.2025-03-01_19-00-00-000.de21","version":"5b295c6dab2f233f0cd33786582ff2e9669aa9c678636334525fac6dd73c86a9","cityId":"castrop-rauxel","kind":"roadworks","category":"Autobahn-Baustelle","title":"A45 | Dortmund-Hafen - Dortmund-West","statement":"A45 | Dortmund-Hafen - Dortmund-West: eine Baustelle ist im Autobahn-Verkehrsdienst verzeichnet. A45: Dortmund -> Hagen, zwischen 0.8 km hinter AS Dortmund-Hafen und 1.0 km vor AK Dortmund-West Die Lage kann auch eine Pendelstrecke außerhalb des Stadtgebiets betreffen.","status":"im Verkehrsdienst geführt","startDate":"2026-02-26","endDate":"2028-07-15","nextStep":"Aktuelle Verkehrs- und Sperrinformationen beim Betreiber prüfen.","scale":"district","geometryPrecision":"approximate","reviewState":"candidate","asOf":"2026-09-27T10:04:55.206Z","sourceCount":1,"primarySource":{"url":"https://verkehr.autobahn.de/o/autobahn/A45/services/roadworks","title":"Autobahn A45 roadworks","publisher":"Autobahn GmbH","licence":"unknown","reuse":"unknown"}}},{"type":"Feature","geometry":{"type":"LineString","coordinates":[[7.54895,51.42224],[7.53866,51.43025]]},"properties":{"id":"autobahn:2025-037554--vi-bs.2026-05-20_20-00-00-000.devi-zus.2025-11-03_20-00-00-000.de5","version":"d900e36f3bec63e3f0d3bc0bb6677c0321e9e52c8ff19dab64bbe14ff1136462","cityId":"castrop-rauxel","kind":"roadworks","category":"Autobahn-Baustelle","title":"A45 | Schwerte-Ergste - Westhofener Kreuz","statement":"A45 | Schwerte-Ergste - Westhofener Kreuz: eine Baustelle ist im Autobahn-Verkehrsdienst verzeichnet. A45: Hagen -> Dortmund, zwischen 1.4 km hinter AS Schwerte-Ergste und 0.5 km vor AK Westhofener Kreuz Die Lage kann auch eine Pendelstrecke außerhalb des Stadtgebiets betreffen.","status":"im Verkehrsdienst geführt","startDate":"2026-05-20","endDate":"2026-12-10","nextStep":"Aktuelle Verkehrs- und Sperrinformationen beim Betreiber prüfen.","scale":"district","geometryPrecision":"approximate","reviewState":"candidate","asOf":"2026-09-27T10:04:55.206Z","sourceCount":1,"primarySource":{"url":"https://verkehr.autobahn.de/o/autobahn/A45/services/roadworks","title":"Autobahn A45 roadworks","publisher":"Autobahn GmbH","licence":"unknown","reuse":"unknown"}}},{"type":"Feature","geometry":{"type":"LineString","coordinates":[[7.53853,51.43014],[7.54874,51.42218]]},"properties":{"id":"autobahn:2025-037554--vi-bs.2026-05-20_20-00-00-000.devi-zus.2025-11-03_20-00-00-000.de7","version":"4e3e2bce0c72be742cb6c3c9a4155a93e6959fb491156d6788e44379eef96131","cityId":"castrop-rauxel","kind":"roadworks","category":"Autobahn-Baustelle","title":"A45 | Westhofener Kreuz - Schwerte-Ergste","statement":"A45 | Westhofener Kreuz - Schwerte-Ergste: eine Baustelle ist im Autobahn-Verkehrsdienst verzeichnet. A45: Dortmund -> Hagen, zwischen 0.5 km hinter AK Westhofener Kreuz und 1.4 km vor AS Schwerte-Ergste Die Lage kann auch eine Pendelstrecke außerhalb des Stadtgebiets betreffen.","status":"im Verkehrsdienst geführt","startDate":"2026-05-20","endDate":"2026-12-10","nextStep":"Aktuelle Verkehrs- und Sperrinformationen beim Betreiber prüfen.","scale":"district","geometryPrecision":"approximate","reviewState":"candidate","asOf":"2026-09-27T10:04:55.206Z","sourceCount":1,"primarySource":{"url":"https://verkehr.autobahn.de/o/autobahn/A45/services/roadworks","title":"Autobahn A45 roadworks","publisher":"Autobahn GmbH","licence":"unknown","reuse":"unknown"}}},{"type":"Feature","geometry":{"type":"LineString","coordinates":[[7.55171,51.41664],[7.54895,51.42224]]},"properties":{"id":"autobahn:2025-037554--vi-bs.2026-05-20_20-00-00-000.devi-zus.2025-11-03_20-00-00-000.de9","version":"8e33478197a4b701d5558f01fb7b4865ff79c361ea47b6bcd5e72caaddf90841","cityId":"castrop-rauxel","kind":"roadworks","category":"Autobahn-Baustelle","title":"A45 | Schwerte-Ergste - Westhofener Kreuz","statement":"A45 | Schwerte-Ergste - Westhofener Kreuz: eine Baustelle ist im Autobahn-Verkehrsdienst verzeichnet. A45: Hagen -> Dortmund, zwischen 0.8 km hinter AS Schwerte-Ergste und 1.7 km vor AK Westhofener Kreuz Die Lage kann auch eine Pendelstrecke außerhalb des Stadtgebiets betreffen.","status":"im Verkehrsdienst geführt","startDate":"2026-05-20","endDate":"2026-12-10","nextStep":"Aktuelle Verkehrs- und Sperrinformationen beim Betreiber prüfen.","scale":"district","geometryPrecision":"approximate","reviewState":"candidate","asOf":"2026-09-27T10:04:55.206Z","sourceCount":1,"primarySource":{"url":"https://verkehr.autobahn.de/o/autobahn/A45/services/roadworks","title":"Autobahn A45 roadworks","publisher":"Autobahn GmbH","licence":"unknown","reuse":"unknown"}}},{"type":"Feature","geometry":{"type":"LineString","coordinates":[[6.98056,51.50378],[6.97226,51.50648]]},"properties":{"id":"autobahn:2025-055007--vi-bs.2025-12-11_11-00-00-000.devi-zus.2025-02-24_20-00-00-000_006.de1","version":"66af69df259050f16f589efdc0d7ecfc9fae69881562c6baccc6fd8c082d97df","cityId":"castrop-rauxel","kind":"roadworks","category":"Autobahn-Baustelle","title":"A42 | Essen-Nord - Bottrop-Süd","statement":"A42 | Essen-Nord - Bottrop-Süd: eine Baustelle ist im Autobahn-Verkehrsdienst verzeichnet. A42: Dortmund -> Kamp-Lintfort, zwischen 1.2 km hinter AK Essen-Nord und 2.7 km vor AS Bottrop-Süd Die Lage kann auch eine Pendelstrecke außerhalb des Stadtgebiets betreffen.","status":"im Verkehrsdienst geführt","startDate":"2025-12-11","endDate":"2027-03-31","nextStep":"Aktuelle Verkehrs- und Sperrinformationen beim Betreiber prüfen.","scale":"district","geometryPrecision":"approximate","reviewState":"candidate","asOf":"2026-09-27T10:04:55.065Z","sourceCount":1,"primarySource":{"url":"https://verkehr.autobahn.de/o/autobahn/A42/services/roadworks","title":"Autobahn A42 roadworks","publisher":"Autobahn GmbH","licence":"unknown","reuse":"unknown"}}},{"type":"Feature","geometry":{"type":"LineString","coordinates":[[6.97155,51.50654],[6.97986,51.50386]]},"properties":{"id":"autobahn:2025-055007--vi-bs.2025-12-11_11-00-00-000.devi-zus.2025-02-24_20-00-00-000_006.de3","version":"f2dce399fe1982c5765df07a18e352c62a7ac6da4c1f600b7f113e5e43470183","cityId":"castrop-rauxel","kind":"roadworks","category":"Autobahn-Baustelle","title":"A42 | Bottrop-Süd - Essen-Nord","statement":"A42 | Bottrop-Süd - Essen-Nord: eine Baustelle ist im Autobahn-Verkehrsdienst verzeichnet. A42: Kamp-Lintfort -> Dortmund, zwischen 2.6 km hinter AS Bottrop-Süd und 1.2 km vor AK Essen-Nord Die Lage kann auch eine Pendelstrecke außerhalb des Stadtgebiets betreffen.","status":"im Verkehrsdienst geführt","startDate":"2025-12-11","endDate":"2027-03-31","nextStep":"Aktuelle Verkehrs- und Sperrinformationen beim Betreiber prüfen.","scale":"district","geometryPrecision":"approximate","reviewState":"candidate","asOf":"2026-09-27T10:04:55.065Z","sourceCount":1,"primarySource":{"url":"https://verkehr.autobahn.de/o/autobahn/A42/services/roadworks","title":"Autobahn A42 roadworks","publisher":"Autobahn GmbH","licence":"unknown","reuse":"unknown"}}},{"type":"Feature","geometry":{"type":"LineString","coordinates":[[6.91357,51.49817],[6.87539,51.49633]]},"properties":{"id":"autobahn:2025-062194--vi-bs.2026-09-04_00-00-00-000.devi-zus.2026-09-04_22-00-00-000.de1","version":"8beadb26e872ee6d6b3a0a73ef78def863bad5f9910fb5bd3054077e74eb95d1","cityId":"castrop-rauxel","kind":"roadworks","category":"Autobahn-Baustelle","title":"A42 | Bottrop-Süd - Oberhausen-Zentrum","statement":"A42 | Bottrop-Süd - Oberhausen-Zentrum: eine Baustelle ist im Autobahn-Verkehrsdienst verzeichnet. A42: Dortmund -> Kamp-Lintfort, zwischen 1.7 km hinter AS Bottrop-Süd und 0.8 km vor AS Oberhausen-Zentrum Die Lage kann auch eine Pendelstrecke außerhalb des Stadtgebiets betreffen.","status":"im Verkehrsdienst geführt","startDate":"2026-09-04","endDate":"2026-10-19","nextStep":"Aktuelle Verkehrs- und Sperrinformationen beim Betreiber prüfen.","scale":"district","geometryPrecision":"approximate","reviewState":"candidate","asOf":"2026-09-27T10:04:55.065Z","sourceCount":1,"primarySource":{"url":"https://verkehr.autobahn.de/o/autobahn/A42/services/roadworks","title":"Autobahn A42 roadworks","publisher":"Autobahn GmbH","licence":"unknown","reuse":"unknown"}}},{"type":"Feature","geometry":{"type":"LineString","coordinates":[[6.89702,51.49745],[6.89038,51.498]]},"properties":{"id":"autobahn:2025-062194--vi-bs.2026-09-04_00-00-00-000.devi-zus.2026-09-04_22-00-00-000.de3","version":"5cbf3c192a7f04956e16a11425e59936ef87613a039f1cd2b00b6cd6348fdb2c","cityId":"castrop-rauxel","kind":"roadworks","category":"Autobahn-Baustelle","title":"A42 - Leitungsarbeiten und Fahrbahnerneuerung","statement":"A42 - Leitungsarbeiten und Fahrbahnerneuerung: eine Baustelle ist im Autobahn-Verkehrsdienst verzeichnet. Von A42: Dortmund -> Kamp-Lintfort, zwischen 2.8 km hinter AS Bottrop-Süd und AS Oberhausen Neue Mitte nach Abfahrt von der A42: AS Oberhausen Neue Mitte (aus Richtung Bottrop-Süd) Die Lage kann auch eine Pendelstrecke außerhalb des Stadtgebiets betreffen.","status":"im Verkehrsdienst geführt","startDate":"2026-09-04","endDate":"2026-10-19","nextStep":"Aktuelle Verkehrs- und Sperrinformationen beim Betreiber prüfen.","scale":"district","geometryPrecision":"approximate","reviewState":"candidate","asOf":"2026-09-27T10:04:55.065Z","sourceCount":1,"primarySource":{"url":"https://verkehr.autobahn.de/o/autobahn/A42/services/roadworks","title":"Autobahn A42 roadworks","publisher":"Autobahn GmbH","licence":"unknown","reuse":"unknown"}}},{"type":"Feature","geometry":{"type":"LineString","coordinates":[[6.89046,51.4979],[6.88859,51.49681]]},"properties":{"id":"autobahn:2025-062194--vi-bs.2026-09-04_00-00-00-000.devi-zus.2026-09-04_22-00-00-000.de5","version":"c6a88e0706425d3ec0e943354d50d93b18015e91355c5fa3373ecf5cc01dae1d","cityId":"castrop-rauxel","kind":"roadworks","category":"Autobahn-Baustelle","title":"A42 - Leitungsarbeiten und Fahrbahnerneuerung","statement":"A42 - Leitungsarbeiten und Fahrbahnerneuerung: eine Baustelle ist im Autobahn-Verkehrsdienst verzeichnet. Von Auffahrt auf die A42: AS Oberhausen Neue Mitte (aus Richtung Bottrop-Süd) nach A42: Dortmund -> Kamp-Lintfort, zwischen AS Bottrop-Süd und 1.7 km vor AS Oberhausen-Zentrum Die Lage kann auch eine Pendelstrecke außerhalb des Stadtgebiets betreffen.","status":"im Verkehrsdienst geführt","startDate":"2026-09-04","endDate":"2026-10-19","nextStep":"Aktuelle Verkehrs- und Sperrinformationen beim Betreiber prüfen.","scale":"district","geometryPrecision":"approximate","reviewState":"candidate","asOf":"2026-09-27T10:04:55.065Z","sourceCount":1,"primarySource":{"url":"https://verkehr.autobahn.de/o/autobahn/A42/services/roadworks","title":"Autobahn A42 roadworks","publisher":"Autobahn GmbH","licence":"unknown","reuse":"unknown"}}},{"type":"Feature","geometry":{"type":"LineString","coordinates":[[7.18904,51.54379],[7.18328,51.54373]]},"properties":{"id":"autobahn:2026-003679--vi-bs.2026-03-09_05-00-00-000.devi-zus.2026-02-23_20-00-00-000_001.de1","version":"60234f119c579b78901ac470ceb33361f9fafab09969130ed546b5d7d68b49a4","cityId":"castrop-rauxel","kind":"roadworks","category":"Autobahn-Baustelle","title":"A42 | Herne - Herne-Crange","statement":"A42 | Herne - Herne-Crange: eine Baustelle ist im Autobahn-Verkehrsdienst verzeichnet. A42: Dortmund -> Kamp-Lintfort, zwischen 0.8 km hinter AK Herne und 1.1 km vor AS Herne-Crange Die Lage kann auch eine Pendelstrecke außerhalb des Stadtgebiets betreffen.","status":"im Verkehrsdienst geführt","startDate":"2026-03-09","endDate":"2029-11-30","nextStep":"Aktuelle Verkehrs- und Sperrinformationen beim Betreiber prüfen.","scale":"district","geometryPrecision":"approximate","reviewState":"candidate","asOf":"2026-09-27T10:04:55.065Z","sourceCount":1,"primarySource":{"url":"https://verkehr.autobahn.de/o/autobahn/A42/services/roadworks","title":"Autobahn A42 roadworks","publisher":"Autobahn GmbH","licence":"unknown","reuse":"unknown"}}},{"type":"Feature","geometry":{"type":"LineString","coordinates":[[7.17488,51.54286],[7.1739,51.54283]]},"properties":{"id":"autobahn:2026-003679--vi-bs.2026-03-09_05-00-00-000.devi-zus.2026-02-23_20-00-00-000_001.de11","version":"59c89e78473b02d44385d0899024b9217a88315641d364cf019db0dbf5e68411","cityId":"castrop-rauxel","kind":"roadworks","category":"Autobahn-Baustelle","title":"A42 - Straßenausbau - Fahrbahnabsenkung - AlD 3679","statement":"A42 - Straßenausbau - Fahrbahnabsenkung - AlD 3679: eine Baustelle ist im Autobahn-Verkehrsdienst verzeichnet. Abfahrt von der A42: AS Herne-Crange (aus Richtung Herne) Die Lage kann auch eine Pendelstrecke außerhalb des Stadtgebiets betreffen.","status":"im Verkehrsdienst geführt","startDate":"2026-03-09","endDate":"2029-11-30","nextStep":"Aktuelle Verkehrs- und Sperrinformationen beim Betreiber prüfen.","scale":"district","geometryPrecision":"approximate","reviewState":"candidate","asOf":"2026-09-27T10:04:55.065Z","sourceCount":1,"primarySource":{"url":"https://verkehr.autobahn.de/o/autobahn/A42/services/roadworks","title":"Autobahn A42 roadworks","publisher":"Autobahn GmbH","licence":"unknown","reuse":"unknown"}}},{"type":"Feature","geometry":{"type":"LineString","coordinates":[[7.18329,51.54367],[7.18904,51.54372]]},"properties":{"id":"autobahn:2026-003679--vi-bs.2026-03-09_05-00-00-000.devi-zus.2026-02-23_20-00-00-000_001.de3","version":"389e4ce4c09c0170180b258d13d61402edf7c519df64e38dca2273bb8766670c","cityId":"castrop-rauxel","kind":"roadworks","category":"Autobahn-Baustelle","title":"A42 | Herne-Crange - Herne","statement":"A42 | Herne-Crange - Herne: eine Baustelle ist im Autobahn-Verkehrsdienst verzeichnet. A42: Kamp-Lintfort -> Dortmund, zwischen 1.1 km hinter AS Herne-Crange und 0.8 km vor AK Herne Die Lage kann auch eine Pendelstrecke außerhalb des Stadtgebiets betreffen.","status":"im Verkehrsdienst geführt","startDate":"2026-03-09","endDate":"2029-11-30","nextStep":"Aktuelle Verkehrs- und Sperrinformationen beim Betreiber prüfen.","scale":"district","geometryPrecision":"approximate","reviewState":"candidate","asOf":"2026-09-27T10:04:55.065Z","sourceCount":1,"primarySource":{"url":"https://verkehr.autobahn.de/o/autobahn/A42/services/roadworks","title":"Autobahn A42 roadworks","publisher":"Autobahn GmbH","licence":"unknown","reuse":"unknown"}}},{"type":"Feature","geometry":{"type":"LineString","coordinates":[[7.18328,51.54373],[7.17341,51.54258]]},"properties":{"id":"autobahn:2026-003679--vi-bs.2026-03-09_05-00-00-000.devi-zus.2026-02-23_20-00-00-000_001.de5","version":"03cca270dc928c9e4e87cd6d7609a9d08466875fe7ca7b07da231dd7bea47627","cityId":"castrop-rauxel","kind":"roadworks","category":"Autobahn-Baustelle","title":"A42 | Herne - Herne-Crange","statement":"A42 | Herne - Herne-Crange: eine Baustelle ist im Autobahn-Verkehrsdienst verzeichnet. A42: Dortmund -> Kamp-Lintfort, zwischen 1.2 km hinter AK Herne und 0.4 km vor AS Herne-Crange Die Lage kann auch eine Pendelstrecke außerhalb des Stadtgebiets betreffen.","status":"im Verkehrsdienst geführt","startDate":"2026-03-09","endDate":"2029-11-30","nextStep":"Aktuelle Verkehrs- und Sperrinformationen beim Betreiber prüfen.","scale":"district","geometryPrecision":"approximate","reviewState":"candidate","asOf":"2026-09-27T10:04:55.065Z","sourceCount":1,"primarySource":{"url":"https://verkehr.autobahn.de/o/autobahn/A42/services/roadworks","title":"Autobahn A42 roadworks","publisher":"Autobahn GmbH","licence":"unknown","reuse":"unknown"}}},{"type":"Feature","geometry":{"type":"LineString","coordinates":[[7.17555,51.54273],[7.1833,51.54367]]},"properties":{"id":"autobahn:2026-003679--vi-bs.2026-03-09_05-00-00-000.devi-zus.2026-02-23_20-00-00-000_001.de7","version":"88ea3c63dbd3b968f1de585cad0bfa9a6ccc3b8851bb11f35352040e7cd50a5e","cityId":"castrop-rauxel","kind":"roadworks","category":"Autobahn-Baustelle","title":"A42 | Herne-Crange - Herne","statement":"A42 | Herne-Crange - Herne: eine Baustelle ist im Autobahn-Verkehrsdienst verzeichnet. A42: Kamp-Lintfort -> Dortmund, zwischen 0.5 km hinter AS Herne-Crange und 1.2 km vor AK Herne Die Lage kann auch eine Pendelstrecke außerhalb des Stadtgebiets betreffen.","status":"im Verkehrsdienst geführt","startDate":"2026-03-09","endDate":"2029-11-30","nextStep":"Aktuelle Verkehrs- und Sperrinformationen beim Betreiber prüfen.","scale":"district","geometryPrecision":"approximate","reviewState":"candidate","asOf":"2026-09-27T10:04:55.065Z","sourceCount":1,"primarySource":{"url":"https://verkehr.autobahn.de/o/autobahn/A42/services/roadworks","title":"Autobahn A42 roadworks","publisher":"Autobahn GmbH","licence":"unknown","reuse":"unknown"}}},{"type":"Feature","geometry":{"type":"LineString","coordinates":[[7.175,51.54232],[7.1762,51.54274]]},"properties":{"id":"autobahn:2026-003679--vi-bs.2026-03-09_05-00-00-000.devi-zus.2026-02-23_20-00-00-000_001.de9","version":"f6a3701d5982c9a4e460f37e5913fa1263acf6a146f6f33d353c7161a603e83f","cityId":"castrop-rauxel","kind":"roadworks","category":"Autobahn-Baustelle","title":"A42 - Straßenausbau - Fahrbahnabsenkung - AlD 3679","statement":"A42 - Straßenausbau - Fahrbahnabsenkung - AlD 3679: eine Baustelle ist im Autobahn-Verkehrsdienst verzeichnet. Die Lage kann auch eine Pendelstrecke außerhalb des Stadtgebiets betreffen.","status":"im Verkehrsdienst geführt","startDate":"2026-03-09","endDate":"2029-11-30","nextStep":"Aktuelle Verkehrs- und Sperrinformationen beim Betreiber prüfen.","scale":"district","geometryPrecision":"approximate","reviewState":"candidate","asOf":"2026-09-27T10:04:55.065Z","sourceCount":1,"primarySource":{"url":"https://verkehr.autobahn.de/o/autobahn/A42/services/roadworks","title":"Autobahn A42 roadworks","publisher":"Autobahn GmbH","licence":"unknown","reuse":"unknown"}}},{"type":"Feature","geometry":{"type":"LineString","coordinates":[[7.23722,51.59277],[7.2189,51.58658]]},"properties":{"id":"autobahn:2026-008846--vi-bs.2026-09-01_20-00-00-000.de0","version":"63f8bdc387945f299b0306437b1c0dd0d635c7453776a6ab3eabee71ea3fac08","cityId":"castrop-rauxel","kind":"roadworks","category":"Autobahn-Baustelle","title":"A2 | Recklinghausen-Ost - Recklinghausen-Süd","statement":"A2 | Recklinghausen-Ost - Recklinghausen-Süd: eine Baustelle ist im Autobahn-Verkehrsdienst verzeichnet. A2: Dortmund -> Oberhausen, zwischen 1.1 km hinter AS Recklinghausen-Ost und 0.5 km vor AS Recklinghausen-Süd Die Lage kann auch eine Pendelstrecke außerhalb des Stadtgebiets betreffen.","status":"im Verkehrsdienst geführt","startDate":"2026-09-09","endDate":"2026-12-11","nextStep":"Aktuelle Verkehrs- und Sperrinformationen beim Betreiber prüfen.","scale":"district","geometryPrecision":"approximate","reviewState":"candidate","asOf":"2026-09-27T10:04:54.955Z","sourceCount":1,"primarySource":{"url":"https://verkehr.autobahn.de/o/autobahn/A2/services/roadworks","title":"Autobahn A2 roadworks","publisher":"Autobahn GmbH","licence":"unknown","reuse":"unknown"}}},{"type":"Feature","geometry":{"type":"LineString","coordinates":[[6.96596,51.50739],[6.96311,51.50766]]},"properties":{"id":"autobahn:2026-016836--vi-bs.2026-04-13_09-00-00-000.devi-bs.2026-04-13_09-00-00-000_011.de1","version":"371a721b70f3037503fae7036701131c1b648c8be25eaf70d9bab9f91ad5572e","cityId":"castrop-rauxel","kind":"roadworks","category":"Autobahn-Baustelle","title":"A42 | Essen-Nord - Bottrop-Süd","statement":"A42 | Essen-Nord - Bottrop-Süd: eine Baustelle ist im Autobahn-Verkehrsdienst verzeichnet. A42: Dortmund -> Kamp-Lintfort, zwischen 2.3 km hinter AK Essen-Nord und 2.0 km vor AS Bottrop-Süd Die Lage kann auch eine Pendelstrecke außerhalb des Stadtgebiets betreffen.","status":"im Verkehrsdienst geführt","startDate":"2026-04-13","endDate":"2026-10-30","nextStep":"Aktuelle Verkehrs- und Sperrinformationen beim Betreiber prüfen.","scale":"district","geometryPrecision":"approximate","reviewState":"candidate","asOf":"2026-09-27T10:04:55.065Z","sourceCount":1,"primarySource":{"url":"https://verkehr.autobahn.de/o/autobahn/A42/services/roadworks","title":"Autobahn A42 roadworks","publisher":"Autobahn GmbH","licence":"unknown","reuse":"unknown"}}},{"type":"Feature","geometry":{"type":"LineString","coordinates":[[7.5247,51.34368],[7.52449,51.34309]]},"properties":{"id":"autobahn:2026-019464--vi-bs.2026-04-24_20-00-00-000.devi-zus.2026-04-24_09-00-00-000.de1","version":"b5224742451383e7e19843fae2d82f52772bb7156dbb4c3564f3fbbeae18d93a","cityId":"castrop-rauxel","kind":"roadworks","category":"Autobahn-Baustelle","title":"A45 | Hagen-Süd - Waterhövel","statement":"A45 | Hagen-Süd - Waterhövel: eine Baustelle ist im Autobahn-Verkehrsdienst verzeichnet. A45: Hagen -> Gießen, zwischen 0.5 km hinter AS Hagen-Süd und 0.6 km vor Waterhövel Die Lage kann auch eine Pendelstrecke außerhalb des Stadtgebiets betreffen.","status":"im Verkehrsdienst geführt","startDate":"2026-04-24","endDate":"2026-12-31","nextStep":"Aktuelle Verkehrs- und Sperrinformationen beim Betreiber prüfen.","scale":"district","geometryPrecision":"approximate","reviewState":"candidate","asOf":"2026-09-27T10:04:55.206Z","sourceCount":1,"primarySource":{"url":"https://verkehr.autobahn.de/o/autobahn/A45/services/roadworks","title":"Autobahn A45 roadworks","publisher":"Autobahn GmbH","licence":"unknown","reuse":"unknown"}}},{"type":"Feature","geometry":{"type":"LineString","coordinates":[[7.37741,51.58504],[7.35908,51.58788]]},"properties":{"id":"autobahn:2026-044922--vi-bs.2026-09-28_20-00-00-000.devi-zus.2026-09-28_20-00-00-000_002.de1","version":"8874f1b192ce8913ad821e73bf20fe2cf61bd9f98988da32abd7bf042be810ee","cityId":"castrop-rauxel","kind":"roadworks","category":"Autobahn-Baustelle","title":"A2 | Dortmund-Mengede - Ickern","statement":"A2 | Dortmund-Mengede - Ickern: eine Baustelle ist im Autobahn-Verkehrsdienst verzeichnet. A2: Dortmund -> Oberhausen, zwischen 1.1 km hinter AS Dortmund-Mengede und 2.0 km vor Ickern Die Lage kann auch eine Pendelstrecke außerhalb des Stadtgebiets betreffen.","status":"angekündigt","startDate":"2026-09-28","endDate":"2026-10-01","nextStep":"Aktuelle Verkehrs- und Sperrinformationen beim Betreiber prüfen.","scale":"district","geometryPrecision":"approximate","reviewState":"candidate","asOf":"2026-09-27T10:04:54.955Z","sourceCount":1,"primarySource":{"url":"https://verkehr.autobahn.de/o/autobahn/A2/services/roadworks","title":"Autobahn A2 roadworks","publisher":"Autobahn GmbH","licence":"unknown","reuse":"unknown"}}},{"type":"Feature","geometry":{"type":"LineString","coordinates":[[7.35899,51.58773],[7.37739,51.58489]]},"properties":{"id":"autobahn:2026-044922--vi-bs.2026-09-28_20-00-00-000.devi-zus.2026-09-28_20-00-00-000_002.de3","version":"d6e37ce4c64a0e13f7a6292daa7f5ce972ad69ffa87ba32f62a3a8c17b8e3a76","cityId":"castrop-rauxel","kind":"roadworks","category":"Autobahn-Baustelle","title":"A2 | Ickern - Dortmund-Mengede","statement":"A2 | Ickern - Dortmund-Mengede: eine Baustelle ist im Autobahn-Verkehrsdienst verzeichnet. A2: Oberhausen -> Dortmund, zwischen 2.0 km hinter Ickern und 1.1 km vor AS Dortmund-Mengede Die Lage kann auch eine Pendelstrecke außerhalb des Stadtgebiets betreffen.","status":"angekündigt","startDate":"2026-09-28","endDate":"2026-10-01","nextStep":"Aktuelle Verkehrs- und Sperrinformationen beim Betreiber prüfen.","scale":"district","geometryPrecision":"approximate","reviewState":"candidate","asOf":"2026-09-27T10:04:54.955Z","sourceCount":1,"primarySource":{"url":"https://verkehr.autobahn.de/o/autobahn/A2/services/roadworks","title":"Autobahn A2 roadworks","publisher":"Autobahn GmbH","licence":"unknown","reuse":"unknown"}}},{"type":"Feature","geometry":{"type":"LineString","coordinates":[[7.36373,51.58639],[7.37101,51.58523]]},"properties":{"id":"autobahn:2026-044922--vi-bs.2026-09-28_20-00-00-000.devi-zus.2026-09-28_20-00-00-000_002.de5","version":"bad1e21088a9f165de4969cc232ad4f65d67de5cfac92e171e47e38ddca1e19d","cityId":"castrop-rauxel","kind":"roadworks","category":"Autobahn-Baustelle","title":"A2 - Brückenwartung - AkD 44922","statement":"A2 - Brückenwartung - AkD 44922: eine Baustelle ist im Autobahn-Verkehrsdienst verzeichnet. Abfahrt von der A2: AK Dortmund-Nordwest (aus Richtung Ickern) Die Lage kann auch eine Pendelstrecke außerhalb des Stadtgebiets betreffen.","status":"angekündigt","startDate":"2026-09-28","endDate":"2026-10-01","nextStep":"Aktuelle Verkehrs- und Sperrinformationen beim Betreiber prüfen.","scale":"district","geometryPrecision":"approximate","reviewState":"candidate","asOf":"2026-09-27T10:04:54.955Z","sourceCount":1,"primarySource":{"url":"https://verkehr.autobahn.de/o/autobahn/A2/services/roadworks","title":"Autobahn A2 roadworks","publisher":"Autobahn GmbH","licence":"unknown","reuse":"unknown"}}},{"type":"Feature","geometry":{"type":"LineString","coordinates":[[7.37111,51.58558],[7.36389,51.58672]]},"properties":{"id":"autobahn:2026-044922--vi-bs.2026-09-28_20-00-00-000.devi-zus.2026-09-28_20-00-00-000_002.de7","version":"d08008e2516d117a65da37f09e610495433a17b8aa1feb7ed326b2712b91d900","cityId":"castrop-rauxel","kind":"roadworks","category":"Autobahn-Baustelle","title":"A2 - Brückenwartung - AkD 44922","statement":"A2 - Brückenwartung - AkD 44922: eine Baustelle ist im Autobahn-Verkehrsdienst verzeichnet. Die Lage kann auch eine Pendelstrecke außerhalb des Stadtgebiets betreffen.","status":"angekündigt","startDate":"2026-09-28","endDate":"2026-10-01","nextStep":"Aktuelle Verkehrs- und Sperrinformationen beim Betreiber prüfen.","scale":"district","geometryPrecision":"approximate","reviewState":"candidate","asOf":"2026-09-27T10:04:54.955Z","sourceCount":1,"primarySource":{"url":"https://verkehr.autobahn.de/o/autobahn/A2/services/roadworks","title":"Autobahn A2 roadworks","publisher":"Autobahn GmbH","licence":"unknown","reuse":"unknown"}}},{"type":"Feature","geometry":{"type":"LineString","coordinates":[[7.43207,51.4454],[7.4613,51.44147]]},"properties":{"id":"autobahn:2026-047146--vi-fbm.2026-10-05_18-00-00-000.devi-zus.2026-10-05_18-00-00-000.de1","version":"d644000feb9436f62e1f9d8b81993276f22e86089d255966bcb01ce098b8cf65","cityId":"castrop-rauxel","kind":"roadworks","category":"Autobahn-Baustelle","title":"A45 | Dortmund/Witten - Dortmund-Süd","statement":"A45 | Dortmund/Witten - Dortmund-Süd: eine Baustelle ist im Autobahn-Verkehrsdienst verzeichnet. 05.10.26 von 18:00 bis 19:00 Uhr Die Lage kann auch eine Pendelstrecke außerhalb des Stadtgebiets betreffen.","status":"angekündigt; 05.10.26 von 18:00 bis 19:00 Uhr","startDate":"2026-10-05","endDate":"2026-10-05","nextStep":"Aktuelle Verkehrs- und Sperrinformationen beim Betreiber prüfen.","scale":"district","geometryPrecision":"approximate","reviewState":"candidate","asOf":"2026-09-27T10:04:55.206Z","sourceCount":1,"primarySource":{"url":"https://verkehr.autobahn.de/o/autobahn/A45/services/roadworks","title":"Autobahn A45 roadworks","publisher":"Autobahn GmbH","licence":"unknown","reuse":"unknown"}}},{"type":"Feature","geometry":{"type":"LineString","coordinates":[[7.43207,51.4454],[7.4613,51.44147]]},"properties":{"id":"autobahn:2026-047146--vi-fbm.2026-10-05_19-00-00-000.devi-zus.2026-10-05_18-00-00-000.de3","version":"6147753bf97b5b92bf19d7e7eec739ce590042f97ae31c0f462d5c6dc60e67e6","cityId":"castrop-rauxel","kind":"roadworks","category":"Autobahn-Baustelle","title":"A45 | Dortmund/Witten - Dortmund-Süd","statement":"A45 | Dortmund/Witten - Dortmund-Süd: eine Baustelle ist im Autobahn-Verkehrsdienst verzeichnet. A45: Dortmund -> Hagen, zwischen 2.5 km hinter AK Dortmund/Witten und 1.7 km vor AS Dortmund-Süd Die Lage kann auch eine Pendelstrecke außerhalb des Stadtgebiets betreffen.","status":"angekündigt","startDate":"2026-10-05","endDate":"2026-10-06","nextStep":"Aktuelle Verkehrs- und Sperrinformationen beim Betreiber prüfen.","scale":"district","geometryPrecision":"approximate","reviewState":"candidate","asOf":"2026-09-27T10:04:55.206Z","sourceCount":1,"primarySource":{"url":"https://verkehr.autobahn.de/o/autobahn/A45/services/roadworks","title":"Autobahn A45 roadworks","publisher":"Autobahn GmbH","licence":"unknown","reuse":"unknown"}}},{"type":"Feature","geometry":{"type":"LineString","coordinates":[[7.43207,51.4454],[7.4613,51.44147]]},"properties":{"id":"autobahn:2026-047146--vi-fbm.2026-10-05_19-00-00-000.devi-zus.2026-10-05_18-00-00-000.de5","version":"03912a270555064a5dcf356f67769afa66d6e7e3659c4dd9985407f361bc9e30","cityId":"castrop-rauxel","kind":"roadworks","category":"Autobahn-Baustelle","title":"A45 | Dortmund/Witten - Dortmund-Süd","statement":"A45 | Dortmund/Witten - Dortmund-Süd: eine Baustelle ist im Autobahn-Verkehrsdienst verzeichnet. A45: Dortmund -> Hagen, zwischen 2.5 km hinter AK Dortmund/Witten und 1.7 km vor AS Dortmund-Süd Die Lage kann auch eine Pendelstrecke außerhalb des Stadtgebiets betreffen.","status":"angekündigt","startDate":"2026-10-05","endDate":"2026-10-06","nextStep":"Aktuelle Verkehrs- und Sperrinformationen beim Betreiber prüfen.","scale":"district","geometryPrecision":"approximate","reviewState":"candidate","asOf":"2026-09-27T10:04:55.206Z","sourceCount":1,"primarySource":{"url":"https://verkehr.autobahn.de/o/autobahn/A45/services/roadworks","title":"Autobahn A45 roadworks","publisher":"Autobahn GmbH","licence":"unknown","reuse":"unknown"}}},{"type":"Feature","geometry":{"type":"LineString","coordinates":[[7.49119,51.44345],[7.45197,51.44172]]},"properties":{"id":"autobahn:2026-047148--vi-fbm.2026-10-06_18-00-00-000.devi-fbm.2026-10-06_18-00-00-000.de1","version":"c6b77698744cbbd004eeeafdc93765c848ea5ccb4782d5346672d035205b1421","cityId":"castrop-rauxel","kind":"roadworks","category":"Autobahn-Baustelle","title":"A45 | Westhofener Kreuz - Flöz Mausegatt","statement":"A45 | Westhofener Kreuz - Flöz Mausegatt: eine Baustelle ist im Autobahn-Verkehrsdienst verzeichnet. 06.10.26 von 18:00 bis 19:00 Uhr Die Lage kann auch eine Pendelstrecke außerhalb des Stadtgebiets betreffen.","status":"angekündigt; 06.10.26 von 18:00 bis 19:00 Uhr","startDate":"2026-10-06","endDate":"2026-10-06","nextStep":"Aktuelle Verkehrs- und Sperrinformationen beim Betreiber prüfen.","scale":"district","geometryPrecision":"approximate","reviewState":"candidate","asOf":"2026-09-27T10:04:55.206Z","sourceCount":1,"primarySource":{"url":"https://verkehr.autobahn.de/o/autobahn/A45/services/roadworks","title":"Autobahn A45 roadworks","publisher":"Autobahn GmbH","licence":"unknown","reuse":"unknown"}}},{"type":"Feature","geometry":{"type":"LineString","coordinates":[[7.49119,51.44345],[7.45197,51.44172]]},"properties":{"id":"autobahn:2026-047148--vi-fbm.2026-10-06_19-00-00-000.devi-fbm.2026-10-06_18-00-00-000.de3","version":"b4d081361215b662d9b82e26800916e28b28d155787a789f3245802befa39096","cityId":"castrop-rauxel","kind":"roadworks","category":"Autobahn-Baustelle","title":"A45 | Westhofener Kreuz - Flöz Mausegatt","statement":"A45 | Westhofener Kreuz - Flöz Mausegatt: eine Baustelle ist im Autobahn-Verkehrsdienst verzeichnet. A45: Hagen -> Dortmund, zwischen 3.2 km hinter AK Westhofener Kreuz und 0.7 km vor Flöz Mausegatt Die Lage kann auch eine Pendelstrecke außerhalb des Stadtgebiets betreffen.","status":"angekündigt","startDate":"2026-10-06","endDate":"2026-10-07","nextStep":"Aktuelle Verkehrs- und Sperrinformationen beim Betreiber prüfen.","scale":"district","geometryPrecision":"approximate","reviewState":"candidate","asOf":"2026-09-27T10:04:55.206Z","sourceCount":1,"primarySource":{"url":"https://verkehr.autobahn.de/o/autobahn/A45/services/roadworks","title":"Autobahn A45 roadworks","publisher":"Autobahn GmbH","licence":"unknown","reuse":"unknown"}}},{"type":"Feature","geometry":{"type":"LineString","coordinates":[[7.49119,51.44345],[7.45197,51.44172]]},"properties":{"id":"autobahn:2026-047148--vi-fbm.2026-10-06_19-00-00-000.devi-fbm.2026-10-06_18-00-00-000.de5","version":"9d3d9c30c45d1f2ea7a40e6ad91e2e33399527c1fd0b76c770c5fba702af9e1c","cityId":"castrop-rauxel","kind":"roadworks","category":"Autobahn-Baustelle","title":"A45 | Westhofener Kreuz - Flöz Mausegatt","statement":"A45 | Westhofener Kreuz - Flöz Mausegatt: eine Baustelle ist im Autobahn-Verkehrsdienst verzeichnet. A45: Hagen -> Dortmund, zwischen 3.2 km hinter AK Westhofener Kreuz und 0.7 km vor Flöz Mausegatt Die Lage kann auch eine Pendelstrecke außerhalb des Stadtgebiets betreffen.","status":"angekündigt","startDate":"2026-10-06","endDate":"2026-10-07","nextStep":"Aktuelle Verkehrs- und Sperrinformationen beim Betreiber prüfen.","scale":"district","geometryPrecision":"approximate","reviewState":"candidate","asOf":"2026-09-27T10:04:55.206Z","sourceCount":1,"primarySource":{"url":"https://verkehr.autobahn.de/o/autobahn/A45/services/roadworks","title":"Autobahn A45 roadworks","publisher":"Autobahn GmbH","licence":"unknown","reuse":"unknown"}}},{"type":"Feature","geometry":{"type":"LineString","coordinates":[[7.65662,51.60005],[7.65244,51.59934]]},"properties":{"id":"autobahn:2026-047359--vi-bs.2026-10-07_08-00-00-000_004.de0","version":"66df4e5ee4aba3883f87298194efe449acef2d2a4d4e794402eaad63c314a6a2","cityId":"castrop-rauxel","kind":"roadworks","category":"Autobahn-Baustelle","title":"A2 | Kamener Kreuz - Kamen/Bergkamen","statement":"A2 | Kamener Kreuz - Kamen/Bergkamen: eine Baustelle ist im Autobahn-Verkehrsdienst verzeichnet. 07.10.26 von 08:00 bis 18:00 Uhr Die Lage kann auch eine Pendelstrecke außerhalb des Stadtgebiets betreffen.","status":"angekündigt; 07.10.26 von 08:00 bis 18:00 Uhr","startDate":"2026-10-07","endDate":"2026-10-09","nextStep":"Aktuelle Verkehrs- und Sperrinformationen beim Betreiber prüfen.","scale":"district","geometryPrecision":"approximate","reviewState":"candidate","asOf":"2026-09-27T10:04:54.955Z","sourceCount":1,"primarySource":{"url":"https://verkehr.autobahn.de/o/autobahn/A2/services/roadworks","title":"Autobahn A2 roadworks","publisher":"Autobahn GmbH","licence":"unknown","reuse":"unknown"}}},{"type":"Feature","geometry":{"type":"LineString","coordinates":[[7.08754,51.56835],[7.08022,51.56603]]},"properties":{"id":"autobahn:2026-047604--vi-bs.2026-09-21_09-00-00-000.devi-zus.2026-09-21_09-00-00-000_007.de1","version":"a48c0417ecbf328cc4cc3e97a4975f649d69f55a5c110b75c4a5db88fc434088","cityId":"castrop-rauxel","kind":"roadworks","category":"Autobahn-Baustelle","title":"A2 | Resser Mark - Gelsenkirchen-Buer","statement":"A2 | Resser Mark - Gelsenkirchen-Buer: eine Baustelle ist im Autobahn-Verkehrsdienst verzeichnet. 28.09.26 von 09:00 bis 14:30 Uhr Die Lage kann auch eine Pendelstrecke außerhalb des Stadtgebiets betreffen.","status":"im Verkehrsdienst geführt; 28.09.26 von 09:00 bis 14:30 Uhr","startDate":"2026-09-28","endDate":"2026-09-30","nextStep":"Aktuelle Verkehrs- und Sperrinformationen beim Betreiber prüfen.","scale":"district","geometryPrecision":"approximate","reviewState":"candidate","asOf":"2026-09-27T10:04:54.955Z","sourceCount":1,"primarySource":{"url":"https://verkehr.autobahn.de/o/autobahn/A2/services/roadworks","title":"Autobahn A2 roadworks","publisher":"Autobahn GmbH","licence":"unknown","reuse":"unknown"}}},{"type":"Feature","geometry":{"type":"LineString","coordinates":[[7.08032,51.5659],[7.08764,51.56823]]},"properties":{"id":"autobahn:2026-047604--vi-bs.2026-09-21_09-00-00-000.devi-zus.2026-09-21_09-00-00-000_007.de3","version":"cb5ccf7f755b6256808db6343ad1224e638d658c5a67ec23d3518d0de8fc625e","cityId":"castrop-rauxel","kind":"roadworks","category":"Autobahn-Baustelle","title":"A2 | Gelsenkirchen-Buer - Resser Mark","statement":"A2 | Gelsenkirchen-Buer - Resser Mark: eine Baustelle ist im Autobahn-Verkehrsdienst verzeichnet. 28.09.26 von 09:00 bis 14:30 Uhr Die Lage kann auch eine Pendelstrecke außerhalb des Stadtgebiets betreffen.","status":"im Verkehrsdienst geführt; 28.09.26 von 09:00 bis 14:30 Uhr","startDate":"2026-09-28","endDate":"2026-09-30","nextStep":"Aktuelle Verkehrs- und Sperrinformationen beim Betreiber prüfen.","scale":"district","geometryPrecision":"approximate","reviewState":"candidate","asOf":"2026-09-27T10:04:54.955Z","sourceCount":1,"primarySource":{"url":"https://verkehr.autobahn.de/o/autobahn/A2/services/roadworks","title":"Autobahn A2 roadworks","publisher":"Autobahn GmbH","licence":"unknown","reuse":"unknown"}}},{"type":"Feature","geometry":{"type":"LineString","coordinates":[[7.55435,51.30397],[7.55791,51.29091]]},"properties":{"id":"autobahn:2026-048249--vi-bs.2026-09-28_20-00-00-000.devi-zus.2026-09-28_20-00-00-000_007.de1","version":"17c11d79699f4f7fa3a88e4ef25fbfd8ef382364058311608f8326d73ed96363","cityId":"castrop-rauxel","kind":"roadworks","category":"Autobahn-Baustelle","title":"A45 | Brunsbecke - Rölveder Mühle","statement":"A45 | Brunsbecke - Rölveder Mühle: eine Baustelle ist im Autobahn-Verkehrsdienst verzeichnet. A45: Hagen -> Gießen, zwischen 2.6 km hinter Brunsbecke und 0.8 km vor Rölveder Mühle Die Lage kann auch eine Pendelstrecke außerhalb des Stadtgebiets betreffen.","status":"angekündigt","startDate":"2026-09-28","endDate":"2026-09-29","nextStep":"Aktuelle Verkehrs- und Sperrinformationen beim Betreiber prüfen.","scale":"district","geometryPrecision":"approximate","reviewState":"candidate","asOf":"2026-09-27T10:04:55.206Z","sourceCount":1,"primarySource":{"url":"https://verkehr.autobahn.de/o/autobahn/A45/services/roadworks","title":"Autobahn A45 roadworks","publisher":"Autobahn GmbH","licence":"unknown","reuse":"unknown"}}},{"type":"Feature","geometry":{"type":"LineString","coordinates":[[7.28859,51.60002],[7.24906,51.59547]]},"properties":{"id":"autobahn:2026-048675--vi-bs.2026-09-28_20-00-00-000.devi-zus.2026-09-28_20-00-00-000_008.de1","version":"6a233872f23c04dfc5a73b2a29c6690a7a332a2618f8db34c25eae97ff49bcf0","cityId":"castrop-rauxel","kind":"roadworks","category":"Autobahn-Baustelle","title":"A2 | Henrichenburg - Recklinghausen-Süd","statement":"A2 | Henrichenburg - Recklinghausen-Süd: eine Baustelle ist im Autobahn-Verkehrsdienst verzeichnet. A2: Dortmund -> Oberhausen, zwischen 1.9 km hinter AS Henrichenburg und 2.8 km vor AS Recklinghausen-Süd Die Lage kann auch eine Pendelstrecke außerhalb des Stadtgebiets betreffen.","status":"angekündigt","startDate":"2026-09-28","endDate":"2026-09-29","nextStep":"Aktuelle Verkehrs- und Sperrinformationen beim Betreiber prüfen.","scale":"district","geometryPrecision":"approximate","reviewState":"candidate","asOf":"2026-09-27T10:04:54.955Z","sourceCount":1,"primarySource":{"url":"https://verkehr.autobahn.de/o/autobahn/A2/services/roadworks","title":"Autobahn A2 roadworks","publisher":"Autobahn GmbH","licence":"unknown","reuse":"unknown"}}},{"type":"Feature","geometry":{"type":"LineString","coordinates":[[7.25495,51.59626],[7.25246,51.59619]]},"properties":{"id":"autobahn:2026-048675--vi-fbm.2026-09-28_20-00-00-000.devi-zus.2026-09-28_20-00-00-000_008.de3","version":"866c84d418aeb8b28524df9c90ffe689f123596711692c1ef204ff1e7c5c43d5","cityId":"castrop-rauxel","kind":"roadworks","category":"Sperrung","title":"A2 - Fahrbahninstandsetzung - AkD 48675","statement":"A2 - Fahrbahninstandsetzung - AkD 48675: eine Sperrung ist im Autobahn-Verkehrsdienst verzeichnet. Abfahrt von der A2: AS Recklinghausen-Ost (aus Richtung Henrichenburg) Die Lage kann auch eine Pendelstrecke außerhalb des Stadtgebiets betreffen.","status":"angekündigt","startDate":"2026-09-28","endDate":"2026-09-29","nextStep":"Aktuelle Verkehrs- und Sperrinformationen beim Betreiber prüfen.","scale":"district","geometryPrecision":"approximate","reviewState":"candidate","asOf":"2026-09-27T10:04:55.015Z","sourceCount":1,"primarySource":{"url":"https://verkehr.autobahn.de/o/autobahn/A2/services/closure","title":"Autobahn A2 closure","publisher":"Autobahn GmbH","licence":"unknown","reuse":"unknown"}}},{"type":"Feature","geometry":{"type":"LineString","coordinates":[[7.51741,51.36965],[7.51664,51.3689]]},"properties":{"id":"autobahn:2026-048939--vi-bs.2026-09-28_20-00-00-000_008.de0","version":"a1899d3de34e58c30906632bd30ab5787a85fcefbe937023c4e04c7e009850ac","cityId":"castrop-rauxel","kind":"roadworks","category":"Autobahn-Baustelle","title":"A45 | Lennetalbrücke - Hagen","statement":"A45 | Lennetalbrücke - Hagen: eine Baustelle ist im Autobahn-Verkehrsdienst verzeichnet. A45: Dortmund -> Hagen, zwischen 1.6 km hinter Lennetalbrücke und AK Hagen Die Lage kann auch eine Pendelstrecke außerhalb des Stadtgebiets betreffen.","status":"angekündigt","startDate":"2026-09-28","endDate":"2026-09-30","nextStep":"Aktuelle Verkehrs- und Sperrinformationen beim Betreiber prüfen.","scale":"district","geometryPrecision":"approximate","reviewState":"candidate","asOf":"2026-09-27T10:04:55.206Z","sourceCount":1,"primarySource":{"url":"https://verkehr.autobahn.de/o/autobahn/A45/services/roadworks","title":"Autobahn A45 roadworks","publisher":"Autobahn GmbH","licence":"unknown","reuse":"unknown"}}},{"type":"Feature","geometry":{"type":"LineString","coordinates":[[7.51616,51.36808],[7.51684,51.36886]]},"properties":{"id":"autobahn:2026-048947--vi-bs.2026-09-28_20-00-00-000_010.de0","version":"eaf38877b715b1c4a58add514342d100747226f21a0d7e0ca01369ede4220ddd","cityId":"castrop-rauxel","kind":"roadworks","category":"Autobahn-Baustelle","title":"A45 | Hagen-Süd - Lennetalbrücke","statement":"A45 | Hagen-Süd - Lennetalbrücke: eine Baustelle ist im Autobahn-Verkehrsdienst verzeichnet. A45: Gießen -> Dortmund, zwischen 2.5 km hinter AS Hagen-Süd und 1.7 km vor Lennetalbrücke Die Lage kann auch eine Pendelstrecke außerhalb des Stadtgebiets betreffen.","status":"angekündigt","startDate":"2026-09-28","endDate":"2026-09-30","nextStep":"Aktuelle Verkehrs- und Sperrinformationen beim Betreiber prüfen.","scale":"district","geometryPrecision":"approximate","reviewState":"candidate","asOf":"2026-09-27T10:04:55.206Z","sourceCount":1,"primarySource":{"url":"https://verkehr.autobahn.de/o/autobahn/A45/services/roadworks","title":"Autobahn A45 roadworks","publisher":"Autobahn GmbH","licence":"unknown","reuse":"unknown"}}},{"type":"Feature","geometry":{"type":"LineString","coordinates":[[7.5169,51.36861],[7.51698,51.3687]]},"properties":{"id":"autobahn:2026-048949--vi-bs.2026-09-28_20-00-00-000_005.de0","version":"2dc357b1ca589f87aed4e6465a165f0baf8f557156e1e9d29724a19a8b88e749","cityId":"castrop-rauxel","kind":"roadworks","category":"Autobahn-Baustelle","title":"A45 Beschilderungsarbeiten","statement":"A45 Beschilderungsarbeiten: eine Baustelle ist im Autobahn-Verkehrsdienst verzeichnet. Die Lage kann auch eine Pendelstrecke außerhalb des Stadtgebiets betreffen.","status":"angekündigt","startDate":"2026-09-28","endDate":"2026-09-30","nextStep":"Aktuelle Verkehrs- und Sperrinformationen beim Betreiber prüfen.","scale":"district","geometryPrecision":"approximate","reviewState":"candidate","asOf":"2026-09-27T10:04:55.206Z","sourceCount":1,"primarySource":{"url":"https://verkehr.autobahn.de/o/autobahn/A45/services/roadworks","title":"Autobahn A45 roadworks","publisher":"Autobahn GmbH","licence":"unknown","reuse":"unknown"}}},{"type":"Feature","geometry":{"type":"LineString","coordinates":[[7.51657,51.3691],[7.51652,51.36905]]},"properties":{"id":"autobahn:2026-048962--vi-bs.2026-09-28_20-00-00-000_004.de0","version":"86f691c55b3d9c67041bd4ea903811b29b9881477d03db752a60edf3b40a8604","cityId":"castrop-rauxel","kind":"roadworks","category":"Autobahn-Baustelle","title":"A45 Beschilderungsarbeiten","statement":"A45 Beschilderungsarbeiten: eine Baustelle ist im Autobahn-Verkehrsdienst verzeichnet. Abfahrt von der A45: AK Hagen (aus Richtung Lennetalbrücke) Die Lage kann auch eine Pendelstrecke außerhalb des Stadtgebiets betreffen.","status":"angekündigt","startDate":"2026-09-28","endDate":"2026-09-30","nextStep":"Aktuelle Verkehrs- und Sperrinformationen beim Betreiber prüfen.","scale":"district","geometryPrecision":"approximate","reviewState":"candidate","asOf":"2026-09-27T10:04:55.206Z","sourceCount":1,"primarySource":{"url":"https://verkehr.autobahn.de/o/autobahn/A45/services/roadworks","title":"Autobahn A45 roadworks","publisher":"Autobahn GmbH","licence":"unknown","reuse":"unknown"}}},{"type":"Feature","geometry":{"type":"LineString","coordinates":[[7.84968,51.6251],[7.39337,51.58391]]},"properties":{"id":"autobahn:2026-049013--vi-bs.2026-09-28_07-00-00-000.devi-zus.2026-09-28_07-00-00-000_011.de1","version":"8c69844a0c4a1005ac576fe80472ec9c9156cf1c019573edc770856642c18c60","cityId":"castrop-rauxel","kind":"roadworks","category":"Autobahn-Baustelle","title":"A2 | Rhynern - Dortmund-Mengede","statement":"A2 | Rhynern - Dortmund-Mengede: eine Baustelle ist im Autobahn-Verkehrsdienst verzeichnet. 28.09.26 von 07:00 bis 18:00 Uhr Die Lage kann auch eine Pendelstrecke außerhalb des Stadtgebiets betreffen.","status":"angekündigt; 28.09.26 von 07:00 bis 18:00 Uhr","startDate":"2026-09-28","endDate":"2026-09-29","nextStep":"Aktuelle Verkehrs- und Sperrinformationen beim Betreiber prüfen.","scale":"district","geometryPrecision":"approximate","reviewState":"candidate","asOf":"2026-09-27T10:04:54.955Z","sourceCount":1,"primarySource":{"url":"https://verkehr.autobahn.de/o/autobahn/A2/services/roadworks","title":"Autobahn A2 roadworks","publisher":"Autobahn GmbH","licence":"unknown","reuse":"unknown"}}},{"type":"Feature","geometry":{"type":"LineString","coordinates":[[7.39334,51.58375],[7.8497,51.62496]]},"properties":{"id":"autobahn:2026-049013--vi-bs.2026-09-28_07-00-00-000.devi-zus.2026-09-28_07-00-00-000_011.de3","version":"e2636039699adac2e0cf80f3ed210d17a5e79d429e71304e54d0614942f4ff72","cityId":"castrop-rauxel","kind":"roadworks","category":"Autobahn-Baustelle","title":"A2 | Dortmund-Mengede - Rhynern","statement":"A2 | Dortmund-Mengede - Rhynern: eine Baustelle ist im Autobahn-Verkehrsdienst verzeichnet. 28.09.26 von 07:00 bis 18:00 Uhr Die Lage kann auch eine Pendelstrecke außerhalb des Stadtgebiets betreffen.","status":"angekündigt; 28.09.26 von 07:00 bis 18:00 Uhr","startDate":"2026-09-28","endDate":"2026-09-29","nextStep":"Aktuelle Verkehrs- und Sperrinformationen beim Betreiber prüfen.","scale":"district","geometryPrecision":"approximate","reviewState":"candidate","asOf":"2026-09-27T10:04:54.955Z","sourceCount":1,"primarySource":{"url":"https://verkehr.autobahn.de/o/autobahn/A2/services/roadworks","title":"Autobahn A2 roadworks","publisher":"Autobahn GmbH","licence":"unknown","reuse":"unknown"}}},{"type":"Feature","geometry":{"type":"LineString","coordinates":[[7.54981,51.421],[7.52655,51.43475]]},"properties":{"id":"autobahn:2026-049039--vi-bs.2026-09-30_20-00-00-000_007.de0","version":"dd406190100ea9e0372e4b434e1e2cbc899e366add4f2153081daba39e36261b","cityId":"castrop-rauxel","kind":"roadworks","category":"Autobahn-Baustelle","title":"A45 | Schwerte-Ergste - Dortmund-Süd","statement":"A45 | Schwerte-Ergste - Dortmund-Süd: eine Baustelle ist im Autobahn-Verkehrsdienst verzeichnet. A45: Hagen -> Dortmund, zwischen 1.3 km hinter AS Schwerte-Ergste und 3.1 km vor AS Dortmund-Süd Die Lage kann auch eine Pendelstrecke außerhalb des Stadtgebiets betreffen.","status":"angekündigt","startDate":"2026-09-30","endDate":"2026-10-01","nextStep":"Aktuelle Verkehrs- und Sperrinformationen beim Betreiber prüfen.","scale":"district","geometryPrecision":"approximate","reviewState":"candidate","asOf":"2026-09-27T10:04:55.206Z","sourceCount":1,"primarySource":{"url":"https://verkehr.autobahn.de/o/autobahn/A45/services/roadworks","title":"Autobahn A45 roadworks","publisher":"Autobahn GmbH","licence":"unknown","reuse":"unknown"}}},{"type":"Feature","geometry":{"type":"LineString","coordinates":[[7.08725,51.56826],[7.07917,51.5657]]},"properties":{"id":"autobahn:2026-049137--vi-bs.2026-09-28_09-00-00-000.devi-zus.2026-09-28_09-00-00-000_006.de1","version":"eac1b96a76beb32f0982d9b8a12ffc6f920fb7f9216b51c49a05b6de10e485d0","cityId":"castrop-rauxel","kind":"roadworks","category":"Autobahn-Baustelle","title":"A2 | Resser Mark - Gelsenkirchen-Buer","statement":"A2 | Resser Mark - Gelsenkirchen-Buer: eine Baustelle ist im Autobahn-Verkehrsdienst verzeichnet. 28.09.26 von 09:00 bis 15:00 Uhr Die Lage kann auch eine Pendelstrecke außerhalb des Stadtgebiets betreffen.","status":"angekündigt; 28.09.26 von 09:00 bis 15:00 Uhr","startDate":"2026-09-28","endDate":"2026-09-30","nextStep":"Aktuelle Verkehrs- und Sperrinformationen beim Betreiber prüfen.","scale":"district","geometryPrecision":"approximate","reviewState":"candidate","asOf":"2026-09-27T10:04:54.955Z","sourceCount":1,"primarySource":{"url":"https://verkehr.autobahn.de/o/autobahn/A2/services/roadworks","title":"Autobahn A2 roadworks","publisher":"Autobahn GmbH","licence":"unknown","reuse":"unknown"}}},{"type":"Feature","geometry":{"type":"LineString","coordinates":[[7.07928,51.56557],[7.08734,51.56814]]},"properties":{"id":"autobahn:2026-049137--vi-bs.2026-09-28_09-00-00-000.devi-zus.2026-09-28_09-00-00-000_006.de3","version":"08753fa1bffff758d1339adffd092a93128a9887ebed1861b3ad10909ec3cf13","cityId":"castrop-rauxel","kind":"roadworks","category":"Autobahn-Baustelle","title":"A2 | Gelsenkirchen-Buer - Resser Mark","statement":"A2 | Gelsenkirchen-Buer - Resser Mark: eine Baustelle ist im Autobahn-Verkehrsdienst verzeichnet. 28.09.26 von 09:00 bis 15:00 Uhr Die Lage kann auch eine Pendelstrecke außerhalb des Stadtgebiets betreffen.","status":"angekündigt; 28.09.26 von 09:00 bis 15:00 Uhr","startDate":"2026-09-28","endDate":"2026-09-30","nextStep":"Aktuelle Verkehrs- und Sperrinformationen beim Betreiber prüfen.","scale":"district","geometryPrecision":"approximate","reviewState":"candidate","asOf":"2026-09-27T10:04:54.955Z","sourceCount":1,"primarySource":{"url":"https://verkehr.autobahn.de/o/autobahn/A2/services/roadworks","title":"Autobahn A2 roadworks","publisher":"Autobahn GmbH","licence":"unknown","reuse":"unknown"}}},{"type":"Feature","geometry":{"type":"LineString","coordinates":[[7.1632,51.57681],[7.13907,51.57443]]},"properties":{"id":"autobahn:2026-049152--vi-bs.2026-10-06_09-00-00-000_002.de0","version":"69c5e22e04761adc48150cc6640b6571f8df9463f1cd2e913822899c37a7e1db","cityId":"castrop-rauxel","kind":"roadworks","category":"Autobahn-Baustelle","title":"A2 | Stuckenbusch - Herten","statement":"A2 | Stuckenbusch - Herten: eine Baustelle ist im Autobahn-Verkehrsdienst verzeichnet. 06.10.26 von 09:00 bis 15:00 Uhr Die Lage kann auch eine Pendelstrecke außerhalb des Stadtgebiets betreffen.","status":"angekündigt; 06.10.26 von 09:00 bis 15:00 Uhr","startDate":"2026-10-06","endDate":"2026-10-06","nextStep":"Aktuelle Verkehrs- und Sperrinformationen beim Betreiber prüfen.","scale":"district","geometryPrecision":"approximate","reviewState":"candidate","asOf":"2026-09-27T10:04:54.955Z","sourceCount":1,"primarySource":{"url":"https://verkehr.autobahn.de/o/autobahn/A2/services/roadworks","title":"Autobahn A2 roadworks","publisher":"Autobahn GmbH","licence":"unknown","reuse":"unknown"}}},{"type":"Feature","geometry":{"type":"LineString","coordinates":[[6.93893,51.5066],[6.9393,51.50612]]},"properties":{"id":"autobahn:2026-049204--vi-bs.2026-09-28_12-00-00-000.de0","version":"4fb0eafed43cbb142f029d7101e0ffab49b4e24bc308f99dcc85491ca784dd60","cityId":"castrop-rauxel","kind":"roadworks","category":"Autobahn-Baustelle","title":"A42 Grünpflege","statement":"A42 Grünpflege: eine Baustelle ist im Autobahn-Verkehrsdienst verzeichnet. 28.09.26 von 12:00 bis 14:00 Uhr Die Lage kann auch eine Pendelstrecke außerhalb des Stadtgebiets betreffen.","status":"angekündigt; 28.09.26 von 12:00 bis 14:00 Uhr","startDate":"2026-09-28","endDate":"2026-09-28","nextStep":"Aktuelle Verkehrs- und Sperrinformationen beim Betreiber prüfen.","scale":"district","geometryPrecision":"approximate","reviewState":"candidate","asOf":"2026-09-27T10:04:55.065Z","sourceCount":1,"primarySource":{"url":"https://verkehr.autobahn.de/o/autobahn/A42/services/roadworks","title":"Autobahn A42 roadworks","publisher":"Autobahn GmbH","licence":"unknown","reuse":"unknown"}}},{"type":"Feature","geometry":{"type":"LineString","coordinates":[[7.49465,51.57855],[7.49353,51.57838]]},"properties":{"id":"autobahn:2026-049211--vi-bs.2026-10-06_08-00-00-000.devi-zus.2026-10-06_08-00-00-000_001.de1","version":"2c55571efa0163429948202f92968b57bd459ea6f5a03fe8100536b95766ae80","cityId":"castrop-rauxel","kind":"roadworks","category":"Autobahn-Baustelle","title":"A2 Brückenwartung","statement":"A2 Brückenwartung: eine Baustelle ist im Autobahn-Verkehrsdienst verzeichnet. 06.10.26 von 08:00 bis 16:00 Uhr Die Lage kann auch eine Pendelstrecke außerhalb des Stadtgebiets betreffen.","status":"angekündigt; 06.10.26 von 08:00 bis 16:00 Uhr","startDate":"2026-10-06","endDate":"2026-10-06","nextStep":"Aktuelle Verkehrs- und Sperrinformationen beim Betreiber prüfen.","scale":"district","geometryPrecision":"approximate","reviewState":"candidate","asOf":"2026-09-27T10:04:54.955Z","sourceCount":1,"primarySource":{"url":"https://verkehr.autobahn.de/o/autobahn/A2/services/roadworks","title":"Autobahn A2 roadworks","publisher":"Autobahn GmbH","licence":"unknown","reuse":"unknown"}}},{"type":"Feature","geometry":{"type":"LineString","coordinates":[[7.49467,51.57855],[7.49356,51.57839]]},"properties":{"id":"autobahn:2026-049211--vi-bs.2026-10-06_09-00-00-000.devi-zus.2026-10-06_08-00-00-000_001.de3","version":"cfe2fd44f3d63a23857e98ff570199b93c189a04263b301a7aebc72aeaaf3668","cityId":"castrop-rauxel","kind":"roadworks","category":"Autobahn-Baustelle","title":"A2 Brückenwartung","statement":"A2 Brückenwartung: eine Baustelle ist im Autobahn-Verkehrsdienst verzeichnet. 06.10.26 von 09:00 bis 16:00 Uhr Die Lage kann auch eine Pendelstrecke außerhalb des Stadtgebiets betreffen.","status":"angekündigt; 06.10.26 von 09:00 bis 16:00 Uhr","startDate":"2026-10-06","endDate":"2026-10-06","nextStep":"Aktuelle Verkehrs- und Sperrinformationen beim Betreiber prüfen.","scale":"district","geometryPrecision":"approximate","reviewState":"candidate","asOf":"2026-09-27T10:04:54.955Z","sourceCount":1,"primarySource":{"url":"https://verkehr.autobahn.de/o/autobahn/A2/services/roadworks","title":"Autobahn A2 roadworks","publisher":"Autobahn GmbH","licence":"unknown","reuse":"unknown"}}},{"type":"Feature","geometry":{"type":"LineString","coordinates":[[7.38522,51.49618],[7.38544,51.49529]]},"properties":{"id":"autobahn:2026-049233--vi-bs.2026-09-29_09-00-00-000.devi-bs.2026-09-29_09-00-00-000_009.de1","version":"bd7117ecc0236745332b647608679393515114a80e6dbcb54d354d7402b65a2b","cityId":"castrop-rauxel","kind":"roadworks","category":"Autobahn-Baustelle","title":"A45 Beseitigung Unfallfolgen","statement":"A45 Beseitigung Unfallfolgen: eine Baustelle ist im Autobahn-Verkehrsdienst verzeichnet. 29.09.26 von 09:00 bis 15:00 Uhr Die Lage kann auch eine Pendelstrecke außerhalb des Stadtgebiets betreffen.","status":"angekündigt; 29.09.26 von 09:00 bis 15:00 Uhr","startDate":"2026-09-29","endDate":"2026-09-29","nextStep":"Aktuelle Verkehrs- und Sperrinformationen beim Betreiber prüfen.","scale":"district","geometryPrecision":"approximate","reviewState":"candidate","asOf":"2026-09-27T10:04:55.206Z","sourceCount":1,"primarySource":{"url":"https://verkehr.autobahn.de/o/autobahn/A45/services/roadworks","title":"Autobahn A45 roadworks","publisher":"Autobahn GmbH","licence":"unknown","reuse":"unknown"}}},{"type":"Feature","geometry":{"type":"LineString","coordinates":[[7.38543,51.49619],[7.38561,51.49524]]},"properties":{"id":"autobahn:2026-049233--vi-bs.2026-09-29_09-00-00-000.devi-bs.2026-09-29_09-00-00-000_009.de3","version":"6284c4480132ab18739362601f9f3c9abe5466e3b11122db961d8630b9184e1f","cityId":"castrop-rauxel","kind":"roadworks","category":"Autobahn-Baustelle","title":"A45 | Dortmund-West - Dortmund-Eichlinghofen","statement":"A45 | Dortmund-West - Dortmund-Eichlinghofen: eine Baustelle ist im Autobahn-Verkehrsdienst verzeichnet. 29.09.26 von 09:00 bis 15:00 Uhr Die Lage kann auch eine Pendelstrecke außerhalb des Stadtgebiets betreffen.","status":"angekündigt; 29.09.26 von 09:00 bis 15:00 Uhr","startDate":"2026-09-29","endDate":"2026-09-29","nextStep":"Aktuelle Verkehrs- und Sperrinformationen beim Betreiber prüfen.","scale":"district","geometryPrecision":"approximate","reviewState":"candidate","asOf":"2026-09-27T10:04:55.206Z","sourceCount":1,"primarySource":{"url":"https://verkehr.autobahn.de/o/autobahn/A45/services/roadworks","title":"Autobahn A45 roadworks","publisher":"Autobahn GmbH","licence":"unknown","reuse":"unknown"}}},{"type":"Feature","geometry":{"type":"Point","coordinates":[7.30961,51.54874]},"properties":{"id":"osm:node-1042589237","version":"33f837b24234956991bd22995655132c0624cfca6a9929adc5c7b368798baaf5","cityId":"castrop-rauxel","kind":"place","category":"library","title":"Stadtbibliothek Castrop-Rauxel","statement":"Stadtbibliothek Castrop-Rauxel ist in OpenStreetMap als library eingetragen. Öffnungszeiten in OSM eingetragen; nicht unabhängig bestätigt.","status":"OSM-Eintrag, nicht offiziell geprüft","startDate":null,"endDate":null,"nextStep":"Aktuelle Angaben direkt beim Ort prüfen.","scale":"street","geometryPrecision":"exact","reviewState":"candidate","asOf":"2026-09-26T17:19:44.197Z","sourceCount":1,"primarySource":{"url":"https://www.openstreetmap.org/node/1042589237","title":"OpenStreetMap contributors","publisher":"OpenStreetMap contributors","licence":"ODbL 1.0","reuse":"open_licence"}}},{"type":"Feature","geometry":{"type":"Point","coordinates":[7.33898,51.59156]},"properties":{"id":"osm:node-10578917027","version":"753820781d21ccb63ab28330ad0efb8c43c068c439dc904766a7a4b3c05fd0d9","cityId":"castrop-rauxel","kind":"place","category":"doctors","title":"Thoralf Sann &Sabine Schwarzer","statement":"Thoralf Sann &Sabine Schwarzer ist in OpenStreetMap als doctors eingetragen. Betrieb und Öffnungszeiten nicht geprüft.","status":"OSM-Eintrag, nicht offiziell geprüft","startDate":null,"endDate":null,"nextStep":"Aktuelle Angaben direkt beim Ort prüfen.","scale":"street","geometryPrecision":"exact","reviewState":"candidate","asOf":"2026-09-26T17:19:44.197Z","sourceCount":1,"primarySource":{"url":"https://www.openstreetmap.org/node/10578917027","title":"OpenStreetMap contributors","publisher":"OpenStreetMap contributors","licence":"ODbL 1.0","reuse":"open_licence"}}},{"type":"Feature","geometry":{"type":"Point","coordinates":[7.3153,51.55093]},"properties":{"id":"osm:node-11405466617","version":"3d1fa308352e99c031b12c57b51d7544d32103c2028e11b88d056b27318cae47","cityId":"castrop-rauxel","kind":"place","category":"yoga","title":"LoveYogaLove","statement":"LoveYogaLove ist in OpenStreetMap als yoga eingetragen. Betrieb und Öffnungszeiten nicht geprüft.","status":"OSM-Eintrag, nicht offiziell geprüft","startDate":null,"endDate":null,"nextStep":"Aktuelle Angaben direkt beim Ort prüfen.","scale":"street","geometryPrecision":"exact","reviewState":"candidate","asOf":"2026-09-26T17:19:44.197Z","sourceCount":1,"primarySource":{"url":"https://www.openstreetmap.org/node/11405466617","title":"OpenStreetMap contributors","publisher":"OpenStreetMap contributors","licence":"ODbL 1.0","reuse":"open_licence"}}},{"type":"Feature","geometry":{"type":"Point","coordinates":[7.30815,51.58127]},"properties":{"id":"osm:node-11409377311","version":"40dc75c92a78039e65fe92880b108fb539bcb0a481c5a56ba926a8bc96c9eef2","cityId":"castrop-rauxel","kind":"place","category":"pharmacy","title":"Apotheke Scheibner","statement":"Apotheke Scheibner ist in OpenStreetMap als pharmacy eingetragen. Öffnungszeiten in OSM eingetragen; nicht unabhängig bestätigt.","status":"OSM-Eintrag, nicht offiziell geprüft","startDate":null,"endDate":null,"nextStep":"Aktuelle Angaben direkt beim Ort prüfen.","scale":"street","geometryPrecision":"exact","reviewState":"candidate","asOf":"2026-09-26T17:19:44.197Z","sourceCount":1,"primarySource":{"url":"https://www.openstreetmap.org/node/11409377311","title":"OpenStreetMap contributors","publisher":"OpenStreetMap contributors","licence":"ODbL 1.0","reuse":"open_licence"}}},{"type":"Feature","geometry":{"type":"Point","coordinates":[7.3078,51.58061]},"properties":{"id":"osm:node-11409443118","version":"8ed042cf6c8dd329fd0a337561ec6cd974d8fe1b4dcb73f909919a8eca56d090","cityId":"castrop-rauxel","kind":"place","category":"supermarket","title":"Globus","statement":"Globus ist in OpenStreetMap als supermarket eingetragen. Öffnungszeiten in OSM eingetragen; nicht unabhängig bestätigt.","status":"OSM-Eintrag, nicht offiziell geprüft","startDate":null,"endDate":null,"nextStep":"Aktuelle Angaben direkt beim Ort prüfen.","scale":"street","geometryPrecision":"exact","reviewState":"candidate","asOf":"2026-09-26T17:19:44.197Z","sourceCount":2,"primarySource":{"url":"https://www.openstreetmap.org/node/11409443118","title":"OpenStreetMap contributors","publisher":"OpenStreetMap contributors","licence":"ODbL 1.0","reuse":"open_licence"}}},{"type":"Feature","geometry":{"type":"Point","coordinates":[7.30667,51.60439]},"properties":{"id":"osm:node-11835596934","version":"63c74b06d0d889e36686b9edb222385f2a52a73904411d7913a50485b20a593a","cityId":"castrop-rauxel","kind":"place","category":"sport","title":"Freie Kanufahrer Rauxel (Verein)","statement":"Freie Kanufahrer Rauxel (Verein) ist in OpenStreetMap als sport eingetragen. Betrieb und Öffnungszeiten nicht geprüft.","status":"OSM-Eintrag, nicht offiziell geprüft","startDate":null,"endDate":null,"nextStep":"Aktuelle Angaben direkt beim Ort prüfen.","scale":"street","geometryPrecision":"exact","reviewState":"candidate","asOf":"2026-09-26T17:19:44.197Z","sourceCount":1,"primarySource":{"url":"https://www.openstreetmap.org/node/11835596934","title":"OpenStreetMap contributors","publisher":"OpenStreetMap contributors","licence":"ODbL 1.0","reuse":"open_licence"}}},{"type":"Feature","geometry":{"type":"Point","coordinates":[7.30395,51.57262]},"properties":{"id":"osm:node-12511885101","version":"f863866c52d743cc9b111d546bf3c1266bae3a5f6cab5ce2ed81233e6e3ff1e6","cityId":"castrop-rauxel","kind":"place","category":"school","title":"VITA-GUARD Rettungsschule","statement":"VITA-GUARD Rettungsschule ist in OpenStreetMap als school eingetragen. Öffnungszeiten in OSM eingetragen; nicht unabhängig bestätigt.","status":"OSM-Eintrag, nicht offiziell geprüft","startDate":null,"endDate":null,"nextStep":"Aktuelle Angaben direkt beim Ort prüfen.","scale":"street","geometryPrecision":"exact","reviewState":"candidate","asOf":"2026-09-26T17:19:44.197Z","sourceCount":1,"primarySource":{"url":"https://www.openstreetmap.org/node/12511885101","title":"OpenStreetMap contributors","publisher":"OpenStreetMap contributors","licence":"ODbL 1.0","reuse":"open_licence"}}},{"type":"Feature","geometry":{"type":"Point","coordinates":[7.30451,51.57139]},"properties":{"id":"osm:node-12511898001","version":"0569b544dba2f50f1b8f1c6a51cb0d411f47b721e36ccd026b2092986aa5e249","cityId":"castrop-rauxel","kind":"place","category":"kindergarten","title":"Kath. Familienzentrum St. Hildegard (Herz Jesu)","statement":"Kath. Familienzentrum St. Hildegard (Herz Jesu) ist in OpenStreetMap als kindergarten eingetragen. Öffnungszeiten in OSM eingetragen; nicht unabhängig bestätigt.","status":"OSM-Eintrag, nicht offiziell geprüft","startDate":null,"endDate":null,"nextStep":"Aktuelle Angaben direkt beim Ort prüfen.","scale":"street","geometryPrecision":"exact","reviewState":"candidate","asOf":"2026-09-26T17:19:44.197Z","sourceCount":1,"primarySource":{"url":"https://www.openstreetmap.org/node/12511898001","title":"OpenStreetMap contributors","publisher":"OpenStreetMap contributors","licence":"ODbL 1.0","reuse":"open_licence"}}},{"type":"Feature","geometry":{"type":"Point","coordinates":[7.31171,51.58453]},"properties":{"id":"osm:node-13026688901","version":"982e1524ae0261deb7ebb702de83e7a363f0808ca5dd375c039b24fa027fdf5e","cityId":"castrop-rauxel","kind":"place","category":"supermarket","title":"Mesogios - Griechische Lebensmittel","statement":"Mesogios - Griechische Lebensmittel ist in OpenStreetMap als supermarket eingetragen. Öffnungszeiten in OSM eingetragen; nicht unabhängig bestätigt.","status":"OSM-Eintrag, nicht offiziell geprüft","startDate":null,"endDate":null,"nextStep":"Aktuelle Angaben direkt beim Ort prüfen.","scale":"street","geometryPrecision":"exact","reviewState":"candidate","asOf":"2026-09-26T17:19:44.197Z","sourceCount":1,"primarySource":{"url":"https://www.openstreetmap.org/node/13026688901","title":"OpenStreetMap contributors","publisher":"OpenStreetMap contributors","licence":"ODbL 1.0","reuse":"open_licence"}}},{"type":"Feature","geometry":{"type":"Point","coordinates":[7.31788,51.52637]},"properties":{"id":"osm:node-13100676846","version":"5355ff23bb561a131894f2c59efc30670ddea241c976b891c0e9ef915bc9ea33","cityId":"castrop-rauxel","kind":"place","category":"soccer","title":"Bolzplatz Dinnendahlstraße","statement":"Bolzplatz Dinnendahlstraße ist in OpenStreetMap als soccer eingetragen. Betrieb und Öffnungszeiten nicht geprüft.","status":"OSM-Eintrag, nicht offiziell geprüft","startDate":null,"endDate":null,"nextStep":"Aktuelle Angaben direkt beim Ort prüfen.","scale":"street","geometryPrecision":"exact","reviewState":"candidate","asOf":"2026-09-26T17:19:44.197Z","sourceCount":1,"primarySource":{"url":"https://www.openstreetmap.org/node/13100676846","title":"OpenStreetMap contributors","publisher":"OpenStreetMap contributors","licence":"ODbL 1.0","reuse":"open_licence"}}},{"type":"Feature","geometry":{"type":"Point","coordinates":[7.3109,51.54703]},"properties":{"id":"osm:node-13374101837","version":"8adbf389864a4014adf99787fb8756489332b7d3930fa9b4a8cad75622e8f7bc","cityId":"castrop-rauxel","kind":"place","category":"doctors","title":"Praxis für Dermatologie und Allergologie","statement":"Praxis für Dermatologie und Allergologie ist in OpenStreetMap als doctors eingetragen. Öffnungszeiten in OSM eingetragen; nicht unabhängig bestätigt.","status":"OSM-Eintrag, nicht offiziell geprüft","startDate":null,"endDate":null,"nextStep":"Aktuelle Angaben direkt beim Ort prüfen.","scale":"street","geometryPrecision":"exact","reviewState":"candidate","asOf":"2026-09-26T17:19:44.197Z","sourceCount":1,"primarySource":{"url":"https://www.openstreetmap.org/node/13374101837","title":"OpenStreetMap contributors","publisher":"OpenStreetMap contributors","licence":"ODbL 1.0","reuse":"open_licence"}}},{"type":"Feature","geometry":{"type":"Point","coordinates":[7.31829,51.54736]},"properties":{"id":"osm:node-13439796759","version":"f207fbd630113fcdf6d7f78c77ffa383ab2cc261af1470b34e255a500500605e","cityId":"castrop-rauxel","kind":"place","category":"bakery","title":"BÜSCH","statement":"BÜSCH ist in OpenStreetMap als bakery eingetragen. Betrieb und Öffnungszeiten nicht geprüft.","status":"OSM-Eintrag, nicht offiziell geprüft","startDate":null,"endDate":null,"nextStep":"Aktuelle Angaben direkt beim Ort prüfen.","scale":"street","geometryPrecision":"exact","reviewState":"candidate","asOf":"2026-09-26T17:19:44.197Z","sourceCount":1,"primarySource":{"url":"https://www.openstreetmap.org/node/13439796759","title":"OpenStreetMap contributors","publisher":"OpenStreetMap contributors","licence":"ODbL 1.0","reuse":"open_licence"}}},{"type":"Feature","geometry":{"type":"Point","coordinates":[7.33138,51.54132]},"properties":{"id":"osm:node-14101948152","version":"6bef02ff0805fd196f90881f02d8d07680a83279c0092047f596f07c7d037e77","cityId":"castrop-rauxel","kind":"place","category":"community_centre","title":"Cafe Frosch","statement":"Cafe Frosch ist in OpenStreetMap als community_centre eingetragen. Betrieb und Öffnungszeiten nicht geprüft.","status":"OSM-Eintrag, nicht offiziell geprüft","startDate":null,"endDate":null,"nextStep":"Aktuelle Angaben direkt beim Ort prüfen.","scale":"street","geometryPrecision":"exact","reviewState":"candidate","asOf":"2026-09-26T17:19:44.197Z","sourceCount":1,"primarySource":{"url":"https://www.openstreetmap.org/node/14101948152","title":"OpenStreetMap contributors","publisher":"OpenStreetMap contributors","licence":"ODbL 1.0","reuse":"open_licence"}}},{"type":"Feature","geometry":{"type":"Point","coordinates":[7.33521,51.54204]},"properties":{"id":"osm:node-1473177634","version":"65d66374eac3667631b087a5f7f4f219c61731caeb88837c2b40253fe9d986e4","cityId":"castrop-rauxel","kind":"place","category":"supermarket","title":"Lidl","statement":"Lidl ist in OpenStreetMap als supermarket eingetragen. Öffnungszeiten in OSM eingetragen; nicht unabhängig bestätigt.","status":"OSM-Eintrag, nicht offiziell geprüft","startDate":null,"endDate":null,"nextStep":"Aktuelle Angaben direkt beim Ort prüfen.","scale":"street","geometryPrecision":"exact","reviewState":"candidate","asOf":"2026-09-26T17:19:44.197Z","sourceCount":1,"primarySource":{"url":"https://www.openstreetmap.org/node/1473177634","title":"OpenStreetMap contributors","publisher":"OpenStreetMap contributors","licence":"ODbL 1.0","reuse":"open_licence"}}},{"type":"Feature","geometry":{"type":"Point","coordinates":[7.33515,51.58918]},"properties":{"id":"osm:node-1691221054","version":"06e4e97937d419eda9555929f374b552256201375373c3f12271887e3f197377","cityId":"castrop-rauxel","kind":"place","category":"bakery","title":"Bäckerei Kortmann","statement":"Bäckerei Kortmann ist in OpenStreetMap als bakery eingetragen. Öffnungszeiten in OSM eingetragen; nicht unabhängig bestätigt.","status":"OSM-Eintrag, nicht offiziell geprüft","startDate":null,"endDate":null,"nextStep":"Aktuelle Angaben direkt beim Ort prüfen.","scale":"street","geometryPrecision":"exact","reviewState":"candidate","asOf":"2026-09-26T17:19:44.197Z","sourceCount":1,"primarySource":{"url":"https://www.openstreetmap.org/node/1691221054","title":"OpenStreetMap contributors","publisher":"OpenStreetMap contributors","licence":"ODbL 1.0","reuse":"open_licence"}}},{"type":"Feature","geometry":{"type":"Point","coordinates":[7.33915,51.59152]},"properties":{"id":"osm:node-1691233167","version":"ddeb8c7c28221cc26425edf39b797c9a4fa465e31083fc472ba357bbaf670393","cityId":"castrop-rauxel","kind":"place","category":"supermarket","title":"EDEKA","statement":"EDEKA ist in OpenStreetMap als supermarket eingetragen. Öffnungszeiten in OSM eingetragen; nicht unabhängig bestätigt.","status":"OSM-Eintrag, nicht offiziell geprüft","startDate":null,"endDate":null,"nextStep":"Aktuelle Angaben direkt beim Ort prüfen.","scale":"street","geometryPrecision":"exact","reviewState":"candidate","asOf":"2026-09-26T17:19:44.197Z","sourceCount":1,"primarySource":{"url":"https://www.openstreetmap.org/node/1691233167","title":"OpenStreetMap contributors","publisher":"OpenStreetMap contributors","licence":"ODbL 1.0","reuse":"open_licence"}}},{"type":"Feature","geometry":{"type":"Point","coordinates":[7.33883,51.59169]},"properties":{"id":"osm:node-1691233941","version":"432b85517bc55fe7e37b4e258e262d92b7ddb0fa66ced7834b6302f480eab380","cityId":"castrop-rauxel","kind":"place","category":"pharmacy","title":"Naturzeit Apotheke","statement":"Naturzeit Apotheke ist in OpenStreetMap als pharmacy eingetragen. Öffnungszeiten in OSM eingetragen; nicht unabhängig bestätigt.","status":"OSM-Eintrag, nicht offiziell geprüft","startDate":null,"endDate":null,"nextStep":"Aktuelle Angaben direkt beim Ort prüfen.","scale":"street","geometryPrecision":"exact","reviewState":"candidate","asOf":"2026-09-26T17:19:44.197Z","sourceCount":1,"primarySource":{"url":"https://www.openstreetmap.org/node/1691233941","title":"OpenStreetMap contributors","publisher":"OpenStreetMap contributors","licence":"ODbL 1.0","reuse":"open_licence"}}},{"type":"Feature","geometry":{"type":"Point","coordinates":[7.33892,51.59165]},"properties":{"id":"osm:node-1691239652","version":"bb0e0967068bf94e94651c951aeab1834aa43aab8ddc7a5ba3893adcf0f4d8f4","cityId":"castrop-rauxel","kind":"place","category":"doctors","title":"Hausärzte am Markplatz Ickern","statement":"Hausärzte am Markplatz Ickern ist in OpenStreetMap als doctors eingetragen. Betrieb und Öffnungszeiten nicht geprüft.","status":"OSM-Eintrag, nicht offiziell geprüft","startDate":null,"endDate":null,"nextStep":"Aktuelle Angaben direkt beim Ort prüfen.","scale":"street","geometryPrecision":"exact","reviewState":"candidate","asOf":"2026-09-26T17:19:44.197Z","sourceCount":1,"primarySource":{"url":"https://www.openstreetmap.org/node/1691239652","title":"OpenStreetMap contributors","publisher":"OpenStreetMap contributors","licence":"ODbL 1.0","reuse":"open_licence"}}},{"type":"Feature","geometry":{"type":"Point","coordinates":[7.33902,51.59159]},"properties":{"id":"osm:node-1691239654","version":"fa2b11ce1521b1fa8d930b15aeca1d784ad2b381cc8e548a3cc3240c69b56eb1","cityId":"castrop-rauxel","kind":"place","category":"doctors","title":"Dr. med. Mechthild Höhler, Ingo Meyer","statement":"Dr. med. Mechthild Höhler, Ingo Meyer ist in OpenStreetMap als doctors eingetragen. Betrieb und Öffnungszeiten nicht geprüft.","status":"OSM-Eintrag, nicht offiziell geprüft","startDate":null,"endDate":null,"nextStep":"Aktuelle Angaben direkt beim Ort prüfen.","scale":"street","geometryPrecision":"exact","reviewState":"candidate","asOf":"2026-09-26T17:19:44.197Z","sourceCount":1,"primarySource":{"url":"https://www.openstreetmap.org/node/1691239654","title":"OpenStreetMap contributors","publisher":"OpenStreetMap contributors","licence":"ODbL 1.0","reuse":"open_licence"}}},{"type":"Feature","geometry":{"type":"Point","coordinates":[7.33817,51.59191]},"properties":{"id":"osm:node-1691248802","version":"5a6eb576b7cd53ef148bceae5c12be8d48afa98609c0857e65118dd10b0658b2","cityId":"castrop-rauxel","kind":"place","category":"bakery","title":"Auffenberg","statement":"Auffenberg ist in OpenStreetMap als bakery eingetragen. Öffnungszeiten in OSM eingetragen; nicht unabhängig bestätigt.","status":"OSM-Eintrag, nicht offiziell geprüft","startDate":null,"endDate":null,"nextStep":"Aktuelle Angaben direkt beim Ort prüfen.","scale":"street","geometryPrecision":"exact","reviewState":"candidate","asOf":"2026-09-26T17:19:44.197Z","sourceCount":1,"primarySource":{"url":"https://www.openstreetmap.org/node/1691248802","title":"OpenStreetMap contributors","publisher":"OpenStreetMap contributors","licence":"ODbL 1.0","reuse":"open_licence"}}},{"type":"Feature","geometry":{"type":"Point","coordinates":[7.3386,51.59183]},"properties":{"id":"osm:node-1691249641","version":"a16c0afd3999e5ddf16fa9294b42860f6b0272b7d75202f2969a9fd78aa1bd9d","cityId":"castrop-rauxel","kind":"place","category":"supermarket","title":"Aldi","statement":"Aldi ist in OpenStreetMap als supermarket eingetragen. Öffnungszeiten in OSM eingetragen; nicht unabhängig bestätigt.","status":"OSM-Eintrag, nicht offiziell geprüft","startDate":null,"endDate":null,"nextStep":"Aktuelle Angaben direkt beim Ort prüfen.","scale":"street","geometryPrecision":"exact","reviewState":"candidate","asOf":"2026-09-26T17:19:44.197Z","sourceCount":1,"primarySource":{"url":"https://www.openstreetmap.org/node/1691249641","title":"OpenStreetMap contributors","publisher":"OpenStreetMap contributors","licence":"ODbL 1.0","reuse":"open_licence"}}},{"type":"Feature","geometry":{"type":"Point","coordinates":[7.33804,51.59222]},"properties":{"id":"osm:node-1704476208","version":"37b6e543211d35920b5e9fa758ec2cc332e5833ef03cec699065d9468a6c11ec","cityId":"castrop-rauxel","kind":"place","category":"doctors","title":"Isabella Teperski, Frauenärztin, Gynäkologin","statement":"Isabella Teperski, Frauenärztin, Gynäkologin ist in OpenStreetMap als doctors eingetragen. Öffnungszeiten in OSM eingetragen; nicht unabhängig bestätigt.","status":"OSM-Eintrag, nicht offiziell geprüft","startDate":null,"endDate":null,"nextStep":"Aktuelle Angaben direkt beim Ort prüfen.","scale":"street","geometryPrecision":"exact","reviewState":"candidate","asOf":"2026-09-26T17:19:44.197Z","sourceCount":1,"primarySource":{"url":"https://www.openstreetmap.org/node/1704476208","title":"OpenStreetMap contributors","publisher":"OpenStreetMap contributors","licence":"ODbL 1.0","reuse":"open_licence"}}},{"type":"Feature","geometry":{"type":"Point","coordinates":[7.34925,51.58723]},"properties":{"id":"osm:node-1732025504","version":"a1b482ba3e2fa8c51d6069ea2b38e4cea507fa2593b363194a50c7804d510196","cityId":"castrop-rauxel","kind":"place","category":"library","title":"Anstaltsbibliothek","statement":"Anstaltsbibliothek ist in OpenStreetMap als library eingetragen. Betrieb und Öffnungszeiten nicht geprüft.","status":"OSM-Eintrag, nicht offiziell geprüft","startDate":null,"endDate":null,"nextStep":"Aktuelle Angaben direkt beim Ort prüfen.","scale":"street","geometryPrecision":"exact","reviewState":"candidate","asOf":"2026-09-26T17:19:44.197Z","sourceCount":1,"primarySource":{"url":"https://www.openstreetmap.org/node/1732025504","title":"OpenStreetMap contributors","publisher":"OpenStreetMap contributors","licence":"ODbL 1.0","reuse":"open_licence"}}},{"type":"Feature","geometry":{"type":"Point","coordinates":[7.28972,51.55584]},"properties":{"id":"osm:node-2085837185","version":"3da3f0d0ebb24f7e7c3eed586932eff0115a24bc8b47829330d4cb07e829396f","cityId":"castrop-rauxel","kind":"place","category":"crossfit","title":"CrossFit","statement":"CrossFit ist in OpenStreetMap als crossfit eingetragen. Betrieb und Öffnungszeiten nicht geprüft.","status":"OSM-Eintrag, nicht offiziell geprüft","startDate":null,"endDate":null,"nextStep":"Aktuelle Angaben direkt beim Ort prüfen.","scale":"street","geometryPrecision":"exact","reviewState":"candidate","asOf":"2026-09-26T17:19:44.197Z","sourceCount":1,"primarySource":{"url":"https://www.openstreetmap.org/node/2085837185","title":"OpenStreetMap contributors","publisher":"OpenStreetMap contributors","licence":"ODbL 1.0","reuse":"open_licence"}}},{"type":"Feature","geometry":{"type":"Point","coordinates":[7.30443,51.54329]},"properties":{"id":"osm:node-269906877","version":"5b789f8465c95f77637aa80b87c782c2ac8e68b1e35a280dfda717a3b4cd4fed","cityId":"castrop-rauxel","kind":"place","category":"tennis","title":"Tennisclub Castrop-Rauxel e.V. Blau Weiß","statement":"Tennisclub Castrop-Rauxel e.V. Blau Weiß ist in OpenStreetMap als tennis eingetragen. Betrieb und Öffnungszeiten nicht geprüft.","status":"OSM-Eintrag, nicht offiziell geprüft","startDate":null,"endDate":null,"nextStep":"Aktuelle Angaben direkt beim Ort prüfen.","scale":"street","geometryPrecision":"exact","reviewState":"candidate","asOf":"2026-09-26T17:19:44.197Z","sourceCount":1,"primarySource":{"url":"https://www.openstreetmap.org/node/269906877","title":"OpenStreetMap contributors","publisher":"OpenStreetMap contributors","licence":"ODbL 1.0","reuse":"open_licence"}}},{"type":"Feature","geometry":{"type":"Point","coordinates":[7.32524,51.5526]},"properties":{"id":"osm:node-271884446","version":"52d6c9c58f874f996cee90ccdc9bdf9f764044f2f457760aed62aa7d43144f5e","cityId":"castrop-rauxel","kind":"place","category":"kindergarten","title":"Swabedo","statement":"Swabedo ist in OpenStreetMap als kindergarten eingetragen. Betrieb und Öffnungszeiten nicht geprüft.","status":"OSM-Eintrag, nicht offiziell geprüft","startDate":null,"endDate":null,"nextStep":"Aktuelle Angaben direkt beim Ort prüfen.","scale":"street","geometryPrecision":"exact","reviewState":"candidate","asOf":"2026-09-26T17:19:44.197Z","sourceCount":1,"primarySource":{"url":"https://www.openstreetmap.org/node/271884446","title":"OpenStreetMap contributors","publisher":"OpenStreetMap contributors","licence":"ODbL 1.0","reuse":"open_licence"}}},{"type":"Feature","geometry":{"type":"Point","coordinates":[7.3256,51.52711]},"properties":{"id":"osm:node-277008105","version":"b01c5071e7983f38733e0c05b5757b2ab8d1f5ec8ca68d95870193215aee03c0","cityId":"castrop-rauxel","kind":"place","category":"kindergarten","title":"Katholischer Kindergarten St. Marien Merklinde","statement":"Katholischer Kindergarten St. Marien Merklinde ist in OpenStreetMap als kindergarten eingetragen. Betrieb und Öffnungszeiten nicht geprüft.","status":"OSM-Eintrag, nicht offiziell geprüft","startDate":null,"endDate":null,"nextStep":"Aktuelle Angaben direkt beim Ort prüfen.","scale":"street","geometryPrecision":"exact","reviewState":"candidate","asOf":"2026-09-26T17:19:44.197Z","sourceCount":1,"primarySource":{"url":"https://www.openstreetmap.org/node/277008105","title":"OpenStreetMap contributors","publisher":"OpenStreetMap contributors","licence":"ODbL 1.0","reuse":"open_licence"}}},{"type":"Feature","geometry":{"type":"Point","coordinates":[7.31128,51.54711]},"properties":{"id":"osm:node-277837650","version":"b6210444f343c2aabc8af8fa9e05471983ddeafe6299eec8bd67de85214a1122","cityId":"castrop-rauxel","kind":"place","category":"pharmacy","title":"Altstadtapotheke","statement":"Altstadtapotheke ist in OpenStreetMap als pharmacy eingetragen. Öffnungszeiten in OSM eingetragen; nicht unabhängig bestätigt.","status":"OSM-Eintrag, nicht offiziell geprüft","startDate":null,"endDate":null,"nextStep":"Aktuelle Angaben direkt beim Ort prüfen.","scale":"street","geometryPrecision":"exact","reviewState":"candidate","asOf":"2026-09-26T17:19:44.197Z","sourceCount":1,"primarySource":{"url":"https://www.openstreetmap.org/node/277837650","title":"OpenStreetMap contributors","publisher":"OpenStreetMap contributors","licence":"ODbL 1.0","reuse":"open_licence"}}},{"type":"Feature","geometry":{"type":"Point","coordinates":[7.30035,51.58406]},"properties":{"id":"osm:node-283792349","version":"19621c4813577771ed363af73fc3b52b8663135b48486f4931f0ea273e97e773","cityId":"castrop-rauxel","kind":"place","category":"tennis","title":"Turnerbund Rauxel, TBR, Tennis","statement":"Turnerbund Rauxel, TBR, Tennis ist in OpenStreetMap als tennis eingetragen. Betrieb und Öffnungszeiten nicht geprüft.","status":"OSM-Eintrag, nicht offiziell geprüft","startDate":null,"endDate":null,"nextStep":"Aktuelle Angaben direkt beim Ort prüfen.","scale":"street","geometryPrecision":"exact","reviewState":"candidate","asOf":"2026-09-26T17:19:44.197Z","sourceCount":1,"primarySource":{"url":"https://www.openstreetmap.org/node/283792349","title":"OpenStreetMap contributors","publisher":"OpenStreetMap contributors","licence":"ODbL 1.0","reuse":"open_licence"}}},{"type":"Feature","geometry":{"type":"Point","coordinates":[7.34325,51.59502]},"properties":{"id":"osm:node-3211614559","version":"04c26bcbcbe0b435b926c6bcfb7f4255c810ae2b9f0511e9ad4acf617d2e7cb1","cityId":"castrop-rauxel","kind":"place","category":"bakery","title":"Hosselmann","statement":"Hosselmann ist in OpenStreetMap als bakery eingetragen. Öffnungszeiten in OSM eingetragen; nicht unabhängig bestätigt.","status":"OSM-Eintrag, nicht offiziell geprüft","startDate":null,"endDate":null,"nextStep":"Aktuelle Angaben direkt beim Ort prüfen.","scale":"street","geometryPrecision":"exact","reviewState":"candidate","asOf":"2026-09-26T17:19:44.197Z","sourceCount":1,"primarySource":{"url":"https://www.openstreetmap.org/node/3211614559","title":"OpenStreetMap contributors","publisher":"OpenStreetMap contributors","licence":"ODbL 1.0","reuse":"open_licence"}}},{"type":"Feature","geometry":{"type":"Point","coordinates":[7.31176,51.60023]},"properties":{"id":"osm:node-3316498566","version":"90f809cc3f9a76d0f5e503bf451d9cd6a4443ddac8060356134b78d9fd1c35e1","cityId":"castrop-rauxel","kind":"place","category":"bakery","title":"Henrichenburger Backshop","statement":"Henrichenburger Backshop ist in OpenStreetMap als bakery eingetragen. Öffnungszeiten in OSM eingetragen; nicht unabhängig bestätigt.","status":"OSM-Eintrag, nicht offiziell geprüft","startDate":null,"endDate":null,"nextStep":"Aktuelle Angaben direkt beim Ort prüfen.","scale":"street","geometryPrecision":"exact","reviewState":"candidate","asOf":"2026-09-26T17:19:44.197Z","sourceCount":1,"primarySource":{"url":"https://www.openstreetmap.org/node/3316498566","title":"OpenStreetMap contributors","publisher":"OpenStreetMap contributors","licence":"ODbL 1.0","reuse":"open_licence"}}},{"type":"Feature","geometry":{"type":"Point","coordinates":[7.30373,51.58379]},"properties":{"id":"osm:node-3316944883","version":"91ecf19f0ee68c9a90d3afd42db6ae33b479872cdc97af09e9393401e6a6e641","cityId":"castrop-rauxel","kind":"place","category":"kindergarten","title":"Kindergarten Senfkorn","statement":"Kindergarten Senfkorn ist in OpenStreetMap als kindergarten eingetragen. Betrieb und Öffnungszeiten nicht geprüft.","status":"OSM-Eintrag, nicht offiziell geprüft","startDate":null,"endDate":null,"nextStep":"Aktuelle Angaben direkt beim Ort prüfen.","scale":"street","geometryPrecision":"exact","reviewState":"candidate","asOf":"2026-09-26T17:19:44.197Z","sourceCount":1,"primarySource":{"url":"https://www.openstreetmap.org/node/3316944883","title":"OpenStreetMap contributors","publisher":"OpenStreetMap contributors","licence":"ODbL 1.0","reuse":"open_licence"}}},{"type":"Feature","geometry":{"type":"Point","coordinates":[7.30978,51.59895]},"properties":{"id":"osm:node-3341524737","version":"9ba3ff232d745d3f9dfe146e4f8aafb98df778257791bf21cdd59bc9480b117c","cityId":"castrop-rauxel","kind":"place","category":"pharmacy","title":"Burg Apotheke Henrichenburg","statement":"Burg Apotheke Henrichenburg ist in OpenStreetMap als pharmacy eingetragen. Öffnungszeiten in OSM eingetragen; nicht unabhängig bestätigt.","status":"OSM-Eintrag, nicht offiziell geprüft","startDate":null,"endDate":null,"nextStep":"Aktuelle Angaben direkt beim Ort prüfen.","scale":"street","geometryPrecision":"exact","reviewState":"candidate","asOf":"2026-09-26T17:19:44.197Z","sourceCount":1,"primarySource":{"url":"https://www.openstreetmap.org/node/3341524737","title":"OpenStreetMap contributors","publisher":"OpenStreetMap contributors","licence":"ODbL 1.0","reuse":"open_licence"}}},{"type":"Feature","geometry":{"type":"Point","coordinates":[7.3119,51.59983]},"properties":{"id":"osm:node-3342046294","version":"21ed1277e5a30a4ed8009cc3e117fbbb45545550e7aef3dbf49f04fe75efcf65","cityId":"castrop-rauxel","kind":"place","category":"post_office","title":"Deutsche Post","statement":"Deutsche Post ist in OpenStreetMap als post_office eingetragen. Betrieb und Öffnungszeiten nicht geprüft.","status":"OSM-Eintrag, nicht offiziell geprüft","startDate":null,"endDate":null,"nextStep":"Aktuelle Angaben direkt beim Ort prüfen.","scale":"street","geometryPrecision":"exact","reviewState":"candidate","asOf":"2026-09-26T17:19:44.197Z","sourceCount":1,"primarySource":{"url":"https://www.openstreetmap.org/node/3342046294","title":"OpenStreetMap contributors","publisher":"OpenStreetMap contributors","licence":"ODbL 1.0","reuse":"open_licence"}}},{"type":"Feature","geometry":{"type":"Point","coordinates":[7.31401,51.54689]},"properties":{"id":"osm:node-3355922109","version":"12a7b3883be7567a0eb3a80ba269149b2adb7b5fae527077cefb2595bf4cb50c","cityId":"castrop-rauxel","kind":"place","category":"pharmacy","title":"Lavendel Apotheke","statement":"Lavendel Apotheke ist in OpenStreetMap als pharmacy eingetragen. Öffnungszeiten in OSM eingetragen; nicht unabhängig bestätigt.","status":"OSM-Eintrag, nicht offiziell geprüft","startDate":null,"endDate":null,"nextStep":"Aktuelle Angaben direkt beim Ort prüfen.","scale":"street","geometryPrecision":"exact","reviewState":"candidate","asOf":"2026-09-26T17:19:44.197Z","sourceCount":1,"primarySource":{"url":"https://www.openstreetmap.org/node/3355922109","title":"OpenStreetMap contributors","publisher":"OpenStreetMap contributors","licence":"ODbL 1.0","reuse":"open_licence"}}},{"type":"Feature","geometry":{"type":"Point","coordinates":[7.30746,51.54814]},"properties":{"id":"osm:node-3478578150","version":"06e05ef57d22a624fbe85612b09e99307a6d29ceaac691737476c752dc654fc6","cityId":"castrop-rauxel","kind":"place","category":"supermarket","title":"Kaufland","statement":"Kaufland ist in OpenStreetMap als supermarket eingetragen. Öffnungszeiten in OSM eingetragen; nicht unabhängig bestätigt.","status":"OSM-Eintrag, nicht offiziell geprüft","startDate":null,"endDate":null,"nextStep":"Aktuelle Angaben direkt beim Ort prüfen.","scale":"street","geometryPrecision":"exact","reviewState":"candidate","asOf":"2026-09-26T17:19:44.197Z","sourceCount":1,"primarySource":{"url":"https://www.openstreetmap.org/node/3478578150","title":"OpenStreetMap contributors","publisher":"OpenStreetMap contributors","licence":"ODbL 1.0","reuse":"open_licence"}}},{"type":"Feature","geometry":{"type":"Point","coordinates":[7.29896,51.60038]},"properties":{"id":"osm:node-384540066","version":"5d1ebbaa1e205458e5f9ec10ec78f137c5e490ee768f89e542874a5f1c713d3d","cityId":"castrop-rauxel","kind":"place","category":"soccer","title":"Sporttreff Castrop-Rauxel","statement":"Sporttreff Castrop-Rauxel ist in OpenStreetMap als soccer eingetragen. Betrieb und Öffnungszeiten nicht geprüft.","status":"OSM-Eintrag, nicht offiziell geprüft","startDate":null,"endDate":null,"nextStep":"Aktuelle Angaben direkt beim Ort prüfen.","scale":"street","geometryPrecision":"exact","reviewState":"candidate","asOf":"2026-09-26T17:19:44.197Z","sourceCount":1,"primarySource":{"url":"https://www.openstreetmap.org/node/384540066","title":"OpenStreetMap contributors","publisher":"OpenStreetMap contributors","licence":"ODbL 1.0","reuse":"open_licence"}}},{"type":"Feature","geometry":{"type":"Point","coordinates":[7.33271,51.54197]},"properties":{"id":"osm:node-415462781","version":"74d243f71be470893344da0b68ff1d24b608a21e36c42a594622058c33b0774b","cityId":"castrop-rauxel","kind":"place","category":"pharmacy","title":"Elefanten Apotheke","statement":"Elefanten Apotheke ist in OpenStreetMap als pharmacy eingetragen. Öffnungszeiten in OSM eingetragen; nicht unabhängig bestätigt.","status":"OSM-Eintrag, nicht offiziell geprüft","startDate":null,"endDate":null,"nextStep":"Aktuelle Angaben direkt beim Ort prüfen.","scale":"street","geometryPrecision":"exact","reviewState":"candidate","asOf":"2026-09-26T17:19:44.197Z","sourceCount":1,"primarySource":{"url":"https://www.openstreetmap.org/node/415462781","title":"OpenStreetMap contributors","publisher":"OpenStreetMap contributors","licence":"ODbL 1.0","reuse":"open_licence"}}},{"type":"Feature","geometry":{"type":"Point","coordinates":[7.30547,51.57326]},"properties":{"id":"osm:node-416322276","version":"6e8f3ac389fa0ed6c575faf4c3a953e02a3915e21681e50e17cc62f559b1ff46","cityId":"castrop-rauxel","kind":"place","category":"post_office","title":"Postagentur","statement":"Postagentur ist in OpenStreetMap als post_office eingetragen. Betrieb und Öffnungszeiten nicht geprüft.","status":"OSM-Eintrag, nicht offiziell geprüft","startDate":null,"endDate":null,"nextStep":"Aktuelle Angaben direkt beim Ort prüfen.","scale":"street","geometryPrecision":"exact","reviewState":"candidate","asOf":"2026-09-26T17:19:44.197Z","sourceCount":1,"primarySource":{"url":"https://www.openstreetmap.org/node/416322276","title":"OpenStreetMap contributors","publisher":"OpenStreetMap contributors","licence":"ODbL 1.0","reuse":"open_licence"}}},{"type":"Feature","geometry":{"type":"Point","coordinates":[7.31211,51.59946]},"properties":{"id":"osm:node-421673104","version":"7e3a71fc8c1f930d442e20326515e9280bfc52ce6eb8c0e2e1161cc0a53eb586","cityId":"castrop-rauxel","kind":"place","category":"supermarket","title":"Aldi Nord","statement":"Aldi Nord ist in OpenStreetMap als supermarket eingetragen. Öffnungszeiten in OSM eingetragen; nicht unabhängig bestätigt.","status":"OSM-Eintrag, nicht offiziell geprüft","startDate":null,"endDate":null,"nextStep":"Aktuelle Angaben direkt beim Ort prüfen.","scale":"street","geometryPrecision":"exact","reviewState":"candidate","asOf":"2026-09-26T17:19:44.197Z","sourceCount":1,"primarySource":{"url":"https://www.openstreetmap.org/node/421673104","title":"OpenStreetMap contributors","publisher":"OpenStreetMap contributors","licence":"ODbL 1.0","reuse":"open_licence"}}},{"type":"Feature","geometry":{"type":"Point","coordinates":[7.31175,51.59945]},"properties":{"id":"osm:node-421673106","version":"6a197c00effdc231b8d3aaac421e49eaf1d8fe07338de2ca11a425d17fddd47b","cityId":"castrop-rauxel","kind":"place","category":"bakery","title":"Bäckerei und Konditorei Auffenberg","statement":"Bäckerei und Konditorei Auffenberg ist in OpenStreetMap als bakery eingetragen. Öffnungszeiten in OSM eingetragen; nicht unabhängig bestätigt.","status":"OSM-Eintrag, nicht offiziell geprüft","startDate":null,"endDate":null,"nextStep":"Aktuelle Angaben direkt beim Ort prüfen.","scale":"street","geometryPrecision":"exact","reviewState":"candidate","asOf":"2026-09-26T17:19:44.197Z","sourceCount":1,"primarySource":{"url":"https://www.openstreetmap.org/node/421673106","title":"OpenStreetMap contributors","publisher":"OpenStreetMap contributors","licence":"ODbL 1.0","reuse":"open_licence"}}},{"type":"Feature","geometry":{"type":"Point","coordinates":[7.30846,51.54897]},"properties":{"id":"osm:node-422574172","version":"065f7174272af3db76d6160ebea88f5b5d4ed668c5b36b925ad4a728ef8f6e6f","cityId":"castrop-rauxel","kind":"place","category":"doctors","title":"Arztpraxis Janina Mucha","statement":"Arztpraxis Janina Mucha ist in OpenStreetMap als doctors eingetragen. Öffnungszeiten in OSM eingetragen; nicht unabhängig bestätigt.","status":"OSM-Eintrag, nicht offiziell geprüft","startDate":null,"endDate":null,"nextStep":"Aktuelle Angaben direkt beim Ort prüfen.","scale":"street","geometryPrecision":"exact","reviewState":"candidate","asOf":"2026-09-26T17:19:44.197Z","sourceCount":1,"primarySource":{"url":"https://www.openstreetmap.org/node/422574172","title":"OpenStreetMap contributors","publisher":"OpenStreetMap contributors","licence":"ODbL 1.0","reuse":"open_licence"}}},{"type":"Feature","geometry":{"type":"Point","coordinates":[7.30894,51.5491]},"properties":{"id":"osm:node-422574177","version":"164cafdc41af8293851a303e64cfb579a9fcb0e0093fd6229a04bcf3ae912dcc","cityId":"castrop-rauxel","kind":"place","category":"pharmacy","title":"Paracelsus Apotheke","statement":"Paracelsus Apotheke ist in OpenStreetMap als pharmacy eingetragen. Öffnungszeiten in OSM eingetragen; nicht unabhängig bestätigt.","status":"OSM-Eintrag, nicht offiziell geprüft","startDate":null,"endDate":null,"nextStep":"Aktuelle Angaben direkt beim Ort prüfen.","scale":"street","geometryPrecision":"exact","reviewState":"candidate","asOf":"2026-09-26T17:19:44.197Z","sourceCount":1,"primarySource":{"url":"https://www.openstreetmap.org/node/422574177","title":"OpenStreetMap contributors","publisher":"OpenStreetMap contributors","licence":"ODbL 1.0","reuse":"open_licence"}}},{"type":"Feature","geometry":{"type":"Point","coordinates":[7.30997,51.5501]},"properties":{"id":"osm:node-422574187","version":"4cca60f5892a06df742e60139ba6a8b56f65d78bdd49ad46727a59bcdeabd02f","cityId":"castrop-rauxel","kind":"place","category":"pharmacy","title":"Stern Apotheke","statement":"Stern Apotheke ist in OpenStreetMap als pharmacy eingetragen. Öffnungszeiten in OSM eingetragen; nicht unabhängig bestätigt.","status":"OSM-Eintrag, nicht offiziell geprüft","startDate":null,"endDate":null,"nextStep":"Aktuelle Angaben direkt beim Ort prüfen.","scale":"street","geometryPrecision":"exact","reviewState":"candidate","asOf":"2026-09-26T17:19:44.197Z","sourceCount":1,"primarySource":{"url":"https://www.openstreetmap.org/node/422574187","title":"OpenStreetMap contributors","publisher":"OpenStreetMap contributors","licence":"ODbL 1.0","reuse":"open_licence"}}},{"type":"Feature","geometry":{"type":"Point","coordinates":[7.31806,51.54723]},"properties":{"id":"osm:node-424975408","version":"d3f1ab949b37f0604bfdd8a0ba6a6a4adba9a334affdbf618ecc98c005cab6f2","cityId":"castrop-rauxel","kind":"place","category":"supermarket","title":"EDEKA Gronemann","statement":"EDEKA Gronemann ist in OpenStreetMap als supermarket eingetragen. Öffnungszeiten in OSM eingetragen; nicht unabhängig bestätigt.","status":"OSM-Eintrag, nicht offiziell geprüft","startDate":null,"endDate":null,"nextStep":"Aktuelle Angaben direkt beim Ort prüfen.","scale":"street","geometryPrecision":"exact","reviewState":"candidate","asOf":"2026-09-26T17:19:44.197Z","sourceCount":1,"primarySource":{"url":"https://www.openstreetmap.org/node/424975408","title":"OpenStreetMap contributors","publisher":"OpenStreetMap contributors","licence":"ODbL 1.0","reuse":"open_licence"}}},{"type":"Feature","geometry":{"type":"Point","coordinates":[7.31021,51.54832]},"properties":{"id":"osm:node-426889540","version":"89dc33cbd2ca7947af5b1e8486130254abe299c04b00a0f3b25da0f55a5c947a","cityId":"castrop-rauxel","kind":"place","category":"pharmacy","title":"City Apotheke","statement":"City Apotheke ist in OpenStreetMap als pharmacy eingetragen. Öffnungszeiten in OSM eingetragen; nicht unabhängig bestätigt.","status":"OSM-Eintrag, nicht offiziell geprüft","startDate":null,"endDate":null,"nextStep":"Aktuelle Angaben direkt beim Ort prüfen.","scale":"street","geometryPrecision":"exact","reviewState":"candidate","asOf":"2026-09-26T17:19:44.197Z","sourceCount":1,"primarySource":{"url":"https://www.openstreetmap.org/node/426889540","title":"OpenStreetMap contributors","publisher":"OpenStreetMap contributors","licence":"ODbL 1.0","reuse":"open_licence"}}},{"type":"Feature","geometry":{"type":"Point","coordinates":[7.31347,51.5475]},"properties":{"id":"osm:node-442056023","version":"a6e4c4c3bca93d3ab0d9fbce566c308aeb1eb0138f5fe9fd97cbf0f4604156cd","cityId":"castrop-rauxel","kind":"place","category":"pharmacy","title":"Alte Apotheke","statement":"Alte Apotheke ist in OpenStreetMap als pharmacy eingetragen. Öffnungszeiten in OSM eingetragen; nicht unabhängig bestätigt.","status":"OSM-Eintrag, nicht offiziell geprüft","startDate":null,"endDate":null,"nextStep":"Aktuelle Angaben direkt beim Ort prüfen.","scale":"street","geometryPrecision":"exact","reviewState":"candidate","asOf":"2026-09-26T17:19:44.197Z","sourceCount":1,"primarySource":{"url":"https://www.openstreetmap.org/node/442056023","title":"OpenStreetMap contributors","publisher":"OpenStreetMap contributors","licence":"ODbL 1.0","reuse":"open_licence"}}},{"type":"Feature","geometry":{"type":"Point","coordinates":[7.31649,51.58529]},"properties":{"id":"osm:node-4574100126","version":"c2946f7fad5a8af750ea9f7311553bde7947e6cb434c505119f6fa150e3bb12f","cityId":"castrop-rauxel","kind":"place","category":"post_office","title":"Postfiliale 524 Lotto/Toto/ Gül","statement":"Postfiliale 524 Lotto/Toto/ Gül ist in OpenStreetMap als post_office eingetragen. Öffnungszeiten in OSM eingetragen; nicht unabhängig bestätigt.","status":"OSM-Eintrag, nicht offiziell geprüft","startDate":null,"endDate":null,"nextStep":"Aktuelle Angaben direkt beim Ort prüfen.","scale":"street","geometryPrecision":"exact","reviewState":"candidate","asOf":"2026-09-26T17:19:44.197Z","sourceCount":1,"primarySource":{"url":"https://www.openstreetmap.org/node/4574100126","title":"OpenStreetMap contributors","publisher":"OpenStreetMap contributors","licence":"ODbL 1.0","reuse":"open_licence"}}},{"type":"Feature","geometry":{"type":"Point","coordinates":[7.31051,51.54906]},"properties":{"id":"osm:node-469837159","version":"e1516bffb8dd1bc41e3124b6dc3c81d811f5dbee9aa83ec66f8da11878f369b4","cityId":"castrop-rauxel","kind":"place","category":"bakery","title":"Kamps","statement":"Kamps ist in OpenStreetMap als bakery eingetragen. Öffnungszeiten in OSM eingetragen; nicht unabhängig bestätigt.","status":"OSM-Eintrag, nicht offiziell geprüft","startDate":null,"endDate":null,"nextStep":"Aktuelle Angaben direkt beim Ort prüfen.","scale":"street","geometryPrecision":"exact","reviewState":"candidate","asOf":"2026-09-26T17:19:44.197Z","sourceCount":1,"primarySource":{"url":"https://www.openstreetmap.org/node/469837159","title":"OpenStreetMap contributors","publisher":"OpenStreetMap contributors","licence":"ODbL 1.0","reuse":"open_licence"}}},{"type":"Feature","geometry":{"type":"Point","coordinates":[7.29069,51.55594]},"properties":{"id":"osm:node-495571093","version":"e20fb42d890137e6bd0386aace53a0ed13a83f9df5eae029085cde016e7b92cb","cityId":"castrop-rauxel","kind":"place","category":"bakery","title":"Brinker","statement":"Brinker ist in OpenStreetMap als bakery eingetragen. Öffnungszeiten in OSM eingetragen; nicht unabhängig bestätigt.","status":"OSM-Eintrag, nicht offiziell geprüft","startDate":null,"endDate":null,"nextStep":"Aktuelle Angaben direkt beim Ort prüfen.","scale":"street","geometryPrecision":"exact","reviewState":"candidate","asOf":"2026-09-26T17:19:44.197Z","sourceCount":1,"primarySource":{"url":"https://www.openstreetmap.org/node/495571093","title":"OpenStreetMap contributors","publisher":"OpenStreetMap contributors","licence":"ODbL 1.0","reuse":"open_licence"}}},{"type":"Feature","geometry":{"type":"Point","coordinates":[7.31036,51.54727]},"properties":{"id":"osm:node-496130981","version":"dc4a74c0666150cbd876afa2ae9c290bf9c70ecd7a6e733dfe31e13e227a69e4","cityId":"castrop-rauxel","kind":"place","category":"community_centre","title":"BoGi's Cafe","statement":"BoGi's Cafe ist in OpenStreetMap als community_centre eingetragen. Betrieb und Öffnungszeiten nicht geprüft.","status":"OSM-Eintrag, nicht offiziell geprüft","startDate":null,"endDate":null,"nextStep":"Aktuelle Angaben direkt beim Ort prüfen.","scale":"street","geometryPrecision":"exact","reviewState":"candidate","asOf":"2026-09-26T17:19:44.197Z","sourceCount":1,"primarySource":{"url":"https://www.openstreetmap.org/node/496130981","title":"OpenStreetMap contributors","publisher":"OpenStreetMap contributors","licence":"ODbL 1.0","reuse":"open_licence"}}},{"type":"Feature","geometry":{"type":"Point","coordinates":[7.31593,51.58533]},"properties":{"id":"osm:node-508068963","version":"cf0df7af330c4e2ffa9907a9701ebd2df0786c419520cd99c3415aadd15895c2","cityId":"castrop-rauxel","kind":"place","category":"bakery","title":"Sondermann","statement":"Sondermann ist in OpenStreetMap als bakery eingetragen. Öffnungszeiten in OSM eingetragen; nicht unabhängig bestätigt.","status":"OSM-Eintrag, nicht offiziell geprüft","startDate":null,"endDate":null,"nextStep":"Aktuelle Angaben direkt beim Ort prüfen.","scale":"street","geometryPrecision":"exact","reviewState":"candidate","asOf":"2026-09-26T17:19:44.197Z","sourceCount":1,"primarySource":{"url":"https://www.openstreetmap.org/node/508068963","title":"OpenStreetMap contributors","publisher":"OpenStreetMap contributors","licence":"ODbL 1.0","reuse":"open_licence"}}},{"type":"Feature","geometry":{"type":"Point","coordinates":[7.31584,51.58532]},"properties":{"id":"osm:node-508068969","version":"101bf342c39c6b1e06d7fc7257dcb0c211960d62ff6fd27032920a0beb81e951","cityId":"castrop-rauxel","kind":"place","category":"supermarket","title":"PENNY","statement":"PENNY ist in OpenStreetMap als supermarket eingetragen. Öffnungszeiten in OSM eingetragen; nicht unabhängig bestätigt.","status":"OSM-Eintrag, nicht offiziell geprüft","startDate":null,"endDate":null,"nextStep":"Aktuelle Angaben direkt beim Ort prüfen.","scale":"street","geometryPrecision":"exact","reviewState":"candidate","asOf":"2026-09-26T17:19:44.197Z","sourceCount":1,"primarySource":{"url":"https://www.openstreetmap.org/node/508068969","title":"OpenStreetMap contributors","publisher":"OpenStreetMap contributors","licence":"ODbL 1.0","reuse":"open_licence"}}},{"type":"Feature","geometry":{"type":"Point","coordinates":[7.31122,51.59268]},"properties":{"id":"osm:node-510924539","version":"dda8d9bab1dc5b2c7ad84927138c76e66a14cd4f4cc804e6f62a02caf5be4331","cityId":"castrop-rauxel","kind":"place","category":"supermarket","title":"Rewe","statement":"Rewe ist in OpenStreetMap als supermarket eingetragen. Öffnungszeiten in OSM eingetragen; nicht unabhängig bestätigt.","status":"OSM-Eintrag, nicht offiziell geprüft","startDate":null,"endDate":null,"nextStep":"Aktuelle Angaben direkt beim Ort prüfen.","scale":"street","geometryPrecision":"exact","reviewState":"candidate","asOf":"2026-09-26T17:19:44.197Z","sourceCount":1,"primarySource":{"url":"https://www.openstreetmap.org/node/510924539","title":"OpenStreetMap contributors","publisher":"OpenStreetMap contributors","licence":"ODbL 1.0","reuse":"open_licence"}}},{"type":"Feature","geometry":{"type":"Point","coordinates":[7.31101,51.59267]},"properties":{"id":"osm:node-510924545","version":"16910575f45ef69e47ffe105fe4e09ad200776e7b4ac9116e1772bd2181a0e0b","cityId":"castrop-rauxel","kind":"place","category":"bakery","title":"Malzers","statement":"Malzers ist in OpenStreetMap als bakery eingetragen. Öffnungszeiten in OSM eingetragen; nicht unabhängig bestätigt.","status":"OSM-Eintrag, nicht offiziell geprüft","startDate":null,"endDate":null,"nextStep":"Aktuelle Angaben direkt beim Ort prüfen.","scale":"street","geometryPrecision":"exact","reviewState":"candidate","asOf":"2026-09-26T17:19:44.197Z","sourceCount":1,"primarySource":{"url":"https://www.openstreetmap.org/node/510924545","title":"OpenStreetMap contributors","publisher":"OpenStreetMap contributors","licence":"ODbL 1.0","reuse":"open_licence"}}},{"type":"Feature","geometry":{"type":"Point","coordinates":[7.33113,51.54274]},"properties":{"id":"osm:node-5591227589","version":"88fa3dad1f7cdd19937bab76d047b2273a6ed4e8fbaade89d757fa9904c45e71","cityId":"castrop-rauxel","kind":"place","category":"supermarket","title":"Isma Supermarkt","statement":"Isma Supermarkt ist in OpenStreetMap als supermarket eingetragen. Öffnungszeiten in OSM eingetragen; nicht unabhängig bestätigt.","status":"OSM-Eintrag, nicht offiziell geprüft","startDate":null,"endDate":null,"nextStep":"Aktuelle Angaben direkt beim Ort prüfen.","scale":"street","geometryPrecision":"exact","reviewState":"candidate","asOf":"2026-09-26T17:19:44.197Z","sourceCount":1,"primarySource":{"url":"https://www.openstreetmap.org/node/5591227589","title":"OpenStreetMap contributors","publisher":"OpenStreetMap contributors","licence":"ODbL 1.0","reuse":"open_licence"}}},{"type":"Feature","geometry":{"type":"Point","coordinates":[7.30833,51.54833]},"properties":{"id":"osm:node-5753299745","version":"a596c4b5984b554516352481c6c0334de9e9fb9f459c91d03bf26ebcf483633c","cityId":"castrop-rauxel","kind":"place","category":"bakery","title":"Malzers","statement":"Malzers ist in OpenStreetMap als bakery eingetragen. Öffnungszeiten in OSM eingetragen; nicht unabhängig bestätigt.","status":"OSM-Eintrag, nicht offiziell geprüft","startDate":null,"endDate":null,"nextStep":"Aktuelle Angaben direkt beim Ort prüfen.","scale":"street","geometryPrecision":"exact","reviewState":"candidate","asOf":"2026-09-26T17:19:44.197Z","sourceCount":1,"primarySource":{"url":"https://www.openstreetmap.org/node/5753299745","title":"OpenStreetMap contributors","publisher":"OpenStreetMap contributors","licence":"ODbL 1.0","reuse":"open_licence"}}},{"type":"Feature","geometry":{"type":"Point","coordinates":[7.30564,51.57833]},"properties":{"id":"osm:node-5777055073","version":"b96b461cff61b4d75f0e6eab172107cfc3ff32f9e3a22a8da0bfc8efb32e9564","cityId":"castrop-rauxel","kind":"place","category":"kindergarten","title":"Kinderplanet","statement":"Kinderplanet ist in OpenStreetMap als kindergarten eingetragen. Betrieb und Öffnungszeiten nicht geprüft.","status":"OSM-Eintrag, nicht offiziell geprüft","startDate":null,"endDate":null,"nextStep":"Aktuelle Angaben direkt beim Ort prüfen.","scale":"street","geometryPrecision":"exact","reviewState":"candidate","asOf":"2026-09-26T17:19:44.197Z","sourceCount":1,"primarySource":{"url":"https://www.openstreetmap.org/node/5777055073","title":"OpenStreetMap contributors","publisher":"OpenStreetMap contributors","licence":"ODbL 1.0","reuse":"open_licence"}}},{"type":"Feature","geometry":{"type":"Point","coordinates":[7.30572,51.57498]},"properties":{"id":"osm:node-5777089054","version":"c13d8c27e046f2b2c9209e6434cfc9242a1b73467e1389132fa7588b911d79e0","cityId":"castrop-rauxel","kind":"place","category":"bakery","title":"Bäckerei Brinker","statement":"Bäckerei Brinker ist in OpenStreetMap als bakery eingetragen. Öffnungszeiten in OSM eingetragen; nicht unabhängig bestätigt.","status":"OSM-Eintrag, nicht offiziell geprüft","startDate":null,"endDate":null,"nextStep":"Aktuelle Angaben direkt beim Ort prüfen.","scale":"street","geometryPrecision":"exact","reviewState":"candidate","asOf":"2026-09-26T17:19:44.197Z","sourceCount":1,"primarySource":{"url":"https://www.openstreetmap.org/node/5777089054","title":"OpenStreetMap contributors","publisher":"OpenStreetMap contributors","licence":"ODbL 1.0","reuse":"open_licence"}}},{"type":"Feature","geometry":{"type":"Point","coordinates":[7.30048,51.59903]},"properties":{"id":"osm:node-5876966185","version":"bed09201ae433202afd61c56b847c802eb137e667506f47d87b6ffed0ea0615b","cityId":"castrop-rauxel","kind":"place","category":"rowing","title":"Ruderverein Rauxel e.V.","statement":"Ruderverein Rauxel e.V. ist in OpenStreetMap als rowing eingetragen. Betrieb und Öffnungszeiten nicht geprüft.","status":"OSM-Eintrag, nicht offiziell geprüft","startDate":null,"endDate":null,"nextStep":"Aktuelle Angaben direkt beim Ort prüfen.","scale":"street","geometryPrecision":"exact","reviewState":"candidate","asOf":"2026-09-26T17:19:44.197Z","sourceCount":1,"primarySource":{"url":"https://www.openstreetmap.org/node/5876966185","title":"OpenStreetMap contributors","publisher":"OpenStreetMap contributors","licence":"ODbL 1.0","reuse":"open_licence"}}},{"type":"Feature","geometry":{"type":"Point","coordinates":[7.3172,51.55748]},"properties":{"id":"osm:node-595713010","version":"7206482bdd4c317364df83b63199e85142f92743963ad3c007873def56c35f26","cityId":"castrop-rauxel","kind":"place","category":"pharmacy","title":"Pallas Apotheke","statement":"Pallas Apotheke ist in OpenStreetMap als pharmacy eingetragen. Betrieb und Öffnungszeiten nicht geprüft.","status":"OSM-Eintrag, nicht offiziell geprüft","startDate":null,"endDate":null,"nextStep":"Aktuelle Angaben direkt beim Ort prüfen.","scale":"street","geometryPrecision":"exact","reviewState":"candidate","asOf":"2026-09-26T17:19:44.197Z","sourceCount":1,"primarySource":{"url":"https://www.openstreetmap.org/node/595713010","title":"OpenStreetMap contributors","publisher":"OpenStreetMap contributors","licence":"ODbL 1.0","reuse":"open_licence"}}},{"type":"Feature","geometry":{"type":"Point","coordinates":[7.33132,51.54259]},"properties":{"id":"osm:node-603736447","version":"49d0db9e33e34aa98134995c9195ce6abbf8d36178303168ac9967e14bbac0a2","cityId":"castrop-rauxel","kind":"place","category":"pharmacy","title":"Glückauf Apotheke","statement":"Glückauf Apotheke ist in OpenStreetMap als pharmacy eingetragen. Öffnungszeiten in OSM eingetragen; nicht unabhängig bestätigt.","status":"OSM-Eintrag, nicht offiziell geprüft","startDate":null,"endDate":null,"nextStep":"Aktuelle Angaben direkt beim Ort prüfen.","scale":"street","geometryPrecision":"exact","reviewState":"candidate","asOf":"2026-09-26T17:19:44.197Z","sourceCount":1,"primarySource":{"url":"https://www.openstreetmap.org/node/603736447","title":"OpenStreetMap contributors","publisher":"OpenStreetMap contributors","licence":"ODbL 1.0","reuse":"open_licence"}}},{"type":"Feature","geometry":{"type":"Point","coordinates":[7.3245,51.52686]},"properties":{"id":"osm:node-624853048","version":"33646c3f3a5df9d657c6ebdd4f9cc62f29d7ea98a9912c36685bbf93c747778b","cityId":"castrop-rauxel","kind":"place","category":"community_centre","title":"Bürgerzentrum Marienschule","statement":"Bürgerzentrum Marienschule ist in OpenStreetMap als community_centre eingetragen. Betrieb und Öffnungszeiten nicht geprüft.","status":"OSM-Eintrag, nicht offiziell geprüft","startDate":null,"endDate":null,"nextStep":"Aktuelle Angaben direkt beim Ort prüfen.","scale":"street","geometryPrecision":"exact","reviewState":"candidate","asOf":"2026-09-26T17:19:44.197Z","sourceCount":1,"primarySource":{"url":"https://www.openstreetmap.org/node/624853048","title":"OpenStreetMap contributors","publisher":"OpenStreetMap contributors","licence":"ODbL 1.0","reuse":"open_licence"}}},{"type":"Feature","geometry":{"type":"Point","coordinates":[7.33474,51.54227]},"properties":{"id":"osm:node-6370119099","version":"0b61ed00cb1eb6976d9356ef504c7f72e75c21612bf60860f16bd88435a3bfe6","cityId":"castrop-rauxel","kind":"place","category":"supermarket","title":"Edeka Richter","statement":"Edeka Richter ist in OpenStreetMap als supermarket eingetragen. Öffnungszeiten in OSM eingetragen; nicht unabhängig bestätigt.","status":"OSM-Eintrag, nicht offiziell geprüft","startDate":null,"endDate":null,"nextStep":"Aktuelle Angaben direkt beim Ort prüfen.","scale":"street","geometryPrecision":"exact","reviewState":"candidate","asOf":"2026-09-26T17:19:44.197Z","sourceCount":1,"primarySource":{"url":"https://www.openstreetmap.org/node/6370119099","title":"OpenStreetMap contributors","publisher":"OpenStreetMap contributors","licence":"ODbL 1.0","reuse":"open_licence"}}},{"type":"Feature","geometry":{"type":"Point","coordinates":[7.29821,51.55053]},"properties":{"id":"osm:node-646550993","version":"b62747c1ac6397fc4860d23272fd7d5b8debe3c677638078671208cc97907be9","cityId":"castrop-rauxel","kind":"place","category":"bakery","title":"Cityback Feldkamp","statement":"Cityback Feldkamp ist in OpenStreetMap als bakery eingetragen. Öffnungszeiten in OSM eingetragen; nicht unabhängig bestätigt.","status":"OSM-Eintrag, nicht offiziell geprüft","startDate":null,"endDate":null,"nextStep":"Aktuelle Angaben direkt beim Ort prüfen.","scale":"street","geometryPrecision":"exact","reviewState":"candidate","asOf":"2026-09-26T17:19:44.197Z","sourceCount":1,"primarySource":{"url":"https://www.openstreetmap.org/node/646550993","title":"OpenStreetMap contributors","publisher":"OpenStreetMap contributors","licence":"ODbL 1.0","reuse":"open_licence"}}},{"type":"Feature","geometry":{"type":"Point","coordinates":[7.31044,51.5483]},"properties":{"id":"osm:node-665307748","version":"4ef466e90ace6bb19bbb19cc66e815bddb604d208006f133625909edfe556e18","cityId":"castrop-rauxel","kind":"place","category":"bakery","title":"Grobe","statement":"Grobe ist in OpenStreetMap als bakery eingetragen. Öffnungszeiten in OSM eingetragen; nicht unabhängig bestätigt.","status":"OSM-Eintrag, nicht offiziell geprüft","startDate":null,"endDate":null,"nextStep":"Aktuelle Angaben direkt beim Ort prüfen.","scale":"street","geometryPrecision":"exact","reviewState":"candidate","asOf":"2026-09-26T17:19:44.197Z","sourceCount":1,"primarySource":{"url":"https://www.openstreetmap.org/node/665307748","title":"OpenStreetMap contributors","publisher":"OpenStreetMap contributors","licence":"ODbL 1.0","reuse":"open_licence"}}},{"type":"Feature","geometry":{"type":"Point","coordinates":[7.30751,51.54811]},"properties":{"id":"osm:node-6792725054","version":"460b3d59f2db43884d08b29c9dd5468ea52d9015061ed5ce5946016b91ba104f","cityId":"castrop-rauxel","kind":"place","category":"lottery","title":"Tabak Presse","statement":"Tabak Presse ist in OpenStreetMap als lottery eingetragen. Öffnungszeiten in OSM eingetragen; nicht unabhängig bestätigt.","status":"OSM-Eintrag, nicht offiziell geprüft","startDate":null,"endDate":null,"nextStep":"Aktuelle Angaben direkt beim Ort prüfen.","scale":"street","geometryPrecision":"exact","reviewState":"candidate","asOf":"2026-09-26T17:19:44.197Z","sourceCount":1,"primarySource":{"url":"https://www.openstreetmap.org/node/6792725054","title":"OpenStreetMap contributors","publisher":"OpenStreetMap contributors","licence":"ODbL 1.0","reuse":"open_licence"}}},{"type":"Feature","geometry":{"type":"Point","coordinates":[7.31807,51.54734]},"properties":{"id":"osm:node-7202750340","version":"3a13575c0be8fcd2248ae7b71a909d43cec8cc1dbfc61a65b754d1207e79872f","cityId":"castrop-rauxel","kind":"place","category":"lottery","title":"Lotto Karge","statement":"Lotto Karge ist in OpenStreetMap als lottery eingetragen. Öffnungszeiten in OSM eingetragen; nicht unabhängig bestätigt.","status":"OSM-Eintrag, nicht offiziell geprüft","startDate":null,"endDate":null,"nextStep":"Aktuelle Angaben direkt beim Ort prüfen.","scale":"street","geometryPrecision":"exact","reviewState":"candidate","asOf":"2026-09-26T17:19:44.197Z","sourceCount":1,"primarySource":{"url":"https://www.openstreetmap.org/node/7202750340","title":"OpenStreetMap contributors","publisher":"OpenStreetMap contributors","licence":"ODbL 1.0","reuse":"open_licence"}}},{"type":"Feature","geometry":{"type":"Point","coordinates":[7.34275,51.59213]},"properties":{"id":"osm:node-7205339918","version":"a15096a35cb21eff16333c136ed3c9ad00fc188fae9d746fc51b730058fbafa2","cityId":"castrop-rauxel","kind":"place","category":"bakery","title":"Auffenberg","statement":"Auffenberg ist in OpenStreetMap als bakery eingetragen. Öffnungszeiten in OSM eingetragen; nicht unabhängig bestätigt.","status":"OSM-Eintrag, nicht offiziell geprüft","startDate":null,"endDate":null,"nextStep":"Aktuelle Angaben direkt beim Ort prüfen.","scale":"street","geometryPrecision":"exact","reviewState":"candidate","asOf":"2026-09-26T17:19:44.197Z","sourceCount":1,"primarySource":{"url":"https://www.openstreetmap.org/node/7205339918","title":"OpenStreetMap contributors","publisher":"OpenStreetMap contributors","licence":"ODbL 1.0","reuse":"open_licence"}}},{"type":"Feature","geometry":{"type":"Point","coordinates":[7.33684,51.59117]},"properties":{"id":"osm:node-7205339921","version":"3264b1cb45bb23eb5ee6d1d1931cc42e04375f9834172b79f8c028ea5471ec3a","cityId":"castrop-rauxel","kind":"place","category":"bakery","title":"Vieting","statement":"Vieting ist in OpenStreetMap als bakery eingetragen. Öffnungszeiten in OSM eingetragen; nicht unabhängig bestätigt.","status":"OSM-Eintrag, nicht offiziell geprüft","startDate":null,"endDate":null,"nextStep":"Aktuelle Angaben direkt beim Ort prüfen.","scale":"street","geometryPrecision":"exact","reviewState":"candidate","asOf":"2026-09-26T17:19:44.197Z","sourceCount":1,"primarySource":{"url":"https://www.openstreetmap.org/node/7205339921","title":"OpenStreetMap contributors","publisher":"OpenStreetMap contributors","licence":"ODbL 1.0","reuse":"open_licence"}}},{"type":"Feature","geometry":{"type":"Point","coordinates":[7.3162,51.54319]},"properties":{"id":"osm:node-7205339922","version":"a1b3daa01e5650bcc92bd14167e2e94c28686b988a365fbada56c29f6953e569","cityId":"castrop-rauxel","kind":"place","category":"bakery","title":"Grobe","statement":"Grobe ist in OpenStreetMap als bakery eingetragen. Öffnungszeiten in OSM eingetragen; nicht unabhängig bestätigt.","status":"OSM-Eintrag, nicht offiziell geprüft","startDate":null,"endDate":null,"nextStep":"Aktuelle Angaben direkt beim Ort prüfen.","scale":"street","geometryPrecision":"exact","reviewState":"candidate","asOf":"2026-09-26T17:19:44.197Z","sourceCount":1,"primarySource":{"url":"https://www.openstreetmap.org/node/7205339922","title":"OpenStreetMap contributors","publisher":"OpenStreetMap contributors","licence":"ODbL 1.0","reuse":"open_licence"}}},{"type":"Feature","geometry":{"type":"Point","coordinates":[7.33467,51.54237]},"properties":{"id":"osm:node-7205339924","version":"ce02b0b2b58233e5e400f989709a829dcae9d663fe2a6e9f6fe40d8c2c3b9056","cityId":"castrop-rauxel","kind":"place","category":"bakery","title":"Malzers","statement":"Malzers ist in OpenStreetMap als bakery eingetragen. Öffnungszeiten in OSM eingetragen; nicht unabhängig bestätigt.","status":"OSM-Eintrag, nicht offiziell geprüft","startDate":null,"endDate":null,"nextStep":"Aktuelle Angaben direkt beim Ort prüfen.","scale":"street","geometryPrecision":"exact","reviewState":"candidate","asOf":"2026-09-26T17:19:44.197Z","sourceCount":1,"primarySource":{"url":"https://www.openstreetmap.org/node/7205339924","title":"OpenStreetMap contributors","publisher":"OpenStreetMap contributors","licence":"ODbL 1.0","reuse":"open_licence"}}},{"type":"Feature","geometry":{"type":"Point","coordinates":[7.32434,51.52685]},"properties":{"id":"osm:node-7859189542","version":"a33d4de92d5ca354551d20e6e0f1e011294dea72e7eb42562057ec5366249482","cityId":"castrop-rauxel","kind":"place","category":"sport","title":"ABC Merklinde 1963/1970 e.V.","statement":"ABC Merklinde 1963/1970 e.V. ist in OpenStreetMap als sport eingetragen. Betrieb und Öffnungszeiten nicht geprüft.","status":"OSM-Eintrag, nicht offiziell geprüft","startDate":null,"endDate":null,"nextStep":"Aktuelle Angaben direkt beim Ort prüfen.","scale":"street","geometryPrecision":"exact","reviewState":"candidate","asOf":"2026-09-26T17:19:44.197Z","sourceCount":1,"primarySource":{"url":"https://www.openstreetmap.org/node/7859189542","title":"OpenStreetMap contributors","publisher":"OpenStreetMap contributors","licence":"ODbL 1.0","reuse":"open_licence"}}},{"type":"Feature","geometry":{"type":"Point","coordinates":[7.33562,51.59025]},"properties":{"id":"osm:node-7934443398","version":"630910ad6bcde46862520690df8f4a9f72909cbcd0350d8bb8d41dc4b9e8bd4e","cityId":"castrop-rauxel","kind":"place","category":"post_office","title":"Gerhard","statement":"Gerhard ist in OpenStreetMap als post_office eingetragen. Öffnungszeiten in OSM eingetragen; nicht unabhängig bestätigt.","status":"OSM-Eintrag, nicht offiziell geprüft","startDate":null,"endDate":null,"nextStep":"Aktuelle Angaben direkt beim Ort prüfen.","scale":"street","geometryPrecision":"exact","reviewState":"candidate","asOf":"2026-09-26T17:19:44.197Z","sourceCount":1,"primarySource":{"url":"https://www.openstreetmap.org/node/7934443398","title":"OpenStreetMap contributors","publisher":"OpenStreetMap contributors","licence":"ODbL 1.0","reuse":"open_licence"}}},{"type":"Feature","geometry":{"type":"Point","coordinates":[7.33907,51.59158]},"properties":{"id":"osm:node-8188381269","version":"ff00acfdefbbae76920305503553349b131faf6292750fa016b8a17392bbe76d","cityId":"castrop-rauxel","kind":"place","category":"bakery","title":"Brot.Zeit","statement":"Brot.Zeit ist in OpenStreetMap als bakery eingetragen. Betrieb und Öffnungszeiten nicht geprüft.","status":"OSM-Eintrag, nicht offiziell geprüft","startDate":null,"endDate":null,"nextStep":"Aktuelle Angaben direkt beim Ort prüfen.","scale":"street","geometryPrecision":"exact","reviewState":"candidate","asOf":"2026-09-26T17:19:44.197Z","sourceCount":1,"primarySource":{"url":"https://www.openstreetmap.org/node/8188381269","title":"OpenStreetMap contributors","publisher":"OpenStreetMap contributors","licence":"ODbL 1.0","reuse":"open_licence"}}},{"type":"Feature","geometry":{"type":"Point","coordinates":[7.2897,51.55593]},"properties":{"id":"osm:node-834660027","version":"9bcb6ff10b96f0ee39157f30415b370727a6a4a0deac36f7b895ac78b2dd4b55","cityId":"castrop-rauxel","kind":"place","category":"martial_arts;taekwondo;boxing;muay_thai;capoeira;street_defense;self_defense;mixed_martial_arts","title":"Fight Area Castrop-Rauxel","statement":"Fight Area Castrop-Rauxel ist in OpenStreetMap als martial_arts;taekwondo;boxing;muay_thai;capoeira;street_defense;self_defense;mixed_martial_arts eingetragen. Öffnungszeiten in OSM eingetragen; nicht unabhängig bestätigt.","status":"OSM-Eintrag, nicht offiziell geprüft","startDate":null,"endDate":null,"nextStep":"Aktuelle Angaben direkt beim Ort prüfen.","scale":"street","geometryPrecision":"exact","reviewState":"candidate","asOf":"2026-09-26T17:19:44.197Z","sourceCount":1,"primarySource":{"url":"https://www.openstreetmap.org/node/834660027","title":"OpenStreetMap contributors","publisher":"OpenStreetMap contributors","licence":"ODbL 1.0","reuse":"open_licence"}}},{"type":"Feature","geometry":{"type":"Point","coordinates":[7.35647,51.52811]},"properties":{"id":"osm:node-9384594031","version":"7cf7b06f6d0a1a0975af5c8d894e7d8c142d4685d5198cc4bc621c5e3dca0505","cityId":"castrop-rauxel","kind":"place","category":"bakery","title":"backmeisterei by Mack","statement":"backmeisterei by Mack ist in OpenStreetMap als bakery eingetragen. Öffnungszeiten in OSM eingetragen; nicht unabhängig bestätigt.","status":"OSM-Eintrag, nicht offiziell geprüft","startDate":null,"endDate":null,"nextStep":"Aktuelle Angaben direkt beim Ort prüfen.","scale":"street","geometryPrecision":"exact","reviewState":"candidate","asOf":"2026-09-26T17:19:44.197Z","sourceCount":1,"primarySource":{"url":"https://www.openstreetmap.org/node/9384594031","title":"OpenStreetMap contributors","publisher":"OpenStreetMap contributors","licence":"ODbL 1.0","reuse":"open_licence"}}},{"type":"Feature","geometry":{"type":"Point","coordinates":[7.32568,51.58725]},"properties":{"id":"osm:way-101530236","version":"1fe1a8fb426dc5acc9c7d5bcc3065b2e67d31b2bfe5ecbdacc3410c46f81c173","cityId":"castrop-rauxel","kind":"place","category":"motorcycle","title":"Los Mineros MC Castrop","statement":"Los Mineros MC Castrop ist in OpenStreetMap als motorcycle eingetragen. Betrieb und Öffnungszeiten nicht geprüft.","status":"OSM-Eintrag, nicht offiziell geprüft","startDate":null,"endDate":null,"nextStep":"Aktuelle Angaben direkt beim Ort prüfen.","scale":"street","geometryPrecision":"approximate","reviewState":"candidate","asOf":"2026-09-26T17:19:44.197Z","sourceCount":1,"primarySource":{"url":"https://www.openstreetmap.org/way/101530236","title":"OpenStreetMap contributors","publisher":"OpenStreetMap contributors","licence":"ODbL 1.0","reuse":"open_licence"}}},{"type":"Feature","geometry":{"type":"Point","coordinates":[7.35435,51.52765]},"properties":{"id":"osm:way-1017556500","version":"38d7c52fbf2a44e48bb59ae4dc938f8ce0d110337cd4615b5226c6478270e32e","cityId":"castrop-rauxel","kind":"place","category":"school","title":"Lindenschule","statement":"Lindenschule ist in OpenStreetMap als school eingetragen. Betrieb und Öffnungszeiten nicht geprüft.","status":"OSM-Eintrag, nicht offiziell geprüft","startDate":null,"endDate":null,"nextStep":"Aktuelle Angaben direkt beim Ort prüfen.","scale":"street","geometryPrecision":"approximate","reviewState":"candidate","asOf":"2026-09-26T17:19:44.197Z","sourceCount":1,"primarySource":{"url":"https://www.openstreetmap.org/way/1017556500","title":"OpenStreetMap contributors","publisher":"OpenStreetMap contributors","licence":"ODbL 1.0","reuse":"open_licence"}}},{"type":"Feature","geometry":{"type":"Point","coordinates":[7.32209,51.58903]},"properties":{"id":"osm:way-1017894605","version":"74f27367f4fd8637a5515cc1e33b89b1d38884fd27676692af38370ae07c09b6","cityId":"castrop-rauxel","kind":"place","category":"school","title":"Grundschule Am Busch","statement":"Grundschule Am Busch ist in OpenStreetMap als school eingetragen. Betrieb und Öffnungszeiten nicht geprüft.","status":"OSM-Eintrag, nicht offiziell geprüft","startDate":null,"endDate":null,"nextStep":"Aktuelle Angaben direkt beim Ort prüfen.","scale":"street","geometryPrecision":"approximate","reviewState":"candidate","asOf":"2026-09-26T17:19:44.197Z","sourceCount":1,"primarySource":{"url":"https://www.openstreetmap.org/way/1017894605","title":"OpenStreetMap contributors","publisher":"OpenStreetMap contributors","licence":"ODbL 1.0","reuse":"open_licence"}}},{"type":"Feature","geometry":{"type":"Point","coordinates":[7.3067,51.54645]},"properties":{"id":"osm:way-1215820011","version":"711fce28af47851dbd44d89818d37e0ebf074efc50a0cf328c7c3b983f918bee","cityId":"castrop-rauxel","kind":"place","category":"police","title":"Polizeiinspektion Castrop-Rauxel","statement":"Polizeiinspektion Castrop-Rauxel ist in OpenStreetMap als police eingetragen. Betrieb und Öffnungszeiten nicht geprüft.","status":"OSM-Eintrag, nicht offiziell geprüft","startDate":null,"endDate":null,"nextStep":"Aktuelle Angaben direkt beim Ort prüfen.","scale":"street","geometryPrecision":"approximate","reviewState":"candidate","asOf":"2026-09-26T17:19:44.197Z","sourceCount":1,"primarySource":{"url":"https://www.openstreetmap.org/way/1215820011","title":"OpenStreetMap contributors","publisher":"OpenStreetMap contributors","licence":"ODbL 1.0","reuse":"open_licence"}}},{"type":"Feature","geometry":{"type":"Point","coordinates":[7.30871,51.55367]},"properties":{"id":"osm:way-1221293328","version":"f5f6e2de7816632f1900eb91a92295bad029a139f8446aacb13c0d1c93a9483e","cityId":"castrop-rauxel","kind":"place","category":"fire_station","title":"Feuerwehr Castrop-Rauxel","statement":"Feuerwehr Castrop-Rauxel ist in OpenStreetMap als fire_station eingetragen. Betrieb und Öffnungszeiten nicht geprüft.","status":"OSM-Eintrag, nicht offiziell geprüft","startDate":null,"endDate":null,"nextStep":"Aktuelle Angaben direkt beim Ort prüfen.","scale":"street","geometryPrecision":"approximate","reviewState":"candidate","asOf":"2026-09-26T17:19:44.197Z","sourceCount":1,"primarySource":{"url":"https://www.openstreetmap.org/way/1221293328","title":"OpenStreetMap contributors","publisher":"OpenStreetMap contributors","licence":"ODbL 1.0","reuse":"open_licence"}}},{"type":"Feature","geometry":{"type":"Point","coordinates":[7.31304,51.54046]},"properties":{"id":"osm:way-1226983435","version":"b7f72cfcff42d85f2745f833233ff11dd9747ce00b71655ea75b510eebb28e89","cityId":"castrop-rauxel","kind":"place","category":"school","title":"Elisabethschule","statement":"Elisabethschule ist in OpenStreetMap als school eingetragen. Betrieb und Öffnungszeiten nicht geprüft.","status":"OSM-Eintrag, nicht offiziell geprüft","startDate":null,"endDate":null,"nextStep":"Aktuelle Angaben direkt beim Ort prüfen.","scale":"street","geometryPrecision":"approximate","reviewState":"candidate","asOf":"2026-09-26T17:19:44.197Z","sourceCount":1,"primarySource":{"url":"https://www.openstreetmap.org/way/1226983435","title":"OpenStreetMap contributors","publisher":"OpenStreetMap contributors","licence":"ODbL 1.0","reuse":"open_licence"}}},{"type":"Feature","geometry":{"type":"Point","coordinates":[7.31445,51.54023]},"properties":{"id":"osm:way-1226983436","version":"daaff13f44eb2f4610c0129058523f4cb21f203d795de95ea825b7df3e04cc83","cityId":"castrop-rauxel","kind":"place","category":"kindergarten","title":"Evangelischer Kindergarten Volltreffer","statement":"Evangelischer Kindergarten Volltreffer ist in OpenStreetMap als kindergarten eingetragen. Betrieb und Öffnungszeiten nicht geprüft.","status":"OSM-Eintrag, nicht offiziell geprüft","startDate":null,"endDate":null,"nextStep":"Aktuelle Angaben direkt beim Ort prüfen.","scale":"street","geometryPrecision":"approximate","reviewState":"candidate","asOf":"2026-09-26T17:19:44.197Z","sourceCount":1,"primarySource":{"url":"https://www.openstreetmap.org/way/1226983436","title":"OpenStreetMap contributors","publisher":"OpenStreetMap contributors","licence":"ODbL 1.0","reuse":"open_licence"}}},{"type":"Feature","geometry":{"type":"Point","coordinates":[7.31983,51.53228]},"properties":{"id":"osm:way-1241667761","version":"bfb25524af3703b2a42a4dafdb0bcc746b7a4a3cbb74f71ee18a4c843c414139","cityId":"castrop-rauxel","kind":"place","category":"fire_station","title":"Löschzug 5 Merklinde","statement":"Löschzug 5 Merklinde ist in OpenStreetMap als fire_station eingetragen. Betrieb und Öffnungszeiten nicht geprüft.","status":"OSM-Eintrag, nicht offiziell geprüft","startDate":null,"endDate":null,"nextStep":"Aktuelle Angaben direkt beim Ort prüfen.","scale":"street","geometryPrecision":"approximate","reviewState":"candidate","asOf":"2026-09-26T17:19:44.197Z","sourceCount":1,"primarySource":{"url":"https://www.openstreetmap.org/way/1241667761","title":"OpenStreetMap contributors","publisher":"OpenStreetMap contributors","licence":"ODbL 1.0","reuse":"open_licence"}}},{"type":"Feature","geometry":{"type":"Point","coordinates":[7.35219,51.59635]},"properties":{"id":"osm:way-125141958","version":"0e879c71f4dd7d9f81612017f9107199f417223f8b2a92175b1815de6a81d5bd","cityId":"castrop-rauxel","kind":"place","category":"kindergarten","title":"Städt. Kindertageseinrichtung \"Villa Kunterbunt\"","statement":"Städt. Kindertageseinrichtung \"Villa Kunterbunt\" ist in OpenStreetMap als kindergarten eingetragen. Betrieb und Öffnungszeiten nicht geprüft.","status":"OSM-Eintrag, nicht offiziell geprüft","startDate":null,"endDate":null,"nextStep":"Aktuelle Angaben direkt beim Ort prüfen.","scale":"street","geometryPrecision":"approximate","reviewState":"candidate","asOf":"2026-09-26T17:19:44.197Z","sourceCount":1,"primarySource":{"url":"https://www.openstreetmap.org/way/125141958","title":"OpenStreetMap contributors","publisher":"OpenStreetMap contributors","licence":"ODbL 1.0","reuse":"open_licence"}}},{"type":"Feature","geometry":{"type":"Point","coordinates":[7.31083,51.60009]},"properties":{"id":"osm:way-1299792478","version":"d2a44ec55ea7ba05e02988a2fe03532e4da702edf37025bac1ecc1bee9109e3f","cityId":"castrop-rauxel","kind":"place","category":"fire_station","title":"Löschzug 4 Henrichenburg","statement":"Löschzug 4 Henrichenburg ist in OpenStreetMap als fire_station eingetragen. Betrieb und Öffnungszeiten nicht geprüft.","status":"OSM-Eintrag, nicht offiziell geprüft","startDate":null,"endDate":null,"nextStep":"Aktuelle Angaben direkt beim Ort prüfen.","scale":"street","geometryPrecision":"approximate","reviewState":"candidate","asOf":"2026-09-26T17:19:44.197Z","sourceCount":1,"primarySource":{"url":"https://www.openstreetmap.org/way/1299792478","title":"OpenStreetMap contributors","publisher":"OpenStreetMap contributors","licence":"ODbL 1.0","reuse":"open_licence"}}},{"type":"Feature","geometry":{"type":"Point","coordinates":[7.3137,51.59937]},"properties":{"id":"osm:way-1299792483","version":"be0e711b777ed71ad3bb1462d419df2afc0ea89071f046c7d2a904c2fc787095","cityId":"castrop-rauxel","kind":"place","category":"kindergarten","title":"St. Lambertus Henrichenburg Kindergarten","statement":"St. Lambertus Henrichenburg Kindergarten ist in OpenStreetMap als kindergarten eingetragen. Betrieb und Öffnungszeiten nicht geprüft.","status":"OSM-Eintrag, nicht offiziell geprüft","startDate":null,"endDate":null,"nextStep":"Aktuelle Angaben direkt beim Ort prüfen.","scale":"street","geometryPrecision":"approximate","reviewState":"candidate","asOf":"2026-09-26T17:19:44.197Z","sourceCount":1,"primarySource":{"url":"https://www.openstreetmap.org/way/1299792483","title":"OpenStreetMap contributors","publisher":"OpenStreetMap contributors","licence":"ODbL 1.0","reuse":"open_licence"}}},{"type":"Feature","geometry":{"type":"Point","coordinates":[7.30573,51.57769]},"properties":{"id":"osm:way-135475497","version":"124c9c9d4775e03854cf73268924fb27d3c99ca86cb684fe3b5219cf949effea","cityId":"castrop-rauxel","kind":"place","category":"fire_station","title":"Löschzug 3 Habinghorst","statement":"Löschzug 3 Habinghorst ist in OpenStreetMap als fire_station eingetragen. Betrieb und Öffnungszeiten nicht geprüft.","status":"OSM-Eintrag, nicht offiziell geprüft","startDate":null,"endDate":null,"nextStep":"Aktuelle Angaben direkt beim Ort prüfen.","scale":"street","geometryPrecision":"approximate","reviewState":"candidate","asOf":"2026-09-26T17:19:44.197Z","sourceCount":1,"primarySource":{"url":"https://www.openstreetmap.org/way/135475497","title":"OpenStreetMap contributors","publisher":"OpenStreetMap contributors","licence":"ODbL 1.0","reuse":"open_licence"}}},{"type":"Feature","geometry":{"type":"Point","coordinates":[7.33605,51.56845]},"properties":{"id":"osm:way-135966601","version":"4e1c30805f539d4d9d6ec4d4170c8ff7fd5106ff3671e681a7bd8169c2fa5819","cityId":"castrop-rauxel","kind":"place","category":"community_centre","title":"Gemeindezentrum Deininghausen","statement":"Gemeindezentrum Deininghausen ist in OpenStreetMap als community_centre eingetragen. Betrieb und Öffnungszeiten nicht geprüft.","status":"OSM-Eintrag, nicht offiziell geprüft","startDate":null,"endDate":null,"nextStep":"Aktuelle Angaben direkt beim Ort prüfen.","scale":"street","geometryPrecision":"approximate","reviewState":"candidate","asOf":"2026-09-26T17:19:44.197Z","sourceCount":1,"primarySource":{"url":"https://www.openstreetmap.org/way/135966601","title":"OpenStreetMap contributors","publisher":"OpenStreetMap contributors","licence":"ODbL 1.0","reuse":"open_licence"}}},{"type":"Feature","geometry":{"type":"Point","coordinates":[7.32216,51.55933]},"properties":{"id":"osm:way-1359690483","version":"590f22ef3c1977dc34ca3371c58b6bb0b3a68754e269c0e374e55811d20c420d","cityId":"castrop-rauxel","kind":"place","category":"fire_station","title":"Freiwillige Feuerwehr Castrop-Rauxel Löschzug Rauxel-Dorf","statement":"Freiwillige Feuerwehr Castrop-Rauxel Löschzug Rauxel-Dorf ist in OpenStreetMap als fire_station eingetragen. Betrieb und Öffnungszeiten nicht geprüft.","status":"OSM-Eintrag, nicht offiziell geprüft","startDate":null,"endDate":null,"nextStep":"Aktuelle Angaben direkt beim Ort prüfen.","scale":"street","geometryPrecision":"approximate","reviewState":"candidate","asOf":"2026-09-26T17:19:44.197Z","sourceCount":1,"primarySource":{"url":"https://www.openstreetmap.org/way/1359690483","title":"OpenStreetMap contributors","publisher":"OpenStreetMap contributors","licence":"ODbL 1.0","reuse":"open_licence"}}},{"type":"Feature","geometry":{"type":"Point","coordinates":[7.31731,51.59286]},"properties":{"id":"osm:way-135983109","version":"5f35b8a5eea6bcc370f51185042780cb952bc86ebf63edce17f03351dfad9fe9","cityId":"castrop-rauxel","kind":"place","category":"pharmacy","title":"Nord-Apotheke","statement":"Nord-Apotheke ist in OpenStreetMap als pharmacy eingetragen. Öffnungszeiten in OSM eingetragen; nicht unabhängig bestätigt.","status":"OSM-Eintrag, nicht offiziell geprüft","startDate":null,"endDate":null,"nextStep":"Aktuelle Angaben direkt beim Ort prüfen.","scale":"street","geometryPrecision":"approximate","reviewState":"candidate","asOf":"2026-09-26T17:19:44.197Z","sourceCount":1,"primarySource":{"url":"https://www.openstreetmap.org/way/135983109","title":"OpenStreetMap contributors","publisher":"OpenStreetMap contributors","licence":"ODbL 1.0","reuse":"open_licence"}}},{"type":"Feature","geometry":{"type":"Point","coordinates":[7.32233,51.59483]},"properties":{"id":"osm:way-136007376","version":"491990eaccf75fd37895735f5fb6e357cfab4aa276ad056d2ffa1884b6dd757e","cityId":"castrop-rauxel","kind":"place","category":"kindergarten","title":"Kinderhaus St. Barbara","statement":"Kinderhaus St. Barbara ist in OpenStreetMap als kindergarten eingetragen. Betrieb und Öffnungszeiten nicht geprüft.","status":"OSM-Eintrag, nicht offiziell geprüft","startDate":null,"endDate":null,"nextStep":"Aktuelle Angaben direkt beim Ort prüfen.","scale":"street","geometryPrecision":"approximate","reviewState":"candidate","asOf":"2026-09-26T17:19:44.197Z","sourceCount":1,"primarySource":{"url":"https://www.openstreetmap.org/way/136007376","title":"OpenStreetMap contributors","publisher":"OpenStreetMap contributors","licence":"ODbL 1.0","reuse":"open_licence"}}},{"type":"Feature","geometry":{"type":"Point","coordinates":[7.33619,51.58785]},"properties":{"id":"osm:way-136058585","version":"3d91771526ed00b0ac41e63c1c78a3a8238cd0409d9d4b83f51e15075a55e93c","cityId":"castrop-rauxel","kind":"place","category":"supermarket","title":"PENNY","statement":"PENNY ist in OpenStreetMap als supermarket eingetragen. Öffnungszeiten in OSM eingetragen; nicht unabhängig bestätigt.","status":"OSM-Eintrag, nicht offiziell geprüft","startDate":null,"endDate":null,"nextStep":"Aktuelle Angaben direkt beim Ort prüfen.","scale":"street","geometryPrecision":"approximate","reviewState":"candidate","asOf":"2026-09-26T17:19:44.197Z","sourceCount":1,"primarySource":{"url":"https://www.openstreetmap.org/way/136058585","title":"OpenStreetMap contributors","publisher":"OpenStreetMap contributors","licence":"ODbL 1.0","reuse":"open_licence"}}},{"type":"Feature","geometry":{"type":"Point","coordinates":[7.3405,51.59181]},"properties":{"id":"osm:way-136068687","version":"9331f7523a274b483b1c2d9c8d42b98e23719e5232771e0a4ea445c101c97c2c","cityId":"castrop-rauxel","kind":"place","category":"kindergarten","title":"Lummerland","statement":"Lummerland ist in OpenStreetMap als kindergarten eingetragen. Betrieb und Öffnungszeiten nicht geprüft.","status":"OSM-Eintrag, nicht offiziell geprüft","startDate":null,"endDate":null,"nextStep":"Aktuelle Angaben direkt beim Ort prüfen.","scale":"street","geometryPrecision":"approximate","reviewState":"candidate","asOf":"2026-09-26T17:19:44.197Z","sourceCount":1,"primarySource":{"url":"https://www.openstreetmap.org/way/136068687","title":"OpenStreetMap contributors","publisher":"OpenStreetMap contributors","licence":"ODbL 1.0","reuse":"open_licence"}}},{"type":"Feature","geometry":{"type":"Point","coordinates":[7.29613,51.5755]},"properties":{"id":"osm:way-136384299","version":"7e7a30f7e6b793d382be7e14f167b4c477db5c917371ed6288ade41ad66aa0e8","cityId":"castrop-rauxel","kind":"place","category":"fire_station","title":"Werkfeuerwehr","statement":"Werkfeuerwehr ist in OpenStreetMap als fire_station eingetragen. Betrieb und Öffnungszeiten nicht geprüft.","status":"OSM-Eintrag, nicht offiziell geprüft","startDate":null,"endDate":null,"nextStep":"Aktuelle Angaben direkt beim Ort prüfen.","scale":"street","geometryPrecision":"approximate","reviewState":"candidate","asOf":"2026-09-26T17:19:44.197Z","sourceCount":1,"primarySource":{"url":"https://www.openstreetmap.org/way/136384299","title":"OpenStreetMap contributors","publisher":"OpenStreetMap contributors","licence":"ODbL 1.0","reuse":"open_licence"}}},{"type":"Feature","geometry":{"type":"Point","coordinates":[7.28817,51.57217]},"properties":{"id":"osm:way-136557955","version":"0deec5426c6f362e917dfda27bd4929d2961fb9abd04299dc51cca7efe4ee12f","cityId":"castrop-rauxel","kind":"place","category":"scout","title":"BdP Stamm Nordlicht","statement":"BdP Stamm Nordlicht ist in OpenStreetMap als scout eingetragen. Betrieb und Öffnungszeiten nicht geprüft.","status":"OSM-Eintrag, nicht offiziell geprüft","startDate":null,"endDate":null,"nextStep":"Aktuelle Angaben direkt beim Ort prüfen.","scale":"street","geometryPrecision":"approximate","reviewState":"candidate","asOf":"2026-09-26T17:19:44.197Z","sourceCount":1,"primarySource":{"url":"https://www.openstreetmap.org/way/136557955","title":"OpenStreetMap contributors","publisher":"OpenStreetMap contributors","licence":"ODbL 1.0","reuse":"open_licence"}}},{"type":"Feature","geometry":{"type":"Point","coordinates":[7.31493,51.58393]},"properties":{"id":"osm:way-136809798","version":"ea1bf96084e41945aba43b0b3db854cb6653272a7817b8f630d2ffc235c551a9","cityId":"castrop-rauxel","kind":"place","category":"kindergarten","title":"Heilpädagogischer Kindergarten","statement":"Heilpädagogischer Kindergarten ist in OpenStreetMap als kindergarten eingetragen. Betrieb und Öffnungszeiten nicht geprüft.","status":"OSM-Eintrag, nicht offiziell geprüft","startDate":null,"endDate":null,"nextStep":"Aktuelle Angaben direkt beim Ort prüfen.","scale":"street","geometryPrecision":"approximate","reviewState":"candidate","asOf":"2026-09-26T17:19:44.197Z","sourceCount":1,"primarySource":{"url":"https://www.openstreetmap.org/way/136809798","title":"OpenStreetMap contributors","publisher":"OpenStreetMap contributors","licence":"ODbL 1.0","reuse":"open_licence"}}},{"type":"Feature","geometry":{"type":"Point","coordinates":[7.31202,51.58434]},"properties":{"id":"osm:way-136809862","version":"1ea8e08dbb9148ec0881464cd2168bea4f92497e2b90889d356a8981c7b0b23b","cityId":"castrop-rauxel","kind":"place","category":"pharmacy","title":"Apoland Apotheke","statement":"Apoland Apotheke ist in OpenStreetMap als pharmacy eingetragen. Öffnungszeiten in OSM eingetragen; nicht unabhängig bestätigt.","status":"OSM-Eintrag, nicht offiziell geprüft","startDate":null,"endDate":null,"nextStep":"Aktuelle Angaben direkt beim Ort prüfen.","scale":"street","geometryPrecision":"approximate","reviewState":"candidate","asOf":"2026-09-26T17:19:44.197Z","sourceCount":1,"primarySource":{"url":"https://www.openstreetmap.org/way/136809862","title":"OpenStreetMap contributors","publisher":"OpenStreetMap contributors","licence":"ODbL 1.0","reuse":"open_licence"}}},{"type":"Feature","geometry":{"type":"Point","coordinates":[7.3273,51.54147]},"properties":{"id":"osm:way-137037140","version":"fc40edbd6a6984adb93687bf9c65ae889721f0444c1d477f232fc7f8ba46e45c","cityId":"castrop-rauxel","kind":"place","category":"school","title":"Cottenburgschule","statement":"Cottenburgschule ist in OpenStreetMap als school eingetragen. Betrieb und Öffnungszeiten nicht geprüft.","status":"OSM-Eintrag, nicht offiziell geprüft","startDate":null,"endDate":null,"nextStep":"Aktuelle Angaben direkt beim Ort prüfen.","scale":"street","geometryPrecision":"approximate","reviewState":"candidate","asOf":"2026-09-26T17:19:44.197Z","sourceCount":1,"primarySource":{"url":"https://www.openstreetmap.org/way/137037140","title":"OpenStreetMap contributors","publisher":"OpenStreetMap contributors","licence":"ODbL 1.0","reuse":"open_licence"}}},{"type":"Feature","geometry":{"type":"Point","coordinates":[7.31164,51.59922]},"properties":{"id":"osm:way-138191344","version":"9f784a1d71f276efbbe6ce88332c88a75c89a3b5a232983c7c530c6d9dbf95bc","cityId":"castrop-rauxel","kind":"place","category":"pharmacy","title":"Kristall Apotheke","statement":"Kristall Apotheke ist in OpenStreetMap als pharmacy eingetragen. Öffnungszeiten in OSM eingetragen; nicht unabhängig bestätigt.","status":"OSM-Eintrag, nicht offiziell geprüft","startDate":null,"endDate":null,"nextStep":"Aktuelle Angaben direkt beim Ort prüfen.","scale":"street","geometryPrecision":"approximate","reviewState":"candidate","asOf":"2026-09-26T17:19:44.197Z","sourceCount":1,"primarySource":{"url":"https://www.openstreetmap.org/way/138191344","title":"OpenStreetMap contributors","publisher":"OpenStreetMap contributors","licence":"ODbL 1.0","reuse":"open_licence"}}},{"type":"Feature","geometry":{"type":"Point","coordinates":[7.29298,51.54953]},"properties":{"id":"osm:way-1550018953","version":"dce3a68e16a0a8f85d7cf47b14968d309b24c3442ee410833500b3ab401664b6","cityId":"castrop-rauxel","kind":"place","category":"supermarket","title":"Lidl","statement":"Lidl ist in OpenStreetMap als supermarket eingetragen. Öffnungszeiten in OSM eingetragen; nicht unabhängig bestätigt.","status":"OSM-Eintrag, nicht offiziell geprüft","startDate":null,"endDate":null,"nextStep":"Aktuelle Angaben direkt beim Ort prüfen.","scale":"street","geometryPrecision":"approximate","reviewState":"candidate","asOf":"2026-09-26T17:19:44.197Z","sourceCount":1,"primarySource":{"url":"https://www.openstreetmap.org/way/1550018953","title":"OpenStreetMap contributors","publisher":"OpenStreetMap contributors","licence":"ODbL 1.0","reuse":"open_licence"}}},{"type":"Feature","geometry":{"type":"Point","coordinates":[7.34017,51.59122]},"properties":{"id":"osm:way-202947642","version":"1143d4da5c019d43a5d9a874fd6d116776661ea55dda70b67c1b1c5b4f454ef3","cityId":"castrop-rauxel","kind":"place","category":"school","title":"Marktschule Ickern","statement":"Marktschule Ickern ist in OpenStreetMap als school eingetragen. Betrieb und Öffnungszeiten nicht geprüft.","status":"OSM-Eintrag, nicht offiziell geprüft","startDate":null,"endDate":null,"nextStep":"Aktuelle Angaben direkt beim Ort prüfen.","scale":"street","geometryPrecision":"approximate","reviewState":"candidate","asOf":"2026-09-26T17:19:44.197Z","sourceCount":1,"primarySource":{"url":"https://www.openstreetmap.org/way/202947642","title":"OpenStreetMap contributors","publisher":"OpenStreetMap contributors","licence":"ODbL 1.0","reuse":"open_licence"}}},{"type":"Feature","geometry":{"type":"Point","coordinates":[7.34314,51.59489]},"properties":{"id":"osm:way-203120015","version":"5b4e5452ce46add222e17fcbaaa903814367fffe1340cc37cfe60ae31627f0d7","cityId":"castrop-rauxel","kind":"place","category":"supermarket","title":"K+K","statement":"K+K ist in OpenStreetMap als supermarket eingetragen. Öffnungszeiten in OSM eingetragen; nicht unabhängig bestätigt.","status":"OSM-Eintrag, nicht offiziell geprüft","startDate":null,"endDate":null,"nextStep":"Aktuelle Angaben direkt beim Ort prüfen.","scale":"street","geometryPrecision":"approximate","reviewState":"candidate","asOf":"2026-09-26T17:19:44.197Z","sourceCount":1,"primarySource":{"url":"https://www.openstreetmap.org/way/203120015","title":"OpenStreetMap contributors","publisher":"OpenStreetMap contributors","licence":"ODbL 1.0","reuse":"open_licence"}}},{"type":"Feature","geometry":{"type":"Point","coordinates":[7.31979,51.59713]},"properties":{"id":"osm:way-204673132","version":"7730e509ae02af62503dcd12111fe726ff3159993186bd16218e4c3f43bbe9de","cityId":"castrop-rauxel","kind":"place","category":"kindergarten","title":"Stephanuskindergarten","statement":"Stephanuskindergarten ist in OpenStreetMap als kindergarten eingetragen. Betrieb und Öffnungszeiten nicht geprüft.","status":"OSM-Eintrag, nicht offiziell geprüft","startDate":null,"endDate":null,"nextStep":"Aktuelle Angaben direkt beim Ort prüfen.","scale":"street","geometryPrecision":"approximate","reviewState":"candidate","asOf":"2026-09-26T17:19:44.197Z","sourceCount":1,"primarySource":{"url":"https://www.openstreetmap.org/way/204673132","title":"OpenStreetMap contributors","publisher":"OpenStreetMap contributors","licence":"ODbL 1.0","reuse":"open_licence"}}},{"type":"Feature","geometry":{"type":"Point","coordinates":[7.31423,51.58504]},"properties":{"id":"osm:way-205484592","version":"9aad6c2913cd2cbff0796496d8338a0d0bcae68a19c107e08400b5b7631eefb5","cityId":"castrop-rauxel","kind":"place","category":"pharmacy","title":"Flora Apotheke","statement":"Flora Apotheke ist in OpenStreetMap als pharmacy eingetragen. Öffnungszeiten in OSM eingetragen; nicht unabhängig bestätigt.","status":"OSM-Eintrag, nicht offiziell geprüft","startDate":null,"endDate":null,"nextStep":"Aktuelle Angaben direkt beim Ort prüfen.","scale":"street","geometryPrecision":"approximate","reviewState":"candidate","asOf":"2026-09-26T17:19:44.197Z","sourceCount":1,"primarySource":{"url":"https://www.openstreetmap.org/way/205484592","title":"OpenStreetMap contributors","publisher":"OpenStreetMap contributors","licence":"ODbL 1.0","reuse":"open_licence"}}},{"type":"Feature","geometry":{"type":"Point","coordinates":[7.33758,51.59148]},"properties":{"id":"osm:way-210409041","version":"53f33653db9b66c5a46e7c777cdd8a1898f6523dea13e76c889d91e1bc49bdcf","cityId":"castrop-rauxel","kind":"place","category":"pharmacy","title":"Ickerner Markt Apotheke","statement":"Ickerner Markt Apotheke ist in OpenStreetMap als pharmacy eingetragen. Öffnungszeiten in OSM eingetragen; nicht unabhängig bestätigt.","status":"OSM-Eintrag, nicht offiziell geprüft","startDate":null,"endDate":null,"nextStep":"Aktuelle Angaben direkt beim Ort prüfen.","scale":"street","geometryPrecision":"approximate","reviewState":"candidate","asOf":"2026-09-26T17:19:44.197Z","sourceCount":1,"primarySource":{"url":"https://www.openstreetmap.org/way/210409041","title":"OpenStreetMap contributors","publisher":"OpenStreetMap contributors","licence":"ODbL 1.0","reuse":"open_licence"}}},{"type":"Feature","geometry":{"type":"Point","coordinates":[7.31283,51.54886]},"properties":{"id":"osm:way-217409248","version":"e635fdd337ba4005bb0529f58c3a8e01b92e067055823c2a02da5034c9dc4ca9","cityId":"castrop-rauxel","kind":"place","category":"kindergarten","title":"Wichernhaus","statement":"Wichernhaus ist in OpenStreetMap als kindergarten eingetragen. Betrieb und Öffnungszeiten nicht geprüft.","status":"OSM-Eintrag, nicht offiziell geprüft","startDate":null,"endDate":null,"nextStep":"Aktuelle Angaben direkt beim Ort prüfen.","scale":"street","geometryPrecision":"approximate","reviewState":"candidate","asOf":"2026-09-26T17:19:44.197Z","sourceCount":1,"primarySource":{"url":"https://www.openstreetmap.org/way/217409248","title":"OpenStreetMap contributors","publisher":"OpenStreetMap contributors","licence":"ODbL 1.0","reuse":"open_licence"}}},{"type":"Feature","geometry":{"type":"Point","coordinates":[7.30778,51.5832]},"properties":{"id":"osm:way-235215210","version":"05ca512d84c79de2e4c2edc2c491bd4ee42bcaa47cc417b2f31f1f80dad04647","cityId":"castrop-rauxel","kind":"place","category":"school","title":"Fridtjof-Nansen-Realschule","statement":"Fridtjof-Nansen-Realschule ist in OpenStreetMap als school eingetragen. Betrieb und Öffnungszeiten nicht geprüft.","status":"OSM-Eintrag, nicht offiziell geprüft","startDate":null,"endDate":null,"nextStep":"Aktuelle Angaben direkt beim Ort prüfen.","scale":"street","geometryPrecision":"approximate","reviewState":"candidate","asOf":"2026-09-26T17:19:44.197Z","sourceCount":1,"primarySource":{"url":"https://www.openstreetmap.org/way/235215210","title":"OpenStreetMap contributors","publisher":"OpenStreetMap contributors","licence":"ODbL 1.0","reuse":"open_licence"}}},{"type":"Feature","geometry":{"type":"Point","coordinates":[7.31593,51.54303]},"properties":{"id":"osm:way-244401327","version":"37c261403561dfe4ae3fb55ac0d211726966dbb51621548d3ce0a50a4aa570ac","cityId":"castrop-rauxel","kind":"place","category":"supermarket","title":"Lidl","statement":"Lidl ist in OpenStreetMap als supermarket eingetragen. Öffnungszeiten in OSM eingetragen; nicht unabhängig bestätigt.","status":"OSM-Eintrag, nicht offiziell geprüft","startDate":null,"endDate":null,"nextStep":"Aktuelle Angaben direkt beim Ort prüfen.","scale":"street","geometryPrecision":"approximate","reviewState":"candidate","asOf":"2026-09-26T17:19:44.197Z","sourceCount":1,"primarySource":{"url":"https://www.openstreetmap.org/way/244401327","title":"OpenStreetMap contributors","publisher":"OpenStreetMap contributors","licence":"ODbL 1.0","reuse":"open_licence"}}},{"type":"Feature","geometry":{"type":"Point","coordinates":[7.30555,51.57511]},"properties":{"id":"osm:way-25579248","version":"f30f7342d3505f3068832276f1a7d7cffda1c3c5255bca62be4cdc1a6788b105","cityId":"castrop-rauxel","kind":"place","category":"supermarket","title":"Netto Marken-Discount","statement":"Netto Marken-Discount ist in OpenStreetMap als supermarket eingetragen. Öffnungszeiten in OSM eingetragen; nicht unabhängig bestätigt.","status":"OSM-Eintrag, nicht offiziell geprüft","startDate":null,"endDate":null,"nextStep":"Aktuelle Angaben direkt beim Ort prüfen.","scale":"street","geometryPrecision":"approximate","reviewState":"candidate","asOf":"2026-09-26T17:19:44.197Z","sourceCount":1,"primarySource":{"url":"https://www.openstreetmap.org/way/25579248","title":"OpenStreetMap contributors","publisher":"OpenStreetMap contributors","licence":"ODbL 1.0","reuse":"open_licence"}}},{"type":"Feature","geometry":{"type":"Point","coordinates":[7.30524,51.57561]},"properties":{"id":"osm:way-25579249","version":"fe6cecdff229f4a8723e63e722a19b1c9cb2ea798b53458f0186abace3bae8bd","cityId":"castrop-rauxel","kind":"place","category":"supermarket","title":"K+K","statement":"K+K ist in OpenStreetMap als supermarket eingetragen. Öffnungszeiten in OSM eingetragen; nicht unabhängig bestätigt.","status":"OSM-Eintrag, nicht offiziell geprüft","startDate":null,"endDate":null,"nextStep":"Aktuelle Angaben direkt beim Ort prüfen.","scale":"street","geometryPrecision":"approximate","reviewState":"candidate","asOf":"2026-09-26T17:19:44.197Z","sourceCount":1,"primarySource":{"url":"https://www.openstreetmap.org/way/25579249","title":"OpenStreetMap contributors","publisher":"OpenStreetMap contributors","licence":"ODbL 1.0","reuse":"open_licence"}}},{"type":"Feature","geometry":{"type":"Point","coordinates":[7.31909,51.52444]},"properties":{"id":"osm:way-25676305","version":"2cfa798b726efe55e10cecd3684e59943bf39987c14fc74da1dc7534e35fe306","cityId":"castrop-rauxel","kind":"place","category":"soccer","title":"Sportplatz Merklinde","statement":"Sportplatz Merklinde ist in OpenStreetMap als soccer eingetragen. Betrieb und Öffnungszeiten nicht geprüft.","status":"OSM-Eintrag, nicht offiziell geprüft","startDate":null,"endDate":null,"nextStep":"Aktuelle Angaben direkt beim Ort prüfen.","scale":"street","geometryPrecision":"approximate","reviewState":"candidate","asOf":"2026-09-26T17:19:44.197Z","sourceCount":1,"primarySource":{"url":"https://www.openstreetmap.org/way/25676305","title":"OpenStreetMap contributors","publisher":"OpenStreetMap contributors","licence":"ODbL 1.0","reuse":"open_licence"}}},{"type":"Feature","geometry":{"type":"Point","coordinates":[7.30564,51.58194]},"properties":{"id":"osm:way-277261339","version":"ad166fa31e1227ac8f8d87ce1c3333db526c3d3a390c96721113032a57bdc8b0","cityId":"castrop-rauxel","kind":"place","category":"school","title":"Berufskolleg Castrop-Rauxel","statement":"Berufskolleg Castrop-Rauxel ist in OpenStreetMap als school eingetragen. Betrieb und Öffnungszeiten nicht geprüft.","status":"OSM-Eintrag, nicht offiziell geprüft","startDate":null,"endDate":null,"nextStep":"Aktuelle Angaben direkt beim Ort prüfen.","scale":"street","geometryPrecision":"approximate","reviewState":"candidate","asOf":"2026-09-26T17:19:44.197Z","sourceCount":1,"primarySource":{"url":"https://www.openstreetmap.org/way/277261339","title":"OpenStreetMap contributors","publisher":"OpenStreetMap contributors","licence":"ODbL 1.0","reuse":"open_licence"}}},{"type":"Feature","geometry":{"type":"Point","coordinates":[7.29275,51.61631]},"properties":{"id":"osm:way-29230260","version":"bf5790137df699fc70915374098723fc0d9802b26f754f1e9ec155d98356ba9b","cityId":"castrop-rauxel","kind":"place","category":"equestrian","title":"Peacock's Manor","statement":"Peacock's Manor ist in OpenStreetMap als equestrian eingetragen. Betrieb und Öffnungszeiten nicht geprüft.","status":"OSM-Eintrag, nicht offiziell geprüft","startDate":null,"endDate":null,"nextStep":"Aktuelle Angaben direkt beim Ort prüfen.","scale":"street","geometryPrecision":"approximate","reviewState":"candidate","asOf":"2026-09-26T17:19:44.197Z","sourceCount":1,"primarySource":{"url":"https://www.openstreetmap.org/way/29230260","title":"OpenStreetMap contributors","publisher":"OpenStreetMap contributors","licence":"ODbL 1.0","reuse":"open_licence"}}},{"type":"Feature","geometry":{"type":"Point","coordinates":[7.32761,51.54109]},"properties":{"id":"osm:way-298802184","version":"b02109f47ccb2d03e3401d9d3b8e5f2d033508db3a5d096f2077bf38804c2d64","cityId":"castrop-rauxel","kind":"place","category":"school","title":"Cottenburgschule","statement":"Cottenburgschule ist in OpenStreetMap als school eingetragen. Betrieb und Öffnungszeiten nicht geprüft.","status":"OSM-Eintrag, nicht offiziell geprüft","startDate":null,"endDate":null,"nextStep":"Aktuelle Angaben direkt beim Ort prüfen.","scale":"street","geometryPrecision":"approximate","reviewState":"candidate","asOf":"2026-09-26T17:19:44.197Z","sourceCount":1,"primarySource":{"url":"https://www.openstreetmap.org/way/298802184","title":"OpenStreetMap contributors","publisher":"OpenStreetMap contributors","licence":"ODbL 1.0","reuse":"open_licence"}}},{"type":"Feature","geometry":{"type":"Point","coordinates":[7.32819,51.54122]},"properties":{"id":"osm:way-298802188","version":"69bee5b5c4a19285a3e8c5f9c081abd1f52cb3095eb35dc8a9f1a5079e2f0198","cityId":"castrop-rauxel","kind":"place","category":"multi","title":"Sporthalle","statement":"Sporthalle ist in OpenStreetMap als multi eingetragen. Betrieb und Öffnungszeiten nicht geprüft.","status":"OSM-Eintrag, nicht offiziell geprüft","startDate":null,"endDate":null,"nextStep":"Aktuelle Angaben direkt beim Ort prüfen.","scale":"street","geometryPrecision":"approximate","reviewState":"candidate","asOf":"2026-09-26T17:19:44.197Z","sourceCount":1,"primarySource":{"url":"https://www.openstreetmap.org/way/298802188","title":"OpenStreetMap contributors","publisher":"OpenStreetMap contributors","licence":"ODbL 1.0","reuse":"open_licence"}}},{"type":"Feature","geometry":{"type":"Point","coordinates":[7.3028,51.57961]},"properties":{"id":"osm:way-300237422","version":"5140ad87d96aae6f6faa5584d88fe04248715f79eb30b05de614a3fbac210d84","cityId":"castrop-rauxel","kind":"place","category":"supermarket","title":"Aldi","statement":"Aldi ist in OpenStreetMap als supermarket eingetragen. Öffnungszeiten in OSM eingetragen; nicht unabhängig bestätigt.","status":"OSM-Eintrag, nicht offiziell geprüft","startDate":null,"endDate":null,"nextStep":"Aktuelle Angaben direkt beim Ort prüfen.","scale":"street","geometryPrecision":"approximate","reviewState":"candidate","asOf":"2026-09-26T17:19:44.197Z","sourceCount":1,"primarySource":{"url":"https://www.openstreetmap.org/way/300237422","title":"OpenStreetMap contributors","publisher":"OpenStreetMap contributors","licence":"ODbL 1.0","reuse":"open_licence"}}},{"type":"Feature","geometry":{"type":"Point","coordinates":[7.30253,51.59244]},"properties":{"id":"osm:way-300616768","version":"61591bff7e26bce196d913d95a46e8741e252695d161248fd87f26c07d40d927","cityId":"castrop-rauxel","kind":"place","category":"supermarket","title":"Lidl","statement":"Lidl ist in OpenStreetMap als supermarket eingetragen. Öffnungszeiten in OSM eingetragen; nicht unabhängig bestätigt.","status":"OSM-Eintrag, nicht offiziell geprüft","startDate":null,"endDate":null,"nextStep":"Aktuelle Angaben direkt beim Ort prüfen.","scale":"street","geometryPrecision":"approximate","reviewState":"candidate","asOf":"2026-09-26T17:19:44.197Z","sourceCount":1,"primarySource":{"url":"https://www.openstreetmap.org/way/300616768","title":"OpenStreetMap contributors","publisher":"OpenStreetMap contributors","licence":"ODbL 1.0","reuse":"open_licence"}}},{"type":"Feature","geometry":{"type":"Point","coordinates":[7.31353,51.59862]},"properties":{"id":"osm:way-324755855","version":"260b580fc6cb2e556d0dd0fe76cb2b0ce08ea369eb22dade33530da879db160f","cityId":"castrop-rauxel","kind":"place","category":"community_centre","title":"Maximilian-Kolbe-Haus","statement":"Maximilian-Kolbe-Haus ist in OpenStreetMap als community_centre eingetragen. Betrieb und Öffnungszeiten nicht geprüft.","status":"OSM-Eintrag, nicht offiziell geprüft","startDate":null,"endDate":null,"nextStep":"Aktuelle Angaben direkt beim Ort prüfen.","scale":"street","geometryPrecision":"approximate","reviewState":"candidate","asOf":"2026-09-26T17:19:44.197Z","sourceCount":1,"primarySource":{"url":"https://www.openstreetmap.org/way/324755855","title":"OpenStreetMap contributors","publisher":"OpenStreetMap contributors","licence":"ODbL 1.0","reuse":"open_licence"}}},{"type":"Feature","geometry":{"type":"Point","coordinates":[7.34631,51.52735]},"properties":{"id":"osm:way-34257546","version":"1b5fcd82a0adca0f24ce82b6025bb6b35c7762171b5bc06a1556e8e56b6362da","cityId":"castrop-rauxel","kind":"place","category":"tennis","title":"TC Grün-Weiß Frohlinde","statement":"TC Grün-Weiß Frohlinde ist in OpenStreetMap als tennis eingetragen. Betrieb und Öffnungszeiten nicht geprüft.","status":"OSM-Eintrag, nicht offiziell geprüft","startDate":null,"endDate":null,"nextStep":"Aktuelle Angaben direkt beim Ort prüfen.","scale":"street","geometryPrecision":"approximate","reviewState":"candidate","asOf":"2026-09-26T17:19:44.197Z","sourceCount":1,"primarySource":{"url":"https://www.openstreetmap.org/way/34257546","title":"OpenStreetMap contributors","publisher":"OpenStreetMap contributors","licence":"ODbL 1.0","reuse":"open_licence"}}},{"type":"Feature","geometry":{"type":"Point","coordinates":[7.34546,51.52723]},"properties":{"id":"osm:way-34257549","version":"438b62f7ed99471cd50a2c8d36d954ea54846b876522a041f9975e583531058f","cityId":"castrop-rauxel","kind":"place","category":"tennis","title":"Tennisclub. Grün-Weiß Frohlinde","statement":"Tennisclub. Grün-Weiß Frohlinde ist in OpenStreetMap als tennis eingetragen. Betrieb und Öffnungszeiten nicht geprüft.","status":"OSM-Eintrag, nicht offiziell geprüft","startDate":null,"endDate":null,"nextStep":"Aktuelle Angaben direkt beim Ort prüfen.","scale":"street","geometryPrecision":"approximate","reviewState":"candidate","asOf":"2026-09-26T17:19:44.197Z","sourceCount":1,"primarySource":{"url":"https://www.openstreetmap.org/way/34257549","title":"OpenStreetMap contributors","publisher":"OpenStreetMap contributors","licence":"ODbL 1.0","reuse":"open_licence"}}},{"type":"Feature","geometry":{"type":"Point","coordinates":[7.31242,51.5437]},"properties":{"id":"osm:way-35596420","version":"63aad3721ba2949d25254d88f15f91159ba7a0aea335cd2fc492583cb9a5fe96","cityId":"castrop-rauxel","kind":"place","category":"swimming","title":"Parkbad Süd","statement":"Parkbad Süd ist in OpenStreetMap als swimming eingetragen. Betrieb und Öffnungszeiten nicht geprüft.","status":"OSM-Eintrag, nicht offiziell geprüft","startDate":null,"endDate":null,"nextStep":"Aktuelle Angaben direkt beim Ort prüfen.","scale":"street","geometryPrecision":"approximate","reviewState":"candidate","asOf":"2026-09-26T17:19:44.197Z","sourceCount":1,"primarySource":{"url":"https://www.openstreetmap.org/way/35596420","title":"OpenStreetMap contributors","publisher":"OpenStreetMap contributors","licence":"ODbL 1.0","reuse":"open_licence"}}},{"type":"Feature","geometry":{"type":"Point","coordinates":[7.34491,51.53492]},"properties":{"id":"osm:way-35897127","version":"3fbacf488f90132b390ce1ef3fb43628160cb4630b8610c1a4f52f52c943fc99","cityId":"castrop-rauxel","kind":"place","category":"golf","title":"Golf Club Castrop-Rauxel e.V. in Frohlinde","statement":"Golf Club Castrop-Rauxel e.V. in Frohlinde ist in OpenStreetMap als golf eingetragen. Betrieb und Öffnungszeiten nicht geprüft.","status":"OSM-Eintrag, nicht offiziell geprüft","startDate":null,"endDate":null,"nextStep":"Aktuelle Angaben direkt beim Ort prüfen.","scale":"street","geometryPrecision":"approximate","reviewState":"candidate","asOf":"2026-09-26T17:19:44.197Z","sourceCount":1,"primarySource":{"url":"https://www.openstreetmap.org/way/35897127","title":"OpenStreetMap contributors","publisher":"OpenStreetMap contributors","licence":"ODbL 1.0","reuse":"open_licence"}}},{"type":"Feature","geometry":{"type":"Point","coordinates":[7.29935,51.54966]},"properties":{"id":"osm:way-383670292","version":"89d9da449480ca317badb61a939f190d1b9ba94ab96c331396b04f05a7cd4f0a","cityId":"castrop-rauxel","kind":"place","category":"supermarket","title":"Netto Marken-Discount","statement":"Netto Marken-Discount ist in OpenStreetMap als supermarket eingetragen. Öffnungszeiten in OSM eingetragen; nicht unabhängig bestätigt.","status":"OSM-Eintrag, nicht offiziell geprüft","startDate":null,"endDate":null,"nextStep":"Aktuelle Angaben direkt beim Ort prüfen.","scale":"street","geometryPrecision":"approximate","reviewState":"candidate","asOf":"2026-09-26T17:19:44.197Z","sourceCount":1,"primarySource":{"url":"https://www.openstreetmap.org/way/383670292","title":"OpenStreetMap contributors","publisher":"OpenStreetMap contributors","licence":"ODbL 1.0","reuse":"open_licence"}}},{"type":"Feature","geometry":{"type":"Point","coordinates":[7.3179,51.55561]},"properties":{"id":"osm:way-403340299","version":"e37ff91ebccf9e3d18480834490206fb86862b6daae0a828e5eade14870bd417","cityId":"castrop-rauxel","kind":"place","category":"school","title":"Wilhelmschule","statement":"Wilhelmschule ist in OpenStreetMap als school eingetragen. Betrieb und Öffnungszeiten nicht geprüft.","status":"OSM-Eintrag, nicht offiziell geprüft","startDate":null,"endDate":null,"nextStep":"Aktuelle Angaben direkt beim Ort prüfen.","scale":"street","geometryPrecision":"approximate","reviewState":"candidate","asOf":"2026-09-26T17:19:44.197Z","sourceCount":1,"primarySource":{"url":"https://www.openstreetmap.org/way/403340299","title":"OpenStreetMap contributors","publisher":"OpenStreetMap contributors","licence":"ODbL 1.0","reuse":"open_licence"}}},{"type":"Feature","geometry":{"type":"Point","coordinates":[7.3109,51.5984]},"properties":{"id":"osm:way-454500533","version":"7a8012082d083f5d939e87ff42054402978461c472b315004dccbd0c6fb562db","cityId":"castrop-rauxel","kind":"place","category":"supermarket","title":"EDEKA","statement":"EDEKA ist in OpenStreetMap als supermarket eingetragen. Öffnungszeiten in OSM eingetragen; nicht unabhängig bestätigt.","status":"OSM-Eintrag, nicht offiziell geprüft","startDate":null,"endDate":null,"nextStep":"Aktuelle Angaben direkt beim Ort prüfen.","scale":"street","geometryPrecision":"approximate","reviewState":"candidate","asOf":"2026-09-26T17:19:44.197Z","sourceCount":1,"primarySource":{"url":"https://www.openstreetmap.org/way/454500533","title":"OpenStreetMap contributors","publisher":"OpenStreetMap contributors","licence":"ODbL 1.0","reuse":"open_licence"}}},{"type":"Feature","geometry":{"type":"Point","coordinates":[7.31986,51.5292]},"properties":{"id":"osm:way-49325570","version":"7da9c2dfa97a2ce40d27ec21fde01781e50ce5e3af31141a4c8b83194de45258","cityId":"castrop-rauxel","kind":"place","category":"community_centre","title":"Begegnungszentrum Harkortschule Merklinde","statement":"Begegnungszentrum Harkortschule Merklinde ist in OpenStreetMap als community_centre eingetragen. Betrieb und Öffnungszeiten nicht geprüft.","status":"OSM-Eintrag, nicht offiziell geprüft","startDate":null,"endDate":null,"nextStep":"Aktuelle Angaben direkt beim Ort prüfen.","scale":"street","geometryPrecision":"approximate","reviewState":"candidate","asOf":"2026-09-26T17:19:44.197Z","sourceCount":1,"primarySource":{"url":"https://www.openstreetmap.org/way/49325570","title":"OpenStreetMap contributors","publisher":"OpenStreetMap contributors","licence":"ODbL 1.0","reuse":"open_licence"}}},{"type":"Feature","geometry":{"type":"Point","coordinates":[7.30604,51.55264]},"properties":{"id":"osm:way-52734023","version":"f7f813591256a4be6651e29e4f56fa8bdf58c1e5eead9df5d151002451a1c284","cityId":"castrop-rauxel","kind":"place","category":"school","title":"Grundschule Löwenherz","statement":"Grundschule Löwenherz ist in OpenStreetMap als school eingetragen. Betrieb und Öffnungszeiten nicht geprüft.","status":"OSM-Eintrag, nicht offiziell geprüft","startDate":null,"endDate":null,"nextStep":"Aktuelle Angaben direkt beim Ort prüfen.","scale":"street","geometryPrecision":"approximate","reviewState":"candidate","asOf":"2026-09-26T17:19:44.197Z","sourceCount":1,"primarySource":{"url":"https://www.openstreetmap.org/way/52734023","title":"OpenStreetMap contributors","publisher":"OpenStreetMap contributors","licence":"ODbL 1.0","reuse":"open_licence"}}},{"type":"Feature","geometry":{"type":"Point","coordinates":[7.35046,51.56179]},"properties":{"id":"osm:way-54168868","version":"d8de21d70113aac76b3a4e75ab8bdc629188762d02d0315e758188853a2b172e","cityId":"castrop-rauxel","kind":"place","category":"community_centre","title":"Gemeindezentrum Dingen","statement":"Gemeindezentrum Dingen ist in OpenStreetMap als community_centre eingetragen. Betrieb und Öffnungszeiten nicht geprüft.","status":"OSM-Eintrag, nicht offiziell geprüft","startDate":null,"endDate":null,"nextStep":"Aktuelle Angaben direkt beim Ort prüfen.","scale":"street","geometryPrecision":"approximate","reviewState":"candidate","asOf":"2026-09-26T17:19:44.197Z","sourceCount":1,"primarySource":{"url":"https://www.openstreetmap.org/way/54168868","title":"OpenStreetMap contributors","publisher":"OpenStreetMap contributors","licence":"ODbL 1.0","reuse":"open_licence"}}},{"type":"Feature","geometry":{"type":"Point","coordinates":[7.34044,51.54299]},"properties":{"id":"osm:way-55821266","version":"21375fe3f8c3faf06861c1e9d4d4f8e59026f1b4626b2c9d13ec066d9d0dfd66","cityId":"castrop-rauxel","kind":"place","category":"soccer","title":"Spielvereinigung Blau-Gelb Schwerin e.V.","statement":"Spielvereinigung Blau-Gelb Schwerin e.V. ist in OpenStreetMap als soccer eingetragen. Betrieb und Öffnungszeiten nicht geprüft.","status":"OSM-Eintrag, nicht offiziell geprüft","startDate":null,"endDate":null,"nextStep":"Aktuelle Angaben direkt beim Ort prüfen.","scale":"street","geometryPrecision":"approximate","reviewState":"candidate","asOf":"2026-09-26T17:19:44.197Z","sourceCount":1,"primarySource":{"url":"https://www.openstreetmap.org/way/55821266","title":"OpenStreetMap contributors","publisher":"OpenStreetMap contributors","licence":"ODbL 1.0","reuse":"open_licence"}}},{"type":"Feature","geometry":{"type":"Point","coordinates":[7.30733,51.5789]},"properties":{"id":"osm:way-62051173","version":"5b91445c637120b251d26159692d6be908a7ee8780272c74067ebf7b6a4a0d30","cityId":"castrop-rauxel","kind":"place","category":"supermarket","title":"Lidl","statement":"Lidl ist in OpenStreetMap als supermarket eingetragen. Öffnungszeiten in OSM eingetragen; nicht unabhängig bestätigt.","status":"OSM-Eintrag, nicht offiziell geprüft","startDate":null,"endDate":null,"nextStep":"Aktuelle Angaben direkt beim Ort prüfen.","scale":"street","geometryPrecision":"approximate","reviewState":"candidate","asOf":"2026-09-26T17:19:44.197Z","sourceCount":1,"primarySource":{"url":"https://www.openstreetmap.org/way/62051173","title":"OpenStreetMap contributors","publisher":"OpenStreetMap contributors","licence":"ODbL 1.0","reuse":"open_licence"}}},{"type":"Feature","geometry":{"type":"Point","coordinates":[7.29278,51.55523]},"properties":{"id":"osm:way-627146635","version":"41bf2d145873c76dc994871720134582760b58fca474b374bc85720d1eb62cff","cityId":"castrop-rauxel","kind":"place","category":"supermarket","title":"Aldi","statement":"Aldi ist in OpenStreetMap als supermarket eingetragen. Öffnungszeiten in OSM eingetragen; nicht unabhängig bestätigt.","status":"OSM-Eintrag, nicht offiziell geprüft","startDate":null,"endDate":null,"nextStep":"Aktuelle Angaben direkt beim Ort prüfen.","scale":"street","geometryPrecision":"approximate","reviewState":"candidate","asOf":"2026-09-26T17:19:44.197Z","sourceCount":1,"primarySource":{"url":"https://www.openstreetmap.org/way/627146635","title":"OpenStreetMap contributors","publisher":"OpenStreetMap contributors","licence":"ODbL 1.0","reuse":"open_licence"}}},{"type":"Feature","geometry":{"type":"Point","coordinates":[7.3474,51.59299]},"properties":{"id":"osm:way-629920528","version":"532c9df29f79a54e55beba5643bf78e36036d92ace2bc4187b9ba2cc29f9b9d5","cityId":"castrop-rauxel","kind":"place","category":"school","title":"Martin-Luther-King-Schule","statement":"Martin-Luther-King-Schule ist in OpenStreetMap als school eingetragen. Betrieb und Öffnungszeiten nicht geprüft.","status":"OSM-Eintrag, nicht offiziell geprüft","startDate":null,"endDate":null,"nextStep":"Aktuelle Angaben direkt beim Ort prüfen.","scale":"street","geometryPrecision":"approximate","reviewState":"candidate","asOf":"2026-09-26T17:19:44.197Z","sourceCount":1,"primarySource":{"url":"https://www.openstreetmap.org/way/629920528","title":"OpenStreetMap contributors","publisher":"OpenStreetMap contributors","licence":"ODbL 1.0","reuse":"open_licence"}}},{"type":"Feature","geometry":{"type":"Point","coordinates":[7.31,51.60074]},"properties":{"id":"osm:way-762444758","version":"0660ae489fa3d127f79b2ff086be39e0191d00d923d1c2a645cf12d7d4cb59ae","cityId":"castrop-rauxel","kind":"place","category":"kindergarten","title":"AWO Kindergarten Henrichenburg","statement":"AWO Kindergarten Henrichenburg ist in OpenStreetMap als kindergarten eingetragen. Betrieb und Öffnungszeiten nicht geprüft.","status":"OSM-Eintrag, nicht offiziell geprüft","startDate":null,"endDate":null,"nextStep":"Aktuelle Angaben direkt beim Ort prüfen.","scale":"street","geometryPrecision":"approximate","reviewState":"candidate","asOf":"2026-09-26T17:19:44.197Z","sourceCount":1,"primarySource":{"url":"https://www.openstreetmap.org/way/762444758","title":"OpenStreetMap contributors","publisher":"OpenStreetMap contributors","licence":"ODbL 1.0","reuse":"open_licence"}}},{"type":"Feature","geometry":{"type":"Point","coordinates":[7.31591,51.54685]},"properties":{"id":"osm:way-767846869","version":"c180905170a48b7b8573db0ee72027174e9f4d77d23d77c0cf71b611004114b2","cityId":"castrop-rauxel","kind":"place","category":"hospital","title":"St. Rochus-Hospital","statement":"St. Rochus-Hospital ist in OpenStreetMap als hospital eingetragen. Betrieb und Öffnungszeiten nicht geprüft.","status":"OSM-Eintrag, nicht offiziell geprüft","startDate":null,"endDate":null,"nextStep":"Aktuelle Angaben direkt beim Ort prüfen.","scale":"street","geometryPrecision":"approximate","reviewState":"candidate","asOf":"2026-09-26T17:19:44.197Z","sourceCount":1,"primarySource":{"url":"https://www.openstreetmap.org/way/767846869","title":"OpenStreetMap contributors","publisher":"OpenStreetMap contributors","licence":"ODbL 1.0","reuse":"open_licence"}}},{"type":"Feature","geometry":{"type":"Point","coordinates":[7.32001,51.56739]},"properties":{"id":"osm:way-767846870","version":"d51a8d95b3b93f999d4df9eb312aaaf93733f0abb5d7fca039f00716f7229a6b","cityId":"castrop-rauxel","kind":"place","category":"hospital","title":"Evangelisches Krankenhaus Castrop-Rauxel","statement":"Evangelisches Krankenhaus Castrop-Rauxel ist in OpenStreetMap als hospital eingetragen. Betrieb und Öffnungszeiten nicht geprüft.","status":"OSM-Eintrag, nicht offiziell geprüft","startDate":null,"endDate":null,"nextStep":"Aktuelle Angaben direkt beim Ort prüfen.","scale":"street","geometryPrecision":"approximate","reviewState":"candidate","asOf":"2026-09-26T17:19:44.197Z","sourceCount":1,"primarySource":{"url":"https://www.openstreetmap.org/way/767846870","title":"OpenStreetMap contributors","publisher":"OpenStreetMap contributors","licence":"ODbL 1.0","reuse":"open_licence"}}},{"type":"Feature","geometry":{"type":"Point","coordinates":[7.3227,51.55989]},"properties":{"id":"osm:way-770515992","version":"e01fdf301dc1a0b8430d0003cb5e6ffd49b66e14925cfa188206c4fc1f669360","cityId":"castrop-rauxel","kind":"place","category":"supermarket","title":"Netto Marken-Discount","statement":"Netto Marken-Discount ist in OpenStreetMap als supermarket eingetragen. Öffnungszeiten in OSM eingetragen; nicht unabhängig bestätigt.","status":"OSM-Eintrag, nicht offiziell geprüft","startDate":null,"endDate":null,"nextStep":"Aktuelle Angaben direkt beim Ort prüfen.","scale":"street","geometryPrecision":"approximate","reviewState":"candidate","asOf":"2026-09-26T17:19:44.197Z","sourceCount":1,"primarySource":{"url":"https://www.openstreetmap.org/way/770515992","title":"OpenStreetMap contributors","publisher":"OpenStreetMap contributors","licence":"ODbL 1.0","reuse":"open_licence"}}},{"type":"Feature","geometry":{"type":"Point","coordinates":[7.29372,51.55047]},"properties":{"id":"osm:way-79023545","version":"59f0ccd2a4c7934738a8f9a907ea2f723c2aba5be736dad2c79d17238bbce8ff","cityId":"castrop-rauxel","kind":"place","category":"bakery","title":"Geiping","statement":"Geiping ist in OpenStreetMap als bakery eingetragen. Öffnungszeiten in OSM eingetragen; nicht unabhängig bestätigt.","status":"OSM-Eintrag, nicht offiziell geprüft","startDate":null,"endDate":null,"nextStep":"Aktuelle Angaben direkt beim Ort prüfen.","scale":"street","geometryPrecision":"approximate","reviewState":"candidate","asOf":"2026-09-26T17:19:44.197Z","sourceCount":1,"primarySource":{"url":"https://www.openstreetmap.org/way/79023545","title":"OpenStreetMap contributors","publisher":"OpenStreetMap contributors","licence":"ODbL 1.0","reuse":"open_licence"}}},{"type":"Feature","geometry":{"type":"Point","coordinates":[7.30331,51.54305]},"properties":{"id":"osm:way-79273348","version":"28e1d3a7d19a10a267914c99bf14f0dd8f738c2b26b997bb63492f9f79d36d7c","cityId":"castrop-rauxel","kind":"place","category":"soccer","title":"Sv Wacker Obercastrop e.V.","statement":"Sv Wacker Obercastrop e.V. ist in OpenStreetMap als soccer eingetragen. Betrieb und Öffnungszeiten nicht geprüft.","status":"OSM-Eintrag, nicht offiziell geprüft","startDate":null,"endDate":null,"nextStep":"Aktuelle Angaben direkt beim Ort prüfen.","scale":"street","geometryPrecision":"approximate","reviewState":"candidate","asOf":"2026-09-26T17:19:44.197Z","sourceCount":1,"primarySource":{"url":"https://www.openstreetmap.org/way/79273348","title":"OpenStreetMap contributors","publisher":"OpenStreetMap contributors","licence":"ODbL 1.0","reuse":"open_licence"}}},{"type":"Feature","geometry":{"type":"Point","coordinates":[7.30303,51.54322]},"properties":{"id":"osm:way-79273349","version":"97e6c0156893ad42992dc8f877611eccb3af6ec8fd56d586975da0da8d2074f0","cityId":"castrop-rauxel","kind":"place","category":"soccer","title":"Sv Wacker Obercastrop e.V.","statement":"Sv Wacker Obercastrop e.V. ist in OpenStreetMap als soccer eingetragen. Betrieb und Öffnungszeiten nicht geprüft.","status":"OSM-Eintrag, nicht offiziell geprüft","startDate":null,"endDate":null,"nextStep":"Aktuelle Angaben direkt beim Ort prüfen.","scale":"street","geometryPrecision":"approximate","reviewState":"candidate","asOf":"2026-09-26T17:19:44.197Z","sourceCount":1,"primarySource":{"url":"https://www.openstreetmap.org/way/79273349","title":"OpenStreetMap contributors","publisher":"OpenStreetMap contributors","licence":"ODbL 1.0","reuse":"open_licence"}}},{"type":"Feature","geometry":{"type":"Point","coordinates":[7.29968,51.58523]},"properties":{"id":"osm:way-810454684","version":"6cb7beaa48d8c02a1920b64f542a55abe66b128db7f5dbd249209a541c7e3bbd","cityId":"castrop-rauxel","kind":"place","category":"sport","title":"TBR","statement":"TBR ist in OpenStreetMap als sport eingetragen. Betrieb und Öffnungszeiten nicht geprüft.","status":"OSM-Eintrag, nicht offiziell geprüft","startDate":null,"endDate":null,"nextStep":"Aktuelle Angaben direkt beim Ort prüfen.","scale":"street","geometryPrecision":"approximate","reviewState":"candidate","asOf":"2026-09-26T17:19:44.197Z","sourceCount":1,"primarySource":{"url":"https://www.openstreetmap.org/way/810454684","title":"OpenStreetMap contributors","publisher":"OpenStreetMap contributors","licence":"ODbL 1.0","reuse":"open_licence"}}},{"type":"Feature","geometry":{"type":"Point","coordinates":[7.31717,51.60124]},"properties":{"id":"osm:way-88145086","version":"b743f037dff2e18bbee5ad58909eb9e9b8c161e0e42c0e351a46d4650f90134d","cityId":"castrop-rauxel","kind":"place","category":"school","title":"Grundschule Alter Garten","statement":"Grundschule Alter Garten ist in OpenStreetMap als school eingetragen. Betrieb und Öffnungszeiten nicht geprüft.","status":"OSM-Eintrag, nicht offiziell geprüft","startDate":null,"endDate":null,"nextStep":"Aktuelle Angaben direkt beim Ort prüfen.","scale":"street","geometryPrecision":"approximate","reviewState":"candidate","asOf":"2026-09-26T17:19:44.197Z","sourceCount":1,"primarySource":{"url":"https://www.openstreetmap.org/way/88145086","title":"OpenStreetMap contributors","publisher":"OpenStreetMap contributors","licence":"ODbL 1.0","reuse":"open_licence"}}},{"type":"Feature","geometry":{"type":"Point","coordinates":[7.33165,51.599]},"properties":{"id":"osm:way-88145087","version":"ad04889697a2fac41abb5b1714c5a5987e9061864731fe1da0738a44490ff045","cityId":"castrop-rauxel","kind":"place","category":"school","title":"Neue Gesamtschule Ickern","statement":"Neue Gesamtschule Ickern ist in OpenStreetMap als school eingetragen. Betrieb und Öffnungszeiten nicht geprüft.","status":"OSM-Eintrag, nicht offiziell geprüft","startDate":null,"endDate":null,"nextStep":"Aktuelle Angaben direkt beim Ort prüfen.","scale":"street","geometryPrecision":"approximate","reviewState":"candidate","asOf":"2026-09-26T17:19:44.197Z","sourceCount":1,"primarySource":{"url":"https://www.openstreetmap.org/way/88145087","title":"OpenStreetMap contributors","publisher":"OpenStreetMap contributors","licence":"ODbL 1.0","reuse":"open_licence"}}},{"type":"Feature","geometry":{"type":"Point","coordinates":[7.32046,51.59693]},"properties":{"id":"osm:way-88147450","version":"7cb3e38c63174f5313ebd1671e2e5665c2d349ead1f223bd0e5ef59c7afa8b89","cityId":"castrop-rauxel","kind":"place","category":"kindergarten","title":"Stephanuskindergarten","statement":"Stephanuskindergarten ist in OpenStreetMap als kindergarten eingetragen. Betrieb und Öffnungszeiten nicht geprüft.","status":"OSM-Eintrag, nicht offiziell geprüft","startDate":null,"endDate":null,"nextStep":"Aktuelle Angaben direkt beim Ort prüfen.","scale":"street","geometryPrecision":"approximate","reviewState":"candidate","asOf":"2026-09-26T17:19:44.197Z","sourceCount":1,"primarySource":{"url":"https://www.openstreetmap.org/way/88147450","title":"OpenStreetMap contributors","publisher":"OpenStreetMap contributors","licence":"ODbL 1.0","reuse":"open_licence"}}},{"type":"Feature","geometry":{"type":"Point","coordinates":[7.30678,51.56476]},"properties":{"id":"osm:way-88204681","version":"9ccfc07c8f4ff133165ec5fa2b8405656ee5a7d462f1e7f234224ee2913056e1","cityId":"castrop-rauxel","kind":"place","category":"swimming","title":"Hallenbad","statement":"Hallenbad ist in OpenStreetMap als swimming eingetragen. Öffnungszeiten in OSM eingetragen; nicht unabhängig bestätigt.","status":"OSM-Eintrag, nicht offiziell geprüft","startDate":null,"endDate":null,"nextStep":"Aktuelle Angaben direkt beim Ort prüfen.","scale":"street","geometryPrecision":"approximate","reviewState":"candidate","asOf":"2026-09-26T17:19:44.197Z","sourceCount":1,"primarySource":{"url":"https://www.openstreetmap.org/way/88204681","title":"OpenStreetMap contributors","publisher":"OpenStreetMap contributors","licence":"ODbL 1.0","reuse":"open_licence"}}},{"type":"Feature","geometry":{"type":"Point","coordinates":[7.31032,51.56289]},"properties":{"id":"osm:way-88204720","version":"07ff6987684eab86b9fa90a3e5e9bc64e7dd514e486a66186a7da576de75cc36","cityId":"castrop-rauxel","kind":"place","category":"school","title":"Willy-Brandt-Gesamtschule","statement":"Willy-Brandt-Gesamtschule ist in OpenStreetMap als school eingetragen. Betrieb und Öffnungszeiten nicht geprüft.","status":"OSM-Eintrag, nicht offiziell geprüft","startDate":null,"endDate":null,"nextStep":"Aktuelle Angaben direkt beim Ort prüfen.","scale":"street","geometryPrecision":"approximate","reviewState":"candidate","asOf":"2026-09-26T17:19:44.197Z","sourceCount":1,"primarySource":{"url":"https://www.openstreetmap.org/way/88204720","title":"OpenStreetMap contributors","publisher":"OpenStreetMap contributors","licence":"ODbL 1.0","reuse":"open_licence"}}},{"type":"Feature","geometry":{"type":"Point","coordinates":[7.31145,51.56544]},"properties":{"id":"osm:way-88204765","version":"29bcaf5b2f170ebcd2fe3ea9e8501437bf44bd9e5c79a7aeb6e756b17f70cbca","cityId":"castrop-rauxel","kind":"place","category":"townhall","title":"Rathaus Castrop-Rauxel","statement":"Rathaus Castrop-Rauxel ist in OpenStreetMap als townhall eingetragen. Betrieb und Öffnungszeiten nicht geprüft.","status":"OSM-Eintrag, nicht offiziell geprüft","startDate":null,"endDate":null,"nextStep":"Aktuelle Angaben direkt beim Ort prüfen.","scale":"street","geometryPrecision":"approximate","reviewState":"candidate","asOf":"2026-09-26T17:19:44.197Z","sourceCount":1,"primarySource":{"url":"https://www.openstreetmap.org/way/88204765","title":"OpenStreetMap contributors","publisher":"OpenStreetMap contributors","licence":"ODbL 1.0","reuse":"open_licence"}}},{"type":"Feature","geometry":{"type":"Point","coordinates":[7.31078,51.54617]},"properties":{"id":"osm:way-88267877","version":"c4b4e3a2913c18b4c396f2f6cd76216071ff2bccef4269fe8d36365367186e90","cityId":"castrop-rauxel","kind":"place","category":"school","title":"Altes Gabäude/SV","statement":"Altes Gabäude/SV ist in OpenStreetMap als school eingetragen. Betrieb und Öffnungszeiten nicht geprüft.","status":"OSM-Eintrag, nicht offiziell geprüft","startDate":null,"endDate":null,"nextStep":"Aktuelle Angaben direkt beim Ort prüfen.","scale":"street","geometryPrecision":"approximate","reviewState":"candidate","asOf":"2026-09-26T17:19:44.197Z","sourceCount":1,"primarySource":{"url":"https://www.openstreetmap.org/way/88267877","title":"OpenStreetMap contributors","publisher":"OpenStreetMap contributors","licence":"ODbL 1.0","reuse":"open_licence"}}},{"type":"Feature","geometry":{"type":"Point","coordinates":[7.31093,51.54637]},"properties":{"id":"osm:way-88267883","version":"f0ce3f3372d8c25fd1c51dc7e19f55d8c1a6c469c2f014f7828052c5a171f220","cityId":"castrop-rauxel","kind":"place","category":"school","title":"Oberstufengebäude","statement":"Oberstufengebäude ist in OpenStreetMap als school eingetragen. Betrieb und Öffnungszeiten nicht geprüft.","status":"OSM-Eintrag, nicht offiziell geprüft","startDate":null,"endDate":null,"nextStep":"Aktuelle Angaben direkt beim Ort prüfen.","scale":"street","geometryPrecision":"approximate","reviewState":"candidate","asOf":"2026-09-26T17:19:44.197Z","sourceCount":1,"primarySource":{"url":"https://www.openstreetmap.org/way/88267883","title":"OpenStreetMap contributors","publisher":"OpenStreetMap contributors","licence":"ODbL 1.0","reuse":"open_licence"}}},{"type":"Feature","geometry":{"type":"Point","coordinates":[7.30933,51.54569]},"properties":{"id":"osm:way-88267884","version":"43fbb727b59f810803a4bdf10406a0db4f879e74cec17c8df1816647172e67f4","cityId":"castrop-rauxel","kind":"place","category":"school","title":"Adalbert-Stifter-Gymnasium/Cafeteria","statement":"Adalbert-Stifter-Gymnasium/Cafeteria ist in OpenStreetMap als school eingetragen. Betrieb und Öffnungszeiten nicht geprüft.","status":"OSM-Eintrag, nicht offiziell geprüft","startDate":null,"endDate":null,"nextStep":"Aktuelle Angaben direkt beim Ort prüfen.","scale":"street","geometryPrecision":"approximate","reviewState":"candidate","asOf":"2026-09-26T17:19:44.197Z","sourceCount":1,"primarySource":{"url":"https://www.openstreetmap.org/way/88267884","title":"OpenStreetMap contributors","publisher":"OpenStreetMap contributors","licence":"ODbL 1.0","reuse":"open_licence"}}},{"type":"Feature","geometry":{"type":"Point","coordinates":[7.30973,51.54626]},"properties":{"id":"osm:way-88267888","version":"7ad4ca917ffe34de87965b2f435d65825bfe66cb1ad9bec7bb6e2485ed05a0d1","cityId":"castrop-rauxel","kind":"place","category":"school","title":"Adalbert-Stifter-Gymnasium","statement":"Adalbert-Stifter-Gymnasium ist in OpenStreetMap als school eingetragen. Betrieb und Öffnungszeiten nicht geprüft.","status":"OSM-Eintrag, nicht offiziell geprüft","startDate":null,"endDate":null,"nextStep":"Aktuelle Angaben direkt beim Ort prüfen.","scale":"street","geometryPrecision":"approximate","reviewState":"candidate","asOf":"2026-09-26T17:19:44.197Z","sourceCount":1,"primarySource":{"url":"https://www.openstreetmap.org/way/88267888","title":"OpenStreetMap contributors","publisher":"OpenStreetMap contributors","licence":"ODbL 1.0","reuse":"open_licence"}}},{"type":"Feature","geometry":{"type":"Point","coordinates":[7.32917,51.56581]},"properties":{"id":"osm:way-887735577","version":"0bdf6c5e6687d8cf7e1d7b5b18f75cc918b7d271770166419fb82927d82dadc0","cityId":"castrop-rauxel","kind":"place","category":"kindergarten","title":"Kindertageseinrichtung und Familienzentrum Wittenberger Straße","statement":"Kindertageseinrichtung und Familienzentrum Wittenberger Straße ist in OpenStreetMap als kindergarten eingetragen. Betrieb und Öffnungszeiten nicht geprüft.","status":"OSM-Eintrag, nicht offiziell geprüft","startDate":null,"endDate":null,"nextStep":"Aktuelle Angaben direkt beim Ort prüfen.","scale":"street","geometryPrecision":"approximate","reviewState":"candidate","asOf":"2026-09-26T17:19:44.197Z","sourceCount":1,"primarySource":{"url":"https://www.openstreetmap.org/way/887735577","title":"OpenStreetMap contributors","publisher":"OpenStreetMap contributors","licence":"ODbL 1.0","reuse":"open_licence"}}},{"type":"Feature","geometry":{"type":"Point","coordinates":[7.30234,51.56793]},"properties":{"id":"osm:way-887741609","version":"436bcf97e511f7c4f45bb8384640ed247fce35b774082274c8af21c2a7af3f81","cityId":"castrop-rauxel","kind":"place","category":"school","title":"Waldschule","statement":"Waldschule ist in OpenStreetMap als school eingetragen. Betrieb und Öffnungszeiten nicht geprüft.","status":"OSM-Eintrag, nicht offiziell geprüft","startDate":null,"endDate":null,"nextStep":"Aktuelle Angaben direkt beim Ort prüfen.","scale":"street","geometryPrecision":"approximate","reviewState":"candidate","asOf":"2026-09-26T17:19:44.197Z","sourceCount":1,"primarySource":{"url":"https://www.openstreetmap.org/way/887741609","title":"OpenStreetMap contributors","publisher":"OpenStreetMap contributors","licence":"ODbL 1.0","reuse":"open_licence"}}},{"type":"Feature","geometry":{"type":"Point","coordinates":[7.30308,51.56725]},"properties":{"id":"osm:way-887741610","version":"d60c16c1f1b7f4d8fd866bbe5066a2ac8196426c3a7060a796f51f837918796c","cityId":"castrop-rauxel","kind":"place","category":"kindergarten","title":"Kita am Wald","statement":"Kita am Wald ist in OpenStreetMap als kindergarten eingetragen. Betrieb und Öffnungszeiten nicht geprüft.","status":"OSM-Eintrag, nicht offiziell geprüft","startDate":null,"endDate":null,"nextStep":"Aktuelle Angaben direkt beim Ort prüfen.","scale":"street","geometryPrecision":"approximate","reviewState":"candidate","asOf":"2026-09-26T17:19:44.197Z","sourceCount":1,"primarySource":{"url":"https://www.openstreetmap.org/way/887741610","title":"OpenStreetMap contributors","publisher":"OpenStreetMap contributors","licence":"ODbL 1.0","reuse":"open_licence"}}},{"type":"Feature","geometry":{"type":"Point","coordinates":[7.31224,51.55992]},"properties":{"id":"osm:way-95564460","version":"c52239b3c087cc4aba54aef696a6c7e8fb399eb9b8f899cd5bcafbe48cd78376","cityId":"castrop-rauxel","kind":"place","category":"school","title":"Ernst-Barlach-Gymnasium","statement":"Ernst-Barlach-Gymnasium ist in OpenStreetMap als school eingetragen. Betrieb und Öffnungszeiten nicht geprüft.","status":"OSM-Eintrag, nicht offiziell geprüft","startDate":null,"endDate":null,"nextStep":"Aktuelle Angaben direkt beim Ort prüfen.","scale":"street","geometryPrecision":"approximate","reviewState":"candidate","asOf":"2026-09-26T17:19:44.197Z","sourceCount":1,"primarySource":{"url":"https://www.openstreetmap.org/way/95564460","title":"OpenStreetMap contributors","publisher":"OpenStreetMap contributors","licence":"ODbL 1.0","reuse":"open_licence"}}},{"type":"Feature","geometry":{"type":"Point","coordinates":[7.30412,51.55201]},"properties":{"id":"osm:way-95856602","version":"0a80201ab2cc9b62ea00d843edd14a96dae950af43035d92f8836716339b1be8","cityId":"castrop-rauxel","kind":"place","category":"school","title":"Löwenherz Grundschule","statement":"Löwenherz Grundschule ist in OpenStreetMap als school eingetragen. Betrieb und Öffnungszeiten nicht geprüft.","status":"OSM-Eintrag, nicht offiziell geprüft","startDate":null,"endDate":null,"nextStep":"Aktuelle Angaben direkt beim Ort prüfen.","scale":"street","geometryPrecision":"approximate","reviewState":"candidate","asOf":"2026-09-26T17:19:44.197Z","sourceCount":1,"primarySource":{"url":"https://www.openstreetmap.org/way/95856602","title":"OpenStreetMap contributors","publisher":"OpenStreetMap contributors","licence":"ODbL 1.0","reuse":"open_licence"}}}]}
