{
  "type": "FeatureCollection",
  "features": [
    {
      "type": "Feature",
      "geometry": {
        "type": "LineString",
        "coordinates": [
          [
            7.536401861951459,
            51.32218137701904
          ],
          [
            7.529114381912332,
            51.32970130947135
          ]
        ]
      },
      "properties": {
        "id": "autobahn:2023-001227--vi-bs.2022-05-03_19-00-00-000.devi-zus.2022-05-03_19-00-00-000.f_001.de1",
        "version": "c4d5979d468112be98d69f8c087c8b6dbf678c6282d2aef3f2f567900afcd798",
        "cityId": "castrop-rauxel",
        "kind": "roadworks",
        "category": "Autobahn-Baustelle",
        "title": "A45 | Brunsbecke - Waterhövel",
        "statement": "A45 | Brunsbecke - Waterhövel: eine Baustelle ist im Autobahn-Verkehrsdienst verzeichnet. A45: Gießen -> Hagen, zwischen Brunsbecke und 0.9 km vor Waterhövel Die Lage kann auch eine Pendelstrecke außerhalb des Stadtgebiets betreffen.",
        "status": "im Verkehrsdienst geführt",
        "startDate": "2022-05-03",
        "endDate": "2030-10-30",
        "nextStep": "Aktuelle Verkehrs- und Sperrinformationen beim Betreiber prüfen.",
        "unknowns": [
          "Genauer Verkehrsverlauf und tatsächliche Dauer vor Ort"
        ],
        "scale": "district",
        "geometryPrecision": "approximate",
        "sources": [
          {
            "url": "https://verkehr.autobahn.de/o/autobahn/A45/services/roadworks",
            "snapshotUrl": "https://verkehr.autobahn.de/o/autobahn/A45/services/roadworks",
            "title": "Autobahn A45 roadworks",
            "publisher": "Autobahn GmbH",
            "locator": "roadworks[identifier=2023-001227--vi-bs.2022-05-03_19-00-00-000.devi-zus.2022-05-03_19-00-00-000.f_001.de1]",
            "retrievedAt": "2026-09-26T16:53:35.186Z",
            "sha256": "bd4ec4c75ec1bbab229b03b5b86758578f46996b775d490817a289c82da17d4f",
            "snapshot": true,
            "licence": "unknown",
            "reuse": "unknown"
          }
        ],
        "extraction": {
          "method": "structured"
        },
        "reviewState": "candidate",
        "asOf": "2026-09-26T16:53:35.186Z"
      }
    },
    {
      "type": "Feature",
      "geometry": {
        "type": "LineString",
        "coordinates": [
          [
            7.529022944372803,
            51.32968716806731
          ],
          [
            7.536252431866938,
            51.32208526954804
          ]
        ]
      },
      "properties": {
        "id": "autobahn:2023-001227--vi-bs.2022-05-03_19-00-00-000.devi-zus.2022-05-03_19-00-00-000.f_001.de3",
        "version": "986a0232bec2a1aca02b112b7fb2f6a7f58c322c5b273662bf2d9206bbd9278b",
        "cityId": "castrop-rauxel",
        "kind": "roadworks",
        "category": "Autobahn-Baustelle",
        "title": "A45 | Waterhövel - Brunsbecke",
        "statement": "A45 | Waterhövel - Brunsbecke: eine Baustelle ist im Autobahn-Verkehrsdienst verzeichnet. A45: Hagen -> Gießen, zwischen 0.9 km hinter Waterhövel und Brunsbecke Die Lage kann auch eine Pendelstrecke außerhalb des Stadtgebiets betreffen.",
        "status": "im Verkehrsdienst geführt",
        "startDate": "2022-05-03",
        "endDate": "2030-10-30",
        "nextStep": "Aktuelle Verkehrs- und Sperrinformationen beim Betreiber prüfen.",
        "unknowns": [
          "Genauer Verkehrsverlauf und tatsächliche Dauer vor Ort"
        ],
        "scale": "district",
        "geometryPrecision": "approximate",
        "sources": [
          {
            "url": "https://verkehr.autobahn.de/o/autobahn/A45/services/roadworks",
            "snapshotUrl": "https://verkehr.autobahn.de/o/autobahn/A45/services/roadworks",
            "title": "Autobahn A45 roadworks",
            "publisher": "Autobahn GmbH",
            "locator": "roadworks[identifier=2023-001227--vi-bs.2022-05-03_19-00-00-000.devi-zus.2022-05-03_19-00-00-000.f_001.de3]",
            "retrievedAt": "2026-09-26T16:53:35.186Z",
            "sha256": "bd4ec4c75ec1bbab229b03b5b86758578f46996b775d490817a289c82da17d4f",
            "snapshot": true,
            "licence": "unknown",
            "reuse": "unknown"
          }
        ],
        "extraction": {
          "method": "structured"
        },
        "reviewState": "candidate",
        "asOf": "2026-09-26T16:53:35.186Z"
      }
    },
    {
      "type": "Feature",
      "geometry": {
        "type": "LineString",
        "coordinates": [
          [
            7.543446163057389,
            51.31910444990989
          ],
          [
            7.536401861951459,
            51.32218137701904
          ]
        ]
      },
      "properties": {
        "id": "autobahn:2023-001227--vi-bs.2022-05-03_19-00-00-000.devi-zus.2022-05-03_19-00-00-000.f_001.de5",
        "version": "bfda98eba82f020c8f64cfe3fa3ebdb855fd5591a0c222a8bba980b2f0d2efa5",
        "cityId": "castrop-rauxel",
        "kind": "roadworks",
        "category": "Autobahn-Baustelle",
        "title": "A45 | Rölveder Mühle - Waterhövel",
        "statement": "A45 | Rölveder Mühle - Waterhövel: eine Baustelle ist im Autobahn-Verkehrsdienst verzeichnet. A45: Gießen -> Hagen, zwischen 4.4 km hinter Rölveder Mühle und 1.9 km vor Waterhövel Die Lage kann auch eine Pendelstrecke außerhalb des Stadtgebiets betreffen.",
        "status": "im Verkehrsdienst geführt",
        "startDate": "2022-05-03",
        "endDate": "2030-10-30",
        "nextStep": "Aktuelle Verkehrs- und Sperrinformationen beim Betreiber prüfen.",
        "unknowns": [
          "Genauer Verkehrsverlauf und tatsächliche Dauer vor Ort"
        ],
        "scale": "district",
        "geometryPrecision": "approximate",
        "sources": [
          {
            "url": "https://verkehr.autobahn.de/o/autobahn/A45/services/roadworks",
            "snapshotUrl": "https://verkehr.autobahn.de/o/autobahn/A45/services/roadworks",
            "title": "Autobahn A45 roadworks",
            "publisher": "Autobahn GmbH",
            "locator": "roadworks[identifier=2023-001227--vi-bs.2022-05-03_19-00-00-000.devi-zus.2022-05-03_19-00-00-000.f_001.de5]",
            "retrievedAt": "2026-09-26T16:53:35.186Z",
            "sha256": "bd4ec4c75ec1bbab229b03b5b86758578f46996b775d490817a289c82da17d4f",
            "snapshot": true,
            "licence": "unknown",
            "reuse": "unknown"
          }
        ],
        "extraction": {
          "method": "structured"
        },
        "reviewState": "candidate",
        "asOf": "2026-09-26T16:53:35.186Z"
      }
    },
    {
      "type": "Feature",
      "geometry": {
        "type": "LineString",
        "coordinates": [
          [
            7.525569561633511,
            51.349833656461044
          ],
          [
            7.5243462018874965,
            51.34026714940574
          ]
        ]
      },
      "properties": {
        "id": "autobahn:2023-001227--vi-bs.2022-05-20_19-00-00-000.devi-zus.2022-05-03_19-00-00-000.f_001.de11",
        "version": "db5aabd911e426d3064ec48c2b7ebbd13a1cff837ad4e1fb7936c99bef78538b",
        "cityId": "castrop-rauxel",
        "kind": "roadworks",
        "category": "Autobahn-Baustelle",
        "title": "A45 | Hagen - Waterhövel",
        "statement": "A45 | Hagen - Waterhövel: eine Baustelle ist im Autobahn-Verkehrsdienst verzeichnet. A45: Dortmund -> Gießen, zwischen 2.4 km hinter AK Hagen und 0.3 km vor Waterhövel Die Lage kann auch eine Pendelstrecke außerhalb des Stadtgebiets betreffen.",
        "status": "im Verkehrsdienst geführt",
        "startDate": "2022-05-20",
        "endDate": "2030-10-30",
        "nextStep": "Aktuelle Verkehrs- und Sperrinformationen beim Betreiber prüfen.",
        "unknowns": [
          "Genauer Verkehrsverlauf und tatsächliche Dauer vor Ort"
        ],
        "scale": "district",
        "geometryPrecision": "approximate",
        "sources": [
          {
            "url": "https://verkehr.autobahn.de/o/autobahn/A45/services/roadworks",
            "snapshotUrl": "https://verkehr.autobahn.de/o/autobahn/A45/services/roadworks",
            "title": "Autobahn A45 roadworks",
            "publisher": "Autobahn GmbH",
            "locator": "roadworks[identifier=2023-001227--vi-bs.2022-05-20_19-00-00-000.devi-zus.2022-05-03_19-00-00-000.f_001.de11]",
            "retrievedAt": "2026-09-26T16:53:35.186Z",
            "sha256": "bd4ec4c75ec1bbab229b03b5b86758578f46996b775d490817a289c82da17d4f",
            "snapshot": true,
            "licence": "unknown",
            "reuse": "unknown"
          }
        ],
        "extraction": {
          "method": "structured"
        },
        "reviewState": "candidate",
        "asOf": "2026-09-26T16:53:35.186Z"
      }
    },
    {
      "type": "Feature",
      "geometry": {
        "type": "LineString",
        "coordinates": [
          [
            7.529067787035351,
            51.32978114944485
          ],
          [
            7.524590795343559,
            51.34012332678195
          ]
        ]
      },
      "properties": {
        "id": "autobahn:2023-001227--vi-bs.2022-05-20_19-00-00-000.devi-zus.2022-05-03_19-00-00-000.f_001.de7",
        "version": "6b62f66a47f4d14b5b1f933a1d5d69cfc486b630ddc7538896b244d94b463468",
        "cityId": "castrop-rauxel",
        "kind": "roadworks",
        "category": "Autobahn-Baustelle",
        "title": "A45 | Brunsbecke - Hagen-Süd",
        "statement": "A45 | Brunsbecke - Hagen-Süd: eine Baustelle ist im Autobahn-Verkehrsdienst verzeichnet. A45: Gießen -> Hagen, zwischen 1.0 km hinter Brunsbecke und 0.9 km vor AS Hagen-Süd Die Lage kann auch eine Pendelstrecke außerhalb des Stadtgebiets betreffen.",
        "status": "im Verkehrsdienst geführt",
        "startDate": "2022-05-20",
        "endDate": "2030-10-30",
        "nextStep": "Aktuelle Verkehrs- und Sperrinformationen beim Betreiber prüfen.",
        "unknowns": [
          "Genauer Verkehrsverlauf und tatsächliche Dauer vor Ort"
        ],
        "scale": "district",
        "geometryPrecision": "approximate",
        "sources": [
          {
            "url": "https://verkehr.autobahn.de/o/autobahn/A45/services/roadworks",
            "snapshotUrl": "https://verkehr.autobahn.de/o/autobahn/A45/services/roadworks",
            "title": "Autobahn A45 roadworks",
            "publisher": "Autobahn GmbH",
            "locator": "roadworks[identifier=2023-001227--vi-bs.2022-05-20_19-00-00-000.devi-zus.2022-05-03_19-00-00-000.f_001.de7]",
            "retrievedAt": "2026-09-26T16:53:35.186Z",
            "sha256": "bd4ec4c75ec1bbab229b03b5b86758578f46996b775d490817a289c82da17d4f",
            "snapshot": true,
            "licence": "unknown",
            "reuse": "unknown"
          }
        ],
        "extraction": {
          "method": "structured"
        },
        "reviewState": "candidate",
        "asOf": "2026-09-26T16:53:35.186Z"
      }
    },
    {
      "type": "Feature",
      "geometry": {
        "type": "LineString",
        "coordinates": [
          [
            7.524381696510797,
            51.34010341967486
          ],
          [
            7.528986082263133,
            51.32976467031813
          ]
        ]
      },
      "properties": {
        "id": "autobahn:2023-001227--vi-bs.2022-05-20_19-00-00-000.devi-zus.2022-05-03_19-00-00-000.f_001.de9",
        "version": "6cbb02ca2ab2925742c3b29fff1e7fd9ff35f2d0890223815237e6622f2b4388",
        "cityId": "castrop-rauxel",
        "kind": "roadworks",
        "category": "Autobahn-Baustelle",
        "title": "A45 | Hagen-Süd - Brunsbecke",
        "statement": "A45 | Hagen-Süd - Brunsbecke: eine Baustelle ist im Autobahn-Verkehrsdienst verzeichnet. A45: Hagen -> Gießen, zwischen 0.9 km hinter AS Hagen-Süd und 1.0 km vor Brunsbecke Die Lage kann auch eine Pendelstrecke außerhalb des Stadtgebiets betreffen.",
        "status": "im Verkehrsdienst geführt",
        "startDate": "2022-05-20",
        "endDate": "2030-10-30",
        "nextStep": "Aktuelle Verkehrs- und Sperrinformationen beim Betreiber prüfen.",
        "unknowns": [
          "Genauer Verkehrsverlauf und tatsächliche Dauer vor Ort"
        ],
        "scale": "district",
        "geometryPrecision": "approximate",
        "sources": [
          {
            "url": "https://verkehr.autobahn.de/o/autobahn/A45/services/roadworks",
            "snapshotUrl": "https://verkehr.autobahn.de/o/autobahn/A45/services/roadworks",
            "title": "Autobahn A45 roadworks",
            "publisher": "Autobahn GmbH",
            "locator": "roadworks[identifier=2023-001227--vi-bs.2022-05-20_19-00-00-000.devi-zus.2022-05-03_19-00-00-000.f_001.de9]",
            "retrievedAt": "2026-09-26T16:53:35.186Z",
            "sha256": "bd4ec4c75ec1bbab229b03b5b86758578f46996b775d490817a289c82da17d4f",
            "snapshot": true,
            "licence": "unknown",
            "reuse": "unknown"
          }
        ],
        "extraction": {
          "method": "structured"
        },
        "reviewState": "candidate",
        "asOf": "2026-09-26T16:53:35.186Z"
      }
    },
    {
      "type": "Feature",
      "geometry": {
        "type": "LineString",
        "coordinates": [
          [
            7.187713110055271,
            51.58355891986235
          ],
          [
            7.188388560419151,
            51.58462772893737
          ]
        ]
      },
      "properties": {
        "id": "autobahn:2023-001445--vi-fbm.2021-04-12_05-00-00-000.devi-zus.2021-04-12_05-00-00-000_001.de1",
        "version": "e0b68c1fc7865121ec26bc456c86ae7c9adfc613f45a889476f31c2e7dc55a2a",
        "cityId": "castrop-rauxel",
        "kind": "roadworks",
        "category": "Sperrung",
        "title": "A2 - Sperrung der Abfahrten auf die A43 in Richtung Wuppertal - AlD 1445",
        "statement": "A2 - Sperrung der Abfahrten auf die A43 in Richtung Wuppertal - AlD 1445: eine Sperrung ist im Autobahn-Verkehrsdienst verzeichnet. Abfahrt von der A2: AK Recklinghausen (aus Richtung Recklinghausen-Süd) Die Lage kann auch eine Pendelstrecke außerhalb des Stadtgebiets betreffen.",
        "status": "im Verkehrsdienst geführt",
        "startDate": "2021-04-12",
        "endDate": "2026-12-31",
        "nextStep": "Aktuelle Verkehrs- und Sperrinformationen beim Betreiber prüfen.",
        "unknowns": [
          "Genauer Verkehrsverlauf und tatsächliche Dauer vor Ort"
        ],
        "scale": "district",
        "geometryPrecision": "approximate",
        "sources": [
          {
            "url": "https://verkehr.autobahn.de/o/autobahn/A2/services/closure",
            "snapshotUrl": "https://verkehr.autobahn.de/o/autobahn/A2/services/closure",
            "title": "Autobahn A2 closure",
            "publisher": "Autobahn GmbH",
            "locator": "closure[identifier=2023-001445--vi-fbm.2021-04-12_05-00-00-000.devi-zus.2021-04-12_05-00-00-000_001.de1]",
            "retrievedAt": "2026-09-26T16:53:35.030Z",
            "sha256": "e0fc2b853e0f9d9d12ae4928faca5062e3d11c3004900d212bb1b58ef369db2b",
            "snapshot": true,
            "licence": "unknown",
            "reuse": "unknown"
          }
        ],
        "extraction": {
          "method": "structured"
        },
        "reviewState": "candidate",
        "asOf": "2026-09-26T16:53:35.030Z"
      }
    },
    {
      "type": "Feature",
      "geometry": {
        "type": "LineString",
        "coordinates": [
          [
            7.185780848635009,
            51.58241445242826
          ],
          [
            7.189105265879046,
            51.581655242643976
          ]
        ]
      },
      "properties": {
        "id": "autobahn:2023-001445--vi-fbm.2021-04-12_05-00-00-000.devi-zus.2021-04-12_05-00-00-000_001.de2",
        "version": "a383b6087082867d1cd0372917f0c494880e839aa509399739d237508fa68aee",
        "cityId": "castrop-rauxel",
        "kind": "roadworks",
        "category": "Sperrung",
        "title": "A2 - Sperrung der Abfahrten auf die A43 in Richtung Wuppertal - AlD 1445",
        "statement": "A2 - Sperrung der Abfahrten auf die A43 in Richtung Wuppertal - AlD 1445: eine Sperrung ist im Autobahn-Verkehrsdienst verzeichnet. Die Lage kann auch eine Pendelstrecke außerhalb des Stadtgebiets betreffen.",
        "status": "im Verkehrsdienst geführt",
        "startDate": "2021-04-12",
        "endDate": "2026-12-31",
        "nextStep": "Aktuelle Verkehrs- und Sperrinformationen beim Betreiber prüfen.",
        "unknowns": [
          "Genauer Verkehrsverlauf und tatsächliche Dauer vor Ort"
        ],
        "scale": "district",
        "geometryPrecision": "approximate",
        "sources": [
          {
            "url": "https://verkehr.autobahn.de/o/autobahn/A2/services/closure",
            "snapshotUrl": "https://verkehr.autobahn.de/o/autobahn/A2/services/closure",
            "title": "Autobahn A2 closure",
            "publisher": "Autobahn GmbH",
            "locator": "closure[identifier=2023-001445--vi-fbm.2021-04-12_05-00-00-000.devi-zus.2021-04-12_05-00-00-000_001.de2]",
            "retrievedAt": "2026-09-26T16:53:35.030Z",
            "sha256": "e0fc2b853e0f9d9d12ae4928faca5062e3d11c3004900d212bb1b58ef369db2b",
            "snapshot": true,
            "licence": "unknown",
            "reuse": "unknown"
          }
        ],
        "extraction": {
          "method": "structured"
        },
        "reviewState": "candidate",
        "asOf": "2026-09-26T16:53:35.030Z"
      }
    },
    {
      "type": "Feature",
      "geometry": {
        "type": "LineString",
        "coordinates": [
          [
            7.406249729263186,
            51.58373531665659
          ],
          [
            7.409167436212117,
            51.584047288903044
          ]
        ]
      },
      "properties": {
        "id": "autobahn:2023-002164--vi-bs.2026-04-16_13-00-00-000.devi-zus.2023-01-18_05-00-00-000.de5",
        "version": "68eebd6f153224be954ffe6772a8aee250d9813950897de6b89bb968d0b79125",
        "cityId": "castrop-rauxel",
        "kind": "roadworks",
        "category": "Autobahn-Baustelle",
        "title": "A2 | Dortmund-Mengede - Kleine Herrenthey",
        "statement": "A2 | Dortmund-Mengede - Kleine Herrenthey: eine Baustelle ist im Autobahn-Verkehrsdienst verzeichnet. A2: Oberhausen -> Dortmund, zwischen 0.9 km hinter AS Dortmund-Mengede und 1.5 km vor Kleine Herrenthey Die Lage kann auch eine Pendelstrecke außerhalb des Stadtgebiets betreffen.",
        "status": "im Verkehrsdienst geführt",
        "startDate": "2026-04-16",
        "endDate": "2029-12-31",
        "nextStep": "Aktuelle Verkehrs- und Sperrinformationen beim Betreiber prüfen.",
        "unknowns": [
          "Genauer Verkehrsverlauf und tatsächliche Dauer vor Ort"
        ],
        "scale": "district",
        "geometryPrecision": "approximate",
        "sources": [
          {
            "url": "https://verkehr.autobahn.de/o/autobahn/A2/services/roadworks",
            "snapshotUrl": "https://verkehr.autobahn.de/o/autobahn/A2/services/roadworks",
            "title": "Autobahn A2 roadworks",
            "publisher": "Autobahn GmbH",
            "locator": "roadworks[identifier=2023-002164--vi-bs.2026-04-16_13-00-00-000.devi-zus.2023-01-18_05-00-00-000.de5]",
            "retrievedAt": "2026-09-26T16:53:34.994Z",
            "sha256": "6c8b0058537db2c89c717a80019c32a6f9c56448e685ca8249a0664fe5a96712",
            "snapshot": true,
            "licence": "unknown",
            "reuse": "unknown"
          }
        ],
        "extraction": {
          "method": "structured"
        },
        "reviewState": "candidate",
        "asOf": "2026-09-26T16:53:34.994Z"
      }
    },
    {
      "type": "Feature",
      "geometry": {
        "type": "LineString",
        "coordinates": [
          [
            7.409123743798946,
            51.58421039452734
          ],
          [
            7.4062052783390016,
            51.58389668748466
          ]
        ]
      },
      "properties": {
        "id": "autobahn:2023-002164--vi-bs.2026-04-16_13-00-00-000.devi-zus.2023-01-18_05-00-00-000.de7",
        "version": "d58370da9a9007fd3c5d41fecc3d0e4a03817cd23823d892d291510dd1ba21fa",
        "cityId": "castrop-rauxel",
        "kind": "roadworks",
        "category": "Autobahn-Baustelle",
        "title": "A2 | Kleine Herrenthey - Dortmund-Mengede",
        "statement": "A2 | Kleine Herrenthey - Dortmund-Mengede: eine Baustelle ist im Autobahn-Verkehrsdienst verzeichnet. A2: Dortmund -> Oberhausen, zwischen 1.5 km hinter Kleine Herrenthey und 0.9 km vor AS Dortmund-Mengede Die Lage kann auch eine Pendelstrecke außerhalb des Stadtgebiets betreffen.",
        "status": "im Verkehrsdienst geführt",
        "startDate": "2026-04-16",
        "endDate": "2029-12-31",
        "nextStep": "Aktuelle Verkehrs- und Sperrinformationen beim Betreiber prüfen.",
        "unknowns": [
          "Genauer Verkehrsverlauf und tatsächliche Dauer vor Ort"
        ],
        "scale": "district",
        "geometryPrecision": "approximate",
        "sources": [
          {
            "url": "https://verkehr.autobahn.de/o/autobahn/A2/services/roadworks",
            "snapshotUrl": "https://verkehr.autobahn.de/o/autobahn/A2/services/roadworks",
            "title": "Autobahn A2 roadworks",
            "publisher": "Autobahn GmbH",
            "locator": "roadworks[identifier=2023-002164--vi-bs.2026-04-16_13-00-00-000.devi-zus.2023-01-18_05-00-00-000.de7]",
            "retrievedAt": "2026-09-26T16:53:34.994Z",
            "sha256": "6c8b0058537db2c89c717a80019c32a6f9c56448e685ca8249a0664fe5a96712",
            "snapshot": true,
            "licence": "unknown",
            "reuse": "unknown"
          }
        ],
        "extraction": {
          "method": "structured"
        },
        "reviewState": "candidate",
        "asOf": "2026-09-26T16:53:34.994Z"
      }
    },
    {
      "type": "Feature",
      "geometry": {
        "type": "LineString",
        "coordinates": [
          [
            7.006268642284347,
            51.50764482706619
          ],
          [
            6.998684546547366,
            51.506348373260195
          ]
        ]
      },
      "properties": {
        "id": "autobahn:2023-002969--vi-bs.2024-03-16_12-00-00-000.devi-zus.2023-11-17_11-00-00-000.de27",
        "version": "1b7ce96d18cc357afb3d7df33a3a91be8f020f20e581e7bbefc93f87dd5b6291",
        "cityId": "castrop-rauxel",
        "kind": "roadworks",
        "category": "Autobahn-Baustelle",
        "title": "A42 | Essen-Altenessen - Essen-Nord",
        "statement": "A42 | Essen-Altenessen - Essen-Nord: eine Baustelle ist im Autobahn-Verkehrsdienst verzeichnet. A42: Dortmund -> Kamp-Lintfort, zwischen 0.5 km hinter AS Essen-Altenessen und 0.2 km vor AK Essen-Nord Die Lage kann auch eine Pendelstrecke außerhalb des Stadtgebiets betreffen.",
        "status": "im Verkehrsdienst geführt",
        "startDate": "2024-03-16",
        "endDate": "2027-06-30",
        "nextStep": "Aktuelle Verkehrs- und Sperrinformationen beim Betreiber prüfen.",
        "unknowns": [
          "Genauer Verkehrsverlauf und tatsächliche Dauer vor Ort"
        ],
        "scale": "district",
        "geometryPrecision": "approximate",
        "sources": [
          {
            "url": "https://verkehr.autobahn.de/o/autobahn/A42/services/roadworks",
            "snapshotUrl": "https://verkehr.autobahn.de/o/autobahn/A42/services/roadworks",
            "title": "Autobahn A42 roadworks",
            "publisher": "Autobahn GmbH",
            "locator": "roadworks[identifier=2023-002969--vi-bs.2024-03-16_12-00-00-000.devi-zus.2023-11-17_11-00-00-000.de27]",
            "retrievedAt": "2026-09-26T16:53:35.071Z",
            "sha256": "ebaba7bfc71be9413ef32b44996785d3c29d73509073f402d356f02f9006176d",
            "snapshot": true,
            "licence": "unknown",
            "reuse": "unknown"
          }
        ],
        "extraction": {
          "method": "structured"
        },
        "reviewState": "candidate",
        "asOf": "2026-09-26T16:53:35.071Z"
      }
    },
    {
      "type": "Feature",
      "geometry": {
        "type": "LineString",
        "coordinates": [
          [
            6.9252815983182,
            51.50013751679452
          ],
          [
            6.935467535502605,
            51.50445107314053
          ]
        ]
      },
      "properties": {
        "id": "autobahn:2023-002969--vi-bs.2024-03-28_12-00-00-000.devi-zus.2023-11-17_11-00-00-000.de29",
        "version": "dacd2d7ea77c8703098d6cd10793a4ed84a05e51d9c15d38e509a23e8393fd2b",
        "cityId": "castrop-rauxel",
        "kind": "roadworks",
        "category": "Autobahn-Baustelle",
        "title": "A42 | Oberhausen Neue Mitte - Essen-Nord",
        "statement": "A42 | Oberhausen Neue Mitte - Essen-Nord: eine Baustelle ist im Autobahn-Verkehrsdienst verzeichnet. A42: Kamp-Lintfort -> Dortmund, zwischen 2.5 km hinter AS Oberhausen Neue Mitte und 4.5 km vor AK Essen-Nord Die Lage kann auch eine Pendelstrecke außerhalb des Stadtgebiets betreffen.",
        "status": "im Verkehrsdienst geführt",
        "startDate": "2024-03-28",
        "endDate": "2027-06-30",
        "nextStep": "Aktuelle Verkehrs- und Sperrinformationen beim Betreiber prüfen.",
        "unknowns": [
          "Genauer Verkehrsverlauf und tatsächliche Dauer vor Ort"
        ],
        "scale": "district",
        "geometryPrecision": "approximate",
        "sources": [
          {
            "url": "https://verkehr.autobahn.de/o/autobahn/A42/services/roadworks",
            "snapshotUrl": "https://verkehr.autobahn.de/o/autobahn/A42/services/roadworks",
            "title": "Autobahn A42 roadworks",
            "publisher": "Autobahn GmbH",
            "locator": "roadworks[identifier=2023-002969--vi-bs.2024-03-28_12-00-00-000.devi-zus.2023-11-17_11-00-00-000.de29]",
            "retrievedAt": "2026-09-26T16:53:35.071Z",
            "sha256": "ebaba7bfc71be9413ef32b44996785d3c29d73509073f402d356f02f9006176d",
            "snapshot": true,
            "licence": "unknown",
            "reuse": "unknown"
          }
        ],
        "extraction": {
          "method": "structured"
        },
        "reviewState": "candidate",
        "asOf": "2026-09-26T16:53:35.071Z"
      }
    },
    {
      "type": "Feature",
      "geometry": {
        "type": "LineString",
        "coordinates": [
          [
            6.933347848171812,
            51.50346808114871
          ],
          [
            6.934784167046791,
            51.50344570747912
          ]
        ]
      },
      "properties": {
        "id": "autobahn:2023-002969--vi-bs.2024-03-28_12-00-00-000.devi-zus.2023-11-17_11-00-00-000.de31",
        "version": "a167125f18dbf9bf08626c03d1084acf8042d21104f2ba676ee5702f974cf906",
        "cityId": "castrop-rauxel",
        "kind": "roadworks",
        "category": "Autobahn-Baustelle",
        "title": "A42 - Instandsetzung des Bauwerks Rhein-Herne-Kanal - AlD 2969",
        "statement": "A42 - Instandsetzung des Bauwerks Rhein-Herne-Kanal - AlD 2969: eine Baustelle ist im Autobahn-Verkehrsdienst verzeichnet. Abfahrt von der A42: AS Bottrop-Süd (aus Richtung Oberhausen Neue Mitte) Die Lage kann auch eine Pendelstrecke außerhalb des Stadtgebiets betreffen.",
        "status": "im Verkehrsdienst geführt",
        "startDate": "2024-03-28",
        "endDate": "2027-06-30",
        "nextStep": "Aktuelle Verkehrs- und Sperrinformationen beim Betreiber prüfen.",
        "unknowns": [
          "Genauer Verkehrsverlauf und tatsächliche Dauer vor Ort"
        ],
        "scale": "district",
        "geometryPrecision": "approximate",
        "sources": [
          {
            "url": "https://verkehr.autobahn.de/o/autobahn/A42/services/roadworks",
            "snapshotUrl": "https://verkehr.autobahn.de/o/autobahn/A42/services/roadworks",
            "title": "Autobahn A42 roadworks",
            "publisher": "Autobahn GmbH",
            "locator": "roadworks[identifier=2023-002969--vi-bs.2024-03-28_12-00-00-000.devi-zus.2023-11-17_11-00-00-000.de31]",
            "retrievedAt": "2026-09-26T16:53:35.071Z",
            "sha256": "ebaba7bfc71be9413ef32b44996785d3c29d73509073f402d356f02f9006176d",
            "snapshot": true,
            "licence": "unknown",
            "reuse": "unknown"
          }
        ],
        "extraction": {
          "method": "structured"
        },
        "reviewState": "candidate",
        "asOf": "2026-09-26T16:53:35.071Z"
      }
    },
    {
      "type": "Feature",
      "geometry": {
        "type": "LineString",
        "coordinates": [
          [
            6.996496865281255,
            51.50625507671775
          ],
          [
            6.9979225199373465,
            51.50642625579073
          ]
        ]
      },
      "properties": {
        "id": "autobahn:2023-002969--vi-fbm.2023-12-11_03-00-00-000.devi-zus.2023-11-17_11-00-00-000.de11",
        "version": "817cf757d85a74e6d9b8c4f117e00b98c8c9820698297f50d2c63024f4e4a5bb",
        "cityId": "castrop-rauxel",
        "kind": "roadworks",
        "category": "Sperrung",
        "title": "A42 - Instandsetzung des Bauwerks Rhein-Herne-Kanal - AlD 2969",
        "statement": "A42 - Instandsetzung des Bauwerks Rhein-Herne-Kanal - AlD 2969: eine Sperrung ist im Autobahn-Verkehrsdienst verzeichnet. Die Lage kann auch eine Pendelstrecke außerhalb des Stadtgebiets betreffen.",
        "status": "im Verkehrsdienst geführt",
        "startDate": "2023-12-11",
        "endDate": "2027-06-30",
        "nextStep": "Aktuelle Verkehrs- und Sperrinformationen beim Betreiber prüfen.",
        "unknowns": [
          "Genauer Verkehrsverlauf und tatsächliche Dauer vor Ort"
        ],
        "scale": "district",
        "geometryPrecision": "approximate",
        "sources": [
          {
            "url": "https://verkehr.autobahn.de/o/autobahn/A42/services/closure",
            "snapshotUrl": "https://verkehr.autobahn.de/o/autobahn/A42/services/closure",
            "title": "Autobahn A42 closure",
            "publisher": "Autobahn GmbH",
            "locator": "closure[identifier=2023-002969--vi-fbm.2023-12-11_03-00-00-000.devi-zus.2023-11-17_11-00-00-000.de11]",
            "retrievedAt": "2026-09-26T16:53:35.112Z",
            "sha256": "4b1a9ffda8e6e4df9b096693334a3f3eff6e0288b5e3220b1f9a79e6187a41a3",
            "snapshot": true,
            "licence": "unknown",
            "reuse": "unknown"
          }
        ],
        "extraction": {
          "method": "structured"
        },
        "reviewState": "candidate",
        "asOf": "2026-09-26T16:53:35.112Z"
      }
    },
    {
      "type": "Feature",
      "geometry": {
        "type": "LineString",
        "coordinates": [
          [
            6.994352734210221,
            51.507538702043014
          ],
          [
            6.993510164549033,
            51.50504726018836
          ]
        ]
      },
      "properties": {
        "id": "autobahn:2023-002969--vi-fbm.2023-12-11_03-00-00-000.devi-zus.2023-11-17_11-00-00-000.de12",
        "version": "2fbc1d2a7fe584afa73e33f87c552a6359444665eb412d912a1c22c6651c1fb7",
        "cityId": "castrop-rauxel",
        "kind": "roadworks",
        "category": "Sperrung",
        "title": "A42 - Instandsetzung des Bauwerks Rhein-Herne-Kanal - AlD 2969",
        "statement": "A42 - Instandsetzung des Bauwerks Rhein-Herne-Kanal - AlD 2969: eine Sperrung ist im Autobahn-Verkehrsdienst verzeichnet. Die Lage kann auch eine Pendelstrecke außerhalb des Stadtgebiets betreffen.",
        "status": "im Verkehrsdienst geführt",
        "startDate": "2023-12-11",
        "endDate": "2027-06-30",
        "nextStep": "Aktuelle Verkehrs- und Sperrinformationen beim Betreiber prüfen.",
        "unknowns": [
          "Genauer Verkehrsverlauf und tatsächliche Dauer vor Ort"
        ],
        "scale": "district",
        "geometryPrecision": "approximate",
        "sources": [
          {
            "url": "https://verkehr.autobahn.de/o/autobahn/A42/services/closure",
            "snapshotUrl": "https://verkehr.autobahn.de/o/autobahn/A42/services/closure",
            "title": "Autobahn A42 closure",
            "publisher": "Autobahn GmbH",
            "locator": "closure[identifier=2023-002969--vi-fbm.2023-12-11_03-00-00-000.devi-zus.2023-11-17_11-00-00-000.de12]",
            "retrievedAt": "2026-09-26T16:53:35.112Z",
            "sha256": "4b1a9ffda8e6e4df9b096693334a3f3eff6e0288b5e3220b1f9a79e6187a41a3",
            "snapshot": true,
            "licence": "unknown",
            "reuse": "unknown"
          }
        ],
        "extraction": {
          "method": "structured"
        },
        "reviewState": "candidate",
        "asOf": "2026-09-26T16:53:35.112Z"
      }
    },
    {
      "type": "Feature",
      "geometry": {
        "type": "LineString",
        "coordinates": [
          [
            6.934522149671714,
            51.503547974156575
          ],
          [
            6.934550576154915,
            51.504051943255135
          ]
        ]
      },
      "properties": {
        "id": "autobahn:2023-002969--vi-fbm.2023-12-11_03-00-00-000.devi-zus.2023-11-17_11-00-00-000.de7",
        "version": "b7adc56a6d04f3c58aed4fcd62ea9941839c4bef192043038f9e3f70cad2aa23",
        "cityId": "castrop-rauxel",
        "kind": "roadworks",
        "category": "Sperrung",
        "title": "A42 - Instandsetzung des Bauwerks Rhein-Herne-Kanal - AlD 2969",
        "statement": "A42 - Instandsetzung des Bauwerks Rhein-Herne-Kanal - AlD 2969: eine Sperrung ist im Autobahn-Verkehrsdienst verzeichnet. Die Lage kann auch eine Pendelstrecke außerhalb des Stadtgebiets betreffen.",
        "status": "im Verkehrsdienst geführt",
        "startDate": "2023-12-11",
        "endDate": "2027-06-30",
        "nextStep": "Aktuelle Verkehrs- und Sperrinformationen beim Betreiber prüfen.",
        "unknowns": [
          "Genauer Verkehrsverlauf und tatsächliche Dauer vor Ort"
        ],
        "scale": "district",
        "geometryPrecision": "approximate",
        "sources": [
          {
            "url": "https://verkehr.autobahn.de/o/autobahn/A42/services/closure",
            "snapshotUrl": "https://verkehr.autobahn.de/o/autobahn/A42/services/closure",
            "title": "Autobahn A42 closure",
            "publisher": "Autobahn GmbH",
            "locator": "closure[identifier=2023-002969--vi-fbm.2023-12-11_03-00-00-000.devi-zus.2023-11-17_11-00-00-000.de7]",
            "retrievedAt": "2026-09-26T16:53:35.112Z",
            "sha256": "4b1a9ffda8e6e4df9b096693334a3f3eff6e0288b5e3220b1f9a79e6187a41a3",
            "snapshot": true,
            "licence": "unknown",
            "reuse": "unknown"
          }
        ],
        "extraction": {
          "method": "structured"
        },
        "reviewState": "candidate",
        "asOf": "2026-09-26T16:53:35.112Z"
      }
    },
    {
      "type": "Feature",
      "geometry": {
        "type": "LineString",
        "coordinates": [
          [
            7.220672304867394,
            51.55167668071327
          ],
          [
            7.212923934023833,
            51.54872473152731
          ]
        ]
      },
      "properties": {
        "id": "autobahn:2023-004133--vi-bs.2026-03-18_05-00-00-000.devi-zus.2022-01-03_20-00-00-000_008.f.de163",
        "version": "9326e8655d900103279e618346eb7bf77b0fb0fe05258373d570770cbac0ac21",
        "cityId": "castrop-rauxel",
        "kind": "roadworks",
        "category": "Autobahn-Baustelle",
        "title": "A42 | Herne-Horsthausen - Herne-Baukau",
        "statement": "A42 | Herne-Horsthausen - Herne-Baukau: eine Baustelle ist im Autobahn-Verkehrsdienst verzeichnet. A42: Dortmund -> Kamp-Lintfort, zwischen 0.8 km hinter AS Herne-Horsthausen und 0.1 km vor AS Herne-Baukau Die Lage kann auch eine Pendelstrecke außerhalb des Stadtgebiets betreffen.",
        "status": "im Verkehrsdienst geführt",
        "startDate": "2026-03-18",
        "endDate": "2027-05-10",
        "nextStep": "Aktuelle Verkehrs- und Sperrinformationen beim Betreiber prüfen.",
        "unknowns": [
          "Genauer Verkehrsverlauf und tatsächliche Dauer vor Ort"
        ],
        "scale": "district",
        "geometryPrecision": "approximate",
        "sources": [
          {
            "url": "https://verkehr.autobahn.de/o/autobahn/A42/services/roadworks",
            "snapshotUrl": "https://verkehr.autobahn.de/o/autobahn/A42/services/roadworks",
            "title": "Autobahn A42 roadworks",
            "publisher": "Autobahn GmbH",
            "locator": "roadworks[identifier=2023-004133--vi-bs.2026-03-18_05-00-00-000.devi-zus.2022-01-03_20-00-00-000_008.f.de163]",
            "retrievedAt": "2026-09-26T16:53:35.071Z",
            "sha256": "ebaba7bfc71be9413ef32b44996785d3c29d73509073f402d356f02f9006176d",
            "snapshot": true,
            "licence": "unknown",
            "reuse": "unknown"
          }
        ],
        "extraction": {
          "method": "structured"
        },
        "reviewState": "candidate",
        "asOf": "2026-09-26T16:53:35.071Z"
      }
    },
    {
      "type": "Feature",
      "geometry": {
        "type": "LineString",
        "coordinates": [
          [
            7.212923934023833,
            51.54872473152731
          ],
          [
            7.189041003825516,
            51.5437882103932
          ]
        ]
      },
      "properties": {
        "id": "autobahn:2023-004133--vi-bs.2026-03-18_05-00-00-000.devi-zus.2022-01-03_20-00-00-000_008.f.de165",
        "version": "c04e37554c4f96c0f256978b1a1269651c62c0e4cf6724533c58fc854472b9fe",
        "cityId": "castrop-rauxel",
        "kind": "roadworks",
        "category": "Autobahn-Baustelle",
        "title": "A42 | Herne-Horsthausen - Herne-Crange",
        "statement": "A42 | Herne-Horsthausen - Herne-Crange: eine Baustelle ist im Autobahn-Verkehrsdienst verzeichnet. A42: Dortmund -> Kamp-Lintfort, zwischen 1.5 km hinter AS Herne-Horsthausen und 1.5 km vor AS Herne-Crange Die Lage kann auch eine Pendelstrecke außerhalb des Stadtgebiets betreffen.",
        "status": "im Verkehrsdienst geführt",
        "startDate": "2026-03-18",
        "endDate": "2027-05-10",
        "nextStep": "Aktuelle Verkehrs- und Sperrinformationen beim Betreiber prüfen.",
        "unknowns": [
          "Genauer Verkehrsverlauf und tatsächliche Dauer vor Ort"
        ],
        "scale": "district",
        "geometryPrecision": "approximate",
        "sources": [
          {
            "url": "https://verkehr.autobahn.de/o/autobahn/A42/services/roadworks",
            "snapshotUrl": "https://verkehr.autobahn.de/o/autobahn/A42/services/roadworks",
            "title": "Autobahn A42 roadworks",
            "publisher": "Autobahn GmbH",
            "locator": "roadworks[identifier=2023-004133--vi-bs.2026-03-18_05-00-00-000.devi-zus.2022-01-03_20-00-00-000_008.f.de165]",
            "retrievedAt": "2026-09-26T16:53:35.071Z",
            "sha256": "ebaba7bfc71be9413ef32b44996785d3c29d73509073f402d356f02f9006176d",
            "snapshot": true,
            "licence": "unknown",
            "reuse": "unknown"
          }
        ],
        "extraction": {
          "method": "structured"
        },
        "reviewState": "candidate",
        "asOf": "2026-09-26T16:53:35.071Z"
      }
    },
    {
      "type": "Feature",
      "geometry": {
        "type": "LineString",
        "coordinates": [
          [
            7.189039761535954,
            51.54372240564597
          ],
          [
            7.194047811012453,
            51.5438340695569
          ]
        ]
      },
      "properties": {
        "id": "autobahn:2023-004133--vi-bs.2026-03-18_05-00-00-000.devi-zus.2022-01-03_20-00-00-000_008.f.de167",
        "version": "201f44e0c1a0e1a8d740694c58f44b0af9c78441c5f6116ebe26106d1bc17e63",
        "cityId": "castrop-rauxel",
        "kind": "roadworks",
        "category": "Autobahn-Baustelle",
        "title": "A42 | Herne-Crange - Herne",
        "statement": "A42 | Herne-Crange - Herne: eine Baustelle ist im Autobahn-Verkehrsdienst verzeichnet. A42: Kamp-Lintfort -> Dortmund, zwischen 1.5 km hinter AS Herne-Crange und 0.4 km vor AK Herne Die Lage kann auch eine Pendelstrecke außerhalb des Stadtgebiets betreffen.",
        "status": "im Verkehrsdienst geführt",
        "startDate": "2026-03-18",
        "endDate": "2027-05-10",
        "nextStep": "Aktuelle Verkehrs- und Sperrinformationen beim Betreiber prüfen.",
        "unknowns": [
          "Genauer Verkehrsverlauf und tatsächliche Dauer vor Ort"
        ],
        "scale": "district",
        "geometryPrecision": "approximate",
        "sources": [
          {
            "url": "https://verkehr.autobahn.de/o/autobahn/A42/services/roadworks",
            "snapshotUrl": "https://verkehr.autobahn.de/o/autobahn/A42/services/roadworks",
            "title": "Autobahn A42 roadworks",
            "publisher": "Autobahn GmbH",
            "locator": "roadworks[identifier=2023-004133--vi-bs.2026-03-18_05-00-00-000.devi-zus.2022-01-03_20-00-00-000_008.f.de167]",
            "retrievedAt": "2026-09-26T16:53:35.071Z",
            "sha256": "ebaba7bfc71be9413ef32b44996785d3c29d73509073f402d356f02f9006176d",
            "snapshot": true,
            "licence": "unknown",
            "reuse": "unknown"
          }
        ],
        "extraction": {
          "method": "structured"
        },
        "reviewState": "candidate",
        "asOf": "2026-09-26T16:53:35.071Z"
      }
    },
    {
      "type": "Feature",
      "geometry": {
        "type": "LineString",
        "coordinates": [
          [
            7.194047811012453,
            51.5438340695569
          ],
          [
            7.209871139838187,
            51.54748610292379
          ]
        ]
      },
      "properties": {
        "id": "autobahn:2023-004133--vi-bs.2026-03-18_05-00-00-000.devi-zus.2022-01-03_20-00-00-000_008.f.de169",
        "version": "b80e26acc646e3ce6276355c4124708092993915be369ab8c0d1e7eaede75546",
        "cityId": "castrop-rauxel",
        "kind": "roadworks",
        "category": "Autobahn-Baustelle",
        "title": "A42 | Herne-Crange - Herne-Baukau",
        "statement": "A42 | Herne-Crange - Herne-Baukau: eine Baustelle ist im Autobahn-Verkehrsdienst verzeichnet. A42: Kamp-Lintfort -> Dortmund, zwischen 1.8 km hinter AS Herne-Crange und 0.2 km vor AS Herne-Baukau Die Lage kann auch eine Pendelstrecke außerhalb des Stadtgebiets betreffen.",
        "status": "im Verkehrsdienst geführt",
        "startDate": "2026-03-18",
        "endDate": "2027-05-10",
        "nextStep": "Aktuelle Verkehrs- und Sperrinformationen beim Betreiber prüfen.",
        "unknowns": [
          "Genauer Verkehrsverlauf und tatsächliche Dauer vor Ort"
        ],
        "scale": "district",
        "geometryPrecision": "approximate",
        "sources": [
          {
            "url": "https://verkehr.autobahn.de/o/autobahn/A42/services/roadworks",
            "snapshotUrl": "https://verkehr.autobahn.de/o/autobahn/A42/services/roadworks",
            "title": "Autobahn A42 roadworks",
            "publisher": "Autobahn GmbH",
            "locator": "roadworks[identifier=2023-004133--vi-bs.2026-03-18_05-00-00-000.devi-zus.2022-01-03_20-00-00-000_008.f.de169]",
            "retrievedAt": "2026-09-26T16:53:35.071Z",
            "sha256": "ebaba7bfc71be9413ef32b44996785d3c29d73509073f402d356f02f9006176d",
            "snapshot": true,
            "licence": "unknown",
            "reuse": "unknown"
          }
        ],
        "extraction": {
          "method": "structured"
        },
        "reviewState": "candidate",
        "asOf": "2026-09-26T16:53:35.071Z"
      }
    },
    {
      "type": "Feature",
      "geometry": {
        "type": "LineString",
        "coordinates": [
          [
            7.214479254155032,
            51.54943011357896
          ],
          [
            7.213614145848256,
            51.549464248961854
          ]
        ]
      },
      "properties": {
        "id": "autobahn:2023-004133--vi-bs.2026-03-18_05-00-00-000.devi-zus.2022-01-03_20-00-00-000_008.f.de171",
        "version": "45276f6352a3756fd9b8f299b74535a9943d5b7f7e9364a6252e628c8917ae5e",
        "cityId": "castrop-rauxel",
        "kind": "roadworks",
        "category": "Autobahn-Baustelle",
        "title": "A42 - Ausbau AK Herne und Neubau Tunnel Baukau - AlD 4133",
        "statement": "A42 - Ausbau AK Herne und Neubau Tunnel Baukau - AlD 4133: eine Baustelle ist im Autobahn-Verkehrsdienst verzeichnet. Abfahrt von der A42: AS Herne-Baukau (aus Richtung Herne-Horsthausen) Die Lage kann auch eine Pendelstrecke außerhalb des Stadtgebiets betreffen.",
        "status": "im Verkehrsdienst geführt",
        "startDate": "2026-03-18",
        "endDate": "2027-05-10",
        "nextStep": "Aktuelle Verkehrs- und Sperrinformationen beim Betreiber prüfen.",
        "unknowns": [
          "Genauer Verkehrsverlauf und tatsächliche Dauer vor Ort"
        ],
        "scale": "district",
        "geometryPrecision": "approximate",
        "sources": [
          {
            "url": "https://verkehr.autobahn.de/o/autobahn/A42/services/roadworks",
            "snapshotUrl": "https://verkehr.autobahn.de/o/autobahn/A42/services/roadworks",
            "title": "Autobahn A42 roadworks",
            "publisher": "Autobahn GmbH",
            "locator": "roadworks[identifier=2023-004133--vi-bs.2026-03-18_05-00-00-000.devi-zus.2022-01-03_20-00-00-000_008.f.de171]",
            "retrievedAt": "2026-09-26T16:53:35.071Z",
            "sha256": "ebaba7bfc71be9413ef32b44996785d3c29d73509073f402d356f02f9006176d",
            "snapshot": true,
            "licence": "unknown",
            "reuse": "unknown"
          }
        ],
        "extraction": {
          "method": "structured"
        },
        "reviewState": "candidate",
        "asOf": "2026-09-26T16:53:35.071Z"
      }
    },
    {
      "type": "Feature",
      "geometry": {
        "type": "LineString",
        "coordinates": [
          [
            7.213172725825275,
            51.54942582685246
          ],
          [
            7.213083937334002,
            51.54888222365929
          ]
        ]
      },
      "properties": {
        "id": "autobahn:2023-004133--vi-bs.2026-03-18_05-00-00-000.devi-zus.2022-01-03_20-00-00-000_008.f.de173",
        "version": "8673b6053fab170f8c244f687d998008137a09745d710c8980dfaa06ad3820a0",
        "cityId": "castrop-rauxel",
        "kind": "roadworks",
        "category": "Autobahn-Baustelle",
        "title": "A42 - Ausbau AK Herne und Neubau Tunnel Baukau - AlD 4133",
        "statement": "A42 - Ausbau AK Herne und Neubau Tunnel Baukau - AlD 4133: eine Baustelle ist im Autobahn-Verkehrsdienst verzeichnet. Die Lage kann auch eine Pendelstrecke außerhalb des Stadtgebiets betreffen.",
        "status": "im Verkehrsdienst geführt",
        "startDate": "2026-03-18",
        "endDate": "2027-05-10",
        "nextStep": "Aktuelle Verkehrs- und Sperrinformationen beim Betreiber prüfen.",
        "unknowns": [
          "Genauer Verkehrsverlauf und tatsächliche Dauer vor Ort"
        ],
        "scale": "district",
        "geometryPrecision": "approximate",
        "sources": [
          {
            "url": "https://verkehr.autobahn.de/o/autobahn/A42/services/roadworks",
            "snapshotUrl": "https://verkehr.autobahn.de/o/autobahn/A42/services/roadworks",
            "title": "Autobahn A42 roadworks",
            "publisher": "Autobahn GmbH",
            "locator": "roadworks[identifier=2023-004133--vi-bs.2026-03-18_05-00-00-000.devi-zus.2022-01-03_20-00-00-000_008.f.de173]",
            "retrievedAt": "2026-09-26T16:53:35.071Z",
            "sha256": "ebaba7bfc71be9413ef32b44996785d3c29d73509073f402d356f02f9006176d",
            "snapshot": true,
            "licence": "unknown",
            "reuse": "unknown"
          }
        ],
        "extraction": {
          "method": "structured"
        },
        "reviewState": "candidate",
        "asOf": "2026-09-26T16:53:35.071Z"
      }
    },
    {
      "type": "Feature",
      "geometry": {
        "type": "LineString",
        "coordinates": [
          [
            7.2009818591298105,
            51.54510608219524
          ],
          [
            7.199308572651953,
            51.54504271097468
          ]
        ]
      },
      "properties": {
        "id": "autobahn:2023-004133--vi-bs.2026-03-18_05-00-00-000.devi-zus.2022-01-03_20-00-00-000_008.f.de176",
        "version": "6f6cab1964943a3b072ec23d87b4bb0d1045225c4e4889fad270de34a916f6f4",
        "cityId": "castrop-rauxel",
        "kind": "roadworks",
        "category": "Autobahn-Baustelle",
        "title": "A42 - Ausbau AK Herne und Neubau Tunnel Baukau - AlD 4133",
        "statement": "A42 - Ausbau AK Herne und Neubau Tunnel Baukau - AlD 4133: eine Baustelle ist im Autobahn-Verkehrsdienst verzeichnet. Von Auffahrt auf die A43: AK Herne (aus Richtung Recklinghausen-Hochlarmark) nach A43: Recklinghausen -> Wuppertal, zwischen AS Recklinghausen-Hochlarmark und 0.1 km vor AK Herne Die Lage kann auch eine Pendelstrecke außerhalb des Stadtgebiets betreffen.",
        "status": "im Verkehrsdienst geführt",
        "startDate": "2026-03-18",
        "endDate": "2027-05-10",
        "nextStep": "Aktuelle Verkehrs- und Sperrinformationen beim Betreiber prüfen.",
        "unknowns": [
          "Genauer Verkehrsverlauf und tatsächliche Dauer vor Ort"
        ],
        "scale": "district",
        "geometryPrecision": "approximate",
        "sources": [
          {
            "url": "https://verkehr.autobahn.de/o/autobahn/A42/services/roadworks",
            "snapshotUrl": "https://verkehr.autobahn.de/o/autobahn/A42/services/roadworks",
            "title": "Autobahn A42 roadworks",
            "publisher": "Autobahn GmbH",
            "locator": "roadworks[identifier=2023-004133--vi-bs.2026-03-18_05-00-00-000.devi-zus.2022-01-03_20-00-00-000_008.f.de176]",
            "retrievedAt": "2026-09-26T16:53:35.071Z",
            "sha256": "ebaba7bfc71be9413ef32b44996785d3c29d73509073f402d356f02f9006176d",
            "snapshot": true,
            "licence": "unknown",
            "reuse": "unknown"
          }
        ],
        "extraction": {
          "method": "structured"
        },
        "reviewState": "candidate",
        "asOf": "2026-09-26T16:53:35.071Z"
      }
    },
    {
      "type": "Feature",
      "geometry": {
        "type": "LineString",
        "coordinates": [
          [
            7.19701591927254,
            51.5451911381707
          ],
          [
            7.196216681118772,
            51.54425350044466
          ]
        ]
      },
      "properties": {
        "id": "autobahn:2023-004133--vi-bs.2026-03-18_05-00-00-000.devi-zus.2022-01-03_20-00-00-000_008.f.de179",
        "version": "05895da11d1561d3a567fcb64ab37e141d2a24f858402c724d5dabf2f06a73d6",
        "cityId": "castrop-rauxel",
        "kind": "roadworks",
        "category": "Autobahn-Baustelle",
        "title": "A42 - Ausbau AK Herne und Neubau Tunnel Baukau - AlD 4133",
        "statement": "A42 - Ausbau AK Herne und Neubau Tunnel Baukau - AlD 4133: eine Baustelle ist im Autobahn-Verkehrsdienst verzeichnet. Die Lage kann auch eine Pendelstrecke außerhalb des Stadtgebiets betreffen.",
        "status": "im Verkehrsdienst geführt",
        "startDate": "2026-03-18",
        "endDate": "2027-05-10",
        "nextStep": "Aktuelle Verkehrs- und Sperrinformationen beim Betreiber prüfen.",
        "unknowns": [
          "Genauer Verkehrsverlauf und tatsächliche Dauer vor Ort"
        ],
        "scale": "district",
        "geometryPrecision": "approximate",
        "sources": [
          {
            "url": "https://verkehr.autobahn.de/o/autobahn/A42/services/roadworks",
            "snapshotUrl": "https://verkehr.autobahn.de/o/autobahn/A42/services/roadworks",
            "title": "Autobahn A42 roadworks",
            "publisher": "Autobahn GmbH",
            "locator": "roadworks[identifier=2023-004133--vi-bs.2026-03-18_05-00-00-000.devi-zus.2022-01-03_20-00-00-000_008.f.de179]",
            "retrievedAt": "2026-09-26T16:53:35.071Z",
            "sha256": "ebaba7bfc71be9413ef32b44996785d3c29d73509073f402d356f02f9006176d",
            "snapshot": true,
            "licence": "unknown",
            "reuse": "unknown"
          }
        ],
        "extraction": {
          "method": "structured"
        },
        "reviewState": "candidate",
        "asOf": "2026-09-26T16:53:35.071Z"
      }
    },
    {
      "type": "Feature",
      "geometry": {
        "type": "LineString",
        "coordinates": [
          [
            7.202546873446944,
            51.543615418243974
          ],
          [
            7.203273456836531,
            51.54473106970022
          ]
        ]
      },
      "properties": {
        "id": "autobahn:2023-004133--vi-bs.2026-03-18_05-00-00-000.devi-zus.2022-01-03_20-00-00-000_008.f.de181",
        "version": "18eb1b6bf37fcfa12d22d1a387a7e133c09cbcc766939687b2d55c4b49490881",
        "cityId": "castrop-rauxel",
        "kind": "roadworks",
        "category": "Autobahn-Baustelle",
        "title": "A42 - Ausbau AK Herne und Neubau Tunnel Baukau - AlD 4133",
        "statement": "A42 - Ausbau AK Herne und Neubau Tunnel Baukau - AlD 4133: eine Baustelle ist im Autobahn-Verkehrsdienst verzeichnet. Die Lage kann auch eine Pendelstrecke außerhalb des Stadtgebiets betreffen.",
        "status": "im Verkehrsdienst geführt",
        "startDate": "2026-03-18",
        "endDate": "2027-05-10",
        "nextStep": "Aktuelle Verkehrs- und Sperrinformationen beim Betreiber prüfen.",
        "unknowns": [
          "Genauer Verkehrsverlauf und tatsächliche Dauer vor Ort"
        ],
        "scale": "district",
        "geometryPrecision": "approximate",
        "sources": [
          {
            "url": "https://verkehr.autobahn.de/o/autobahn/A42/services/roadworks",
            "snapshotUrl": "https://verkehr.autobahn.de/o/autobahn/A42/services/roadworks",
            "title": "Autobahn A42 roadworks",
            "publisher": "Autobahn GmbH",
            "locator": "roadworks[identifier=2023-004133--vi-bs.2026-03-18_05-00-00-000.devi-zus.2022-01-03_20-00-00-000_008.f.de181]",
            "retrievedAt": "2026-09-26T16:53:35.071Z",
            "sha256": "ebaba7bfc71be9413ef32b44996785d3c29d73509073f402d356f02f9006176d",
            "snapshot": true,
            "licence": "unknown",
            "reuse": "unknown"
          }
        ],
        "extraction": {
          "method": "structured"
        },
        "reviewState": "candidate",
        "asOf": "2026-09-26T16:53:35.071Z"
      }
    },
    {
      "type": "Feature",
      "geometry": {
        "type": "LineString",
        "coordinates": [
          [
            7.19634925575834,
            51.543787540407656
          ],
          [
            7.197847154897506,
            51.543751959565355
          ]
        ]
      },
      "properties": {
        "id": "autobahn:2023-004133--vi-bs.2026-03-18_05-00-00-000.devi-zus.2022-01-03_20-00-00-000_008.f.de183",
        "version": "621a8f7039db8d011a6eb48adab7a15a313e81639b7c2b30428753fe682fcd2d",
        "cityId": "castrop-rauxel",
        "kind": "roadworks",
        "category": "Autobahn-Baustelle",
        "title": "A42 - Ausbau AK Herne und Neubau Tunnel Baukau - AlD 4133",
        "statement": "A42 - Ausbau AK Herne und Neubau Tunnel Baukau - AlD 4133: eine Baustelle ist im Autobahn-Verkehrsdienst verzeichnet. Abfahrt von der A42: AK Herne (aus Richtung Herne-Crange) Die Lage kann auch eine Pendelstrecke außerhalb des Stadtgebiets betreffen.",
        "status": "im Verkehrsdienst geführt",
        "startDate": "2026-03-18",
        "endDate": "2027-05-10",
        "nextStep": "Aktuelle Verkehrs- und Sperrinformationen beim Betreiber prüfen.",
        "unknowns": [
          "Genauer Verkehrsverlauf und tatsächliche Dauer vor Ort"
        ],
        "scale": "district",
        "geometryPrecision": "approximate",
        "sources": [
          {
            "url": "https://verkehr.autobahn.de/o/autobahn/A42/services/roadworks",
            "snapshotUrl": "https://verkehr.autobahn.de/o/autobahn/A42/services/roadworks",
            "title": "Autobahn A42 roadworks",
            "publisher": "Autobahn GmbH",
            "locator": "roadworks[identifier=2023-004133--vi-bs.2026-03-18_05-00-00-000.devi-zus.2022-01-03_20-00-00-000_008.f.de183]",
            "retrievedAt": "2026-09-26T16:53:35.071Z",
            "sha256": "ebaba7bfc71be9413ef32b44996785d3c29d73509073f402d356f02f9006176d",
            "snapshot": true,
            "licence": "unknown",
            "reuse": "unknown"
          }
        ],
        "extraction": {
          "method": "structured"
        },
        "reviewState": "candidate",
        "asOf": "2026-09-26T16:53:35.071Z"
      }
    },
    {
      "type": "Feature",
      "geometry": {
        "type": "LineString",
        "coordinates": [
          [
            7.220672304867394,
            51.55167668071327
          ],
          [
            7.214513750282006,
            51.54929602110563
          ]
        ]
      },
      "properties": {
        "id": "autobahn:2023-004133--vi-bs.2026-09-29_05-00-00-000.devi-zus.2022-01-03_20-00-00-000_008.f.de204",
        "version": "f9e7f10f24d909063c3ca048e00a85f44c422e9741030f3c58750cfd06221d42",
        "cityId": "castrop-rauxel",
        "kind": "roadworks",
        "category": "Autobahn-Baustelle",
        "title": "A42 | Herne-Horsthausen - Herne-Baukau",
        "statement": "A42 | Herne-Horsthausen - Herne-Baukau: eine Baustelle ist im Autobahn-Verkehrsdienst verzeichnet. A42: Dortmund -> Kamp-Lintfort, zwischen 0.8 km hinter AS Herne-Horsthausen und 0.2 km vor AS Herne-Baukau Die Lage kann auch eine Pendelstrecke außerhalb des Stadtgebiets betreffen.",
        "status": "angekündigt",
        "startDate": "2026-09-29",
        "endDate": "2027-05-10",
        "nextStep": "Aktuelle Verkehrs- und Sperrinformationen beim Betreiber prüfen.",
        "unknowns": [
          "Genauer Verkehrsverlauf und tatsächliche Dauer vor Ort"
        ],
        "scale": "district",
        "geometryPrecision": "approximate",
        "sources": [
          {
            "url": "https://verkehr.autobahn.de/o/autobahn/A42/services/roadworks",
            "snapshotUrl": "https://verkehr.autobahn.de/o/autobahn/A42/services/roadworks",
            "title": "Autobahn A42 roadworks",
            "publisher": "Autobahn GmbH",
            "locator": "roadworks[identifier=2023-004133--vi-bs.2026-09-29_05-00-00-000.devi-zus.2022-01-03_20-00-00-000_008.f.de204]",
            "retrievedAt": "2026-09-26T16:53:35.071Z",
            "sha256": "ebaba7bfc71be9413ef32b44996785d3c29d73509073f402d356f02f9006176d",
            "snapshot": true,
            "licence": "unknown",
            "reuse": "unknown"
          }
        ],
        "extraction": {
          "method": "structured"
        },
        "reviewState": "candidate",
        "asOf": "2026-09-26T16:53:35.071Z"
      }
    },
    {
      "type": "Feature",
      "geometry": {
        "type": "LineString",
        "coordinates": [
          [
            7.212923934023833,
            51.54872473152731
          ],
          [
            7.189041003825516,
            51.5437882103932
          ]
        ]
      },
      "properties": {
        "id": "autobahn:2023-004133--vi-bs.2026-09-29_05-00-00-000.devi-zus.2022-01-03_20-00-00-000_008.f.de206",
        "version": "14a870379816deaed4ee7ef46a7c214af24a80407d67bce801a376ae9a38aadc",
        "cityId": "castrop-rauxel",
        "kind": "roadworks",
        "category": "Autobahn-Baustelle",
        "title": "A42 | Herne-Horsthausen - Herne-Crange",
        "statement": "A42 | Herne-Horsthausen - Herne-Crange: eine Baustelle ist im Autobahn-Verkehrsdienst verzeichnet. A42: Dortmund -> Kamp-Lintfort, zwischen 1.5 km hinter AS Herne-Horsthausen und 1.5 km vor AS Herne-Crange Die Lage kann auch eine Pendelstrecke außerhalb des Stadtgebiets betreffen.",
        "status": "angekündigt",
        "startDate": "2026-09-29",
        "endDate": "2027-05-10",
        "nextStep": "Aktuelle Verkehrs- und Sperrinformationen beim Betreiber prüfen.",
        "unknowns": [
          "Genauer Verkehrsverlauf und tatsächliche Dauer vor Ort"
        ],
        "scale": "district",
        "geometryPrecision": "approximate",
        "sources": [
          {
            "url": "https://verkehr.autobahn.de/o/autobahn/A42/services/roadworks",
            "snapshotUrl": "https://verkehr.autobahn.de/o/autobahn/A42/services/roadworks",
            "title": "Autobahn A42 roadworks",
            "publisher": "Autobahn GmbH",
            "locator": "roadworks[identifier=2023-004133--vi-bs.2026-09-29_05-00-00-000.devi-zus.2022-01-03_20-00-00-000_008.f.de206]",
            "retrievedAt": "2026-09-26T16:53:35.071Z",
            "sha256": "ebaba7bfc71be9413ef32b44996785d3c29d73509073f402d356f02f9006176d",
            "snapshot": true,
            "licence": "unknown",
            "reuse": "unknown"
          }
        ],
        "extraction": {
          "method": "structured"
        },
        "reviewState": "candidate",
        "asOf": "2026-09-26T16:53:35.071Z"
      }
    },
    {
      "type": "Feature",
      "geometry": {
        "type": "LineString",
        "coordinates": [
          [
            7.189054178469276,
            51.54372232843704
          ],
          [
            7.205466018408583,
            51.54589469186727
          ]
        ]
      },
      "properties": {
        "id": "autobahn:2023-004133--vi-bs.2026-09-29_05-00-00-000.devi-zus.2022-01-03_20-00-00-000_008.f.de208",
        "version": "dddac3a4f53345d4e0387e44072d84b31166051ac6a565a2b36b12d854c12331",
        "cityId": "castrop-rauxel",
        "kind": "roadworks",
        "category": "Autobahn-Baustelle",
        "title": "A42 | Herne-Crange - Herne-Baukau",
        "statement": "A42 | Herne-Crange - Herne-Baukau: eine Baustelle ist im Autobahn-Verkehrsdienst verzeichnet. A42: Kamp-Lintfort -> Dortmund, zwischen 1.5 km hinter AS Herne-Crange und 0.5 km vor AS Herne-Baukau Die Lage kann auch eine Pendelstrecke außerhalb des Stadtgebiets betreffen.",
        "status": "angekündigt",
        "startDate": "2026-09-29",
        "endDate": "2027-05-10",
        "nextStep": "Aktuelle Verkehrs- und Sperrinformationen beim Betreiber prüfen.",
        "unknowns": [
          "Genauer Verkehrsverlauf und tatsächliche Dauer vor Ort"
        ],
        "scale": "district",
        "geometryPrecision": "approximate",
        "sources": [
          {
            "url": "https://verkehr.autobahn.de/o/autobahn/A42/services/roadworks",
            "snapshotUrl": "https://verkehr.autobahn.de/o/autobahn/A42/services/roadworks",
            "title": "Autobahn A42 roadworks",
            "publisher": "Autobahn GmbH",
            "locator": "roadworks[identifier=2023-004133--vi-bs.2026-09-29_05-00-00-000.devi-zus.2022-01-03_20-00-00-000_008.f.de208]",
            "retrievedAt": "2026-09-26T16:53:35.071Z",
            "sha256": "ebaba7bfc71be9413ef32b44996785d3c29d73509073f402d356f02f9006176d",
            "snapshot": true,
            "licence": "unknown",
            "reuse": "unknown"
          }
        ],
        "extraction": {
          "method": "structured"
        },
        "reviewState": "candidate",
        "asOf": "2026-09-26T16:53:35.071Z"
      }
    },
    {
      "type": "Feature",
      "geometry": {
        "type": "LineString",
        "coordinates": [
          [
            7.214479254155032,
            51.54943011357896
          ],
          [
            7.213614145848256,
            51.549464248961854
          ]
        ]
      },
      "properties": {
        "id": "autobahn:2023-004133--vi-bs.2026-09-29_05-00-00-000.devi-zus.2022-01-03_20-00-00-000_008.f.de210",
        "version": "811023be2f285aaafd3421fa94cdf3d536b748b36b05303a60239305283a60ab",
        "cityId": "castrop-rauxel",
        "kind": "roadworks",
        "category": "Autobahn-Baustelle",
        "title": "A42 - Ausbau AK Herne und Neubau Tunnel Baukau - AlD 4133",
        "statement": "A42 - Ausbau AK Herne und Neubau Tunnel Baukau - AlD 4133: eine Baustelle ist im Autobahn-Verkehrsdienst verzeichnet. Abfahrt von der A42: AS Herne-Baukau (aus Richtung Herne-Horsthausen) Die Lage kann auch eine Pendelstrecke außerhalb des Stadtgebiets betreffen.",
        "status": "angekündigt",
        "startDate": "2026-09-29",
        "endDate": "2027-05-10",
        "nextStep": "Aktuelle Verkehrs- und Sperrinformationen beim Betreiber prüfen.",
        "unknowns": [
          "Genauer Verkehrsverlauf und tatsächliche Dauer vor Ort"
        ],
        "scale": "district",
        "geometryPrecision": "approximate",
        "sources": [
          {
            "url": "https://verkehr.autobahn.de/o/autobahn/A42/services/roadworks",
            "snapshotUrl": "https://verkehr.autobahn.de/o/autobahn/A42/services/roadworks",
            "title": "Autobahn A42 roadworks",
            "publisher": "Autobahn GmbH",
            "locator": "roadworks[identifier=2023-004133--vi-bs.2026-09-29_05-00-00-000.devi-zus.2022-01-03_20-00-00-000_008.f.de210]",
            "retrievedAt": "2026-09-26T16:53:35.071Z",
            "sha256": "ebaba7bfc71be9413ef32b44996785d3c29d73509073f402d356f02f9006176d",
            "snapshot": true,
            "licence": "unknown",
            "reuse": "unknown"
          }
        ],
        "extraction": {
          "method": "structured"
        },
        "reviewState": "candidate",
        "asOf": "2026-09-26T16:53:35.071Z"
      }
    },
    {
      "type": "Feature",
      "geometry": {
        "type": "LineString",
        "coordinates": [
          [
            7.213172725825275,
            51.54942582685246
          ],
          [
            7.213083937334002,
            51.54888222365929
          ]
        ]
      },
      "properties": {
        "id": "autobahn:2023-004133--vi-bs.2026-09-29_05-00-00-000.devi-zus.2022-01-03_20-00-00-000_008.f.de212",
        "version": "9dcb33498bcc8da39b1d525d3d7efea6dc2d0ddefafa23c13fe5bc02a69fb118",
        "cityId": "castrop-rauxel",
        "kind": "roadworks",
        "category": "Autobahn-Baustelle",
        "title": "A42 - Ausbau AK Herne und Neubau Tunnel Baukau - AlD 4133",
        "statement": "A42 - Ausbau AK Herne und Neubau Tunnel Baukau - AlD 4133: eine Baustelle ist im Autobahn-Verkehrsdienst verzeichnet. Die Lage kann auch eine Pendelstrecke außerhalb des Stadtgebiets betreffen.",
        "status": "angekündigt",
        "startDate": "2026-09-29",
        "endDate": "2027-05-10",
        "nextStep": "Aktuelle Verkehrs- und Sperrinformationen beim Betreiber prüfen.",
        "unknowns": [
          "Genauer Verkehrsverlauf und tatsächliche Dauer vor Ort"
        ],
        "scale": "district",
        "geometryPrecision": "approximate",
        "sources": [
          {
            "url": "https://verkehr.autobahn.de/o/autobahn/A42/services/roadworks",
            "snapshotUrl": "https://verkehr.autobahn.de/o/autobahn/A42/services/roadworks",
            "title": "Autobahn A42 roadworks",
            "publisher": "Autobahn GmbH",
            "locator": "roadworks[identifier=2023-004133--vi-bs.2026-09-29_05-00-00-000.devi-zus.2022-01-03_20-00-00-000_008.f.de212]",
            "retrievedAt": "2026-09-26T16:53:35.071Z",
            "sha256": "ebaba7bfc71be9413ef32b44996785d3c29d73509073f402d356f02f9006176d",
            "snapshot": true,
            "licence": "unknown",
            "reuse": "unknown"
          }
        ],
        "extraction": {
          "method": "structured"
        },
        "reviewState": "candidate",
        "asOf": "2026-09-26T16:53:35.071Z"
      }
    },
    {
      "type": "Feature",
      "geometry": {
        "type": "LineString",
        "coordinates": [
          [
            7.2009818591298105,
            51.54510608219524
          ],
          [
            7.199308572651953,
            51.54504271097468
          ]
        ]
      },
      "properties": {
        "id": "autobahn:2023-004133--vi-bs.2026-09-29_05-00-00-000.devi-zus.2022-01-03_20-00-00-000_008.f.de215",
        "version": "b3d19879bc47387ba7a191d94ffc2d5eaf4ae8b576906638bf70f497d9c19c2c",
        "cityId": "castrop-rauxel",
        "kind": "roadworks",
        "category": "Autobahn-Baustelle",
        "title": "A42 - Ausbau AK Herne und Neubau Tunnel Baukau - AlD 4133",
        "statement": "A42 - Ausbau AK Herne und Neubau Tunnel Baukau - AlD 4133: eine Baustelle ist im Autobahn-Verkehrsdienst verzeichnet. Von Auffahrt auf die A43: AK Herne (aus Richtung Recklinghausen-Hochlarmark) nach A43: Recklinghausen -> Wuppertal, zwischen AS Recklinghausen-Hochlarmark und 0.1 km vor AK Herne Die Lage kann auch eine Pendelstrecke außerhalb des Stadtgebiets betreffen.",
        "status": "angekündigt",
        "startDate": "2026-09-29",
        "endDate": "2027-05-10",
        "nextStep": "Aktuelle Verkehrs- und Sperrinformationen beim Betreiber prüfen.",
        "unknowns": [
          "Genauer Verkehrsverlauf und tatsächliche Dauer vor Ort"
        ],
        "scale": "district",
        "geometryPrecision": "approximate",
        "sources": [
          {
            "url": "https://verkehr.autobahn.de/o/autobahn/A42/services/roadworks",
            "snapshotUrl": "https://verkehr.autobahn.de/o/autobahn/A42/services/roadworks",
            "title": "Autobahn A42 roadworks",
            "publisher": "Autobahn GmbH",
            "locator": "roadworks[identifier=2023-004133--vi-bs.2026-09-29_05-00-00-000.devi-zus.2022-01-03_20-00-00-000_008.f.de215]",
            "retrievedAt": "2026-09-26T16:53:35.071Z",
            "sha256": "ebaba7bfc71be9413ef32b44996785d3c29d73509073f402d356f02f9006176d",
            "snapshot": true,
            "licence": "unknown",
            "reuse": "unknown"
          }
        ],
        "extraction": {
          "method": "structured"
        },
        "reviewState": "candidate",
        "asOf": "2026-09-26T16:53:35.071Z"
      }
    },
    {
      "type": "Feature",
      "geometry": {
        "type": "LineString",
        "coordinates": [
          [
            7.19701591927254,
            51.5451911381707
          ],
          [
            7.196216681118772,
            51.54425350044466
          ]
        ]
      },
      "properties": {
        "id": "autobahn:2023-004133--vi-bs.2026-09-29_05-00-00-000.devi-zus.2022-01-03_20-00-00-000_008.f.de218",
        "version": "d506f4e819c9ac48c91d11561defceb3c2266d663bbe89cd8c765147370c90e6",
        "cityId": "castrop-rauxel",
        "kind": "roadworks",
        "category": "Autobahn-Baustelle",
        "title": "A42 - Ausbau AK Herne und Neubau Tunnel Baukau - AlD 4133",
        "statement": "A42 - Ausbau AK Herne und Neubau Tunnel Baukau - AlD 4133: eine Baustelle ist im Autobahn-Verkehrsdienst verzeichnet. Die Lage kann auch eine Pendelstrecke außerhalb des Stadtgebiets betreffen.",
        "status": "angekündigt",
        "startDate": "2026-09-29",
        "endDate": "2027-05-10",
        "nextStep": "Aktuelle Verkehrs- und Sperrinformationen beim Betreiber prüfen.",
        "unknowns": [
          "Genauer Verkehrsverlauf und tatsächliche Dauer vor Ort"
        ],
        "scale": "district",
        "geometryPrecision": "approximate",
        "sources": [
          {
            "url": "https://verkehr.autobahn.de/o/autobahn/A42/services/roadworks",
            "snapshotUrl": "https://verkehr.autobahn.de/o/autobahn/A42/services/roadworks",
            "title": "Autobahn A42 roadworks",
            "publisher": "Autobahn GmbH",
            "locator": "roadworks[identifier=2023-004133--vi-bs.2026-09-29_05-00-00-000.devi-zus.2022-01-03_20-00-00-000_008.f.de218]",
            "retrievedAt": "2026-09-26T16:53:35.071Z",
            "sha256": "ebaba7bfc71be9413ef32b44996785d3c29d73509073f402d356f02f9006176d",
            "snapshot": true,
            "licence": "unknown",
            "reuse": "unknown"
          }
        ],
        "extraction": {
          "method": "structured"
        },
        "reviewState": "candidate",
        "asOf": "2026-09-26T16:53:35.071Z"
      }
    },
    {
      "type": "Feature",
      "geometry": {
        "type": "LineString",
        "coordinates": [
          [
            7.202546873446944,
            51.543615418243974
          ],
          [
            7.203273456836531,
            51.54473106970022
          ]
        ]
      },
      "properties": {
        "id": "autobahn:2023-004133--vi-bs.2026-09-29_05-00-00-000.devi-zus.2022-01-03_20-00-00-000_008.f.de220",
        "version": "6d95f5a7ce657720c4a0ea49334ebe09e6fda42124404aa703fefc74cf376930",
        "cityId": "castrop-rauxel",
        "kind": "roadworks",
        "category": "Autobahn-Baustelle",
        "title": "A42 - Ausbau AK Herne und Neubau Tunnel Baukau - AlD 4133",
        "statement": "A42 - Ausbau AK Herne und Neubau Tunnel Baukau - AlD 4133: eine Baustelle ist im Autobahn-Verkehrsdienst verzeichnet. Die Lage kann auch eine Pendelstrecke außerhalb des Stadtgebiets betreffen.",
        "status": "angekündigt",
        "startDate": "2026-09-29",
        "endDate": "2027-05-10",
        "nextStep": "Aktuelle Verkehrs- und Sperrinformationen beim Betreiber prüfen.",
        "unknowns": [
          "Genauer Verkehrsverlauf und tatsächliche Dauer vor Ort"
        ],
        "scale": "district",
        "geometryPrecision": "approximate",
        "sources": [
          {
            "url": "https://verkehr.autobahn.de/o/autobahn/A42/services/roadworks",
            "snapshotUrl": "https://verkehr.autobahn.de/o/autobahn/A42/services/roadworks",
            "title": "Autobahn A42 roadworks",
            "publisher": "Autobahn GmbH",
            "locator": "roadworks[identifier=2023-004133--vi-bs.2026-09-29_05-00-00-000.devi-zus.2022-01-03_20-00-00-000_008.f.de220]",
            "retrievedAt": "2026-09-26T16:53:35.071Z",
            "sha256": "ebaba7bfc71be9413ef32b44996785d3c29d73509073f402d356f02f9006176d",
            "snapshot": true,
            "licence": "unknown",
            "reuse": "unknown"
          }
        ],
        "extraction": {
          "method": "structured"
        },
        "reviewState": "candidate",
        "asOf": "2026-09-26T16:53:35.071Z"
      }
    },
    {
      "type": "Feature",
      "geometry": {
        "type": "LineString",
        "coordinates": [
          [
            7.19634925575834,
            51.543787540407656
          ],
          [
            7.197847154897506,
            51.543751959565355
          ]
        ]
      },
      "properties": {
        "id": "autobahn:2023-004133--vi-bs.2026-09-29_05-00-00-000.devi-zus.2022-01-03_20-00-00-000_008.f.de222",
        "version": "ed2ce6c45693e7fd39a8c6f6a693fc9f37a5ff8cdcb518e90f863c28ce653f0e",
        "cityId": "castrop-rauxel",
        "kind": "roadworks",
        "category": "Autobahn-Baustelle",
        "title": "A42 - Ausbau AK Herne und Neubau Tunnel Baukau - AlD 4133",
        "statement": "A42 - Ausbau AK Herne und Neubau Tunnel Baukau - AlD 4133: eine Baustelle ist im Autobahn-Verkehrsdienst verzeichnet. Abfahrt von der A42: AK Herne (aus Richtung Herne-Crange) Die Lage kann auch eine Pendelstrecke außerhalb des Stadtgebiets betreffen.",
        "status": "angekündigt",
        "startDate": "2026-09-29",
        "endDate": "2027-05-10",
        "nextStep": "Aktuelle Verkehrs- und Sperrinformationen beim Betreiber prüfen.",
        "unknowns": [
          "Genauer Verkehrsverlauf und tatsächliche Dauer vor Ort"
        ],
        "scale": "district",
        "geometryPrecision": "approximate",
        "sources": [
          {
            "url": "https://verkehr.autobahn.de/o/autobahn/A42/services/roadworks",
            "snapshotUrl": "https://verkehr.autobahn.de/o/autobahn/A42/services/roadworks",
            "title": "Autobahn A42 roadworks",
            "publisher": "Autobahn GmbH",
            "locator": "roadworks[identifier=2023-004133--vi-bs.2026-09-29_05-00-00-000.devi-zus.2022-01-03_20-00-00-000_008.f.de222]",
            "retrievedAt": "2026-09-26T16:53:35.071Z",
            "sha256": "ebaba7bfc71be9413ef32b44996785d3c29d73509073f402d356f02f9006176d",
            "snapshot": true,
            "licence": "unknown",
            "reuse": "unknown"
          }
        ],
        "extraction": {
          "method": "structured"
        },
        "reviewState": "candidate",
        "asOf": "2026-09-26T16:53:35.071Z"
      }
    },
    {
      "type": "Feature",
      "geometry": {
        "type": "LineString",
        "coordinates": [
          [
            7.197286643032042,
            51.54524933034925
          ],
          [
            7.198802206409398,
            51.54405009769122
          ]
        ]
      },
      "properties": {
        "id": "autobahn:2023-004133--vi-fbm.2026-03-18_05-00-00-000.devi-zus.2022-01-03_20-00-00-000_008.f.de178",
        "version": "99a290b83d9c502e846b54a4d813b38f108ea65c2fff5e386d97a0c5c41441c3",
        "cityId": "castrop-rauxel",
        "kind": "roadworks",
        "category": "Sperrung",
        "title": "A42 - Ausbau AK Herne und Neubau Tunnel Baukau - AlD 4133",
        "statement": "A42 - Ausbau AK Herne und Neubau Tunnel Baukau - AlD 4133: eine Sperrung ist im Autobahn-Verkehrsdienst verzeichnet. Abfahrt von der A43: AK Herne (aus Richtung Recklinghausen-Hochlarmark) Die Lage kann auch eine Pendelstrecke außerhalb des Stadtgebiets betreffen.",
        "status": "im Verkehrsdienst geführt",
        "startDate": "2026-03-18",
        "endDate": "2027-05-10",
        "nextStep": "Aktuelle Verkehrs- und Sperrinformationen beim Betreiber prüfen.",
        "unknowns": [
          "Genauer Verkehrsverlauf und tatsächliche Dauer vor Ort"
        ],
        "scale": "district",
        "geometryPrecision": "approximate",
        "sources": [
          {
            "url": "https://verkehr.autobahn.de/o/autobahn/A42/services/closure",
            "snapshotUrl": "https://verkehr.autobahn.de/o/autobahn/A42/services/closure",
            "title": "Autobahn A42 closure",
            "publisher": "Autobahn GmbH",
            "locator": "closure[identifier=2023-004133--vi-fbm.2026-03-18_05-00-00-000.devi-zus.2022-01-03_20-00-00-000_008.f.de178]",
            "retrievedAt": "2026-09-26T16:53:35.112Z",
            "sha256": "4b1a9ffda8e6e4df9b096693334a3f3eff6e0288b5e3220b1f9a79e6187a41a3",
            "snapshot": true,
            "licence": "unknown",
            "reuse": "unknown"
          }
        ],
        "extraction": {
          "method": "structured"
        },
        "reviewState": "candidate",
        "asOf": "2026-09-26T16:53:35.112Z"
      }
    },
    {
      "type": "Feature",
      "geometry": {
        "type": "LineString",
        "coordinates": [
          [
            7.1988608650150905,
            51.54385989021802
          ],
          [
            7.199474780319595,
            51.54529821353176
          ]
        ]
      },
      "properties": {
        "id": "autobahn:2023-004133--vi-fbm.2026-03-18_05-00-00-000.devi-zus.2022-01-03_20-00-00-000_008.f.de185",
        "version": "edb0fad893c344b7ba19466945ce2d10b787fd0b56aa165ecb820a5aa9bc3bae",
        "cityId": "castrop-rauxel",
        "kind": "roadworks",
        "category": "Sperrung",
        "title": "A42 - Ausbau AK Herne und Neubau Tunnel Baukau - AlD 4133",
        "statement": "A42 - Ausbau AK Herne und Neubau Tunnel Baukau - AlD 4133: eine Sperrung ist im Autobahn-Verkehrsdienst verzeichnet. Abfahrt von der A42: AK Herne (aus Richtung Herne-Crange) Die Lage kann auch eine Pendelstrecke außerhalb des Stadtgebiets betreffen.",
        "status": "im Verkehrsdienst geführt",
        "startDate": "2026-03-18",
        "endDate": "2027-05-10",
        "nextStep": "Aktuelle Verkehrs- und Sperrinformationen beim Betreiber prüfen.",
        "unknowns": [
          "Genauer Verkehrsverlauf und tatsächliche Dauer vor Ort"
        ],
        "scale": "district",
        "geometryPrecision": "approximate",
        "sources": [
          {
            "url": "https://verkehr.autobahn.de/o/autobahn/A42/services/closure",
            "snapshotUrl": "https://verkehr.autobahn.de/o/autobahn/A42/services/closure",
            "title": "Autobahn A42 closure",
            "publisher": "Autobahn GmbH",
            "locator": "closure[identifier=2023-004133--vi-fbm.2026-03-18_05-00-00-000.devi-zus.2022-01-03_20-00-00-000_008.f.de185]",
            "retrievedAt": "2026-09-26T16:53:35.112Z",
            "sha256": "4b1a9ffda8e6e4df9b096693334a3f3eff6e0288b5e3220b1f9a79e6187a41a3",
            "snapshot": true,
            "licence": "unknown",
            "reuse": "unknown"
          }
        ],
        "extraction": {
          "method": "structured"
        },
        "reviewState": "candidate",
        "asOf": "2026-09-26T16:53:35.112Z"
      }
    },
    {
      "type": "Feature",
      "geometry": {
        "type": "LineString",
        "coordinates": [
          [
            7.212002581328071,
            51.54838314186752
          ],
          [
            7.195897072423542,
            51.544052912628246
          ]
        ]
      },
      "properties": {
        "id": "autobahn:2023-004133--vi-fbm.2026-09-25_21-00-00-000.devi-zus.2022-01-03_20-00-00-000_008.f.de196",
        "version": "39719ec9bd3c644703ad825c3e49b5006693a247d05eb3c67df552e978fa42b9",
        "cityId": "castrop-rauxel",
        "kind": "roadworks",
        "category": "Sperrung",
        "title": "A42 | Herne-Baukau - Herne-Crange",
        "statement": "A42 | Herne-Baukau - Herne-Crange: eine Sperrung ist im Autobahn-Verkehrsdienst verzeichnet. A42: Dortmund -> Kamp-Lintfort, zwischen AS Herne-Baukau und 1.9 km vor AS Herne-Crange Die Lage kann auch eine Pendelstrecke außerhalb des Stadtgebiets betreffen.",
        "status": "im Verkehrsdienst geführt",
        "startDate": "2026-09-25",
        "endDate": "2027-05-10",
        "nextStep": "Aktuelle Verkehrs- und Sperrinformationen beim Betreiber prüfen.",
        "unknowns": [
          "Genauer Verkehrsverlauf und tatsächliche Dauer vor Ort"
        ],
        "scale": "district",
        "geometryPrecision": "approximate",
        "sources": [
          {
            "url": "https://verkehr.autobahn.de/o/autobahn/A42/services/closure",
            "snapshotUrl": "https://verkehr.autobahn.de/o/autobahn/A42/services/closure",
            "title": "Autobahn A42 closure",
            "publisher": "Autobahn GmbH",
            "locator": "closure[identifier=2023-004133--vi-fbm.2026-09-25_21-00-00-000.devi-zus.2022-01-03_20-00-00-000_008.f.de196]",
            "retrievedAt": "2026-09-26T16:53:35.112Z",
            "sha256": "4b1a9ffda8e6e4df9b096693334a3f3eff6e0288b5e3220b1f9a79e6187a41a3",
            "snapshot": true,
            "licence": "unknown",
            "reuse": "unknown"
          }
        ],
        "extraction": {
          "method": "structured"
        },
        "reviewState": "candidate",
        "asOf": "2026-09-26T16:53:35.112Z"
      }
    },
    {
      "type": "Feature",
      "geometry": {
        "type": "LineString",
        "coordinates": [
          [
            7.212731208113052,
            51.54963759061273
          ],
          [
            7.212932536407873,
            51.54880001509401
          ]
        ]
      },
      "properties": {
        "id": "autobahn:2023-004133--vi-fbm.2026-09-25_21-00-00-000.devi-zus.2022-01-03_20-00-00-000_008.f.de197",
        "version": "a453e5371ac22c6a121c554cbe3a579fcf7ba480bf7cbd9f40b2f68bea49b0a8",
        "cityId": "castrop-rauxel",
        "kind": "roadworks",
        "category": "Sperrung",
        "title": "A42 - Ausbau AK Herne und Neubau Tunnel Baukau - AlD 4133",
        "statement": "A42 - Ausbau AK Herne und Neubau Tunnel Baukau - AlD 4133: eine Sperrung ist im Autobahn-Verkehrsdienst verzeichnet. Die Lage kann auch eine Pendelstrecke außerhalb des Stadtgebiets betreffen.",
        "status": "im Verkehrsdienst geführt",
        "startDate": "2026-09-25",
        "endDate": "2027-05-10",
        "nextStep": "Aktuelle Verkehrs- und Sperrinformationen beim Betreiber prüfen.",
        "unknowns": [
          "Genauer Verkehrsverlauf und tatsächliche Dauer vor Ort"
        ],
        "scale": "district",
        "geometryPrecision": "approximate",
        "sources": [
          {
            "url": "https://verkehr.autobahn.de/o/autobahn/A42/services/closure",
            "snapshotUrl": "https://verkehr.autobahn.de/o/autobahn/A42/services/closure",
            "title": "Autobahn A42 closure",
            "publisher": "Autobahn GmbH",
            "locator": "closure[identifier=2023-004133--vi-fbm.2026-09-25_21-00-00-000.devi-zus.2022-01-03_20-00-00-000_008.f.de197]",
            "retrievedAt": "2026-09-26T16:53:35.112Z",
            "sha256": "4b1a9ffda8e6e4df9b096693334a3f3eff6e0288b5e3220b1f9a79e6187a41a3",
            "snapshot": true,
            "licence": "unknown",
            "reuse": "unknown"
          }
        ],
        "extraction": {
          "method": "structured"
        },
        "reviewState": "candidate",
        "asOf": "2026-09-26T16:53:35.112Z"
      }
    },
    {
      "type": "Feature",
      "geometry": {
        "type": "LineString",
        "coordinates": [
          [
            7.20042362454875,
            51.54493803379851
          ],
          [
            7.199024124949874,
            51.545474627507964
          ]
        ]
      },
      "properties": {
        "id": "autobahn:2023-004133--vi-fbm.2026-09-25_21-00-00-000.devi-zus.2022-01-03_20-00-00-000_008.f.de198",
        "version": "ac8842fce765abca46397295c7fe65d8e5bc9cac5f3965f68d376aa4f4c8f7a4",
        "cityId": "castrop-rauxel",
        "kind": "roadworks",
        "category": "Sperrung",
        "title": "A42 - Ausbau AK Herne und Neubau Tunnel Baukau - AlD 4133",
        "statement": "A42 - Ausbau AK Herne und Neubau Tunnel Baukau - AlD 4133: eine Sperrung ist im Autobahn-Verkehrsdienst verzeichnet. Von Auffahrt auf die A43: AK Herne (aus Richtung Recklinghausen-Hochlarmark) nach A43: Recklinghausen -> Wuppertal, zwischen AS Recklinghausen-Hochlarmark und 0.1 km vor AK Herne Die Lage kann auch eine Pendelstrecke außerhalb des Stadtgebiets betreffen.",
        "status": "im Verkehrsdienst geführt",
        "startDate": "2026-09-25",
        "endDate": "2027-05-10",
        "nextStep": "Aktuelle Verkehrs- und Sperrinformationen beim Betreiber prüfen.",
        "unknowns": [
          "Genauer Verkehrsverlauf und tatsächliche Dauer vor Ort"
        ],
        "scale": "district",
        "geometryPrecision": "approximate",
        "sources": [
          {
            "url": "https://verkehr.autobahn.de/o/autobahn/A42/services/closure",
            "snapshotUrl": "https://verkehr.autobahn.de/o/autobahn/A42/services/closure",
            "title": "Autobahn A42 closure",
            "publisher": "Autobahn GmbH",
            "locator": "closure[identifier=2023-004133--vi-fbm.2026-09-25_21-00-00-000.devi-zus.2022-01-03_20-00-00-000_008.f.de198]",
            "retrievedAt": "2026-09-26T16:53:35.112Z",
            "sha256": "4b1a9ffda8e6e4df9b096693334a3f3eff6e0288b5e3220b1f9a79e6187a41a3",
            "snapshot": true,
            "licence": "unknown",
            "reuse": "unknown"
          }
        ],
        "extraction": {
          "method": "structured"
        },
        "reviewState": "candidate",
        "asOf": "2026-09-26T16:53:35.112Z"
      }
    },
    {
      "type": "Feature",
      "geometry": {
        "type": "LineString",
        "coordinates": [
          [
            7.17615921935484,
            51.54298590488567
          ],
          [
            7.175178737042605,
            51.54287822412818
          ]
        ]
      },
      "properties": {
        "id": "autobahn:2023-004133--vi-fbm.2026-09-25_21-00-00-000.devi-zus.2022-01-03_20-00-00-000_008.f.de199",
        "version": "6eabceb17f2a227a6e87996eb639877e721fc5ae546d1e2799eb9497f6f6a30b",
        "cityId": "castrop-rauxel",
        "kind": "roadworks",
        "category": "Sperrung",
        "title": "A42 - Ausbau AK Herne und Neubau Tunnel Baukau - AlD 4133",
        "statement": "A42 - Ausbau AK Herne und Neubau Tunnel Baukau - AlD 4133: eine Sperrung ist im Autobahn-Verkehrsdienst verzeichnet. Abfahrt von der A42: AS Herne-Crange (aus Richtung Herne) Die Lage kann auch eine Pendelstrecke außerhalb des Stadtgebiets betreffen.",
        "status": "im Verkehrsdienst geführt",
        "startDate": "2026-09-25",
        "endDate": "2027-05-10",
        "nextStep": "Aktuelle Verkehrs- und Sperrinformationen beim Betreiber prüfen.",
        "unknowns": [
          "Genauer Verkehrsverlauf und tatsächliche Dauer vor Ort"
        ],
        "scale": "district",
        "geometryPrecision": "approximate",
        "sources": [
          {
            "url": "https://verkehr.autobahn.de/o/autobahn/A42/services/closure",
            "snapshotUrl": "https://verkehr.autobahn.de/o/autobahn/A42/services/closure",
            "title": "Autobahn A42 closure",
            "publisher": "Autobahn GmbH",
            "locator": "closure[identifier=2023-004133--vi-fbm.2026-09-25_21-00-00-000.devi-zus.2022-01-03_20-00-00-000_008.f.de199]",
            "retrievedAt": "2026-09-26T16:53:35.112Z",
            "sha256": "4b1a9ffda8e6e4df9b096693334a3f3eff6e0288b5e3220b1f9a79e6187a41a3",
            "snapshot": true,
            "licence": "unknown",
            "reuse": "unknown"
          }
        ],
        "extraction": {
          "method": "structured"
        },
        "reviewState": "candidate",
        "asOf": "2026-09-26T16:53:35.112Z"
      }
    },
    {
      "type": "Feature",
      "geometry": {
        "type": "LineString",
        "coordinates": [
          [
            7.196972639432563,
            51.5451444579176
          ],
          [
            7.196321462630407,
            51.54429966165552
          ]
        ]
      },
      "properties": {
        "id": "autobahn:2023-004133--vi-fbm.2026-09-25_21-00-00-000.devi-zus.2022-01-03_20-00-00-000_008.f.de200",
        "version": "c1db8c65fbc477ea7c084b381f18285220954d760cf143ad95b2d9dba4c365f8",
        "cityId": "castrop-rauxel",
        "kind": "roadworks",
        "category": "Sperrung",
        "title": "A42 - Ausbau AK Herne und Neubau Tunnel Baukau - AlD 4133",
        "statement": "A42 - Ausbau AK Herne und Neubau Tunnel Baukau - AlD 4133: eine Sperrung ist im Autobahn-Verkehrsdienst verzeichnet. Die Lage kann auch eine Pendelstrecke außerhalb des Stadtgebiets betreffen.",
        "status": "im Verkehrsdienst geführt",
        "startDate": "2026-09-25",
        "endDate": "2027-05-10",
        "nextStep": "Aktuelle Verkehrs- und Sperrinformationen beim Betreiber prüfen.",
        "unknowns": [
          "Genauer Verkehrsverlauf und tatsächliche Dauer vor Ort"
        ],
        "scale": "district",
        "geometryPrecision": "approximate",
        "sources": [
          {
            "url": "https://verkehr.autobahn.de/o/autobahn/A42/services/closure",
            "snapshotUrl": "https://verkehr.autobahn.de/o/autobahn/A42/services/closure",
            "title": "Autobahn A42 closure",
            "publisher": "Autobahn GmbH",
            "locator": "closure[identifier=2023-004133--vi-fbm.2026-09-25_21-00-00-000.devi-zus.2022-01-03_20-00-00-000_008.f.de200]",
            "retrievedAt": "2026-09-26T16:53:35.112Z",
            "sha256": "4b1a9ffda8e6e4df9b096693334a3f3eff6e0288b5e3220b1f9a79e6187a41a3",
            "snapshot": true,
            "licence": "unknown",
            "reuse": "unknown"
          }
        ],
        "extraction": {
          "method": "structured"
        },
        "reviewState": "candidate",
        "asOf": "2026-09-26T16:53:35.112Z"
      }
    },
    {
      "type": "Feature",
      "geometry": {
        "type": "LineString",
        "coordinates": [
          [
            7.1804565642261435,
            51.54345260688716
          ],
          [
            7.203710031219877,
            51.54532421298837
          ]
        ]
      },
      "properties": {
        "id": "autobahn:2023-004133--vi-fbm.2026-09-25_21-00-00-000.devi-zus.2022-01-03_20-00-00-000_008.f.de201",
        "version": "7222f562eddcdde7b934d9ba81cdffdeb8e289ecc65dd61a911078bf8227515c",
        "cityId": "castrop-rauxel",
        "kind": "roadworks",
        "category": "Sperrung",
        "title": "A42 | Herne-Crange - Herne-Baukau",
        "statement": "A42 | Herne-Crange - Herne-Baukau: eine Sperrung ist im Autobahn-Verkehrsdienst verzeichnet. A42: Kamp-Lintfort -> Dortmund, zwischen 0.9 km hinter AS Herne-Crange und 0.7 km vor AS Herne-Baukau Die Lage kann auch eine Pendelstrecke außerhalb des Stadtgebiets betreffen.",
        "status": "im Verkehrsdienst geführt",
        "startDate": "2026-09-25",
        "endDate": "2027-05-10",
        "nextStep": "Aktuelle Verkehrs- und Sperrinformationen beim Betreiber prüfen.",
        "unknowns": [
          "Genauer Verkehrsverlauf und tatsächliche Dauer vor Ort"
        ],
        "scale": "district",
        "geometryPrecision": "approximate",
        "sources": [
          {
            "url": "https://verkehr.autobahn.de/o/autobahn/A42/services/closure",
            "snapshotUrl": "https://verkehr.autobahn.de/o/autobahn/A42/services/closure",
            "title": "Autobahn A42 closure",
            "publisher": "Autobahn GmbH",
            "locator": "closure[identifier=2023-004133--vi-fbm.2026-09-25_21-00-00-000.devi-zus.2022-01-03_20-00-00-000_008.f.de201]",
            "retrievedAt": "2026-09-26T16:53:35.112Z",
            "sha256": "4b1a9ffda8e6e4df9b096693334a3f3eff6e0288b5e3220b1f9a79e6187a41a3",
            "snapshot": true,
            "licence": "unknown",
            "reuse": "unknown"
          }
        ],
        "extraction": {
          "method": "structured"
        },
        "reviewState": "candidate",
        "asOf": "2026-09-26T16:53:35.112Z"
      }
    },
    {
      "type": "Feature",
      "geometry": {
        "type": "LineString",
        "coordinates": [
          [
            7.173823307669029,
            51.541399701752006
          ],
          [
            7.178137925506294,
            51.54312113005794
          ]
        ]
      },
      "properties": {
        "id": "autobahn:2023-004133--vi-fbm.2026-09-25_21-00-00-000.devi-zus.2022-01-03_20-00-00-000_008.f.de202",
        "version": "c59acc46977e8f1417df408500fdf14bd794260b6d0c1fb02a767045318ae3a6",
        "cityId": "castrop-rauxel",
        "kind": "roadworks",
        "category": "Sperrung",
        "title": "A42 - Ausbau AK Herne und Neubau Tunnel Baukau - AlD 4133",
        "statement": "A42 - Ausbau AK Herne und Neubau Tunnel Baukau - AlD 4133: eine Sperrung ist im Autobahn-Verkehrsdienst verzeichnet. Von Auffahrt auf die A42: AS Herne-Crange (aus Richtung Herne-Wanne) nach A42: Kamp-Lintfort -> Dortmund, zwischen AS Herne-Crange und 1.5 km vor AK Herne Die Lage kann auch eine Pendelstrecke außerhalb des Stadtgebiets betreffen.",
        "status": "im Verkehrsdienst geführt",
        "startDate": "2026-09-25",
        "endDate": "2027-05-10",
        "nextStep": "Aktuelle Verkehrs- und Sperrinformationen beim Betreiber prüfen.",
        "unknowns": [
          "Genauer Verkehrsverlauf und tatsächliche Dauer vor Ort"
        ],
        "scale": "district",
        "geometryPrecision": "approximate",
        "sources": [
          {
            "url": "https://verkehr.autobahn.de/o/autobahn/A42/services/closure",
            "snapshotUrl": "https://verkehr.autobahn.de/o/autobahn/A42/services/closure",
            "title": "Autobahn A42 closure",
            "publisher": "Autobahn GmbH",
            "locator": "closure[identifier=2023-004133--vi-fbm.2026-09-25_21-00-00-000.devi-zus.2022-01-03_20-00-00-000_008.f.de202]",
            "retrievedAt": "2026-09-26T16:53:35.112Z",
            "sha256": "4b1a9ffda8e6e4df9b096693334a3f3eff6e0288b5e3220b1f9a79e6187a41a3",
            "snapshot": true,
            "licence": "unknown",
            "reuse": "unknown"
          }
        ],
        "extraction": {
          "method": "structured"
        },
        "reviewState": "candidate",
        "asOf": "2026-09-26T16:53:35.112Z"
      }
    },
    {
      "type": "Feature",
      "geometry": {
        "type": "LineString",
        "coordinates": [
          [
            7.197286643032042,
            51.54524933034925
          ],
          [
            7.198802206409398,
            51.54405009769122
          ]
        ]
      },
      "properties": {
        "id": "autobahn:2023-004133--vi-fbm.2026-09-29_05-00-00-000.devi-zus.2022-01-03_20-00-00-000_008.f.de217",
        "version": "5157b7cb4118978b4e9467ddd0d7e076026df561176b37beaa00e222c175af9d",
        "cityId": "castrop-rauxel",
        "kind": "roadworks",
        "category": "Sperrung",
        "title": "A42 - Ausbau AK Herne und Neubau Tunnel Baukau - AlD 4133",
        "statement": "A42 - Ausbau AK Herne und Neubau Tunnel Baukau - AlD 4133: eine Sperrung ist im Autobahn-Verkehrsdienst verzeichnet. Abfahrt von der A43: AK Herne (aus Richtung Recklinghausen-Hochlarmark) Die Lage kann auch eine Pendelstrecke außerhalb des Stadtgebiets betreffen.",
        "status": "angekündigt",
        "startDate": "2026-09-29",
        "endDate": "2027-05-10",
        "nextStep": "Aktuelle Verkehrs- und Sperrinformationen beim Betreiber prüfen.",
        "unknowns": [
          "Genauer Verkehrsverlauf und tatsächliche Dauer vor Ort"
        ],
        "scale": "district",
        "geometryPrecision": "approximate",
        "sources": [
          {
            "url": "https://verkehr.autobahn.de/o/autobahn/A42/services/closure",
            "snapshotUrl": "https://verkehr.autobahn.de/o/autobahn/A42/services/closure",
            "title": "Autobahn A42 closure",
            "publisher": "Autobahn GmbH",
            "locator": "closure[identifier=2023-004133--vi-fbm.2026-09-29_05-00-00-000.devi-zus.2022-01-03_20-00-00-000_008.f.de217]",
            "retrievedAt": "2026-09-26T16:53:35.112Z",
            "sha256": "4b1a9ffda8e6e4df9b096693334a3f3eff6e0288b5e3220b1f9a79e6187a41a3",
            "snapshot": true,
            "licence": "unknown",
            "reuse": "unknown"
          }
        ],
        "extraction": {
          "method": "structured"
        },
        "reviewState": "candidate",
        "asOf": "2026-09-26T16:53:35.112Z"
      }
    },
    {
      "type": "Feature",
      "geometry": {
        "type": "LineString",
        "coordinates": [
          [
            7.1988608650150905,
            51.54385989021802
          ],
          [
            7.199474780319595,
            51.54529821353176
          ]
        ]
      },
      "properties": {
        "id": "autobahn:2023-004133--vi-fbm.2026-09-29_05-00-00-000.devi-zus.2022-01-03_20-00-00-000_008.f.de224",
        "version": "0cca45b8e1bf523fa150d99286e8bbaae6ed8ae603b392517ee66c376a4a07cc",
        "cityId": "castrop-rauxel",
        "kind": "roadworks",
        "category": "Sperrung",
        "title": "A42 - Ausbau AK Herne und Neubau Tunnel Baukau - AlD 4133",
        "statement": "A42 - Ausbau AK Herne und Neubau Tunnel Baukau - AlD 4133: eine Sperrung ist im Autobahn-Verkehrsdienst verzeichnet. Abfahrt von der A42: AK Herne (aus Richtung Herne-Crange) Die Lage kann auch eine Pendelstrecke außerhalb des Stadtgebiets betreffen.",
        "status": "angekündigt",
        "startDate": "2026-09-29",
        "endDate": "2027-05-10",
        "nextStep": "Aktuelle Verkehrs- und Sperrinformationen beim Betreiber prüfen.",
        "unknowns": [
          "Genauer Verkehrsverlauf und tatsächliche Dauer vor Ort"
        ],
        "scale": "district",
        "geometryPrecision": "approximate",
        "sources": [
          {
            "url": "https://verkehr.autobahn.de/o/autobahn/A42/services/closure",
            "snapshotUrl": "https://verkehr.autobahn.de/o/autobahn/A42/services/closure",
            "title": "Autobahn A42 closure",
            "publisher": "Autobahn GmbH",
            "locator": "closure[identifier=2023-004133--vi-fbm.2026-09-29_05-00-00-000.devi-zus.2022-01-03_20-00-00-000_008.f.de224]",
            "retrievedAt": "2026-09-26T16:53:35.112Z",
            "sha256": "4b1a9ffda8e6e4df9b096693334a3f3eff6e0288b5e3220b1f9a79e6187a41a3",
            "snapshot": true,
            "licence": "unknown",
            "reuse": "unknown"
          }
        ],
        "extraction": {
          "method": "structured"
        },
        "reviewState": "candidate",
        "asOf": "2026-09-26T16:53:35.112Z"
      }
    },
    {
      "type": "Feature",
      "geometry": {
        "type": "LineString",
        "coordinates": [
          [
            7.212002581328071,
            51.54838314186752
          ],
          [
            7.195897072423542,
            51.544052912628246
          ]
        ]
      },
      "properties": {
        "id": "autobahn:2023-004133--vi-fbm.2026-10-02_21-00-00-000.devi-zus.2022-01-03_20-00-00-000_008.f.de225",
        "version": "88b80f002af82d32a529b5ca940bf46c67c06f9167087d4430132e1cd3ec912b",
        "cityId": "castrop-rauxel",
        "kind": "roadworks",
        "category": "Sperrung",
        "title": "A42 | Herne-Baukau - Herne-Crange",
        "statement": "A42 | Herne-Baukau - Herne-Crange: eine Sperrung ist im Autobahn-Verkehrsdienst verzeichnet. A42: Dortmund -> Kamp-Lintfort, zwischen AS Herne-Baukau und 1.9 km vor AS Herne-Crange Die Lage kann auch eine Pendelstrecke außerhalb des Stadtgebiets betreffen.",
        "status": "angekündigt",
        "startDate": "2026-10-02",
        "endDate": "2027-05-10",
        "nextStep": "Aktuelle Verkehrs- und Sperrinformationen beim Betreiber prüfen.",
        "unknowns": [
          "Genauer Verkehrsverlauf und tatsächliche Dauer vor Ort"
        ],
        "scale": "district",
        "geometryPrecision": "approximate",
        "sources": [
          {
            "url": "https://verkehr.autobahn.de/o/autobahn/A42/services/closure",
            "snapshotUrl": "https://verkehr.autobahn.de/o/autobahn/A42/services/closure",
            "title": "Autobahn A42 closure",
            "publisher": "Autobahn GmbH",
            "locator": "closure[identifier=2023-004133--vi-fbm.2026-10-02_21-00-00-000.devi-zus.2022-01-03_20-00-00-000_008.f.de225]",
            "retrievedAt": "2026-09-26T16:53:35.112Z",
            "sha256": "4b1a9ffda8e6e4df9b096693334a3f3eff6e0288b5e3220b1f9a79e6187a41a3",
            "snapshot": true,
            "licence": "unknown",
            "reuse": "unknown"
          }
        ],
        "extraction": {
          "method": "structured"
        },
        "reviewState": "candidate",
        "asOf": "2026-09-26T16:53:35.112Z"
      }
    },
    {
      "type": "Feature",
      "geometry": {
        "type": "LineString",
        "coordinates": [
          [
            7.212731208113052,
            51.54963759061273
          ],
          [
            7.212932536407873,
            51.54880001509401
          ]
        ]
      },
      "properties": {
        "id": "autobahn:2023-004133--vi-fbm.2026-10-02_21-00-00-000.devi-zus.2022-01-03_20-00-00-000_008.f.de226",
        "version": "f537f97aa5d26bd3ad4208d57e24b5f7e91ce67c796f6046cd3e8ed05e4c5bce",
        "cityId": "castrop-rauxel",
        "kind": "roadworks",
        "category": "Sperrung",
        "title": "A42 - Ausbau AK Herne und Neubau Tunnel Baukau - AlD 4133",
        "statement": "A42 - Ausbau AK Herne und Neubau Tunnel Baukau - AlD 4133: eine Sperrung ist im Autobahn-Verkehrsdienst verzeichnet. Die Lage kann auch eine Pendelstrecke außerhalb des Stadtgebiets betreffen.",
        "status": "angekündigt",
        "startDate": "2026-10-02",
        "endDate": "2027-05-10",
        "nextStep": "Aktuelle Verkehrs- und Sperrinformationen beim Betreiber prüfen.",
        "unknowns": [
          "Genauer Verkehrsverlauf und tatsächliche Dauer vor Ort"
        ],
        "scale": "district",
        "geometryPrecision": "approximate",
        "sources": [
          {
            "url": "https://verkehr.autobahn.de/o/autobahn/A42/services/closure",
            "snapshotUrl": "https://verkehr.autobahn.de/o/autobahn/A42/services/closure",
            "title": "Autobahn A42 closure",
            "publisher": "Autobahn GmbH",
            "locator": "closure[identifier=2023-004133--vi-fbm.2026-10-02_21-00-00-000.devi-zus.2022-01-03_20-00-00-000_008.f.de226]",
            "retrievedAt": "2026-09-26T16:53:35.112Z",
            "sha256": "4b1a9ffda8e6e4df9b096693334a3f3eff6e0288b5e3220b1f9a79e6187a41a3",
            "snapshot": true,
            "licence": "unknown",
            "reuse": "unknown"
          }
        ],
        "extraction": {
          "method": "structured"
        },
        "reviewState": "candidate",
        "asOf": "2026-09-26T16:53:35.112Z"
      }
    },
    {
      "type": "Feature",
      "geometry": {
        "type": "LineString",
        "coordinates": [
          [
            7.20042362454875,
            51.54493803379851
          ],
          [
            7.199024124949874,
            51.545474627507964
          ]
        ]
      },
      "properties": {
        "id": "autobahn:2023-004133--vi-fbm.2026-10-02_21-00-00-000.devi-zus.2022-01-03_20-00-00-000_008.f.de227",
        "version": "7f72f0832c5a907ff697073d08cb71a1c8e0e34bc170576bc00bee7e1f8ad8a4",
        "cityId": "castrop-rauxel",
        "kind": "roadworks",
        "category": "Sperrung",
        "title": "A42 - Ausbau AK Herne und Neubau Tunnel Baukau - AlD 4133",
        "statement": "A42 - Ausbau AK Herne und Neubau Tunnel Baukau - AlD 4133: eine Sperrung ist im Autobahn-Verkehrsdienst verzeichnet. Von Auffahrt auf die A43: AK Herne (aus Richtung Recklinghausen-Hochlarmark) nach A43: Recklinghausen -> Wuppertal, zwischen AS Recklinghausen-Hochlarmark und 0.1 km vor AK Herne Die Lage kann auch eine Pendelstrecke außerhalb des Stadtgebiets betreffen.",
        "status": "angekündigt",
        "startDate": "2026-10-02",
        "endDate": "2027-05-10",
        "nextStep": "Aktuelle Verkehrs- und Sperrinformationen beim Betreiber prüfen.",
        "unknowns": [
          "Genauer Verkehrsverlauf und tatsächliche Dauer vor Ort"
        ],
        "scale": "district",
        "geometryPrecision": "approximate",
        "sources": [
          {
            "url": "https://verkehr.autobahn.de/o/autobahn/A42/services/closure",
            "snapshotUrl": "https://verkehr.autobahn.de/o/autobahn/A42/services/closure",
            "title": "Autobahn A42 closure",
            "publisher": "Autobahn GmbH",
            "locator": "closure[identifier=2023-004133--vi-fbm.2026-10-02_21-00-00-000.devi-zus.2022-01-03_20-00-00-000_008.f.de227]",
            "retrievedAt": "2026-09-26T16:53:35.112Z",
            "sha256": "4b1a9ffda8e6e4df9b096693334a3f3eff6e0288b5e3220b1f9a79e6187a41a3",
            "snapshot": true,
            "licence": "unknown",
            "reuse": "unknown"
          }
        ],
        "extraction": {
          "method": "structured"
        },
        "reviewState": "candidate",
        "asOf": "2026-09-26T16:53:35.112Z"
      }
    },
    {
      "type": "Feature",
      "geometry": {
        "type": "LineString",
        "coordinates": [
          [
            7.17615921935484,
            51.54298590488567
          ],
          [
            7.175178737042605,
            51.54287822412818
          ]
        ]
      },
      "properties": {
        "id": "autobahn:2023-004133--vi-fbm.2026-10-02_21-00-00-000.devi-zus.2022-01-03_20-00-00-000_008.f.de228",
        "version": "4bd521737d4d9300e2f22fff26868760df1b7a85cfc7e354af2b202c3180d7c2",
        "cityId": "castrop-rauxel",
        "kind": "roadworks",
        "category": "Sperrung",
        "title": "A42 - Ausbau AK Herne und Neubau Tunnel Baukau - AlD 4133",
        "statement": "A42 - Ausbau AK Herne und Neubau Tunnel Baukau - AlD 4133: eine Sperrung ist im Autobahn-Verkehrsdienst verzeichnet. Abfahrt von der A42: AS Herne-Crange (aus Richtung Herne) Die Lage kann auch eine Pendelstrecke außerhalb des Stadtgebiets betreffen.",
        "status": "angekündigt",
        "startDate": "2026-10-02",
        "endDate": "2027-05-10",
        "nextStep": "Aktuelle Verkehrs- und Sperrinformationen beim Betreiber prüfen.",
        "unknowns": [
          "Genauer Verkehrsverlauf und tatsächliche Dauer vor Ort"
        ],
        "scale": "district",
        "geometryPrecision": "approximate",
        "sources": [
          {
            "url": "https://verkehr.autobahn.de/o/autobahn/A42/services/closure",
            "snapshotUrl": "https://verkehr.autobahn.de/o/autobahn/A42/services/closure",
            "title": "Autobahn A42 closure",
            "publisher": "Autobahn GmbH",
            "locator": "closure[identifier=2023-004133--vi-fbm.2026-10-02_21-00-00-000.devi-zus.2022-01-03_20-00-00-000_008.f.de228]",
            "retrievedAt": "2026-09-26T16:53:35.112Z",
            "sha256": "4b1a9ffda8e6e4df9b096693334a3f3eff6e0288b5e3220b1f9a79e6187a41a3",
            "snapshot": true,
            "licence": "unknown",
            "reuse": "unknown"
          }
        ],
        "extraction": {
          "method": "structured"
        },
        "reviewState": "candidate",
        "asOf": "2026-09-26T16:53:35.112Z"
      }
    },
    {
      "type": "Feature",
      "geometry": {
        "type": "LineString",
        "coordinates": [
          [
            7.196972639432563,
            51.5451444579176
          ],
          [
            7.196321462630407,
            51.54429966165552
          ]
        ]
      },
      "properties": {
        "id": "autobahn:2023-004133--vi-fbm.2026-10-02_21-00-00-000.devi-zus.2022-01-03_20-00-00-000_008.f.de229",
        "version": "96fdec5fb1a83c0bc5bf35ea73560f403edcbfd9724db0a5be50d71ff711a974",
        "cityId": "castrop-rauxel",
        "kind": "roadworks",
        "category": "Sperrung",
        "title": "A42 - Ausbau AK Herne und Neubau Tunnel Baukau - AlD 4133",
        "statement": "A42 - Ausbau AK Herne und Neubau Tunnel Baukau - AlD 4133: eine Sperrung ist im Autobahn-Verkehrsdienst verzeichnet. Die Lage kann auch eine Pendelstrecke außerhalb des Stadtgebiets betreffen.",
        "status": "angekündigt",
        "startDate": "2026-10-02",
        "endDate": "2027-05-10",
        "nextStep": "Aktuelle Verkehrs- und Sperrinformationen beim Betreiber prüfen.",
        "unknowns": [
          "Genauer Verkehrsverlauf und tatsächliche Dauer vor Ort"
        ],
        "scale": "district",
        "geometryPrecision": "approximate",
        "sources": [
          {
            "url": "https://verkehr.autobahn.de/o/autobahn/A42/services/closure",
            "snapshotUrl": "https://verkehr.autobahn.de/o/autobahn/A42/services/closure",
            "title": "Autobahn A42 closure",
            "publisher": "Autobahn GmbH",
            "locator": "closure[identifier=2023-004133--vi-fbm.2026-10-02_21-00-00-000.devi-zus.2022-01-03_20-00-00-000_008.f.de229]",
            "retrievedAt": "2026-09-26T16:53:35.112Z",
            "sha256": "4b1a9ffda8e6e4df9b096693334a3f3eff6e0288b5e3220b1f9a79e6187a41a3",
            "snapshot": true,
            "licence": "unknown",
            "reuse": "unknown"
          }
        ],
        "extraction": {
          "method": "structured"
        },
        "reviewState": "candidate",
        "asOf": "2026-09-26T16:53:35.112Z"
      }
    },
    {
      "type": "Feature",
      "geometry": {
        "type": "LineString",
        "coordinates": [
          [
            7.17383877122921,
            51.54141481004536
          ],
          [
            7.178096049654635,
            51.54311438568589
          ]
        ]
      },
      "properties": {
        "id": "autobahn:2023-004133--vi-fbm.2026-10-02_21-00-00-000.devi-zus.2022-01-03_20-00-00-000_008.f.de230",
        "version": "32ca0b33935ca7e31cd72928c8871294223a62280c9d5a5fadd526abbcf1cff1",
        "cityId": "castrop-rauxel",
        "kind": "roadworks",
        "category": "Sperrung",
        "title": "A42 - Ausbau AK Herne und Neubau Tunnel Baukau - AlD 4133",
        "statement": "A42 - Ausbau AK Herne und Neubau Tunnel Baukau - AlD 4133: eine Sperrung ist im Autobahn-Verkehrsdienst verzeichnet. Von Auffahrt auf die A42: AS Herne-Crange (aus Richtung Herne-Wanne) nach A42: Kamp-Lintfort -> Dortmund, zwischen AS Herne-Crange und 1.5 km vor AK Herne Die Lage kann auch eine Pendelstrecke außerhalb des Stadtgebiets betreffen.",
        "status": "angekündigt",
        "startDate": "2026-10-02",
        "endDate": "2027-05-10",
        "nextStep": "Aktuelle Verkehrs- und Sperrinformationen beim Betreiber prüfen.",
        "unknowns": [
          "Genauer Verkehrsverlauf und tatsächliche Dauer vor Ort"
        ],
        "scale": "district",
        "geometryPrecision": "approximate",
        "sources": [
          {
            "url": "https://verkehr.autobahn.de/o/autobahn/A42/services/closure",
            "snapshotUrl": "https://verkehr.autobahn.de/o/autobahn/A42/services/closure",
            "title": "Autobahn A42 closure",
            "publisher": "Autobahn GmbH",
            "locator": "closure[identifier=2023-004133--vi-fbm.2026-10-02_21-00-00-000.devi-zus.2022-01-03_20-00-00-000_008.f.de230]",
            "retrievedAt": "2026-09-26T16:53:35.112Z",
            "sha256": "4b1a9ffda8e6e4df9b096693334a3f3eff6e0288b5e3220b1f9a79e6187a41a3",
            "snapshot": true,
            "licence": "unknown",
            "reuse": "unknown"
          }
        ],
        "extraction": {
          "method": "structured"
        },
        "reviewState": "candidate",
        "asOf": "2026-09-26T16:53:35.112Z"
      }
    },
    {
      "type": "Feature",
      "geometry": {
        "type": "LineString",
        "coordinates": [
          [
            7.180442423811853,
            51.54345085524021
          ],
          [
            7.202929395673806,
            51.5451092747393
          ]
        ]
      },
      "properties": {
        "id": "autobahn:2023-004133--vi-fbm.2026-10-02_21-00-00-000.devi-zus.2022-01-03_20-00-00-000_008.f.de231",
        "version": "46368d2efd861d9bbdcac2f339d8d0a6e7f6e52df98df8aebad4a70ed468cf09",
        "cityId": "castrop-rauxel",
        "kind": "roadworks",
        "category": "Sperrung",
        "title": "A42 | Herne-Crange - Herne-Baukau",
        "statement": "A42 | Herne-Crange - Herne-Baukau: eine Sperrung ist im Autobahn-Verkehrsdienst verzeichnet. A42: Kamp-Lintfort -> Dortmund, zwischen 0.9 km hinter AS Herne-Crange und 0.7 km vor AS Herne-Baukau Die Lage kann auch eine Pendelstrecke außerhalb des Stadtgebiets betreffen.",
        "status": "angekündigt",
        "startDate": "2026-10-02",
        "endDate": "2027-05-10",
        "nextStep": "Aktuelle Verkehrs- und Sperrinformationen beim Betreiber prüfen.",
        "unknowns": [
          "Genauer Verkehrsverlauf und tatsächliche Dauer vor Ort"
        ],
        "scale": "district",
        "geometryPrecision": "approximate",
        "sources": [
          {
            "url": "https://verkehr.autobahn.de/o/autobahn/A42/services/closure",
            "snapshotUrl": "https://verkehr.autobahn.de/o/autobahn/A42/services/closure",
            "title": "Autobahn A42 closure",
            "publisher": "Autobahn GmbH",
            "locator": "closure[identifier=2023-004133--vi-fbm.2026-10-02_21-00-00-000.devi-zus.2022-01-03_20-00-00-000_008.f.de231]",
            "retrievedAt": "2026-09-26T16:53:35.112Z",
            "sha256": "4b1a9ffda8e6e4df9b096693334a3f3eff6e0288b5e3220b1f9a79e6187a41a3",
            "snapshot": true,
            "licence": "unknown",
            "reuse": "unknown"
          }
        ],
        "extraction": {
          "method": "structured"
        },
        "reviewState": "candidate",
        "asOf": "2026-09-26T16:53:35.112Z"
      }
    },
    {
      "type": "Feature",
      "geometry": {
        "type": "LineString",
        "coordinates": [
          [
            6.979855691658256,
            51.5038564196617
          ],
          [
            6.983995317204164,
            51.50310849037054
          ]
        ]
      },
      "properties": {
        "id": "autobahn:2023-004405--vi-bs.2026-03-01_20-15-00-000.devi-zus.2024-05-02_20-00-00-000_008.f.de26",
        "version": "c77450a45494371a6ee9320960e606dcd7ab96f0be78f195bab2b77257117466",
        "cityId": "castrop-rauxel",
        "kind": "roadworks",
        "category": "Autobahn-Baustelle",
        "title": "A42 | Bottrop-Süd - Essen-Nord",
        "statement": "A42 | Bottrop-Süd - Essen-Nord: eine Baustelle ist im Autobahn-Verkehrsdienst verzeichnet. A42: Kamp-Lintfort -> Dortmund, zwischen 3.3 km hinter AS Bottrop-Süd und 0.9 km vor AK Essen-Nord Die Lage kann auch eine Pendelstrecke außerhalb des Stadtgebiets betreffen.",
        "status": "im Verkehrsdienst geführt",
        "startDate": "2026-03-01",
        "endDate": "2028-12-20",
        "nextStep": "Aktuelle Verkehrs- und Sperrinformationen beim Betreiber prüfen.",
        "unknowns": [
          "Genauer Verkehrsverlauf und tatsächliche Dauer vor Ort"
        ],
        "scale": "district",
        "geometryPrecision": "approximate",
        "sources": [
          {
            "url": "https://verkehr.autobahn.de/o/autobahn/A42/services/roadworks",
            "snapshotUrl": "https://verkehr.autobahn.de/o/autobahn/A42/services/roadworks",
            "title": "Autobahn A42 roadworks",
            "publisher": "Autobahn GmbH",
            "locator": "roadworks[identifier=2023-004405--vi-bs.2026-03-01_20-15-00-000.devi-zus.2024-05-02_20-00-00-000_008.f.de26]",
            "retrievedAt": "2026-09-26T16:53:35.071Z",
            "sha256": "ebaba7bfc71be9413ef32b44996785d3c29d73509073f402d356f02f9006176d",
            "snapshot": true,
            "licence": "unknown",
            "reuse": "unknown"
          }
        ],
        "extraction": {
          "method": "structured"
        },
        "reviewState": "candidate",
        "asOf": "2026-09-26T16:53:35.071Z"
      }
    },
    {
      "type": "Feature",
      "geometry": {
        "type": "LineString",
        "coordinates": [
          [
            6.98399531720417,
            51.50310849037054
          ],
          [
            6.994925991600853,
            51.504970379692864
          ]
        ]
      },
      "properties": {
        "id": "autobahn:2023-004405--vi-bs.2026-03-01_20-15-00-000.devi-zus.2024-05-02_20-00-00-000_008.f.de28",
        "version": "53bb3fe54d4f7dd82ad981e33b4a406748c1ea11ff21ea92b27fa5a66b160016",
        "cityId": "castrop-rauxel",
        "kind": "roadworks",
        "category": "Autobahn-Baustelle",
        "title": "A42 | Bottrop-Süd - Essen-Nord",
        "statement": "A42 | Bottrop-Süd - Essen-Nord: eine Baustelle ist im Autobahn-Verkehrsdienst verzeichnet. A42: Kamp-Lintfort -> Dortmund, zwischen 3.6 km hinter AS Bottrop-Süd und 0.1 km vor AK Essen-Nord Die Lage kann auch eine Pendelstrecke außerhalb des Stadtgebiets betreffen.",
        "status": "im Verkehrsdienst geführt",
        "startDate": "2026-03-01",
        "endDate": "2028-12-20",
        "nextStep": "Aktuelle Verkehrs- und Sperrinformationen beim Betreiber prüfen.",
        "unknowns": [
          "Genauer Verkehrsverlauf und tatsächliche Dauer vor Ort"
        ],
        "scale": "district",
        "geometryPrecision": "approximate",
        "sources": [
          {
            "url": "https://verkehr.autobahn.de/o/autobahn/A42/services/roadworks",
            "snapshotUrl": "https://verkehr.autobahn.de/o/autobahn/A42/services/roadworks",
            "title": "Autobahn A42 roadworks",
            "publisher": "Autobahn GmbH",
            "locator": "roadworks[identifier=2023-004405--vi-bs.2026-03-01_20-15-00-000.devi-zus.2024-05-02_20-00-00-000_008.f.de28]",
            "retrievedAt": "2026-09-26T16:53:35.071Z",
            "sha256": "ebaba7bfc71be9413ef32b44996785d3c29d73509073f402d356f02f9006176d",
            "snapshot": true,
            "licence": "unknown",
            "reuse": "unknown"
          }
        ],
        "extraction": {
          "method": "structured"
        },
        "reviewState": "candidate",
        "asOf": "2026-09-26T16:53:35.071Z"
      }
    },
    {
      "type": "Feature",
      "geometry": {
        "type": "LineString",
        "coordinates": [
          [
            6.994848865371452,
            51.50505970698437
          ],
          [
            6.984016384306725,
            51.5032129222025
          ]
        ]
      },
      "properties": {
        "id": "autobahn:2023-004405--vi-bs.2026-03-01_20-15-00-000.devi-zus.2024-05-02_20-00-00-000_008.f.de30",
        "version": "4ae514d2f05af0c4ee8e2db39b516e44f16c03715278df5d2018bf8875db3101",
        "cityId": "castrop-rauxel",
        "kind": "roadworks",
        "category": "Autobahn-Baustelle",
        "title": "A42 | Essen-Nord - Bottrop-Süd",
        "statement": "A42 | Essen-Nord - Bottrop-Süd: eine Baustelle ist im Autobahn-Verkehrsdienst verzeichnet. A42: Dortmund -> Kamp-Lintfort, zwischen 0.1 km hinter AK Essen-Nord und 3.6 km vor AS Bottrop-Süd Die Lage kann auch eine Pendelstrecke außerhalb des Stadtgebiets betreffen.",
        "status": "im Verkehrsdienst geführt",
        "startDate": "2026-03-01",
        "endDate": "2028-12-20",
        "nextStep": "Aktuelle Verkehrs- und Sperrinformationen beim Betreiber prüfen.",
        "unknowns": [
          "Genauer Verkehrsverlauf und tatsächliche Dauer vor Ort"
        ],
        "scale": "district",
        "geometryPrecision": "approximate",
        "sources": [
          {
            "url": "https://verkehr.autobahn.de/o/autobahn/A42/services/roadworks",
            "snapshotUrl": "https://verkehr.autobahn.de/o/autobahn/A42/services/roadworks",
            "title": "Autobahn A42 roadworks",
            "publisher": "Autobahn GmbH",
            "locator": "roadworks[identifier=2023-004405--vi-bs.2026-03-01_20-15-00-000.devi-zus.2024-05-02_20-00-00-000_008.f.de30]",
            "retrievedAt": "2026-09-26T16:53:35.071Z",
            "sha256": "ebaba7bfc71be9413ef32b44996785d3c29d73509073f402d356f02f9006176d",
            "snapshot": true,
            "licence": "unknown",
            "reuse": "unknown"
          }
        ],
        "extraction": {
          "method": "structured"
        },
        "reviewState": "candidate",
        "asOf": "2026-09-26T16:53:35.071Z"
      }
    },
    {
      "type": "Feature",
      "geometry": {
        "type": "LineString",
        "coordinates": [
          [
            6.994925991600853,
            51.504970379692864
          ],
          [
            6.997442076997173,
            51.50583182122311
          ]
        ]
      },
      "properties": {
        "id": "autobahn:2023-004405--vi-bs.2026-03-01_20-15-00-000.devi-zus.2024-05-02_20-00-00-000_008.f.de32",
        "version": "98024eb4797f8911f4c60e84f811e078fd085e416aa629eac38906e8bfae7b3c",
        "cityId": "castrop-rauxel",
        "kind": "roadworks",
        "category": "Autobahn-Baustelle",
        "title": "A42 | Bottrop-Süd - Essen-Altenessen",
        "statement": "A42 | Bottrop-Süd - Essen-Altenessen: eine Baustelle ist im Autobahn-Verkehrsdienst verzeichnet. A42: Kamp-Lintfort -> Dortmund, zwischen 4.4 km hinter AS Bottrop-Süd und 1.2 km vor AS Essen-Altenessen Die Lage kann auch eine Pendelstrecke außerhalb des Stadtgebiets betreffen.",
        "status": "im Verkehrsdienst geführt",
        "startDate": "2026-03-01",
        "endDate": "2028-12-20",
        "nextStep": "Aktuelle Verkehrs- und Sperrinformationen beim Betreiber prüfen.",
        "unknowns": [
          "Genauer Verkehrsverlauf und tatsächliche Dauer vor Ort"
        ],
        "scale": "district",
        "geometryPrecision": "approximate",
        "sources": [
          {
            "url": "https://verkehr.autobahn.de/o/autobahn/A42/services/roadworks",
            "snapshotUrl": "https://verkehr.autobahn.de/o/autobahn/A42/services/roadworks",
            "title": "Autobahn A42 roadworks",
            "publisher": "Autobahn GmbH",
            "locator": "roadworks[identifier=2023-004405--vi-bs.2026-03-01_20-15-00-000.devi-zus.2024-05-02_20-00-00-000_008.f.de32]",
            "retrievedAt": "2026-09-26T16:53:35.071Z",
            "sha256": "ebaba7bfc71be9413ef32b44996785d3c29d73509073f402d356f02f9006176d",
            "snapshot": true,
            "licence": "unknown",
            "reuse": "unknown"
          }
        ],
        "extraction": {
          "method": "structured"
        },
        "reviewState": "candidate",
        "asOf": "2026-09-26T16:53:35.071Z"
      }
    },
    {
      "type": "Feature",
      "geometry": {
        "type": "LineString",
        "coordinates": [
          [
            6.998684546547373,
            51.50634837326018
          ],
          [
            6.994899612976533,
            51.505076734220545
          ]
        ]
      },
      "properties": {
        "id": "autobahn:2023-004405--vi-bs.2026-03-01_20-15-00-000.devi-zus.2024-05-02_20-00-00-000_008.f.de34",
        "version": "508b546793d4041890312c37cd1eb09fd7a297e9291094ed744a067fd5737b77",
        "cityId": "castrop-rauxel",
        "kind": "roadworks",
        "category": "Autobahn-Baustelle",
        "title": "A42 | Essen-Altenessen - Bottrop-Süd",
        "statement": "A42 | Essen-Altenessen - Bottrop-Süd: eine Baustelle ist im Autobahn-Verkehrsdienst verzeichnet. A42: Dortmund -> Kamp-Lintfort, zwischen 1.1 km hinter AS Essen-Altenessen und 4.4 km vor AS Bottrop-Süd Die Lage kann auch eine Pendelstrecke außerhalb des Stadtgebiets betreffen.",
        "status": "im Verkehrsdienst geführt",
        "startDate": "2026-03-01",
        "endDate": "2028-12-20",
        "nextStep": "Aktuelle Verkehrs- und Sperrinformationen beim Betreiber prüfen.",
        "unknowns": [
          "Genauer Verkehrsverlauf und tatsächliche Dauer vor Ort"
        ],
        "scale": "district",
        "geometryPrecision": "approximate",
        "sources": [
          {
            "url": "https://verkehr.autobahn.de/o/autobahn/A42/services/roadworks",
            "snapshotUrl": "https://verkehr.autobahn.de/o/autobahn/A42/services/roadworks",
            "title": "Autobahn A42 roadworks",
            "publisher": "Autobahn GmbH",
            "locator": "roadworks[identifier=2023-004405--vi-bs.2026-03-01_20-15-00-000.devi-zus.2024-05-02_20-00-00-000_008.f.de34]",
            "retrievedAt": "2026-09-26T16:53:35.071Z",
            "sha256": "ebaba7bfc71be9413ef32b44996785d3c29d73509073f402d356f02f9006176d",
            "snapshot": true,
            "licence": "unknown",
            "reuse": "unknown"
          }
        ],
        "extraction": {
          "method": "structured"
        },
        "reviewState": "candidate",
        "asOf": "2026-09-26T16:53:35.071Z"
      }
    },
    {
      "type": "Feature",
      "geometry": {
        "type": "LineString",
        "coordinates": [
          [
            6.984016384306725,
            51.5032129222025
          ],
          [
            6.979907970086644,
            51.50396057192626
          ]
        ]
      },
      "properties": {
        "id": "autobahn:2023-004405--vi-bs.2026-03-01_20-15-00-000.devi-zus.2024-05-02_20-00-00-000_008.f.de36",
        "version": "9c56f487f892101272a8296c656d676230122442fee0bbdcce78ec76b2ee8573",
        "cityId": "castrop-rauxel",
        "kind": "roadworks",
        "category": "Autobahn-Baustelle",
        "title": "A42 | Essen-Nord - Bottrop-Süd",
        "statement": "A42 | Essen-Nord - Bottrop-Süd: eine Baustelle ist im Autobahn-Verkehrsdienst verzeichnet. A42: Dortmund -> Kamp-Lintfort, zwischen 0.9 km hinter AK Essen-Nord und 3.3 km vor AS Bottrop-Süd Die Lage kann auch eine Pendelstrecke außerhalb des Stadtgebiets betreffen.",
        "status": "im Verkehrsdienst geführt",
        "startDate": "2026-03-01",
        "endDate": "2028-12-20",
        "nextStep": "Aktuelle Verkehrs- und Sperrinformationen beim Betreiber prüfen.",
        "unknowns": [
          "Genauer Verkehrsverlauf und tatsächliche Dauer vor Ort"
        ],
        "scale": "district",
        "geometryPrecision": "approximate",
        "sources": [
          {
            "url": "https://verkehr.autobahn.de/o/autobahn/A42/services/roadworks",
            "snapshotUrl": "https://verkehr.autobahn.de/o/autobahn/A42/services/roadworks",
            "title": "Autobahn A42 roadworks",
            "publisher": "Autobahn GmbH",
            "locator": "roadworks[identifier=2023-004405--vi-bs.2026-03-01_20-15-00-000.devi-zus.2024-05-02_20-00-00-000_008.f.de36]",
            "retrievedAt": "2026-09-26T16:53:35.071Z",
            "sha256": "ebaba7bfc71be9413ef32b44996785d3c29d73509073f402d356f02f9006176d",
            "snapshot": true,
            "licence": "unknown",
            "reuse": "unknown"
          }
        ],
        "extraction": {
          "method": "structured"
        },
        "reviewState": "candidate",
        "asOf": "2026-09-26T16:53:35.071Z"
      }
    },
    {
      "type": "Feature",
      "geometry": {
        "type": "LineString",
        "coordinates": [
          [
            7.1968607323010865,
            51.545029208097816
          ],
          [
            7.195922646638461,
            51.54414205915573
          ]
        ]
      },
      "properties": {
        "id": "autobahn:2023-004424--vi-bs.2026-03-22_20-00-00-000.devi-zus.2021-06-14_20-00-00-000_006.f.de137",
        "version": "f0399dacf6266a795be63bb58fd7b1059e858e130e6f8d2f7a80806edafb346b",
        "cityId": "castrop-rauxel",
        "kind": "roadworks",
        "category": "Autobahn-Baustelle",
        "title": "A43 - Ausbau AK Herne - Tunnelneubau - 6-str. Ausbau - im Bereich der beiden Schrankenanlagen Verbot für Fahrzeuge über 2,10m bzw. 2,40m tatsächliche Breite - AlD 4424",
        "statement": "A43 - Ausbau AK Herne - Tunnelneubau - 6-str. Ausbau - im Bereich der beiden Schrankenanlagen Verbot für Fahrzeuge über 2,10m bzw. 2,40m tatsächliche Breite - AlD 4424: eine Baustelle ist im Autobahn-Verkehrsdienst verzeichnet. Die Lage kann auch eine Pendelstrecke außerhalb des Stadtgebiets betreffen.",
        "status": "im Verkehrsdienst geführt",
        "startDate": "2026-03-22",
        "endDate": "2026-12-31",
        "nextStep": "Aktuelle Verkehrs- und Sperrinformationen beim Betreiber prüfen.",
        "unknowns": [
          "Genauer Verkehrsverlauf und tatsächliche Dauer vor Ort"
        ],
        "scale": "district",
        "geometryPrecision": "approximate",
        "sources": [
          {
            "url": "https://verkehr.autobahn.de/o/autobahn/A42/services/roadworks",
            "snapshotUrl": "https://verkehr.autobahn.de/o/autobahn/A42/services/roadworks",
            "title": "Autobahn A42 roadworks",
            "publisher": "Autobahn GmbH",
            "locator": "roadworks[identifier=2023-004424--vi-bs.2026-03-22_20-00-00-000.devi-zus.2021-06-14_20-00-00-000_006.f.de137]",
            "retrievedAt": "2026-09-26T16:53:35.071Z",
            "sha256": "ebaba7bfc71be9413ef32b44996785d3c29d73509073f402d356f02f9006176d",
            "snapshot": true,
            "licence": "unknown",
            "reuse": "unknown"
          }
        ],
        "extraction": {
          "method": "structured"
        },
        "reviewState": "candidate",
        "asOf": "2026-09-26T16:53:35.071Z"
      }
    },
    {
      "type": "Feature",
      "geometry": {
        "type": "LineString",
        "coordinates": [
          [
            7.202551854129113,
            51.543623854021156
          ],
          [
            7.203060764523724,
            51.54443588952263
          ]
        ]
      },
      "properties": {
        "id": "autobahn:2023-004424--vi-bs.2026-03-22_20-00-00-000.devi-zus.2021-06-14_20-00-00-000_006.f.de139",
        "version": "35c053df35427c0477fee383130e7fd4558403f76353a7dff9bffd0c65253a7d",
        "cityId": "castrop-rauxel",
        "kind": "roadworks",
        "category": "Autobahn-Baustelle",
        "title": "A43 - Ausbau AK Herne - Tunnelneubau - 6-str. Ausbau - im Bereich der beiden Schrankenanlagen Verbot für Fahrzeuge über 2,10m bzw. 2,40m tatsächliche Breite - AlD 4424",
        "statement": "A43 - Ausbau AK Herne - Tunnelneubau - 6-str. Ausbau - im Bereich der beiden Schrankenanlagen Verbot für Fahrzeuge über 2,10m bzw. 2,40m tatsächliche Breite - AlD 4424: eine Baustelle ist im Autobahn-Verkehrsdienst verzeichnet. Die Lage kann auch eine Pendelstrecke außerhalb des Stadtgebiets betreffen.",
        "status": "im Verkehrsdienst geführt",
        "startDate": "2026-03-22",
        "endDate": "2026-12-31",
        "nextStep": "Aktuelle Verkehrs- und Sperrinformationen beim Betreiber prüfen.",
        "unknowns": [
          "Genauer Verkehrsverlauf und tatsächliche Dauer vor Ort"
        ],
        "scale": "district",
        "geometryPrecision": "approximate",
        "sources": [
          {
            "url": "https://verkehr.autobahn.de/o/autobahn/A42/services/roadworks",
            "snapshotUrl": "https://verkehr.autobahn.de/o/autobahn/A42/services/roadworks",
            "title": "Autobahn A42 roadworks",
            "publisher": "Autobahn GmbH",
            "locator": "roadworks[identifier=2023-004424--vi-bs.2026-03-22_20-00-00-000.devi-zus.2021-06-14_20-00-00-000_006.f.de139]",
            "retrievedAt": "2026-09-26T16:53:35.071Z",
            "sha256": "ebaba7bfc71be9413ef32b44996785d3c29d73509073f402d356f02f9006176d",
            "snapshot": true,
            "licence": "unknown",
            "reuse": "unknown"
          }
        ],
        "extraction": {
          "method": "structured"
        },
        "reviewState": "candidate",
        "asOf": "2026-09-26T16:53:35.071Z"
      }
    },
    {
      "type": "Feature",
      "geometry": {
        "type": "LineString",
        "coordinates": [
          [
            7.1970055134492315,
            51.54485028434383
          ],
          [
            7.199058735973981,
            51.54410998052125
          ]
        ]
      },
      "properties": {
        "id": "autobahn:2023-004424--vi-fbm.2026-03-22_20-00-00-000.devi-zus.2021-06-14_20-00-00-000_006.f.de136",
        "version": "f722fb379a01b35b9a17134b3a1cb623107a3fc13da4cbb4034f0ebb0504f78f",
        "cityId": "castrop-rauxel",
        "kind": "roadworks",
        "category": "Sperrung",
        "title": "A43 - Ausbau AK Herne - Tunnelneubau - 6-str. Ausbau - im Bereich der beiden Schrankenanlagen Verbot für Fahrzeuge über 2,10m bzw. 2,40m tatsächliche Breite - AlD 4424",
        "statement": "A43 - Ausbau AK Herne - Tunnelneubau - 6-str. Ausbau - im Bereich der beiden Schrankenanlagen Verbot für Fahrzeuge über 2,10m bzw. 2,40m tatsächliche Breite - AlD 4424: eine Sperrung ist im Autobahn-Verkehrsdienst verzeichnet. Abfahrt von der A43: AK Herne (aus Richtung Recklinghausen-Hochlarmark) Die Lage kann auch eine Pendelstrecke außerhalb des Stadtgebiets betreffen.",
        "status": "im Verkehrsdienst geführt",
        "startDate": "2026-03-22",
        "endDate": "2026-12-31",
        "nextStep": "Aktuelle Verkehrs- und Sperrinformationen beim Betreiber prüfen.",
        "unknowns": [
          "Genauer Verkehrsverlauf und tatsächliche Dauer vor Ort"
        ],
        "scale": "district",
        "geometryPrecision": "approximate",
        "sources": [
          {
            "url": "https://verkehr.autobahn.de/o/autobahn/A42/services/closure",
            "snapshotUrl": "https://verkehr.autobahn.de/o/autobahn/A42/services/closure",
            "title": "Autobahn A42 closure",
            "publisher": "Autobahn GmbH",
            "locator": "closure[identifier=2023-004424--vi-fbm.2026-03-22_20-00-00-000.devi-zus.2021-06-14_20-00-00-000_006.f.de136]",
            "retrievedAt": "2026-09-26T16:53:35.112Z",
            "sha256": "4b1a9ffda8e6e4df9b096693334a3f3eff6e0288b5e3220b1f9a79e6187a41a3",
            "snapshot": true,
            "licence": "unknown",
            "reuse": "unknown"
          }
        ],
        "extraction": {
          "method": "structured"
        },
        "reviewState": "candidate",
        "asOf": "2026-09-26T16:53:35.112Z"
      }
    },
    {
      "type": "Feature",
      "geometry": {
        "type": "LineString",
        "coordinates": [
          [
            7.5271038517569355,
            51.43450805248053
          ],
          [
            7.522120090109826,
            51.43693258818502
          ]
        ]
      },
      "properties": {
        "id": "autobahn:2023-004446--vi-bs.2026-09-11_20-00-00-000.devi-zus.2025-03-03_20-00-00-000_009.f.de11",
        "version": "621c97e5a26f780a0720034454bc99c3e7871e83bc750e2226a29870b884aa66",
        "cityId": "castrop-rauxel",
        "kind": "roadworks",
        "category": "Autobahn-Baustelle",
        "title": "A45 | Westhofener Kreuz - Dortmund-Süd",
        "statement": "A45 | Westhofener Kreuz - Dortmund-Süd: eine Baustelle ist im Autobahn-Verkehrsdienst verzeichnet. A45: Hagen -> Dortmund, zwischen 0.4 km hinter AK Westhofener Kreuz und 2.7 km vor AS Dortmund-Süd Die Lage kann auch eine Pendelstrecke außerhalb des Stadtgebiets betreffen.",
        "status": "im Verkehrsdienst geführt",
        "startDate": "2026-09-11",
        "endDate": "2026-12-14",
        "nextStep": "Aktuelle Verkehrs- und Sperrinformationen beim Betreiber prüfen.",
        "unknowns": [
          "Genauer Verkehrsverlauf und tatsächliche Dauer vor Ort"
        ],
        "scale": "district",
        "geometryPrecision": "approximate",
        "sources": [
          {
            "url": "https://verkehr.autobahn.de/o/autobahn/A45/services/roadworks",
            "snapshotUrl": "https://verkehr.autobahn.de/o/autobahn/A45/services/roadworks",
            "title": "Autobahn A45 roadworks",
            "publisher": "Autobahn GmbH",
            "locator": "roadworks[identifier=2023-004446--vi-bs.2026-09-11_20-00-00-000.devi-zus.2025-03-03_20-00-00-000_009.f.de11]",
            "retrievedAt": "2026-09-26T16:53:35.186Z",
            "sha256": "bd4ec4c75ec1bbab229b03b5b86758578f46996b775d490817a289c82da17d4f",
            "snapshot": true,
            "licence": "unknown",
            "reuse": "unknown"
          }
        ],
        "extraction": {
          "method": "structured"
        },
        "reviewState": "candidate",
        "asOf": "2026-09-26T16:53:35.186Z"
      }
    },
    {
      "type": "Feature",
      "geometry": {
        "type": "LineString",
        "coordinates": [
          [
            7.505595886886552,
            51.441654792914704
          ],
          [
            7.521969146100843,
            51.43681966480166
          ]
        ]
      },
      "properties": {
        "id": "autobahn:2023-004446--vi-bs.2026-09-11_20-00-00-000.devi-zus.2025-03-03_20-00-00-000_009.f.de5",
        "version": "660ed2d31a28302bbad3f23bd8eb3e304dc106e0d4eefd00d8330030ae2595f9",
        "cityId": "castrop-rauxel",
        "kind": "roadworks",
        "category": "Autobahn-Baustelle",
        "title": "A45 | Dortmund-Süd - Westhofener Kreuz",
        "statement": "A45 | Dortmund-Süd - Westhofener Kreuz: eine Baustelle ist im Autobahn-Verkehrsdienst verzeichnet. A45: Dortmund -> Hagen, zwischen 1.4 km hinter AS Dortmund-Süd und 0.9 km vor AK Westhofener Kreuz Die Lage kann auch eine Pendelstrecke außerhalb des Stadtgebiets betreffen.",
        "status": "im Verkehrsdienst geführt",
        "startDate": "2026-09-11",
        "endDate": "2026-12-14",
        "nextStep": "Aktuelle Verkehrs- und Sperrinformationen beim Betreiber prüfen.",
        "unknowns": [
          "Genauer Verkehrsverlauf und tatsächliche Dauer vor Ort"
        ],
        "scale": "district",
        "geometryPrecision": "approximate",
        "sources": [
          {
            "url": "https://verkehr.autobahn.de/o/autobahn/A45/services/roadworks",
            "snapshotUrl": "https://verkehr.autobahn.de/o/autobahn/A45/services/roadworks",
            "title": "Autobahn A45 roadworks",
            "publisher": "Autobahn GmbH",
            "locator": "roadworks[identifier=2023-004446--vi-bs.2026-09-11_20-00-00-000.devi-zus.2025-03-03_20-00-00-000_009.f.de5]",
            "retrievedAt": "2026-09-26T16:53:35.186Z",
            "sha256": "bd4ec4c75ec1bbab229b03b5b86758578f46996b775d490817a289c82da17d4f",
            "snapshot": true,
            "licence": "unknown",
            "reuse": "unknown"
          }
        ],
        "extraction": {
          "method": "structured"
        },
        "reviewState": "candidate",
        "asOf": "2026-09-26T16:53:35.186Z"
      }
    },
    {
      "type": "Feature",
      "geometry": {
        "type": "LineString",
        "coordinates": [
          [
            7.522120090109826,
            51.43693258818502
          ],
          [
            7.505658597301265,
            51.441801608924514
          ]
        ]
      },
      "properties": {
        "id": "autobahn:2023-004446--vi-bs.2026-09-11_20-00-00-000.devi-zus.2025-03-03_20-00-00-000_009.f.de7",
        "version": "6183a8d5b29ecf057cff3cffea10fdac4fad146fb22f248e1ef5b6ef27956e8b",
        "cityId": "castrop-rauxel",
        "kind": "roadworks",
        "category": "Autobahn-Baustelle",
        "title": "A45 | Westhofener Kreuz - Dortmund-Süd",
        "statement": "A45 | Westhofener Kreuz - Dortmund-Süd: eine Baustelle ist im Autobahn-Verkehrsdienst verzeichnet. A45: Hagen -> Dortmund, zwischen 0.9 km hinter AK Westhofener Kreuz und 1.4 km vor AS Dortmund-Süd Die Lage kann auch eine Pendelstrecke außerhalb des Stadtgebiets betreffen.",
        "status": "im Verkehrsdienst geführt",
        "startDate": "2026-09-11",
        "endDate": "2026-12-14",
        "nextStep": "Aktuelle Verkehrs- und Sperrinformationen beim Betreiber prüfen.",
        "unknowns": [
          "Genauer Verkehrsverlauf und tatsächliche Dauer vor Ort"
        ],
        "scale": "district",
        "geometryPrecision": "approximate",
        "sources": [
          {
            "url": "https://verkehr.autobahn.de/o/autobahn/A45/services/roadworks",
            "snapshotUrl": "https://verkehr.autobahn.de/o/autobahn/A45/services/roadworks",
            "title": "Autobahn A45 roadworks",
            "publisher": "Autobahn GmbH",
            "locator": "roadworks[identifier=2023-004446--vi-bs.2026-09-11_20-00-00-000.devi-zus.2025-03-03_20-00-00-000_009.f.de7]",
            "retrievedAt": "2026-09-26T16:53:35.186Z",
            "sha256": "bd4ec4c75ec1bbab229b03b5b86758578f46996b775d490817a289c82da17d4f",
            "snapshot": true,
            "licence": "unknown",
            "reuse": "unknown"
          }
        ],
        "extraction": {
          "method": "structured"
        },
        "reviewState": "candidate",
        "asOf": "2026-09-26T16:53:35.186Z"
      }
    },
    {
      "type": "Feature",
      "geometry": {
        "type": "LineString",
        "coordinates": [
          [
            7.521969146100843,
            51.43681966480166
          ],
          [
            7.526984452354922,
            51.43439736831509
          ]
        ]
      },
      "properties": {
        "id": "autobahn:2023-004446--vi-bs.2026-09-11_20-00-00-000.devi-zus.2025-03-03_20-00-00-000_009.f.de9",
        "version": "748e6798d7fd47b240a88f564499cfbd5b7baad7d30a4f81500a41424b585af8",
        "cityId": "castrop-rauxel",
        "kind": "roadworks",
        "category": "Autobahn-Baustelle",
        "title": "A45 | Dortmund-Süd - Westhofener Kreuz",
        "statement": "A45 | Dortmund-Süd - Westhofener Kreuz: eine Baustelle ist im Autobahn-Verkehrsdienst verzeichnet. A45: Dortmund -> Hagen, zwischen 2.7 km hinter AS Dortmund-Süd und 0.4 km vor AK Westhofener Kreuz Die Lage kann auch eine Pendelstrecke außerhalb des Stadtgebiets betreffen.",
        "status": "im Verkehrsdienst geführt",
        "startDate": "2026-09-11",
        "endDate": "2026-12-14",
        "nextStep": "Aktuelle Verkehrs- und Sperrinformationen beim Betreiber prüfen.",
        "unknowns": [
          "Genauer Verkehrsverlauf und tatsächliche Dauer vor Ort"
        ],
        "scale": "district",
        "geometryPrecision": "approximate",
        "sources": [
          {
            "url": "https://verkehr.autobahn.de/o/autobahn/A45/services/roadworks",
            "snapshotUrl": "https://verkehr.autobahn.de/o/autobahn/A45/services/roadworks",
            "title": "Autobahn A45 roadworks",
            "publisher": "Autobahn GmbH",
            "locator": "roadworks[identifier=2023-004446--vi-bs.2026-09-11_20-00-00-000.devi-zus.2025-03-03_20-00-00-000_009.f.de9]",
            "retrievedAt": "2026-09-26T16:53:35.186Z",
            "sha256": "bd4ec4c75ec1bbab229b03b5b86758578f46996b775d490817a289c82da17d4f",
            "snapshot": true,
            "licence": "unknown",
            "reuse": "unknown"
          }
        ],
        "extraction": {
          "method": "structured"
        },
        "reviewState": "candidate",
        "asOf": "2026-09-26T16:53:35.186Z"
      }
    },
    {
      "type": "Feature",
      "geometry": {
        "type": "LineString",
        "coordinates": [
          [
            7.505658597301265,
            51.441801608924514
          ],
          [
            7.502869597417364,
            51.44225256112189
          ]
        ]
      },
      "properties": {
        "id": "autobahn:2023-004457--vi-bs.2026-09-07_19-00-00-000.devi-zus.2023-06-01_05-00-00-000_006.f.de53",
        "version": "e29ea1a26baafdfd6a2c075c220d710084a0672ad6b81e26330a6b220093c171",
        "cityId": "castrop-rauxel",
        "kind": "roadworks",
        "category": "Autobahn-Baustelle",
        "title": "A45 | Westhofener Kreuz - Dortmund-Süd",
        "statement": "A45 | Westhofener Kreuz - Dortmund-Süd: eine Baustelle ist im Autobahn-Verkehrsdienst verzeichnet. A45: Hagen -> Dortmund, zwischen 2.1 km hinter AK Westhofener Kreuz und 1.2 km vor AS Dortmund-Süd Die Lage kann auch eine Pendelstrecke außerhalb des Stadtgebiets betreffen.",
        "status": "im Verkehrsdienst geführt",
        "startDate": "2026-09-07",
        "endDate": "2027-01-15",
        "nextStep": "Aktuelle Verkehrs- und Sperrinformationen beim Betreiber prüfen.",
        "unknowns": [
          "Genauer Verkehrsverlauf und tatsächliche Dauer vor Ort"
        ],
        "scale": "district",
        "geometryPrecision": "approximate",
        "sources": [
          {
            "url": "https://verkehr.autobahn.de/o/autobahn/A45/services/roadworks",
            "snapshotUrl": "https://verkehr.autobahn.de/o/autobahn/A45/services/roadworks",
            "title": "Autobahn A45 roadworks",
            "publisher": "Autobahn GmbH",
            "locator": "roadworks[identifier=2023-004457--vi-bs.2026-09-07_19-00-00-000.devi-zus.2023-06-01_05-00-00-000_006.f.de53]",
            "retrievedAt": "2026-09-26T16:53:35.186Z",
            "sha256": "bd4ec4c75ec1bbab229b03b5b86758578f46996b775d490817a289c82da17d4f",
            "snapshot": true,
            "licence": "unknown",
            "reuse": "unknown"
          }
        ],
        "extraction": {
          "method": "structured"
        },
        "reviewState": "candidate",
        "asOf": "2026-09-26T16:53:35.186Z"
      }
    },
    {
      "type": "Feature",
      "geometry": {
        "type": "LineString",
        "coordinates": [
          [
            7.5028139353499945,
            51.442103470462015
          ],
          [
            7.505595886886552,
            51.441654792914704
          ]
        ]
      },
      "properties": {
        "id": "autobahn:2023-004457--vi-bs.2026-09-07_19-00-00-000.devi-zus.2023-06-01_05-00-00-000_006.f.de55",
        "version": "3ee4f78de1bff191da85eae81b7e1f302fb74917e041aa0448c7e4ff26ba5e49",
        "cityId": "castrop-rauxel",
        "kind": "roadworks",
        "category": "Autobahn-Baustelle",
        "title": "A45 | Dortmund-Süd - Westhofener Kreuz",
        "statement": "A45 | Dortmund-Süd - Westhofener Kreuz: eine Baustelle ist im Autobahn-Verkehrsdienst verzeichnet. A45: Dortmund -> Hagen, zwischen 1.2 km hinter AS Dortmund-Süd und 2.1 km vor AK Westhofener Kreuz Die Lage kann auch eine Pendelstrecke außerhalb des Stadtgebiets betreffen.",
        "status": "im Verkehrsdienst geführt",
        "startDate": "2026-09-07",
        "endDate": "2027-01-15",
        "nextStep": "Aktuelle Verkehrs- und Sperrinformationen beim Betreiber prüfen.",
        "unknowns": [
          "Genauer Verkehrsverlauf und tatsächliche Dauer vor Ort"
        ],
        "scale": "district",
        "geometryPrecision": "approximate",
        "sources": [
          {
            "url": "https://verkehr.autobahn.de/o/autobahn/A45/services/roadworks",
            "snapshotUrl": "https://verkehr.autobahn.de/o/autobahn/A45/services/roadworks",
            "title": "Autobahn A45 roadworks",
            "publisher": "Autobahn GmbH",
            "locator": "roadworks[identifier=2023-004457--vi-bs.2026-09-07_19-00-00-000.devi-zus.2023-06-01_05-00-00-000_006.f.de55]",
            "retrievedAt": "2026-09-26T16:53:35.186Z",
            "sha256": "bd4ec4c75ec1bbab229b03b5b86758578f46996b775d490817a289c82da17d4f",
            "snapshot": true,
            "licence": "unknown",
            "reuse": "unknown"
          }
        ],
        "extraction": {
          "method": "structured"
        },
        "reviewState": "candidate",
        "asOf": "2026-09-26T16:53:35.186Z"
      }
    },
    {
      "type": "Feature",
      "geometry": {
        "type": "LineString",
        "coordinates": [
          [
            7.4840381816476595,
            51.4434482076052
          ],
          [
            7.494868163737619,
            51.443039744325255
          ]
        ]
      },
      "properties": {
        "id": "autobahn:2023-004457--vi-bs.2026-09-07_19-00-00-000.devi-zus.2023-06-01_05-00-00-000_006.f.de57",
        "version": "cf0dd82bcaaed15667523750dc6d106d8395004d6e49d161a61f034a7b872117",
        "cityId": "castrop-rauxel",
        "kind": "roadworks",
        "category": "Autobahn-Baustelle",
        "title": "A45 | Flöz Mausegatt - Westhofener Kreuz",
        "statement": "A45 | Flöz Mausegatt - Westhofener Kreuz: eine Baustelle ist im Autobahn-Verkehrsdienst verzeichnet. A45: Dortmund -> Hagen, zwischen 3.0 km hinter Flöz Mausegatt und 2.9 km vor AK Westhofener Kreuz Die Lage kann auch eine Pendelstrecke außerhalb des Stadtgebiets betreffen.",
        "status": "im Verkehrsdienst geführt",
        "startDate": "2026-09-07",
        "endDate": "2027-01-15",
        "nextStep": "Aktuelle Verkehrs- und Sperrinformationen beim Betreiber prüfen.",
        "unknowns": [
          "Genauer Verkehrsverlauf und tatsächliche Dauer vor Ort"
        ],
        "scale": "district",
        "geometryPrecision": "approximate",
        "sources": [
          {
            "url": "https://verkehr.autobahn.de/o/autobahn/A45/services/roadworks",
            "snapshotUrl": "https://verkehr.autobahn.de/o/autobahn/A45/services/roadworks",
            "title": "Autobahn A45 roadworks",
            "publisher": "Autobahn GmbH",
            "locator": "roadworks[identifier=2023-004457--vi-bs.2026-09-07_19-00-00-000.devi-zus.2023-06-01_05-00-00-000_006.f.de57]",
            "retrievedAt": "2026-09-26T16:53:35.186Z",
            "sha256": "bd4ec4c75ec1bbab229b03b5b86758578f46996b775d490817a289c82da17d4f",
            "snapshot": true,
            "licence": "unknown",
            "reuse": "unknown"
          }
        ],
        "extraction": {
          "method": "structured"
        },
        "reviewState": "candidate",
        "asOf": "2026-09-26T16:53:35.186Z"
      }
    },
    {
      "type": "Feature",
      "geometry": {
        "type": "LineString",
        "coordinates": [
          [
            7.493273509415891,
            51.44316804900106
          ],
          [
            7.494574217019123,
            51.44306489692016
          ]
        ]
      },
      "properties": {
        "id": "autobahn:2023-004457--vi-bs.2026-09-07_19-00-00-000.devi-zus.2023-06-01_05-00-00-000_006.f.de59",
        "version": "435365748cc3be73e9938ca750e8fdacf614fba7f73a319351322651a89cceee",
        "cityId": "castrop-rauxel",
        "kind": "roadworks",
        "category": "Autobahn-Baustelle",
        "title": "A45 | Dortmund-Süd - Westhofener Kreuz",
        "statement": "A45 | Dortmund-Süd - Westhofener Kreuz: eine Baustelle ist im Autobahn-Verkehrsdienst verzeichnet. A45: Dortmund -> Hagen, zwischen 0.6 km hinter AS Dortmund-Süd und 2.9 km vor AK Westhofener Kreuz Die Lage kann auch eine Pendelstrecke außerhalb des Stadtgebiets betreffen.",
        "status": "im Verkehrsdienst geführt",
        "startDate": "2026-09-07",
        "endDate": "2027-01-15",
        "nextStep": "Aktuelle Verkehrs- und Sperrinformationen beim Betreiber prüfen.",
        "unknowns": [
          "Genauer Verkehrsverlauf und tatsächliche Dauer vor Ort"
        ],
        "scale": "district",
        "geometryPrecision": "approximate",
        "sources": [
          {
            "url": "https://verkehr.autobahn.de/o/autobahn/A45/services/roadworks",
            "snapshotUrl": "https://verkehr.autobahn.de/o/autobahn/A45/services/roadworks",
            "title": "Autobahn A45 roadworks",
            "publisher": "Autobahn GmbH",
            "locator": "roadworks[identifier=2023-004457--vi-bs.2026-09-07_19-00-00-000.devi-zus.2023-06-01_05-00-00-000_006.f.de59]",
            "retrievedAt": "2026-09-26T16:53:35.186Z",
            "sha256": "bd4ec4c75ec1bbab229b03b5b86758578f46996b775d490817a289c82da17d4f",
            "snapshot": true,
            "licence": "unknown",
            "reuse": "unknown"
          }
        ],
        "extraction": {
          "method": "structured"
        },
        "reviewState": "candidate",
        "asOf": "2026-09-26T16:53:35.186Z"
      }
    },
    {
      "type": "Feature",
      "geometry": {
        "type": "LineString",
        "coordinates": [
          [
            7.502869597417364,
            51.44225256112189
          ],
          [
            7.494888357763452,
            51.44319055170586
          ]
        ]
      },
      "properties": {
        "id": "autobahn:2023-004457--vi-bs.2026-09-07_19-00-00-000.devi-zus.2023-06-01_05-00-00-000_006.f.de61",
        "version": "aa250d7e85ec54a6de4dbaee12b7480d6f6c795b4272048f740d4c4ada568c17",
        "cityId": "castrop-rauxel",
        "kind": "roadworks",
        "category": "Autobahn-Baustelle",
        "title": "A45 | Westhofener Kreuz - Dortmund-Süd",
        "statement": "A45 | Westhofener Kreuz - Dortmund-Süd: eine Baustelle ist im Autobahn-Verkehrsdienst verzeichnet. A45: Hagen -> Dortmund, zwischen 2.3 km hinter AK Westhofener Kreuz und 0.7 km vor AS Dortmund-Süd Die Lage kann auch eine Pendelstrecke außerhalb des Stadtgebiets betreffen.",
        "status": "im Verkehrsdienst geführt",
        "startDate": "2026-09-07",
        "endDate": "2027-01-15",
        "nextStep": "Aktuelle Verkehrs- und Sperrinformationen beim Betreiber prüfen.",
        "unknowns": [
          "Genauer Verkehrsverlauf und tatsächliche Dauer vor Ort"
        ],
        "scale": "district",
        "geometryPrecision": "approximate",
        "sources": [
          {
            "url": "https://verkehr.autobahn.de/o/autobahn/A45/services/roadworks",
            "snapshotUrl": "https://verkehr.autobahn.de/o/autobahn/A45/services/roadworks",
            "title": "Autobahn A45 roadworks",
            "publisher": "Autobahn GmbH",
            "locator": "roadworks[identifier=2023-004457--vi-bs.2026-09-07_19-00-00-000.devi-zus.2023-06-01_05-00-00-000_006.f.de61]",
            "retrievedAt": "2026-09-26T16:53:35.186Z",
            "sha256": "bd4ec4c75ec1bbab229b03b5b86758578f46996b775d490817a289c82da17d4f",
            "snapshot": true,
            "licence": "unknown",
            "reuse": "unknown"
          }
        ],
        "extraction": {
          "method": "structured"
        },
        "reviewState": "candidate",
        "asOf": "2026-09-26T16:53:35.186Z"
      }
    },
    {
      "type": "Feature",
      "geometry": {
        "type": "LineString",
        "coordinates": [
          [
            7.49485391332787,
            51.44304097885254
          ],
          [
            7.5028139353499945,
            51.442103470462015
          ]
        ]
      },
      "properties": {
        "id": "autobahn:2023-004457--vi-bs.2026-09-07_19-00-00-000.devi-zus.2023-06-01_05-00-00-000_006.f.de63",
        "version": "00eeb3849fbc709e5972e6bf5dbbe08b63e7d8382bffc35e6e913a2ef546c74a",
        "cityId": "castrop-rauxel",
        "kind": "roadworks",
        "category": "Autobahn-Baustelle",
        "title": "A45 | Dortmund-Süd - Westhofener Kreuz",
        "statement": "A45 | Dortmund-Süd - Westhofener Kreuz: eine Baustelle ist im Autobahn-Verkehrsdienst verzeichnet. A45: Dortmund -> Hagen, zwischen 0.7 km hinter AS Dortmund-Süd und 2.3 km vor AK Westhofener Kreuz Die Lage kann auch eine Pendelstrecke außerhalb des Stadtgebiets betreffen.",
        "status": "im Verkehrsdienst geführt",
        "startDate": "2026-09-07",
        "endDate": "2027-01-15",
        "nextStep": "Aktuelle Verkehrs- und Sperrinformationen beim Betreiber prüfen.",
        "unknowns": [
          "Genauer Verkehrsverlauf und tatsächliche Dauer vor Ort"
        ],
        "scale": "district",
        "geometryPrecision": "approximate",
        "sources": [
          {
            "url": "https://verkehr.autobahn.de/o/autobahn/A45/services/roadworks",
            "snapshotUrl": "https://verkehr.autobahn.de/o/autobahn/A45/services/roadworks",
            "title": "Autobahn A45 roadworks",
            "publisher": "Autobahn GmbH",
            "locator": "roadworks[identifier=2023-004457--vi-bs.2026-09-07_19-00-00-000.devi-zus.2023-06-01_05-00-00-000_006.f.de63]",
            "retrievedAt": "2026-09-26T16:53:35.186Z",
            "sha256": "bd4ec4c75ec1bbab229b03b5b86758578f46996b775d490817a289c82da17d4f",
            "snapshot": true,
            "licence": "unknown",
            "reuse": "unknown"
          }
        ],
        "extraction": {
          "method": "structured"
        },
        "reviewState": "candidate",
        "asOf": "2026-09-26T16:53:35.186Z"
      }
    },
    {
      "type": "Feature",
      "geometry": {
        "type": "LineString",
        "coordinates": [
          [
            7.526984452354922,
            51.43439736831509
          ],
          [
            7.538527144391337,
            51.43014247942098
          ]
        ]
      },
      "properties": {
        "id": "autobahn:2023-004527--vi-bs.2024-11-25_05-00-00-000.devi-zus.2024-05-11_20-00-00-000_001.f.de1",
        "version": "a360e365e37b040b138356e98a1a138db710ef6c4f61b5c4010b847a61edccc0",
        "cityId": "castrop-rauxel",
        "kind": "roadworks",
        "category": "Autobahn-Baustelle",
        "title": "A45 | Dortmund-Süd - Schwerte-Ergste",
        "statement": "A45 | Dortmund-Süd - Schwerte-Ergste: eine Baustelle ist im Autobahn-Verkehrsdienst verzeichnet. A45: Dortmund -> Hagen, zwischen 3.2 km hinter AS Dortmund-Süd und 2.5 km vor AS Schwerte-Ergste Die Lage kann auch eine Pendelstrecke außerhalb des Stadtgebiets betreffen.",
        "status": "im Verkehrsdienst geführt",
        "startDate": "2024-11-25",
        "endDate": "2029-06-04",
        "nextStep": "Aktuelle Verkehrs- und Sperrinformationen beim Betreiber prüfen.",
        "unknowns": [
          "Genauer Verkehrsverlauf und tatsächliche Dauer vor Ort"
        ],
        "scale": "district",
        "geometryPrecision": "approximate",
        "sources": [
          {
            "url": "https://verkehr.autobahn.de/o/autobahn/A45/services/roadworks",
            "snapshotUrl": "https://verkehr.autobahn.de/o/autobahn/A45/services/roadworks",
            "title": "Autobahn A45 roadworks",
            "publisher": "Autobahn GmbH",
            "locator": "roadworks[identifier=2023-004527--vi-bs.2024-11-25_05-00-00-000.devi-zus.2024-05-11_20-00-00-000_001.f.de1]",
            "retrievedAt": "2026-09-26T16:53:35.186Z",
            "sha256": "bd4ec4c75ec1bbab229b03b5b86758578f46996b775d490817a289c82da17d4f",
            "snapshot": true,
            "licence": "unknown",
            "reuse": "unknown"
          }
        ],
        "extraction": {
          "method": "structured"
        },
        "reviewState": "candidate",
        "asOf": "2026-09-26T16:53:35.186Z"
      }
    },
    {
      "type": "Feature",
      "geometry": {
        "type": "LineString",
        "coordinates": [
          [
            7.53865526444571,
            51.43024684276924
          ],
          [
            7.5271157160169375,
            51.43450297099884
          ]
        ]
      },
      "properties": {
        "id": "autobahn:2023-004527--vi-bs.2024-11-25_05-00-00-000.devi-zus.2024-05-11_20-00-00-000_001.f.de3",
        "version": "3b4499e8d16f867a7f390db2ea47d74c46163b0249257644868d27d4056cf233",
        "cityId": "castrop-rauxel",
        "kind": "roadworks",
        "category": "Autobahn-Baustelle",
        "title": "A45 | Schwerte-Ergste - Dortmund-Süd",
        "statement": "A45 | Schwerte-Ergste - Dortmund-Süd: eine Baustelle ist im Autobahn-Verkehrsdienst verzeichnet. A45: Hagen -> Dortmund, zwischen 2.6 km hinter AS Schwerte-Ergste und 3.2 km vor AS Dortmund-Süd Die Lage kann auch eine Pendelstrecke außerhalb des Stadtgebiets betreffen.",
        "status": "im Verkehrsdienst geführt",
        "startDate": "2024-11-25",
        "endDate": "2029-06-04",
        "nextStep": "Aktuelle Verkehrs- und Sperrinformationen beim Betreiber prüfen.",
        "unknowns": [
          "Genauer Verkehrsverlauf und tatsächliche Dauer vor Ort"
        ],
        "scale": "district",
        "geometryPrecision": "approximate",
        "sources": [
          {
            "url": "https://verkehr.autobahn.de/o/autobahn/A45/services/roadworks",
            "snapshotUrl": "https://verkehr.autobahn.de/o/autobahn/A45/services/roadworks",
            "title": "Autobahn A45 roadworks",
            "publisher": "Autobahn GmbH",
            "locator": "roadworks[identifier=2023-004527--vi-bs.2024-11-25_05-00-00-000.devi-zus.2024-05-11_20-00-00-000_001.f.de3]",
            "retrievedAt": "2026-09-26T16:53:35.186Z",
            "sha256": "bd4ec4c75ec1bbab229b03b5b86758578f46996b775d490817a289c82da17d4f",
            "snapshot": true,
            "licence": "unknown",
            "reuse": "unknown"
          }
        ],
        "extraction": {
          "method": "structured"
        },
        "reviewState": "candidate",
        "asOf": "2026-09-26T16:53:35.186Z"
      }
    },
    {
      "type": "Feature",
      "geometry": {
        "type": "LineString",
        "coordinates": [
          [
            7.530907027904465,
            51.43282963536713
          ],
          [
            7.5348859641532355,
            51.431475310580595
          ]
        ]
      },
      "properties": {
        "id": "autobahn:2023-004527--vi-bs.2024-11-25_05-00-00-000.devi-zus.2024-05-11_20-00-00-000_001.f.de5",
        "version": "8070966cc7b6a0fe0ce3d440fac6a3c4adab189830ad08acf8760a1a7dd6aef5",
        "cityId": "castrop-rauxel",
        "kind": "roadworks",
        "category": "Autobahn-Baustelle",
        "title": "A45 - Ersatzneubau Kreuzungsbauwerk A1-A45 Westhofener Kreuz - AlD 4527",
        "statement": "A45 - Ersatzneubau Kreuzungsbauwerk A1-A45 Westhofener Kreuz - AlD 4527: eine Baustelle ist im Autobahn-Verkehrsdienst verzeichnet. Abfahrt von der A45: AK Westhofener Kreuz (aus Richtung Dortmund-Süd) Die Lage kann auch eine Pendelstrecke außerhalb des Stadtgebiets betreffen.",
        "status": "im Verkehrsdienst geführt",
        "startDate": "2024-11-25",
        "endDate": "2029-06-04",
        "nextStep": "Aktuelle Verkehrs- und Sperrinformationen beim Betreiber prüfen.",
        "unknowns": [
          "Genauer Verkehrsverlauf und tatsächliche Dauer vor Ort"
        ],
        "scale": "district",
        "geometryPrecision": "approximate",
        "sources": [
          {
            "url": "https://verkehr.autobahn.de/o/autobahn/A45/services/roadworks",
            "snapshotUrl": "https://verkehr.autobahn.de/o/autobahn/A45/services/roadworks",
            "title": "Autobahn A45 roadworks",
            "publisher": "Autobahn GmbH",
            "locator": "roadworks[identifier=2023-004527--vi-bs.2024-11-25_05-00-00-000.devi-zus.2024-05-11_20-00-00-000_001.f.de5]",
            "retrievedAt": "2026-09-26T16:53:35.186Z",
            "sha256": "bd4ec4c75ec1bbab229b03b5b86758578f46996b775d490817a289c82da17d4f",
            "snapshot": true,
            "licence": "unknown",
            "reuse": "unknown"
          }
        ],
        "extraction": {
          "method": "structured"
        },
        "reviewState": "candidate",
        "asOf": "2026-09-26T16:53:35.186Z"
      }
    },
    {
      "type": "Feature",
      "geometry": {
        "type": "LineString",
        "coordinates": [
          [
            7.532941231474932,
            51.4325783461302
          ],
          [
            7.531353761106406,
            51.43310597608885
          ]
        ]
      },
      "properties": {
        "id": "autobahn:2023-004527--vi-bs.2024-11-25_05-00-00-000.devi-zus.2024-05-11_20-00-00-000_001.f.de7",
        "version": "37c4a2f85b74a10bc3d9b8a55ebd6ba0e06f91d0dec070ce8b462008e603dce9",
        "cityId": "castrop-rauxel",
        "kind": "roadworks",
        "category": "Autobahn-Baustelle",
        "title": "A45 - Ersatzneubau Kreuzungsbauwerk A1-A45 Westhofener Kreuz - AlD 4527",
        "statement": "A45 - Ersatzneubau Kreuzungsbauwerk A1-A45 Westhofener Kreuz - AlD 4527: eine Baustelle ist im Autobahn-Verkehrsdienst verzeichnet. Die Lage kann auch eine Pendelstrecke außerhalb des Stadtgebiets betreffen.",
        "status": "im Verkehrsdienst geführt",
        "startDate": "2024-11-25",
        "endDate": "2029-06-04",
        "nextStep": "Aktuelle Verkehrs- und Sperrinformationen beim Betreiber prüfen.",
        "unknowns": [
          "Genauer Verkehrsverlauf und tatsächliche Dauer vor Ort"
        ],
        "scale": "district",
        "geometryPrecision": "approximate",
        "sources": [
          {
            "url": "https://verkehr.autobahn.de/o/autobahn/A45/services/roadworks",
            "snapshotUrl": "https://verkehr.autobahn.de/o/autobahn/A45/services/roadworks",
            "title": "Autobahn A45 roadworks",
            "publisher": "Autobahn GmbH",
            "locator": "roadworks[identifier=2023-004527--vi-bs.2024-11-25_05-00-00-000.devi-zus.2024-05-11_20-00-00-000_001.f.de7]",
            "retrievedAt": "2026-09-26T16:53:35.186Z",
            "sha256": "bd4ec4c75ec1bbab229b03b5b86758578f46996b775d490817a289c82da17d4f",
            "snapshot": true,
            "licence": "unknown",
            "reuse": "unknown"
          }
        ],
        "extraction": {
          "method": "structured"
        },
        "reviewState": "candidate",
        "asOf": "2026-09-26T16:53:35.186Z"
      }
    },
    {
      "type": "Feature",
      "geometry": {
        "type": "LineString",
        "coordinates": [
          [
            7.115315920227148,
            51.570059548407166
          ],
          [
            7.156351162922497,
            51.57543804466655
          ]
        ]
      },
      "properties": {
        "id": "autobahn:2023-004557--vi-bs.2026-09-07_20-00-00-000.devi-zus.2025-08-05_20-00-00-000_005.f.de15",
        "version": "c5013ce3ec7dc16e2c6fd460baae1479dfc45bb0302cd2d9c6a0cea5902a3f1d",
        "cityId": "castrop-rauxel",
        "kind": "roadworks",
        "category": "Autobahn-Baustelle",
        "title": "A2 | Resser Mark - Stuckenbusch",
        "statement": "A2 | Resser Mark - Stuckenbusch: eine Baustelle ist im Autobahn-Verkehrsdienst verzeichnet. A2: Oberhausen -> Dortmund, zwischen 1.4 km hinter Resser Mark und 1.7 km vor Stuckenbusch Die Lage kann auch eine Pendelstrecke außerhalb des Stadtgebiets betreffen.",
        "status": "im Verkehrsdienst geführt",
        "startDate": "2026-09-07",
        "endDate": "2029-04-02",
        "nextStep": "Aktuelle Verkehrs- und Sperrinformationen beim Betreiber prüfen.",
        "unknowns": [
          "Genauer Verkehrsverlauf und tatsächliche Dauer vor Ort"
        ],
        "scale": "district",
        "geometryPrecision": "approximate",
        "sources": [
          {
            "url": "https://verkehr.autobahn.de/o/autobahn/A2/services/roadworks",
            "snapshotUrl": "https://verkehr.autobahn.de/o/autobahn/A2/services/roadworks",
            "title": "Autobahn A2 roadworks",
            "publisher": "Autobahn GmbH",
            "locator": "roadworks[identifier=2023-004557--vi-bs.2026-09-07_20-00-00-000.devi-zus.2025-08-05_20-00-00-000_005.f.de15]",
            "retrievedAt": "2026-09-26T16:53:34.994Z",
            "sha256": "6c8b0058537db2c89c717a80019c32a6f9c56448e685ca8249a0664fe5a96712",
            "snapshot": true,
            "licence": "unknown",
            "reuse": "unknown"
          }
        ],
        "extraction": {
          "method": "structured"
        },
        "reviewState": "candidate",
        "asOf": "2026-09-26T16:53:34.994Z"
      }
    },
    {
      "type": "Feature",
      "geometry": {
        "type": "LineString",
        "coordinates": [
          [
            7.165839337871469,
            51.577518753104556
          ],
          [
            7.137682400672276,
            51.57417122496715
          ]
        ]
      },
      "properties": {
        "id": "autobahn:2023-004557--vi-bs.2026-09-07_20-00-00-000.devi-zus.2025-08-05_20-00-00-000_005.f.de17",
        "version": "e07fef14d2452ce503ea7d9e366b5924c290520c44df86cfc5d41fae2445079f",
        "cityId": "castrop-rauxel",
        "kind": "roadworks",
        "category": "Autobahn-Baustelle",
        "title": "A2 | Stuckenbusch - Herten",
        "statement": "A2 | Stuckenbusch - Herten: eine Baustelle ist im Autobahn-Verkehrsdienst verzeichnet. A2: Dortmund -> Oberhausen, zwischen 1.0 km hinter Stuckenbusch und 0.2 km vor AS Herten Die Lage kann auch eine Pendelstrecke außerhalb des Stadtgebiets betreffen.",
        "status": "im Verkehrsdienst geführt",
        "startDate": "2026-09-07",
        "endDate": "2029-04-02",
        "nextStep": "Aktuelle Verkehrs- und Sperrinformationen beim Betreiber prüfen.",
        "unknowns": [
          "Genauer Verkehrsverlauf und tatsächliche Dauer vor Ort"
        ],
        "scale": "district",
        "geometryPrecision": "approximate",
        "sources": [
          {
            "url": "https://verkehr.autobahn.de/o/autobahn/A2/services/roadworks",
            "snapshotUrl": "https://verkehr.autobahn.de/o/autobahn/A2/services/roadworks",
            "title": "Autobahn A2 roadworks",
            "publisher": "Autobahn GmbH",
            "locator": "roadworks[identifier=2023-004557--vi-bs.2026-09-07_20-00-00-000.devi-zus.2025-08-05_20-00-00-000_005.f.de17]",
            "retrievedAt": "2026-09-26T16:53:34.994Z",
            "sha256": "6c8b0058537db2c89c717a80019c32a6f9c56448e685ca8249a0664fe5a96712",
            "snapshot": true,
            "licence": "unknown",
            "reuse": "unknown"
          }
        ],
        "extraction": {
          "method": "structured"
        },
        "reviewState": "candidate",
        "asOf": "2026-09-26T16:53:34.994Z"
      }
    },
    {
      "type": "Feature",
      "geometry": {
        "type": "LineString",
        "coordinates": [
          [
            7.130396631159676,
            51.57210064654247
          ],
          [
            7.1308145998398835,
            51.57259573527969
          ]
        ]
      },
      "properties": {
        "id": "autobahn:2023-004557--vi-bs.2026-09-07_20-00-00-000.devi-zus.2025-08-05_20-00-00-000_005.f.de19",
        "version": "663824631d3ad5cd6d1e8c4fff2ae0bc33d893f811f59395ddcf8b3d13e40ae4",
        "cityId": "castrop-rauxel",
        "kind": "roadworks",
        "category": "Autobahn-Baustelle",
        "title": "A2 - Ersatzneubauten BW L638 (AS Herten, Münsterstraße) und BW Ewaldstraße - AlD 4557",
        "statement": "A2 - Ersatzneubauten BW L638 (AS Herten, Münsterstraße) und BW Ewaldstraße - AlD 4557: eine Baustelle ist im Autobahn-Verkehrsdienst verzeichnet. Die Lage kann auch eine Pendelstrecke außerhalb des Stadtgebiets betreffen.",
        "status": "im Verkehrsdienst geführt",
        "startDate": "2026-09-07",
        "endDate": "2029-04-02",
        "nextStep": "Aktuelle Verkehrs- und Sperrinformationen beim Betreiber prüfen.",
        "unknowns": [
          "Genauer Verkehrsverlauf und tatsächliche Dauer vor Ort"
        ],
        "scale": "district",
        "geometryPrecision": "approximate",
        "sources": [
          {
            "url": "https://verkehr.autobahn.de/o/autobahn/A2/services/roadworks",
            "snapshotUrl": "https://verkehr.autobahn.de/o/autobahn/A2/services/roadworks",
            "title": "Autobahn A2 roadworks",
            "publisher": "Autobahn GmbH",
            "locator": "roadworks[identifier=2023-004557--vi-bs.2026-09-07_20-00-00-000.devi-zus.2025-08-05_20-00-00-000_005.f.de19]",
            "retrievedAt": "2026-09-26T16:53:34.994Z",
            "sha256": "6c8b0058537db2c89c717a80019c32a6f9c56448e685ca8249a0664fe5a96712",
            "snapshot": true,
            "licence": "unknown",
            "reuse": "unknown"
          }
        ],
        "extraction": {
          "method": "structured"
        },
        "reviewState": "candidate",
        "asOf": "2026-09-26T16:53:34.994Z"
      }
    },
    {
      "type": "Feature",
      "geometry": {
        "type": "LineString",
        "coordinates": [
          [
            7.389052915008302,
            51.51525745627923
          ],
          [
            7.386362116350968,
            51.518204597798025
          ]
        ]
      },
      "properties": {
        "id": "autobahn:2024-019555--vi-bs.2026-08-22_20-00-00-000.devi-bs.2025-04-14_20-00-00-000.f.de11",
        "version": "5734596f434f77c88b813a37709330ddcc693548c7d237f22afb8dc50efded19",
        "cityId": "castrop-rauxel",
        "kind": "roadworks",
        "category": "Autobahn-Baustelle",
        "title": "A45 | Dortmund-West - Dortmund-Hafen",
        "statement": "A45 | Dortmund-West - Dortmund-Hafen: eine Baustelle ist im Autobahn-Verkehrsdienst verzeichnet. A45: Hagen -> Dortmund, zwischen 2.0 km hinter AK Dortmund-West und 0.1 km vor AS Dortmund-Hafen Die Lage kann auch eine Pendelstrecke außerhalb des Stadtgebiets betreffen.",
        "status": "im Verkehrsdienst geführt",
        "startDate": "2026-08-22",
        "endDate": "2026-12-06",
        "nextStep": "Aktuelle Verkehrs- und Sperrinformationen beim Betreiber prüfen.",
        "unknowns": [
          "Genauer Verkehrsverlauf und tatsächliche Dauer vor Ort"
        ],
        "scale": "district",
        "geometryPrecision": "approximate",
        "sources": [
          {
            "url": "https://verkehr.autobahn.de/o/autobahn/A45/services/roadworks",
            "snapshotUrl": "https://verkehr.autobahn.de/o/autobahn/A45/services/roadworks",
            "title": "Autobahn A45 roadworks",
            "publisher": "Autobahn GmbH",
            "locator": "roadworks[identifier=2024-019555--vi-bs.2026-08-22_20-00-00-000.devi-bs.2025-04-14_20-00-00-000.f.de11]",
            "retrievedAt": "2026-09-26T16:53:35.186Z",
            "sha256": "bd4ec4c75ec1bbab229b03b5b86758578f46996b775d490817a289c82da17d4f",
            "snapshot": true,
            "licence": "unknown",
            "reuse": "unknown"
          }
        ],
        "extraction": {
          "method": "structured"
        },
        "reviewState": "candidate",
        "asOf": "2026-09-26T16:53:35.186Z"
      }
    },
    {
      "type": "Feature",
      "geometry": {
        "type": "LineString",
        "coordinates": [
          [
            7.390257265381893,
            51.5115742547077
          ],
          [
            7.389846505878198,
            51.513563204477244
          ]
        ]
      },
      "properties": {
        "id": "autobahn:2024-019555--vi-bs.2026-08-22_20-00-00-000.devi-bs.2025-04-14_20-00-00-000.f.de7",
        "version": "428a573c4a2a47960142b2e30ea4c849d8a056b536a198ab665f9f859a778504",
        "cityId": "castrop-rauxel",
        "kind": "roadworks",
        "category": "Autobahn-Baustelle",
        "title": "A45 | Dortmund-West - Dortmund-Hafen",
        "statement": "A45 | Dortmund-West - Dortmund-Hafen: eine Baustelle ist im Autobahn-Verkehrsdienst verzeichnet. A45: Hagen -> Dortmund, zwischen 1.6 km hinter AK Dortmund-West und 0.7 km vor AS Dortmund-Hafen Die Lage kann auch eine Pendelstrecke außerhalb des Stadtgebiets betreffen.",
        "status": "im Verkehrsdienst geführt",
        "startDate": "2026-08-22",
        "endDate": "2026-12-06",
        "nextStep": "Aktuelle Verkehrs- und Sperrinformationen beim Betreiber prüfen.",
        "unknowns": [
          "Genauer Verkehrsverlauf und tatsächliche Dauer vor Ort"
        ],
        "scale": "district",
        "geometryPrecision": "approximate",
        "sources": [
          {
            "url": "https://verkehr.autobahn.de/o/autobahn/A45/services/roadworks",
            "snapshotUrl": "https://verkehr.autobahn.de/o/autobahn/A45/services/roadworks",
            "title": "Autobahn A45 roadworks",
            "publisher": "Autobahn GmbH",
            "locator": "roadworks[identifier=2024-019555--vi-bs.2026-08-22_20-00-00-000.devi-bs.2025-04-14_20-00-00-000.f.de7]",
            "retrievedAt": "2026-09-26T16:53:35.186Z",
            "sha256": "bd4ec4c75ec1bbab229b03b5b86758578f46996b775d490817a289c82da17d4f",
            "snapshot": true,
            "licence": "unknown",
            "reuse": "unknown"
          }
        ],
        "extraction": {
          "method": "structured"
        },
        "reviewState": "candidate",
        "asOf": "2026-09-26T16:53:35.186Z"
      }
    },
    {
      "type": "Feature",
      "geometry": {
        "type": "LineString",
        "coordinates": [
          [
            7.389846505878198,
            51.513563204477244
          ],
          [
            7.389052915008302,
            51.51525745627923
          ]
        ]
      },
      "properties": {
        "id": "autobahn:2024-019555--vi-bs.2026-08-22_20-00-00-000.devi-bs.2025-04-14_20-00-00-000.f.de9",
        "version": "e7f5757c6baac1bed120f8eb7d9119965e99d8a6865ecceaa69af22e8abf66dc",
        "cityId": "castrop-rauxel",
        "kind": "roadworks",
        "category": "Autobahn-Baustelle",
        "title": "A45 | Dortmund-West - Dortmund-Hafen",
        "statement": "A45 | Dortmund-West - Dortmund-Hafen: eine Baustelle ist im Autobahn-Verkehrsdienst verzeichnet. A45: Hagen -> Dortmund, zwischen 1.8 km hinter AK Dortmund-West und 0.5 km vor AS Dortmund-Hafen Die Lage kann auch eine Pendelstrecke außerhalb des Stadtgebiets betreffen.",
        "status": "im Verkehrsdienst geführt",
        "startDate": "2026-08-22",
        "endDate": "2026-12-06",
        "nextStep": "Aktuelle Verkehrs- und Sperrinformationen beim Betreiber prüfen.",
        "unknowns": [
          "Genauer Verkehrsverlauf und tatsächliche Dauer vor Ort"
        ],
        "scale": "district",
        "geometryPrecision": "approximate",
        "sources": [
          {
            "url": "https://verkehr.autobahn.de/o/autobahn/A45/services/roadworks",
            "snapshotUrl": "https://verkehr.autobahn.de/o/autobahn/A45/services/roadworks",
            "title": "Autobahn A45 roadworks",
            "publisher": "Autobahn GmbH",
            "locator": "roadworks[identifier=2024-019555--vi-bs.2026-08-22_20-00-00-000.devi-bs.2025-04-14_20-00-00-000.f.de9]",
            "retrievedAt": "2026-09-26T16:53:35.186Z",
            "sha256": "bd4ec4c75ec1bbab229b03b5b86758578f46996b775d490817a289c82da17d4f",
            "snapshot": true,
            "licence": "unknown",
            "reuse": "unknown"
          }
        ],
        "extraction": {
          "method": "structured"
        },
        "reviewState": "candidate",
        "asOf": "2026-09-26T16:53:35.186Z"
      }
    },
    {
      "type": "Feature",
      "geometry": {
        "type": "LineString",
        "coordinates": [
          [
            7.441373082526718,
            51.44295325889503
          ],
          [
            7.451227891728597,
            51.44163662979193
          ]
        ]
      },
      "properties": {
        "id": "autobahn:2024-048526--vi-bs.2026-07-15_20-00-00-000.devi-zus.2026-03-01_20-00-00-000.de11",
        "version": "28936c167a061e23a692db550ef464f338b0b34da3b990f94761c44fa6edf741",
        "cityId": "castrop-rauxel",
        "kind": "roadworks",
        "category": "Autobahn-Baustelle",
        "title": "A45 | Johannes Erbstollen - Dortmund-Süd",
        "statement": "A45 | Johannes Erbstollen - Dortmund-Süd: eine Baustelle ist im Autobahn-Verkehrsdienst verzeichnet. A45: Dortmund -> Hagen, zwischen Johannes Erbstollen und 2.4 km vor AS Dortmund-Süd Die Lage kann auch eine Pendelstrecke außerhalb des Stadtgebiets betreffen.",
        "status": "im Verkehrsdienst geführt",
        "startDate": "2026-07-15",
        "endDate": "2026-10-07",
        "nextStep": "Aktuelle Verkehrs- und Sperrinformationen beim Betreiber prüfen.",
        "unknowns": [
          "Genauer Verkehrsverlauf und tatsächliche Dauer vor Ort"
        ],
        "scale": "district",
        "geometryPrecision": "approximate",
        "sources": [
          {
            "url": "https://verkehr.autobahn.de/o/autobahn/A45/services/roadworks",
            "snapshotUrl": "https://verkehr.autobahn.de/o/autobahn/A45/services/roadworks",
            "title": "Autobahn A45 roadworks",
            "publisher": "Autobahn GmbH",
            "locator": "roadworks[identifier=2024-048526--vi-bs.2026-07-15_20-00-00-000.devi-zus.2026-03-01_20-00-00-000.de11]",
            "retrievedAt": "2026-09-26T16:53:35.186Z",
            "sha256": "bd4ec4c75ec1bbab229b03b5b86758578f46996b775d490817a289c82da17d4f",
            "snapshot": true,
            "licence": "unknown",
            "reuse": "unknown"
          }
        ],
        "extraction": {
          "method": "structured"
        },
        "reviewState": "candidate",
        "asOf": "2026-09-26T16:53:35.186Z"
      }
    },
    {
      "type": "Feature",
      "geometry": {
        "type": "LineString",
        "coordinates": [
          [
            7.451227891728597,
            51.44163662979193
          ],
          [
            7.460582912395267,
            51.4414472102827
          ]
        ]
      },
      "properties": {
        "id": "autobahn:2024-048526--vi-bs.2026-07-15_20-00-00-000.devi-zus.2026-03-01_20-00-00-000.de13",
        "version": "14bffaf4b48ade7a3875bc0db93aca17243b9171d5860d585d7d9b569cd1e17c",
        "cityId": "castrop-rauxel",
        "kind": "roadworks",
        "category": "Autobahn-Baustelle",
        "title": "A45 | Flöz Mausegatt - Dortmund-Süd",
        "statement": "A45 | Flöz Mausegatt - Dortmund-Süd: eine Baustelle ist im Autobahn-Verkehrsdienst verzeichnet. A45: Dortmund -> Hagen, zwischen 0.7 km hinter Flöz Mausegatt und 1.7 km vor AS Dortmund-Süd Die Lage kann auch eine Pendelstrecke außerhalb des Stadtgebiets betreffen.",
        "status": "im Verkehrsdienst geführt",
        "startDate": "2026-07-15",
        "endDate": "2026-10-07",
        "nextStep": "Aktuelle Verkehrs- und Sperrinformationen beim Betreiber prüfen.",
        "unknowns": [
          "Genauer Verkehrsverlauf und tatsächliche Dauer vor Ort"
        ],
        "scale": "district",
        "geometryPrecision": "approximate",
        "sources": [
          {
            "url": "https://verkehr.autobahn.de/o/autobahn/A45/services/roadworks",
            "snapshotUrl": "https://verkehr.autobahn.de/o/autobahn/A45/services/roadworks",
            "title": "Autobahn A45 roadworks",
            "publisher": "Autobahn GmbH",
            "locator": "roadworks[identifier=2024-048526--vi-bs.2026-07-15_20-00-00-000.devi-zus.2026-03-01_20-00-00-000.de13]",
            "retrievedAt": "2026-09-26T16:53:35.186Z",
            "sha256": "bd4ec4c75ec1bbab229b03b5b86758578f46996b775d490817a289c82da17d4f",
            "snapshot": true,
            "licence": "unknown",
            "reuse": "unknown"
          }
        ],
        "extraction": {
          "method": "structured"
        },
        "reviewState": "candidate",
        "asOf": "2026-09-26T16:53:35.186Z"
      }
    },
    {
      "type": "Feature",
      "geometry": {
        "type": "LineString",
        "coordinates": [
          [
            7.476896925316292,
            51.443228717887294
          ],
          [
            7.461284147870585,
            51.44162352183892
          ]
        ]
      },
      "properties": {
        "id": "autobahn:2024-048526--vi-bs.2026-07-15_20-00-00-000.devi-zus.2026-03-01_20-00-00-000.de15",
        "version": "960f68f96694ea041937c0ad90feb6587ee65dad29c027a0eac177a7161dc8dc",
        "cityId": "castrop-rauxel",
        "kind": "roadworks",
        "category": "Autobahn-Baustelle",
        "title": "A45 | Dortmund-Süd - Flöz Mausegatt",
        "statement": "A45 | Dortmund-Süd - Flöz Mausegatt: eine Baustelle ist im Autobahn-Verkehrsdienst verzeichnet. A45: Hagen -> Dortmund, zwischen 0.6 km hinter AS Dortmund-Süd und 1.4 km vor Flöz Mausegatt Die Lage kann auch eine Pendelstrecke außerhalb des Stadtgebiets betreffen.",
        "status": "im Verkehrsdienst geführt",
        "startDate": "2026-07-15",
        "endDate": "2026-10-07",
        "nextStep": "Aktuelle Verkehrs- und Sperrinformationen beim Betreiber prüfen.",
        "unknowns": [
          "Genauer Verkehrsverlauf und tatsächliche Dauer vor Ort"
        ],
        "scale": "district",
        "geometryPrecision": "approximate",
        "sources": [
          {
            "url": "https://verkehr.autobahn.de/o/autobahn/A45/services/roadworks",
            "snapshotUrl": "https://verkehr.autobahn.de/o/autobahn/A45/services/roadworks",
            "title": "Autobahn A45 roadworks",
            "publisher": "Autobahn GmbH",
            "locator": "roadworks[identifier=2024-048526--vi-bs.2026-07-15_20-00-00-000.devi-zus.2026-03-01_20-00-00-000.de15]",
            "retrievedAt": "2026-09-26T16:53:35.186Z",
            "sha256": "bd4ec4c75ec1bbab229b03b5b86758578f46996b775d490817a289c82da17d4f",
            "snapshot": true,
            "licence": "unknown",
            "reuse": "unknown"
          }
        ],
        "extraction": {
          "method": "structured"
        },
        "reviewState": "candidate",
        "asOf": "2026-09-26T16:53:35.186Z"
      }
    },
    {
      "type": "Feature",
      "geometry": {
        "type": "LineString",
        "coordinates": [
          [
            7.461284147870585,
            51.44162352183892
          ],
          [
            7.452681948397366,
            51.44166899577987
          ]
        ]
      },
      "properties": {
        "id": "autobahn:2024-048526--vi-bs.2026-07-15_20-00-00-000.devi-zus.2026-03-01_20-00-00-000.de17",
        "version": "3fef202fb47081cb4456bb969bee959f3d9140d2d5a67f12e6408eeefa8e72bc",
        "cityId": "castrop-rauxel",
        "kind": "roadworks",
        "category": "Autobahn-Baustelle",
        "title": "A45 | Dortmund-Süd - Flöz Mausegatt",
        "statement": "A45 | Dortmund-Süd - Flöz Mausegatt: eine Baustelle ist im Autobahn-Verkehrsdienst verzeichnet. A45: Hagen -> Dortmund, zwischen 1.7 km hinter AS Dortmund-Süd und 0.8 km vor Flöz Mausegatt Die Lage kann auch eine Pendelstrecke außerhalb des Stadtgebiets betreffen.",
        "status": "im Verkehrsdienst geführt",
        "startDate": "2026-07-15",
        "endDate": "2026-10-07",
        "nextStep": "Aktuelle Verkehrs- und Sperrinformationen beim Betreiber prüfen.",
        "unknowns": [
          "Genauer Verkehrsverlauf und tatsächliche Dauer vor Ort"
        ],
        "scale": "district",
        "geometryPrecision": "approximate",
        "sources": [
          {
            "url": "https://verkehr.autobahn.de/o/autobahn/A45/services/roadworks",
            "snapshotUrl": "https://verkehr.autobahn.de/o/autobahn/A45/services/roadworks",
            "title": "Autobahn A45 roadworks",
            "publisher": "Autobahn GmbH",
            "locator": "roadworks[identifier=2024-048526--vi-bs.2026-07-15_20-00-00-000.devi-zus.2026-03-01_20-00-00-000.de17]",
            "retrievedAt": "2026-09-26T16:53:35.186Z",
            "sha256": "bd4ec4c75ec1bbab229b03b5b86758578f46996b775d490817a289c82da17d4f",
            "snapshot": true,
            "licence": "unknown",
            "reuse": "unknown"
          }
        ],
        "extraction": {
          "method": "structured"
        },
        "reviewState": "candidate",
        "asOf": "2026-09-26T16:53:35.186Z"
      }
    },
    {
      "type": "Feature",
      "geometry": {
        "type": "LineString",
        "coordinates": [
          [
            7.385502558284362,
            51.49760393955556
          ],
          [
            7.388411453295805,
            51.50614713475456
          ]
        ]
      },
      "properties": {
        "id": "autobahn:2025-001946--vi-bs.2026-02-25_05-00-00-000.devi-zus.2025-03-01_19-00-00-000.de23",
        "version": "2fb4a158d00063a308e8151fd8c74604ea3b64aeb78c805c5c504abc2a89b1c8",
        "cityId": "castrop-rauxel",
        "kind": "roadworks",
        "category": "Autobahn-Baustelle",
        "title": "A45 | Dortmund-Eichlinghofen - Dortmund-Hafen",
        "statement": "A45 | Dortmund-Eichlinghofen - Dortmund-Hafen: eine Baustelle ist im Autobahn-Verkehrsdienst verzeichnet. A45: Hagen -> Dortmund, zwischen 2.1 km hinter AS Dortmund-Eichlinghofen und 1.5 km vor AS Dortmund-Hafen Die Lage kann auch eine Pendelstrecke außerhalb des Stadtgebiets betreffen.",
        "status": "im Verkehrsdienst geführt",
        "startDate": "2026-02-25",
        "endDate": "2028-07-15",
        "nextStep": "Aktuelle Verkehrs- und Sperrinformationen beim Betreiber prüfen.",
        "unknowns": [
          "Genauer Verkehrsverlauf und tatsächliche Dauer vor Ort"
        ],
        "scale": "district",
        "geometryPrecision": "approximate",
        "sources": [
          {
            "url": "https://verkehr.autobahn.de/o/autobahn/A45/services/roadworks",
            "snapshotUrl": "https://verkehr.autobahn.de/o/autobahn/A45/services/roadworks",
            "title": "Autobahn A45 roadworks",
            "publisher": "Autobahn GmbH",
            "locator": "roadworks[identifier=2025-001946--vi-bs.2026-02-25_05-00-00-000.devi-zus.2025-03-01_19-00-00-000.de23]",
            "retrievedAt": "2026-09-26T16:53:35.186Z",
            "sha256": "bd4ec4c75ec1bbab229b03b5b86758578f46996b775d490817a289c82da17d4f",
            "snapshot": true,
            "licence": "unknown",
            "reuse": "unknown"
          }
        ],
        "extraction": {
          "method": "structured"
        },
        "reviewState": "candidate",
        "asOf": "2026-09-26T16:53:35.186Z"
      }
    },
    {
      "type": "Feature",
      "geometry": {
        "type": "LineString",
        "coordinates": [
          [
            7.388411453295805,
            51.50614713475456
          ],
          [
            7.390257265381893,
            51.51157425470771
          ]
        ]
      },
      "properties": {
        "id": "autobahn:2025-001946--vi-bs.2026-02-25_05-00-00-000.devi-zus.2025-03-01_19-00-00-000.de25",
        "version": "bc638c5a71e56e89ad72fdf2bf3f97eb556161d9bb4524876343477573be9735",
        "cityId": "castrop-rauxel",
        "kind": "roadworks",
        "category": "Autobahn-Baustelle",
        "title": "A45 | Dortmund-West - Dortmund-Hafen",
        "statement": "A45 | Dortmund-West - Dortmund-Hafen: eine Baustelle ist im Autobahn-Verkehrsdienst verzeichnet. A45: Hagen -> Dortmund, zwischen 1.0 km hinter AK Dortmund-West und 0.9 km vor AS Dortmund-Hafen Die Lage kann auch eine Pendelstrecke außerhalb des Stadtgebiets betreffen.",
        "status": "im Verkehrsdienst geführt",
        "startDate": "2026-02-25",
        "endDate": "2028-07-15",
        "nextStep": "Aktuelle Verkehrs- und Sperrinformationen beim Betreiber prüfen.",
        "unknowns": [
          "Genauer Verkehrsverlauf und tatsächliche Dauer vor Ort"
        ],
        "scale": "district",
        "geometryPrecision": "approximate",
        "sources": [
          {
            "url": "https://verkehr.autobahn.de/o/autobahn/A45/services/roadworks",
            "snapshotUrl": "https://verkehr.autobahn.de/o/autobahn/A45/services/roadworks",
            "title": "Autobahn A45 roadworks",
            "publisher": "Autobahn GmbH",
            "locator": "roadworks[identifier=2025-001946--vi-bs.2026-02-25_05-00-00-000.devi-zus.2025-03-01_19-00-00-000.de25]",
            "retrievedAt": "2026-09-26T16:53:35.186Z",
            "sha256": "bd4ec4c75ec1bbab229b03b5b86758578f46996b775d490817a289c82da17d4f",
            "snapshot": true,
            "licence": "unknown",
            "reuse": "unknown"
          }
        ],
        "extraction": {
          "method": "structured"
        },
        "reviewState": "candidate",
        "asOf": "2026-09-26T16:53:35.186Z"
      }
    },
    {
      "type": "Feature",
      "geometry": {
        "type": "LineString",
        "coordinates": [
          [
            7.377838506241168,
            51.525454228927025
          ],
          [
            7.390023185586527,
            51.511792367914516
          ]
        ]
      },
      "properties": {
        "id": "autobahn:2025-001946--vi-bs.2026-02-26_06-00-00-000.devi-zus.2025-03-01_19-00-00-000.de19",
        "version": "535750198ab1d63bd839a21af816bee2e779cfaf5c0d1b6b4dc31e0126a25e18",
        "cityId": "castrop-rauxel",
        "kind": "roadworks",
        "category": "Autobahn-Baustelle",
        "title": "A45 | Kirchlinde - Dortmund-West",
        "statement": "A45 | Kirchlinde - Dortmund-West: eine Baustelle ist im Autobahn-Verkehrsdienst verzeichnet. A45: Dortmund -> Hagen, zwischen 1.4 km hinter Kirchlinde und 1.6 km vor AK Dortmund-West Die Lage kann auch eine Pendelstrecke außerhalb des Stadtgebiets betreffen.",
        "status": "im Verkehrsdienst geführt",
        "startDate": "2026-02-26",
        "endDate": "2028-07-15",
        "nextStep": "Aktuelle Verkehrs- und Sperrinformationen beim Betreiber prüfen.",
        "unknowns": [
          "Genauer Verkehrsverlauf und tatsächliche Dauer vor Ort"
        ],
        "scale": "district",
        "geometryPrecision": "approximate",
        "sources": [
          {
            "url": "https://verkehr.autobahn.de/o/autobahn/A45/services/roadworks",
            "snapshotUrl": "https://verkehr.autobahn.de/o/autobahn/A45/services/roadworks",
            "title": "Autobahn A45 roadworks",
            "publisher": "Autobahn GmbH",
            "locator": "roadworks[identifier=2025-001946--vi-bs.2026-02-26_06-00-00-000.devi-zus.2025-03-01_19-00-00-000.de19]",
            "retrievedAt": "2026-09-26T16:53:35.186Z",
            "sha256": "bd4ec4c75ec1bbab229b03b5b86758578f46996b775d490817a289c82da17d4f",
            "snapshot": true,
            "licence": "unknown",
            "reuse": "unknown"
          }
        ],
        "extraction": {
          "method": "structured"
        },
        "reviewState": "candidate",
        "asOf": "2026-09-26T16:53:35.186Z"
      }
    },
    {
      "type": "Feature",
      "geometry": {
        "type": "LineString",
        "coordinates": [
          [
            7.390023185586527,
            51.511792367914516
          ],
          [
            7.388196431897606,
            51.50617263850245
          ]
        ]
      },
      "properties": {
        "id": "autobahn:2025-001946--vi-bs.2026-02-26_06-00-00-000.devi-zus.2025-03-01_19-00-00-000.de21",
        "version": "9590e6d9664838955c5ecd4e335b76477ba0205c8fe71626677278a68b83e01e",
        "cityId": "castrop-rauxel",
        "kind": "roadworks",
        "category": "Autobahn-Baustelle",
        "title": "A45 | Dortmund-Hafen - Dortmund-West",
        "statement": "A45 | Dortmund-Hafen - Dortmund-West: eine Baustelle ist im Autobahn-Verkehrsdienst verzeichnet. A45: Dortmund -> Hagen, zwischen 0.8 km hinter AS Dortmund-Hafen und 1.0 km vor AK Dortmund-West Die Lage kann auch eine Pendelstrecke außerhalb des Stadtgebiets betreffen.",
        "status": "im Verkehrsdienst geführt",
        "startDate": "2026-02-26",
        "endDate": "2028-07-15",
        "nextStep": "Aktuelle Verkehrs- und Sperrinformationen beim Betreiber prüfen.",
        "unknowns": [
          "Genauer Verkehrsverlauf und tatsächliche Dauer vor Ort"
        ],
        "scale": "district",
        "geometryPrecision": "approximate",
        "sources": [
          {
            "url": "https://verkehr.autobahn.de/o/autobahn/A45/services/roadworks",
            "snapshotUrl": "https://verkehr.autobahn.de/o/autobahn/A45/services/roadworks",
            "title": "Autobahn A45 roadworks",
            "publisher": "Autobahn GmbH",
            "locator": "roadworks[identifier=2025-001946--vi-bs.2026-02-26_06-00-00-000.devi-zus.2025-03-01_19-00-00-000.de21]",
            "retrievedAt": "2026-09-26T16:53:35.186Z",
            "sha256": "bd4ec4c75ec1bbab229b03b5b86758578f46996b775d490817a289c82da17d4f",
            "snapshot": true,
            "licence": "unknown",
            "reuse": "unknown"
          }
        ],
        "extraction": {
          "method": "structured"
        },
        "reviewState": "candidate",
        "asOf": "2026-09-26T16:53:35.186Z"
      }
    },
    {
      "type": "Feature",
      "geometry": {
        "type": "LineString",
        "coordinates": [
          [
            7.5489497915945805,
            51.422244093046835
          ],
          [
            7.53865526444571,
            51.430246842769236
          ]
        ]
      },
      "properties": {
        "id": "autobahn:2025-037554--vi-bs.2026-05-20_20-00-00-000.devi-zus.2025-11-03_20-00-00-000.de5",
        "version": "df3e4fdf399c24eb11a44d42d440372477da6461f386080d9e3fccf6f9bc93e2",
        "cityId": "castrop-rauxel",
        "kind": "roadworks",
        "category": "Autobahn-Baustelle",
        "title": "A45 | Schwerte-Ergste - Westhofener Kreuz",
        "statement": "A45 | Schwerte-Ergste - Westhofener Kreuz: eine Baustelle ist im Autobahn-Verkehrsdienst verzeichnet. A45: Hagen -> Dortmund, zwischen 1.4 km hinter AS Schwerte-Ergste und 0.5 km vor AK Westhofener Kreuz Die Lage kann auch eine Pendelstrecke außerhalb des Stadtgebiets betreffen.",
        "status": "im Verkehrsdienst geführt",
        "startDate": "2026-05-20",
        "endDate": "2026-12-10",
        "nextStep": "Aktuelle Verkehrs- und Sperrinformationen beim Betreiber prüfen.",
        "unknowns": [
          "Genauer Verkehrsverlauf und tatsächliche Dauer vor Ort"
        ],
        "scale": "district",
        "geometryPrecision": "approximate",
        "sources": [
          {
            "url": "https://verkehr.autobahn.de/o/autobahn/A45/services/roadworks",
            "snapshotUrl": "https://verkehr.autobahn.de/o/autobahn/A45/services/roadworks",
            "title": "Autobahn A45 roadworks",
            "publisher": "Autobahn GmbH",
            "locator": "roadworks[identifier=2025-037554--vi-bs.2026-05-20_20-00-00-000.devi-zus.2025-11-03_20-00-00-000.de5]",
            "retrievedAt": "2026-09-26T16:53:35.186Z",
            "sha256": "bd4ec4c75ec1bbab229b03b5b86758578f46996b775d490817a289c82da17d4f",
            "snapshot": true,
            "licence": "unknown",
            "reuse": "unknown"
          }
        ],
        "extraction": {
          "method": "structured"
        },
        "reviewState": "candidate",
        "asOf": "2026-09-26T16:53:35.186Z"
      }
    },
    {
      "type": "Feature",
      "geometry": {
        "type": "LineString",
        "coordinates": [
          [
            7.538527144391337,
            51.43014247942098
          ],
          [
            7.548742199731272,
            51.422184949524194
          ]
        ]
      },
      "properties": {
        "id": "autobahn:2025-037554--vi-bs.2026-05-20_20-00-00-000.devi-zus.2025-11-03_20-00-00-000.de7",
        "version": "b6138d229c9671f7b89159c8fcd7d6a4ee7e936dc6ef14436d79ce8987681cc3",
        "cityId": "castrop-rauxel",
        "kind": "roadworks",
        "category": "Autobahn-Baustelle",
        "title": "A45 | Westhofener Kreuz - Schwerte-Ergste",
        "statement": "A45 | Westhofener Kreuz - Schwerte-Ergste: eine Baustelle ist im Autobahn-Verkehrsdienst verzeichnet. A45: Dortmund -> Hagen, zwischen 0.5 km hinter AK Westhofener Kreuz und 1.4 km vor AS Schwerte-Ergste Die Lage kann auch eine Pendelstrecke außerhalb des Stadtgebiets betreffen.",
        "status": "im Verkehrsdienst geführt",
        "startDate": "2026-05-20",
        "endDate": "2026-12-10",
        "nextStep": "Aktuelle Verkehrs- und Sperrinformationen beim Betreiber prüfen.",
        "unknowns": [
          "Genauer Verkehrsverlauf und tatsächliche Dauer vor Ort"
        ],
        "scale": "district",
        "geometryPrecision": "approximate",
        "sources": [
          {
            "url": "https://verkehr.autobahn.de/o/autobahn/A45/services/roadworks",
            "snapshotUrl": "https://verkehr.autobahn.de/o/autobahn/A45/services/roadworks",
            "title": "Autobahn A45 roadworks",
            "publisher": "Autobahn GmbH",
            "locator": "roadworks[identifier=2025-037554--vi-bs.2026-05-20_20-00-00-000.devi-zus.2025-11-03_20-00-00-000.de7]",
            "retrievedAt": "2026-09-26T16:53:35.186Z",
            "sha256": "bd4ec4c75ec1bbab229b03b5b86758578f46996b775d490817a289c82da17d4f",
            "snapshot": true,
            "licence": "unknown",
            "reuse": "unknown"
          }
        ],
        "extraction": {
          "method": "structured"
        },
        "reviewState": "candidate",
        "asOf": "2026-09-26T16:53:35.186Z"
      }
    },
    {
      "type": "Feature",
      "geometry": {
        "type": "LineString",
        "coordinates": [
          [
            7.55171455174826,
            51.41664051629754
          ],
          [
            7.5489497915945805,
            51.422244093046835
          ]
        ]
      },
      "properties": {
        "id": "autobahn:2025-037554--vi-bs.2026-05-20_20-00-00-000.devi-zus.2025-11-03_20-00-00-000.de9",
        "version": "2ee75692381e83ebf130425948dbfcccca0d4db8eeaf1273c978ffbe132aa38d",
        "cityId": "castrop-rauxel",
        "kind": "roadworks",
        "category": "Autobahn-Baustelle",
        "title": "A45 | Schwerte-Ergste - Westhofener Kreuz",
        "statement": "A45 | Schwerte-Ergste - Westhofener Kreuz: eine Baustelle ist im Autobahn-Verkehrsdienst verzeichnet. A45: Hagen -> Dortmund, zwischen 0.8 km hinter AS Schwerte-Ergste und 1.7 km vor AK Westhofener Kreuz Die Lage kann auch eine Pendelstrecke außerhalb des Stadtgebiets betreffen.",
        "status": "im Verkehrsdienst geführt",
        "startDate": "2026-05-20",
        "endDate": "2026-12-10",
        "nextStep": "Aktuelle Verkehrs- und Sperrinformationen beim Betreiber prüfen.",
        "unknowns": [
          "Genauer Verkehrsverlauf und tatsächliche Dauer vor Ort"
        ],
        "scale": "district",
        "geometryPrecision": "approximate",
        "sources": [
          {
            "url": "https://verkehr.autobahn.de/o/autobahn/A45/services/roadworks",
            "snapshotUrl": "https://verkehr.autobahn.de/o/autobahn/A45/services/roadworks",
            "title": "Autobahn A45 roadworks",
            "publisher": "Autobahn GmbH",
            "locator": "roadworks[identifier=2025-037554--vi-bs.2026-05-20_20-00-00-000.devi-zus.2025-11-03_20-00-00-000.de9]",
            "retrievedAt": "2026-09-26T16:53:35.186Z",
            "sha256": "bd4ec4c75ec1bbab229b03b5b86758578f46996b775d490817a289c82da17d4f",
            "snapshot": true,
            "licence": "unknown",
            "reuse": "unknown"
          }
        ],
        "extraction": {
          "method": "structured"
        },
        "reviewState": "candidate",
        "asOf": "2026-09-26T16:53:35.186Z"
      }
    },
    {
      "type": "Feature",
      "geometry": {
        "type": "LineString",
        "coordinates": [
          [
            6.9805554920475705,
            51.503778193849925
          ],
          [
            6.97226112524194,
            51.50647818306398
          ]
        ]
      },
      "properties": {
        "id": "autobahn:2025-055007--vi-bs.2025-12-11_11-00-00-000.devi-zus.2025-02-24_20-00-00-000_006.de1",
        "version": "66af69df259050f16f589efdc0d7ecfc9fae69881562c6baccc6fd8c082d97df",
        "cityId": "castrop-rauxel",
        "kind": "roadworks",
        "category": "Autobahn-Baustelle",
        "title": "A42 | Essen-Nord - Bottrop-Süd",
        "statement": "A42 | Essen-Nord - Bottrop-Süd: eine Baustelle ist im Autobahn-Verkehrsdienst verzeichnet. A42: Dortmund -> Kamp-Lintfort, zwischen 1.2 km hinter AK Essen-Nord und 2.7 km vor AS Bottrop-Süd Die Lage kann auch eine Pendelstrecke außerhalb des Stadtgebiets betreffen.",
        "status": "im Verkehrsdienst geführt",
        "startDate": "2025-12-11",
        "endDate": "2027-03-31",
        "nextStep": "Aktuelle Verkehrs- und Sperrinformationen beim Betreiber prüfen.",
        "unknowns": [
          "Genauer Verkehrsverlauf und tatsächliche Dauer vor Ort"
        ],
        "scale": "district",
        "geometryPrecision": "approximate",
        "sources": [
          {
            "url": "https://verkehr.autobahn.de/o/autobahn/A42/services/roadworks",
            "snapshotUrl": "https://verkehr.autobahn.de/o/autobahn/A42/services/roadworks",
            "title": "Autobahn A42 roadworks",
            "publisher": "Autobahn GmbH",
            "locator": "roadworks[identifier=2025-055007--vi-bs.2025-12-11_11-00-00-000.devi-zus.2025-02-24_20-00-00-000_006.de1]",
            "retrievedAt": "2026-09-26T16:53:35.071Z",
            "sha256": "ebaba7bfc71be9413ef32b44996785d3c29d73509073f402d356f02f9006176d",
            "snapshot": true,
            "licence": "unknown",
            "reuse": "unknown"
          }
        ],
        "extraction": {
          "method": "structured"
        },
        "reviewState": "candidate",
        "asOf": "2026-09-26T16:53:35.071Z"
      }
    },
    {
      "type": "Feature",
      "geometry": {
        "type": "LineString",
        "coordinates": [
          [
            6.971554716512407,
            51.50653629392466
          ],
          [
            6.979855691658256,
            51.5038564196617
          ]
        ]
      },
      "properties": {
        "id": "autobahn:2025-055007--vi-bs.2025-12-11_11-00-00-000.devi-zus.2025-02-24_20-00-00-000_006.de3",
        "version": "f2dce399fe1982c5765df07a18e352c62a7ac6da4c1f600b7f113e5e43470183",
        "cityId": "castrop-rauxel",
        "kind": "roadworks",
        "category": "Autobahn-Baustelle",
        "title": "A42 | Bottrop-Süd - Essen-Nord",
        "statement": "A42 | Bottrop-Süd - Essen-Nord: eine Baustelle ist im Autobahn-Verkehrsdienst verzeichnet. A42: Kamp-Lintfort -> Dortmund, zwischen 2.6 km hinter AS Bottrop-Süd und 1.2 km vor AK Essen-Nord Die Lage kann auch eine Pendelstrecke außerhalb des Stadtgebiets betreffen.",
        "status": "im Verkehrsdienst geführt",
        "startDate": "2025-12-11",
        "endDate": "2027-03-31",
        "nextStep": "Aktuelle Verkehrs- und Sperrinformationen beim Betreiber prüfen.",
        "unknowns": [
          "Genauer Verkehrsverlauf und tatsächliche Dauer vor Ort"
        ],
        "scale": "district",
        "geometryPrecision": "approximate",
        "sources": [
          {
            "url": "https://verkehr.autobahn.de/o/autobahn/A42/services/roadworks",
            "snapshotUrl": "https://verkehr.autobahn.de/o/autobahn/A42/services/roadworks",
            "title": "Autobahn A42 roadworks",
            "publisher": "Autobahn GmbH",
            "locator": "roadworks[identifier=2025-055007--vi-bs.2025-12-11_11-00-00-000.devi-zus.2025-02-24_20-00-00-000_006.de3]",
            "retrievedAt": "2026-09-26T16:53:35.071Z",
            "sha256": "ebaba7bfc71be9413ef32b44996785d3c29d73509073f402d356f02f9006176d",
            "snapshot": true,
            "licence": "unknown",
            "reuse": "unknown"
          }
        ],
        "extraction": {
          "method": "structured"
        },
        "reviewState": "candidate",
        "asOf": "2026-09-26T16:53:35.071Z"
      }
    },
    {
      "type": "Feature",
      "geometry": {
        "type": "LineString",
        "coordinates": [
          [
            6.913573304125385,
            51.498170067282246
          ],
          [
            6.875392344022292,
            51.49632810530321
          ]
        ]
      },
      "properties": {
        "id": "autobahn:2025-062194--vi-bs.2026-09-04_00-00-00-000.devi-zus.2026-09-04_22-00-00-000.de1",
        "version": "8beadb26e872ee6d6b3a0a73ef78def863bad5f9910fb5bd3054077e74eb95d1",
        "cityId": "castrop-rauxel",
        "kind": "roadworks",
        "category": "Autobahn-Baustelle",
        "title": "A42 | Bottrop-Süd - Oberhausen-Zentrum",
        "statement": "A42 | Bottrop-Süd - Oberhausen-Zentrum: eine Baustelle ist im Autobahn-Verkehrsdienst verzeichnet. A42: Dortmund -> Kamp-Lintfort, zwischen 1.7 km hinter AS Bottrop-Süd und 0.8 km vor AS Oberhausen-Zentrum Die Lage kann auch eine Pendelstrecke außerhalb des Stadtgebiets betreffen.",
        "status": "im Verkehrsdienst geführt",
        "startDate": "2026-09-04",
        "endDate": "2026-10-19",
        "nextStep": "Aktuelle Verkehrs- und Sperrinformationen beim Betreiber prüfen.",
        "unknowns": [
          "Genauer Verkehrsverlauf und tatsächliche Dauer vor Ort"
        ],
        "scale": "district",
        "geometryPrecision": "approximate",
        "sources": [
          {
            "url": "https://verkehr.autobahn.de/o/autobahn/A42/services/roadworks",
            "snapshotUrl": "https://verkehr.autobahn.de/o/autobahn/A42/services/roadworks",
            "title": "Autobahn A42 roadworks",
            "publisher": "Autobahn GmbH",
            "locator": "roadworks[identifier=2025-062194--vi-bs.2026-09-04_00-00-00-000.devi-zus.2026-09-04_22-00-00-000.de1]",
            "retrievedAt": "2026-09-26T16:53:35.071Z",
            "sha256": "ebaba7bfc71be9413ef32b44996785d3c29d73509073f402d356f02f9006176d",
            "snapshot": true,
            "licence": "unknown",
            "reuse": "unknown"
          }
        ],
        "extraction": {
          "method": "structured"
        },
        "reviewState": "candidate",
        "asOf": "2026-09-26T16:53:35.071Z"
      }
    },
    {
      "type": "Feature",
      "geometry": {
        "type": "LineString",
        "coordinates": [
          [
            6.897018464077478,
            51.49745237429885
          ],
          [
            6.890382879709676,
            51.49800168711143
          ]
        ]
      },
      "properties": {
        "id": "autobahn:2025-062194--vi-bs.2026-09-04_00-00-00-000.devi-zus.2026-09-04_22-00-00-000.de3",
        "version": "5cbf3c192a7f04956e16a11425e59936ef87613a039f1cd2b00b6cd6348fdb2c",
        "cityId": "castrop-rauxel",
        "kind": "roadworks",
        "category": "Autobahn-Baustelle",
        "title": "A42 - Leitungsarbeiten und Fahrbahnerneuerung",
        "statement": "A42 - Leitungsarbeiten und Fahrbahnerneuerung: eine Baustelle ist im Autobahn-Verkehrsdienst verzeichnet. Von A42: Dortmund -> Kamp-Lintfort, zwischen 2.8 km hinter AS Bottrop-Süd und AS Oberhausen Neue Mitte nach Abfahrt von der A42: AS Oberhausen Neue Mitte (aus Richtung Bottrop-Süd) Die Lage kann auch eine Pendelstrecke außerhalb des Stadtgebiets betreffen.",
        "status": "im Verkehrsdienst geführt",
        "startDate": "2026-09-04",
        "endDate": "2026-10-19",
        "nextStep": "Aktuelle Verkehrs- und Sperrinformationen beim Betreiber prüfen.",
        "unknowns": [
          "Genauer Verkehrsverlauf und tatsächliche Dauer vor Ort"
        ],
        "scale": "district",
        "geometryPrecision": "approximate",
        "sources": [
          {
            "url": "https://verkehr.autobahn.de/o/autobahn/A42/services/roadworks",
            "snapshotUrl": "https://verkehr.autobahn.de/o/autobahn/A42/services/roadworks",
            "title": "Autobahn A42 roadworks",
            "publisher": "Autobahn GmbH",
            "locator": "roadworks[identifier=2025-062194--vi-bs.2026-09-04_00-00-00-000.devi-zus.2026-09-04_22-00-00-000.de3]",
            "retrievedAt": "2026-09-26T16:53:35.071Z",
            "sha256": "ebaba7bfc71be9413ef32b44996785d3c29d73509073f402d356f02f9006176d",
            "snapshot": true,
            "licence": "unknown",
            "reuse": "unknown"
          }
        ],
        "extraction": {
          "method": "structured"
        },
        "reviewState": "candidate",
        "asOf": "2026-09-26T16:53:35.071Z"
      }
    },
    {
      "type": "Feature",
      "geometry": {
        "type": "LineString",
        "coordinates": [
          [
            6.8904618766817185,
            51.49790022650697
          ],
          [
            6.888590728011562,
            51.49681210438554
          ]
        ]
      },
      "properties": {
        "id": "autobahn:2025-062194--vi-bs.2026-09-04_00-00-00-000.devi-zus.2026-09-04_22-00-00-000.de5",
        "version": "c6a88e0706425d3ec0e943354d50d93b18015e91355c5fa3373ecf5cc01dae1d",
        "cityId": "castrop-rauxel",
        "kind": "roadworks",
        "category": "Autobahn-Baustelle",
        "title": "A42 - Leitungsarbeiten und Fahrbahnerneuerung",
        "statement": "A42 - Leitungsarbeiten und Fahrbahnerneuerung: eine Baustelle ist im Autobahn-Verkehrsdienst verzeichnet. Von Auffahrt auf die A42: AS Oberhausen Neue Mitte (aus Richtung Bottrop-Süd) nach A42: Dortmund -> Kamp-Lintfort, zwischen AS Bottrop-Süd und 1.7 km vor AS Oberhausen-Zentrum Die Lage kann auch eine Pendelstrecke außerhalb des Stadtgebiets betreffen.",
        "status": "im Verkehrsdienst geführt",
        "startDate": "2026-09-04",
        "endDate": "2026-10-19",
        "nextStep": "Aktuelle Verkehrs- und Sperrinformationen beim Betreiber prüfen.",
        "unknowns": [
          "Genauer Verkehrsverlauf und tatsächliche Dauer vor Ort"
        ],
        "scale": "district",
        "geometryPrecision": "approximate",
        "sources": [
          {
            "url": "https://verkehr.autobahn.de/o/autobahn/A42/services/roadworks",
            "snapshotUrl": "https://verkehr.autobahn.de/o/autobahn/A42/services/roadworks",
            "title": "Autobahn A42 roadworks",
            "publisher": "Autobahn GmbH",
            "locator": "roadworks[identifier=2025-062194--vi-bs.2026-09-04_00-00-00-000.devi-zus.2026-09-04_22-00-00-000.de5]",
            "retrievedAt": "2026-09-26T16:53:35.071Z",
            "sha256": "ebaba7bfc71be9413ef32b44996785d3c29d73509073f402d356f02f9006176d",
            "snapshot": true,
            "licence": "unknown",
            "reuse": "unknown"
          }
        ],
        "extraction": {
          "method": "structured"
        },
        "reviewState": "candidate",
        "asOf": "2026-09-26T16:53:35.071Z"
      }
    },
    {
      "type": "Feature",
      "geometry": {
        "type": "LineString",
        "coordinates": [
          [
            7.189041003825516,
            51.5437882103932
          ],
          [
            7.183278949508362,
            51.54373292903631
          ]
        ]
      },
      "properties": {
        "id": "autobahn:2026-003679--vi-bs.2026-03-09_05-00-00-000.devi-zus.2026-02-23_20-00-00-000_001.de1",
        "version": "60234f119c579b78901ac470ceb33361f9fafab09969130ed546b5d7d68b49a4",
        "cityId": "castrop-rauxel",
        "kind": "roadworks",
        "category": "Autobahn-Baustelle",
        "title": "A42 | Herne - Herne-Crange",
        "statement": "A42 | Herne - Herne-Crange: eine Baustelle ist im Autobahn-Verkehrsdienst verzeichnet. A42: Dortmund -> Kamp-Lintfort, zwischen 0.8 km hinter AK Herne und 1.1 km vor AS Herne-Crange Die Lage kann auch eine Pendelstrecke außerhalb des Stadtgebiets betreffen.",
        "status": "im Verkehrsdienst geführt",
        "startDate": "2026-03-09",
        "endDate": "2029-11-30",
        "nextStep": "Aktuelle Verkehrs- und Sperrinformationen beim Betreiber prüfen.",
        "unknowns": [
          "Genauer Verkehrsverlauf und tatsächliche Dauer vor Ort"
        ],
        "scale": "district",
        "geometryPrecision": "approximate",
        "sources": [
          {
            "url": "https://verkehr.autobahn.de/o/autobahn/A42/services/roadworks",
            "snapshotUrl": "https://verkehr.autobahn.de/o/autobahn/A42/services/roadworks",
            "title": "Autobahn A42 roadworks",
            "publisher": "Autobahn GmbH",
            "locator": "roadworks[identifier=2026-003679--vi-bs.2026-03-09_05-00-00-000.devi-zus.2026-02-23_20-00-00-000_001.de1]",
            "retrievedAt": "2026-09-26T16:53:35.071Z",
            "sha256": "ebaba7bfc71be9413ef32b44996785d3c29d73509073f402d356f02f9006176d",
            "snapshot": true,
            "licence": "unknown",
            "reuse": "unknown"
          }
        ],
        "extraction": {
          "method": "structured"
        },
        "reviewState": "candidate",
        "asOf": "2026-09-26T16:53:35.071Z"
      }
    },
    {
      "type": "Feature",
      "geometry": {
        "type": "LineString",
        "coordinates": [
          [
            7.1748770261666595,
            51.54286464721437
          ],
          [
            7.173898255534581,
            51.54283269563292
          ]
        ]
      },
      "properties": {
        "id": "autobahn:2026-003679--vi-bs.2026-03-09_05-00-00-000.devi-zus.2026-02-23_20-00-00-000_001.de11",
        "version": "59c89e78473b02d44385d0899024b9217a88315641d364cf019db0dbf5e68411",
        "cityId": "castrop-rauxel",
        "kind": "roadworks",
        "category": "Autobahn-Baustelle",
        "title": "A42 - Straßenausbau - Fahrbahnabsenkung - AlD 3679",
        "statement": "A42 - Straßenausbau - Fahrbahnabsenkung - AlD 3679: eine Baustelle ist im Autobahn-Verkehrsdienst verzeichnet. Abfahrt von der A42: AS Herne-Crange (aus Richtung Herne) Die Lage kann auch eine Pendelstrecke außerhalb des Stadtgebiets betreffen.",
        "status": "im Verkehrsdienst geführt",
        "startDate": "2026-03-09",
        "endDate": "2029-11-30",
        "nextStep": "Aktuelle Verkehrs- und Sperrinformationen beim Betreiber prüfen.",
        "unknowns": [
          "Genauer Verkehrsverlauf und tatsächliche Dauer vor Ort"
        ],
        "scale": "district",
        "geometryPrecision": "approximate",
        "sources": [
          {
            "url": "https://verkehr.autobahn.de/o/autobahn/A42/services/roadworks",
            "snapshotUrl": "https://verkehr.autobahn.de/o/autobahn/A42/services/roadworks",
            "title": "Autobahn A42 roadworks",
            "publisher": "Autobahn GmbH",
            "locator": "roadworks[identifier=2026-003679--vi-bs.2026-03-09_05-00-00-000.devi-zus.2026-02-23_20-00-00-000_001.de11]",
            "retrievedAt": "2026-09-26T16:53:35.071Z",
            "sha256": "ebaba7bfc71be9413ef32b44996785d3c29d73509073f402d356f02f9006176d",
            "snapshot": true,
            "licence": "unknown",
            "reuse": "unknown"
          }
        ],
        "extraction": {
          "method": "structured"
        },
        "reviewState": "candidate",
        "asOf": "2026-09-26T16:53:35.071Z"
      }
    },
    {
      "type": "Feature",
      "geometry": {
        "type": "LineString",
        "coordinates": [
          [
            7.183287425746524,
            51.54367344371039
          ],
          [
            7.189039761535954,
            51.54372240564597
          ]
        ]
      },
      "properties": {
        "id": "autobahn:2026-003679--vi-bs.2026-03-09_05-00-00-000.devi-zus.2026-02-23_20-00-00-000_001.de3",
        "version": "389e4ce4c09c0170180b258d13d61402edf7c519df64e38dca2273bb8766670c",
        "cityId": "castrop-rauxel",
        "kind": "roadworks",
        "category": "Autobahn-Baustelle",
        "title": "A42 | Herne-Crange - Herne",
        "statement": "A42 | Herne-Crange - Herne: eine Baustelle ist im Autobahn-Verkehrsdienst verzeichnet. A42: Kamp-Lintfort -> Dortmund, zwischen 1.1 km hinter AS Herne-Crange und 0.8 km vor AK Herne Die Lage kann auch eine Pendelstrecke außerhalb des Stadtgebiets betreffen.",
        "status": "im Verkehrsdienst geführt",
        "startDate": "2026-03-09",
        "endDate": "2029-11-30",
        "nextStep": "Aktuelle Verkehrs- und Sperrinformationen beim Betreiber prüfen.",
        "unknowns": [
          "Genauer Verkehrsverlauf und tatsächliche Dauer vor Ort"
        ],
        "scale": "district",
        "geometryPrecision": "approximate",
        "sources": [
          {
            "url": "https://verkehr.autobahn.de/o/autobahn/A42/services/roadworks",
            "snapshotUrl": "https://verkehr.autobahn.de/o/autobahn/A42/services/roadworks",
            "title": "Autobahn A42 roadworks",
            "publisher": "Autobahn GmbH",
            "locator": "roadworks[identifier=2026-003679--vi-bs.2026-03-09_05-00-00-000.devi-zus.2026-02-23_20-00-00-000_001.de3]",
            "retrievedAt": "2026-09-26T16:53:35.071Z",
            "sha256": "ebaba7bfc71be9413ef32b44996785d3c29d73509073f402d356f02f9006176d",
            "snapshot": true,
            "licence": "unknown",
            "reuse": "unknown"
          }
        ],
        "extraction": {
          "method": "structured"
        },
        "reviewState": "candidate",
        "asOf": "2026-09-26T16:53:35.071Z"
      }
    },
    {
      "type": "Feature",
      "geometry": {
        "type": "LineString",
        "coordinates": [
          [
            7.183278949508362,
            51.54373292903631
          ],
          [
            7.173410473003878,
            51.54258440052803
          ]
        ]
      },
      "properties": {
        "id": "autobahn:2026-003679--vi-bs.2026-03-09_05-00-00-000.devi-zus.2026-02-23_20-00-00-000_001.de5",
        "version": "03cca270dc928c9e4e87cd6d7609a9d08466875fe7ca7b07da231dd7bea47627",
        "cityId": "castrop-rauxel",
        "kind": "roadworks",
        "category": "Autobahn-Baustelle",
        "title": "A42 | Herne - Herne-Crange",
        "statement": "A42 | Herne - Herne-Crange: eine Baustelle ist im Autobahn-Verkehrsdienst verzeichnet. A42: Dortmund -> Kamp-Lintfort, zwischen 1.2 km hinter AK Herne und 0.4 km vor AS Herne-Crange Die Lage kann auch eine Pendelstrecke außerhalb des Stadtgebiets betreffen.",
        "status": "im Verkehrsdienst geführt",
        "startDate": "2026-03-09",
        "endDate": "2029-11-30",
        "nextStep": "Aktuelle Verkehrs- und Sperrinformationen beim Betreiber prüfen.",
        "unknowns": [
          "Genauer Verkehrsverlauf und tatsächliche Dauer vor Ort"
        ],
        "scale": "district",
        "geometryPrecision": "approximate",
        "sources": [
          {
            "url": "https://verkehr.autobahn.de/o/autobahn/A42/services/roadworks",
            "snapshotUrl": "https://verkehr.autobahn.de/o/autobahn/A42/services/roadworks",
            "title": "Autobahn A42 roadworks",
            "publisher": "Autobahn GmbH",
            "locator": "roadworks[identifier=2026-003679--vi-bs.2026-03-09_05-00-00-000.devi-zus.2026-02-23_20-00-00-000_001.de5]",
            "retrievedAt": "2026-09-26T16:53:35.071Z",
            "sha256": "ebaba7bfc71be9413ef32b44996785d3c29d73509073f402d356f02f9006176d",
            "snapshot": true,
            "licence": "unknown",
            "reuse": "unknown"
          }
        ],
        "extraction": {
          "method": "structured"
        },
        "reviewState": "candidate",
        "asOf": "2026-09-26T16:53:35.071Z"
      }
    },
    {
      "type": "Feature",
      "geometry": {
        "type": "LineString",
        "coordinates": [
          [
            7.175548376447258,
            51.542728042297014
          ],
          [
            7.183301802770287,
            51.543674109736415
          ]
        ]
      },
      "properties": {
        "id": "autobahn:2026-003679--vi-bs.2026-03-09_05-00-00-000.devi-zus.2026-02-23_20-00-00-000_001.de7",
        "version": "88ea3c63dbd3b968f1de585cad0bfa9a6ccc3b8851bb11f35352040e7cd50a5e",
        "cityId": "castrop-rauxel",
        "kind": "roadworks",
        "category": "Autobahn-Baustelle",
        "title": "A42 | Herne-Crange - Herne",
        "statement": "A42 | Herne-Crange - Herne: eine Baustelle ist im Autobahn-Verkehrsdienst verzeichnet. A42: Kamp-Lintfort -> Dortmund, zwischen 0.5 km hinter AS Herne-Crange und 1.2 km vor AK Herne Die Lage kann auch eine Pendelstrecke außerhalb des Stadtgebiets betreffen.",
        "status": "im Verkehrsdienst geführt",
        "startDate": "2026-03-09",
        "endDate": "2029-11-30",
        "nextStep": "Aktuelle Verkehrs- und Sperrinformationen beim Betreiber prüfen.",
        "unknowns": [
          "Genauer Verkehrsverlauf und tatsächliche Dauer vor Ort"
        ],
        "scale": "district",
        "geometryPrecision": "approximate",
        "sources": [
          {
            "url": "https://verkehr.autobahn.de/o/autobahn/A42/services/roadworks",
            "snapshotUrl": "https://verkehr.autobahn.de/o/autobahn/A42/services/roadworks",
            "title": "Autobahn A42 roadworks",
            "publisher": "Autobahn GmbH",
            "locator": "roadworks[identifier=2026-003679--vi-bs.2026-03-09_05-00-00-000.devi-zus.2026-02-23_20-00-00-000_001.de7]",
            "retrievedAt": "2026-09-26T16:53:35.071Z",
            "sha256": "ebaba7bfc71be9413ef32b44996785d3c29d73509073f402d356f02f9006176d",
            "snapshot": true,
            "licence": "unknown",
            "reuse": "unknown"
          }
        ],
        "extraction": {
          "method": "structured"
        },
        "reviewState": "candidate",
        "asOf": "2026-09-26T16:53:35.071Z"
      }
    },
    {
      "type": "Feature",
      "geometry": {
        "type": "LineString",
        "coordinates": [
          [
            7.175001490377364,
            51.542318189716376
          ],
          [
            7.176197397798334,
            51.54274330290164
          ]
        ]
      },
      "properties": {
        "id": "autobahn:2026-003679--vi-bs.2026-03-09_05-00-00-000.devi-zus.2026-02-23_20-00-00-000_001.de9",
        "version": "f6a3701d5982c9a4e460f37e5913fa1263acf6a146f6f33d353c7161a603e83f",
        "cityId": "castrop-rauxel",
        "kind": "roadworks",
        "category": "Autobahn-Baustelle",
        "title": "A42 - Straßenausbau - Fahrbahnabsenkung - AlD 3679",
        "statement": "A42 - Straßenausbau - Fahrbahnabsenkung - AlD 3679: eine Baustelle ist im Autobahn-Verkehrsdienst verzeichnet. Die Lage kann auch eine Pendelstrecke außerhalb des Stadtgebiets betreffen.",
        "status": "im Verkehrsdienst geführt",
        "startDate": "2026-03-09",
        "endDate": "2029-11-30",
        "nextStep": "Aktuelle Verkehrs- und Sperrinformationen beim Betreiber prüfen.",
        "unknowns": [
          "Genauer Verkehrsverlauf und tatsächliche Dauer vor Ort"
        ],
        "scale": "district",
        "geometryPrecision": "approximate",
        "sources": [
          {
            "url": "https://verkehr.autobahn.de/o/autobahn/A42/services/roadworks",
            "snapshotUrl": "https://verkehr.autobahn.de/o/autobahn/A42/services/roadworks",
            "title": "Autobahn A42 roadworks",
            "publisher": "Autobahn GmbH",
            "locator": "roadworks[identifier=2026-003679--vi-bs.2026-03-09_05-00-00-000.devi-zus.2026-02-23_20-00-00-000_001.de9]",
            "retrievedAt": "2026-09-26T16:53:35.071Z",
            "sha256": "ebaba7bfc71be9413ef32b44996785d3c29d73509073f402d356f02f9006176d",
            "snapshot": true,
            "licence": "unknown",
            "reuse": "unknown"
          }
        ],
        "extraction": {
          "method": "structured"
        },
        "reviewState": "candidate",
        "asOf": "2026-09-26T16:53:35.071Z"
      }
    },
    {
      "type": "Feature",
      "geometry": {
        "type": "LineString",
        "coordinates": [
          [
            7.398757043938649,
            51.47191860299104
          ],
          [
            7.408666037547604,
            51.466134159546975
          ]
        ]
      },
      "properties": {
        "id": "autobahn:2026-007701--vi-bs.2026-07-04_20-00-00-000.devi-zus.2026-06-02_20-00-00-000.de1",
        "version": "84b84bd0422c95d8e9256fc50e3367a0df8f9b06cf619eed7af6ce8daed83e75",
        "cityId": "castrop-rauxel",
        "kind": "roadworks",
        "category": "Autobahn-Baustelle",
        "title": "A45 | Dortmund-Eichlinghofen - Dortmund/Witten",
        "statement": "A45 | Dortmund-Eichlinghofen - Dortmund/Witten: eine Baustelle ist im Autobahn-Verkehrsdienst verzeichnet. A45: Dortmund -> Hagen, zwischen 1.0 km hinter AS Dortmund-Eichlinghofen und 0.4 km vor AK Dortmund/Witten Die Lage kann auch eine Pendelstrecke außerhalb des Stadtgebiets betreffen.",
        "status": "im Verkehrsdienst geführt",
        "startDate": "2026-07-04",
        "endDate": "2026-11-06",
        "nextStep": "Aktuelle Verkehrs- und Sperrinformationen beim Betreiber prüfen.",
        "unknowns": [
          "Genauer Verkehrsverlauf und tatsächliche Dauer vor Ort"
        ],
        "scale": "district",
        "geometryPrecision": "approximate",
        "sources": [
          {
            "url": "https://verkehr.autobahn.de/o/autobahn/A45/services/roadworks",
            "snapshotUrl": "https://verkehr.autobahn.de/o/autobahn/A45/services/roadworks",
            "title": "Autobahn A45 roadworks",
            "publisher": "Autobahn GmbH",
            "locator": "roadworks[identifier=2026-007701--vi-bs.2026-07-04_20-00-00-000.devi-zus.2026-06-02_20-00-00-000.de1]",
            "retrievedAt": "2026-09-26T16:53:35.186Z",
            "sha256": "bd4ec4c75ec1bbab229b03b5b86758578f46996b775d490817a289c82da17d4f",
            "snapshot": true,
            "licence": "unknown",
            "reuse": "unknown"
          }
        ],
        "extraction": {
          "method": "structured"
        },
        "reviewState": "candidate",
        "asOf": "2026-09-26T16:53:35.186Z"
      }
    },
    {
      "type": "Feature",
      "geometry": {
        "type": "LineString",
        "coordinates": [
          [
            7.408666037547604,
            51.466134159546975
          ],
          [
            7.4188117737840376,
            51.459940250355714
          ]
        ]
      },
      "properties": {
        "id": "autobahn:2026-007701--vi-bs.2026-07-04_20-00-00-000.devi-zus.2026-06-02_20-00-00-000.de3",
        "version": "1e5803c52b2526865b6ff7879fbd06264663a5dbca30982edccf313f9193766c",
        "cityId": "castrop-rauxel",
        "kind": "roadworks",
        "category": "Autobahn-Baustelle",
        "title": "A45 | Dortmund-Eichlinghofen - Johannes Erbstollen",
        "statement": "A45 | Dortmund-Eichlinghofen - Johannes Erbstollen: eine Baustelle ist im Autobahn-Verkehrsdienst verzeichnet. A45: Dortmund -> Hagen, zwischen 2.0 km hinter AS Dortmund-Eichlinghofen und 2.6 km vor Johannes Erbstollen Die Lage kann auch eine Pendelstrecke außerhalb des Stadtgebiets betreffen.",
        "status": "im Verkehrsdienst geführt",
        "startDate": "2026-07-04",
        "endDate": "2026-11-06",
        "nextStep": "Aktuelle Verkehrs- und Sperrinformationen beim Betreiber prüfen.",
        "unknowns": [
          "Genauer Verkehrsverlauf und tatsächliche Dauer vor Ort"
        ],
        "scale": "district",
        "geometryPrecision": "approximate",
        "sources": [
          {
            "url": "https://verkehr.autobahn.de/o/autobahn/A45/services/roadworks",
            "snapshotUrl": "https://verkehr.autobahn.de/o/autobahn/A45/services/roadworks",
            "title": "Autobahn A45 roadworks",
            "publisher": "Autobahn GmbH",
            "locator": "roadworks[identifier=2026-007701--vi-bs.2026-07-04_20-00-00-000.devi-zus.2026-06-02_20-00-00-000.de3]",
            "retrievedAt": "2026-09-26T16:53:35.186Z",
            "sha256": "bd4ec4c75ec1bbab229b03b5b86758578f46996b775d490817a289c82da17d4f",
            "snapshot": true,
            "licence": "unknown",
            "reuse": "unknown"
          }
        ],
        "extraction": {
          "method": "structured"
        },
        "reviewState": "candidate",
        "asOf": "2026-09-26T16:53:35.186Z"
      }
    },
    {
      "type": "Feature",
      "geometry": {
        "type": "LineString",
        "coordinates": [
          [
            7.237219411515785,
            51.59277314669977
          ],
          [
            7.218897718607456,
            51.5865845276437
          ]
        ]
      },
      "properties": {
        "id": "autobahn:2026-008846--vi-bs.2026-09-01_20-00-00-000.de0",
        "version": "1047935791115a53d045d463fbdbe10f5bc862f362a722920dc840f0fa7cc753",
        "cityId": "castrop-rauxel",
        "kind": "roadworks",
        "category": "Autobahn-Baustelle",
        "title": "A2 | Recklinghausen-Ost - Recklinghausen-Süd",
        "statement": "A2 | Recklinghausen-Ost - Recklinghausen-Süd: eine Baustelle ist im Autobahn-Verkehrsdienst verzeichnet. A2: Dortmund -> Oberhausen, zwischen 1.1 km hinter AS Recklinghausen-Ost und 0.5 km vor AS Recklinghausen-Süd Die Lage kann auch eine Pendelstrecke außerhalb des Stadtgebiets betreffen.",
        "status": "im Verkehrsdienst geführt",
        "startDate": "2026-09-09",
        "endDate": "2026-12-11",
        "nextStep": "Aktuelle Verkehrs- und Sperrinformationen beim Betreiber prüfen.",
        "unknowns": [
          "Genauer Verkehrsverlauf und tatsächliche Dauer vor Ort"
        ],
        "scale": "district",
        "geometryPrecision": "approximate",
        "sources": [
          {
            "url": "https://verkehr.autobahn.de/o/autobahn/A2/services/roadworks",
            "snapshotUrl": "https://verkehr.autobahn.de/o/autobahn/A2/services/roadworks",
            "title": "Autobahn A2 roadworks",
            "publisher": "Autobahn GmbH",
            "locator": "roadworks[identifier=2026-008846--vi-bs.2026-09-01_20-00-00-000.de0]",
            "retrievedAt": "2026-09-26T16:53:34.994Z",
            "sha256": "6c8b0058537db2c89c717a80019c32a6f9c56448e685ca8249a0664fe5a96712",
            "snapshot": true,
            "licence": "unknown",
            "reuse": "unknown"
          }
        ],
        "extraction": {
          "method": "structured"
        },
        "reviewState": "candidate",
        "asOf": "2026-09-26T16:53:34.994Z"
      }
    },
    {
      "type": "Feature",
      "geometry": {
        "type": "LineString",
        "coordinates": [
          [
            6.965961201934913,
            51.50738999830076
          ],
          [
            6.963112120833797,
            51.507660508276764
          ]
        ]
      },
      "properties": {
        "id": "autobahn:2026-016836--vi-bs.2026-04-13_09-00-00-000.devi-bs.2026-04-13_09-00-00-000_011.de1",
        "version": "371a721b70f3037503fae7036701131c1b648c8be25eaf70d9bab9f91ad5572e",
        "cityId": "castrop-rauxel",
        "kind": "roadworks",
        "category": "Autobahn-Baustelle",
        "title": "A42 | Essen-Nord - Bottrop-Süd",
        "statement": "A42 | Essen-Nord - Bottrop-Süd: eine Baustelle ist im Autobahn-Verkehrsdienst verzeichnet. A42: Dortmund -> Kamp-Lintfort, zwischen 2.3 km hinter AK Essen-Nord und 2.0 km vor AS Bottrop-Süd Die Lage kann auch eine Pendelstrecke außerhalb des Stadtgebiets betreffen.",
        "status": "im Verkehrsdienst geführt",
        "startDate": "2026-04-13",
        "endDate": "2026-10-30",
        "nextStep": "Aktuelle Verkehrs- und Sperrinformationen beim Betreiber prüfen.",
        "unknowns": [
          "Genauer Verkehrsverlauf und tatsächliche Dauer vor Ort"
        ],
        "scale": "district",
        "geometryPrecision": "approximate",
        "sources": [
          {
            "url": "https://verkehr.autobahn.de/o/autobahn/A42/services/roadworks",
            "snapshotUrl": "https://verkehr.autobahn.de/o/autobahn/A42/services/roadworks",
            "title": "Autobahn A42 roadworks",
            "publisher": "Autobahn GmbH",
            "locator": "roadworks[identifier=2026-016836--vi-bs.2026-04-13_09-00-00-000.devi-bs.2026-04-13_09-00-00-000_011.de1]",
            "retrievedAt": "2026-09-26T16:53:35.071Z",
            "sha256": "ebaba7bfc71be9413ef32b44996785d3c29d73509073f402d356f02f9006176d",
            "snapshot": true,
            "licence": "unknown",
            "reuse": "unknown"
          }
        ],
        "extraction": {
          "method": "structured"
        },
        "reviewState": "candidate",
        "asOf": "2026-09-26T16:53:35.071Z"
      }
    },
    {
      "type": "Feature",
      "geometry": {
        "type": "LineString",
        "coordinates": [
          [
            7.524695314787355,
            51.34367510636073
          ],
          [
            7.5244879988104545,
            51.3430927209103
          ]
        ]
      },
      "properties": {
        "id": "autobahn:2026-019464--vi-bs.2026-04-24_20-00-00-000.devi-zus.2026-04-24_09-00-00-000.de1",
        "version": "5d37dafaec3bd0f4862c17cb305dba68bf068aaccb7c758864dfe1e8f83dfb5e",
        "cityId": "castrop-rauxel",
        "kind": "roadworks",
        "category": "Autobahn-Baustelle",
        "title": "A45 | Hagen-Süd - Waterhövel",
        "statement": "A45 | Hagen-Süd - Waterhövel: eine Baustelle ist im Autobahn-Verkehrsdienst verzeichnet. A45: Hagen -> Gießen, zwischen 0.5 km hinter AS Hagen-Süd und 0.6 km vor Waterhövel Die Lage kann auch eine Pendelstrecke außerhalb des Stadtgebiets betreffen.",
        "status": "im Verkehrsdienst geführt",
        "startDate": "2026-04-24",
        "endDate": "2026-12-31",
        "nextStep": "Aktuelle Verkehrs- und Sperrinformationen beim Betreiber prüfen.",
        "unknowns": [
          "Genauer Verkehrsverlauf und tatsächliche Dauer vor Ort"
        ],
        "scale": "district",
        "geometryPrecision": "approximate",
        "sources": [
          {
            "url": "https://verkehr.autobahn.de/o/autobahn/A45/services/roadworks",
            "snapshotUrl": "https://verkehr.autobahn.de/o/autobahn/A45/services/roadworks",
            "title": "Autobahn A45 roadworks",
            "publisher": "Autobahn GmbH",
            "locator": "roadworks[identifier=2026-019464--vi-bs.2026-04-24_20-00-00-000.devi-zus.2026-04-24_09-00-00-000.de1]",
            "retrievedAt": "2026-09-26T16:53:35.186Z",
            "sha256": "bd4ec4c75ec1bbab229b03b5b86758578f46996b775d490817a289c82da17d4f",
            "snapshot": true,
            "licence": "unknown",
            "reuse": "unknown"
          }
        ],
        "extraction": {
          "method": "structured"
        },
        "reviewState": "candidate",
        "asOf": "2026-09-26T16:53:35.186Z"
      }
    },
    {
      "type": "Feature",
      "geometry": {
        "type": "LineString",
        "coordinates": [
          [
            7.377413125805599,
            51.58504236124308
          ],
          [
            7.359083262213619,
            51.58787522509456
          ]
        ]
      },
      "properties": {
        "id": "autobahn:2026-044922--vi-bs.2026-09-28_20-00-00-000.devi-zus.2026-09-28_20-00-00-000_002.de1",
        "version": "894edf047ee5b83a213d89a5d9b4202a317d43526d8869aadaff0af52e9fc42a",
        "cityId": "castrop-rauxel",
        "kind": "roadworks",
        "category": "Autobahn-Baustelle",
        "title": "A2 | Dortmund-Mengede - Ickern",
        "statement": "A2 | Dortmund-Mengede - Ickern: eine Baustelle ist im Autobahn-Verkehrsdienst verzeichnet. A2: Dortmund -> Oberhausen, zwischen 1.1 km hinter AS Dortmund-Mengede und 2.0 km vor Ickern Die Lage kann auch eine Pendelstrecke außerhalb des Stadtgebiets betreffen.",
        "status": "angekündigt",
        "startDate": "2026-09-28",
        "endDate": "2026-10-01",
        "nextStep": "Aktuelle Verkehrs- und Sperrinformationen beim Betreiber prüfen.",
        "unknowns": [
          "Genauer Verkehrsverlauf und tatsächliche Dauer vor Ort"
        ],
        "scale": "district",
        "geometryPrecision": "approximate",
        "sources": [
          {
            "url": "https://verkehr.autobahn.de/o/autobahn/A2/services/roadworks",
            "snapshotUrl": "https://verkehr.autobahn.de/o/autobahn/A2/services/roadworks",
            "title": "Autobahn A2 roadworks",
            "publisher": "Autobahn GmbH",
            "locator": "roadworks[identifier=2026-044922--vi-bs.2026-09-28_20-00-00-000.devi-zus.2026-09-28_20-00-00-000_002.de1]",
            "retrievedAt": "2026-09-26T16:53:34.994Z",
            "sha256": "6c8b0058537db2c89c717a80019c32a6f9c56448e685ca8249a0664fe5a96712",
            "snapshot": true,
            "licence": "unknown",
            "reuse": "unknown"
          }
        ],
        "extraction": {
          "method": "structured"
        },
        "reviewState": "candidate",
        "asOf": "2026-09-26T16:53:34.994Z"
      }
    },
    {
      "type": "Feature",
      "geometry": {
        "type": "LineString",
        "coordinates": [
          [
            7.358989075256228,
            51.587733804175485
          ],
          [
            7.377385270066215,
            51.58488806481484
          ]
        ]
      },
      "properties": {
        "id": "autobahn:2026-044922--vi-bs.2026-09-28_20-00-00-000.devi-zus.2026-09-28_20-00-00-000_002.de3",
        "version": "c6057c26afe510e8c858fdf79bc1f466fbf2d7bac33e66eecce51a365319f57b",
        "cityId": "castrop-rauxel",
        "kind": "roadworks",
        "category": "Autobahn-Baustelle",
        "title": "A2 | Ickern - Dortmund-Mengede",
        "statement": "A2 | Ickern - Dortmund-Mengede: eine Baustelle ist im Autobahn-Verkehrsdienst verzeichnet. A2: Oberhausen -> Dortmund, zwischen 2.0 km hinter Ickern und 1.1 km vor AS Dortmund-Mengede Die Lage kann auch eine Pendelstrecke außerhalb des Stadtgebiets betreffen.",
        "status": "angekündigt",
        "startDate": "2026-09-28",
        "endDate": "2026-10-01",
        "nextStep": "Aktuelle Verkehrs- und Sperrinformationen beim Betreiber prüfen.",
        "unknowns": [
          "Genauer Verkehrsverlauf und tatsächliche Dauer vor Ort"
        ],
        "scale": "district",
        "geometryPrecision": "approximate",
        "sources": [
          {
            "url": "https://verkehr.autobahn.de/o/autobahn/A2/services/roadworks",
            "snapshotUrl": "https://verkehr.autobahn.de/o/autobahn/A2/services/roadworks",
            "title": "Autobahn A2 roadworks",
            "publisher": "Autobahn GmbH",
            "locator": "roadworks[identifier=2026-044922--vi-bs.2026-09-28_20-00-00-000.devi-zus.2026-09-28_20-00-00-000_002.de3]",
            "retrievedAt": "2026-09-26T16:53:34.994Z",
            "sha256": "6c8b0058537db2c89c717a80019c32a6f9c56448e685ca8249a0664fe5a96712",
            "snapshot": true,
            "licence": "unknown",
            "reuse": "unknown"
          }
        ],
        "extraction": {
          "method": "structured"
        },
        "reviewState": "candidate",
        "asOf": "2026-09-26T16:53:34.994Z"
      }
    },
    {
      "type": "Feature",
      "geometry": {
        "type": "LineString",
        "coordinates": [
          [
            7.363725971461615,
            51.586389316526336
          ],
          [
            7.371006738361146,
            51.58523115304624
          ]
        ]
      },
      "properties": {
        "id": "autobahn:2026-044922--vi-bs.2026-09-28_20-00-00-000.devi-zus.2026-09-28_20-00-00-000_002.de5",
        "version": "c553b2e3440a3e646b3dcc202b61ec75446a4a1e157aaf8a58ee5b1e142cdd6d",
        "cityId": "castrop-rauxel",
        "kind": "roadworks",
        "category": "Autobahn-Baustelle",
        "title": "A2 - Brückenwartung - AkD 44922",
        "statement": "A2 - Brückenwartung - AkD 44922: eine Baustelle ist im Autobahn-Verkehrsdienst verzeichnet. Abfahrt von der A2: AK Dortmund-Nordwest (aus Richtung Ickern) Die Lage kann auch eine Pendelstrecke außerhalb des Stadtgebiets betreffen.",
        "status": "angekündigt",
        "startDate": "2026-09-28",
        "endDate": "2026-10-01",
        "nextStep": "Aktuelle Verkehrs- und Sperrinformationen beim Betreiber prüfen.",
        "unknowns": [
          "Genauer Verkehrsverlauf und tatsächliche Dauer vor Ort"
        ],
        "scale": "district",
        "geometryPrecision": "approximate",
        "sources": [
          {
            "url": "https://verkehr.autobahn.de/o/autobahn/A2/services/roadworks",
            "snapshotUrl": "https://verkehr.autobahn.de/o/autobahn/A2/services/roadworks",
            "title": "Autobahn A2 roadworks",
            "publisher": "Autobahn GmbH",
            "locator": "roadworks[identifier=2026-044922--vi-bs.2026-09-28_20-00-00-000.devi-zus.2026-09-28_20-00-00-000_002.de5]",
            "retrievedAt": "2026-09-26T16:53:34.994Z",
            "sha256": "6c8b0058537db2c89c717a80019c32a6f9c56448e685ca8249a0664fe5a96712",
            "snapshot": true,
            "licence": "unknown",
            "reuse": "unknown"
          }
        ],
        "extraction": {
          "method": "structured"
        },
        "reviewState": "candidate",
        "asOf": "2026-09-26T16:53:34.994Z"
      }
    },
    {
      "type": "Feature",
      "geometry": {
        "type": "LineString",
        "coordinates": [
          [
            7.371109824066258,
            51.58557780304413
          ],
          [
            7.363890798856533,
            51.586724403228466
          ]
        ]
      },
      "properties": {
        "id": "autobahn:2026-044922--vi-bs.2026-09-28_20-00-00-000.devi-zus.2026-09-28_20-00-00-000_002.de7",
        "version": "f3234995a121f9f67f544c14ff12f9890b9d0db7076be3f8fd7349df8584afe6",
        "cityId": "castrop-rauxel",
        "kind": "roadworks",
        "category": "Autobahn-Baustelle",
        "title": "A2 - Brückenwartung - AkD 44922",
        "statement": "A2 - Brückenwartung - AkD 44922: eine Baustelle ist im Autobahn-Verkehrsdienst verzeichnet. Die Lage kann auch eine Pendelstrecke außerhalb des Stadtgebiets betreffen.",
        "status": "angekündigt",
        "startDate": "2026-09-28",
        "endDate": "2026-10-01",
        "nextStep": "Aktuelle Verkehrs- und Sperrinformationen beim Betreiber prüfen.",
        "unknowns": [
          "Genauer Verkehrsverlauf und tatsächliche Dauer vor Ort"
        ],
        "scale": "district",
        "geometryPrecision": "approximate",
        "sources": [
          {
            "url": "https://verkehr.autobahn.de/o/autobahn/A2/services/roadworks",
            "snapshotUrl": "https://verkehr.autobahn.de/o/autobahn/A2/services/roadworks",
            "title": "Autobahn A2 roadworks",
            "publisher": "Autobahn GmbH",
            "locator": "roadworks[identifier=2026-044922--vi-bs.2026-09-28_20-00-00-000.devi-zus.2026-09-28_20-00-00-000_002.de7]",
            "retrievedAt": "2026-09-26T16:53:34.994Z",
            "sha256": "6c8b0058537db2c89c717a80019c32a6f9c56448e685ca8249a0664fe5a96712",
            "snapshot": true,
            "licence": "unknown",
            "reuse": "unknown"
          }
        ],
        "extraction": {
          "method": "structured"
        },
        "reviewState": "candidate",
        "asOf": "2026-09-26T16:53:34.994Z"
      }
    },
    {
      "type": "Feature",
      "geometry": {
        "type": "LineString",
        "coordinates": [
          [
            7.4320712872696175,
            51.44540034956192
          ],
          [
            7.461303128725581,
            51.44147387520338
          ]
        ]
      },
      "properties": {
        "id": "autobahn:2026-047146--vi-fbm.2026-10-05_18-00-00-000.devi-zus.2026-10-05_18-00-00-000.de1",
        "version": "4073e0493f1a76ca23cca3718eabf52b563a717a8f022374af0a0d64f2c6357d",
        "cityId": "castrop-rauxel",
        "kind": "roadworks",
        "category": "Autobahn-Baustelle",
        "title": "A45 | Dortmund/Witten - Dortmund-Süd",
        "statement": "A45 | Dortmund/Witten - Dortmund-Süd: eine Baustelle ist im Autobahn-Verkehrsdienst verzeichnet. 05.10.26 von 18:00 bis 19:00 Uhr Die Lage kann auch eine Pendelstrecke außerhalb des Stadtgebiets betreffen.",
        "status": "angekündigt; 05.10.26 von 18:00 bis 19:00 Uhr",
        "startDate": "2026-10-05",
        "endDate": "2026-10-05",
        "nextStep": "Aktuelle Verkehrs- und Sperrinformationen beim Betreiber prüfen.",
        "unknowns": [
          "Genauer Verkehrsverlauf und tatsächliche Dauer vor Ort"
        ],
        "scale": "district",
        "geometryPrecision": "approximate",
        "sources": [
          {
            "url": "https://verkehr.autobahn.de/o/autobahn/A45/services/roadworks",
            "snapshotUrl": "https://verkehr.autobahn.de/o/autobahn/A45/services/roadworks",
            "title": "Autobahn A45 roadworks",
            "publisher": "Autobahn GmbH",
            "locator": "roadworks[identifier=2026-047146--vi-fbm.2026-10-05_18-00-00-000.devi-zus.2026-10-05_18-00-00-000.de1]",
            "retrievedAt": "2026-09-26T16:53:35.186Z",
            "sha256": "bd4ec4c75ec1bbab229b03b5b86758578f46996b775d490817a289c82da17d4f",
            "snapshot": true,
            "licence": "unknown",
            "reuse": "unknown"
          }
        ],
        "extraction": {
          "method": "structured"
        },
        "reviewState": "candidate",
        "asOf": "2026-09-26T16:53:35.186Z"
      }
    },
    {
      "type": "Feature",
      "geometry": {
        "type": "LineString",
        "coordinates": [
          [
            7.4320712872696175,
            51.44540034956192
          ],
          [
            7.461303128725581,
            51.44147387520338
          ]
        ]
      },
      "properties": {
        "id": "autobahn:2026-047146--vi-fbm.2026-10-05_19-00-00-000.devi-zus.2026-10-05_18-00-00-000.de3",
        "version": "91af3a7c1c91e8aab5a3730f7eef0030c6233303e566a408dea4c81a86534c9c",
        "cityId": "castrop-rauxel",
        "kind": "roadworks",
        "category": "Autobahn-Baustelle",
        "title": "A45 | Dortmund/Witten - Dortmund-Süd",
        "statement": "A45 | Dortmund/Witten - Dortmund-Süd: eine Baustelle ist im Autobahn-Verkehrsdienst verzeichnet. A45: Dortmund -> Hagen, zwischen 2.5 km hinter AK Dortmund/Witten und 1.7 km vor AS Dortmund-Süd Die Lage kann auch eine Pendelstrecke außerhalb des Stadtgebiets betreffen.",
        "status": "angekündigt",
        "startDate": "2026-10-05",
        "endDate": "2026-10-06",
        "nextStep": "Aktuelle Verkehrs- und Sperrinformationen beim Betreiber prüfen.",
        "unknowns": [
          "Genauer Verkehrsverlauf und tatsächliche Dauer vor Ort"
        ],
        "scale": "district",
        "geometryPrecision": "approximate",
        "sources": [
          {
            "url": "https://verkehr.autobahn.de/o/autobahn/A45/services/roadworks",
            "snapshotUrl": "https://verkehr.autobahn.de/o/autobahn/A45/services/roadworks",
            "title": "Autobahn A45 roadworks",
            "publisher": "Autobahn GmbH",
            "locator": "roadworks[identifier=2026-047146--vi-fbm.2026-10-05_19-00-00-000.devi-zus.2026-10-05_18-00-00-000.de3]",
            "retrievedAt": "2026-09-26T16:53:35.186Z",
            "sha256": "bd4ec4c75ec1bbab229b03b5b86758578f46996b775d490817a289c82da17d4f",
            "snapshot": true,
            "licence": "unknown",
            "reuse": "unknown"
          }
        ],
        "extraction": {
          "method": "structured"
        },
        "reviewState": "candidate",
        "asOf": "2026-09-26T16:53:35.186Z"
      }
    },
    {
      "type": "Feature",
      "geometry": {
        "type": "LineString",
        "coordinates": [
          [
            7.4320712872696175,
            51.44540034956192
          ],
          [
            7.461303128725581,
            51.44147387520338
          ]
        ]
      },
      "properties": {
        "id": "autobahn:2026-047146--vi-fbm.2026-10-05_19-00-00-000.devi-zus.2026-10-05_18-00-00-000.de5",
        "version": "a0606fcc6ddbe4dfb966f75acd50b346dfac186aa6a73117abbc4a9a5f3beee2",
        "cityId": "castrop-rauxel",
        "kind": "roadworks",
        "category": "Autobahn-Baustelle",
        "title": "A45 | Dortmund/Witten - Dortmund-Süd",
        "statement": "A45 | Dortmund/Witten - Dortmund-Süd: eine Baustelle ist im Autobahn-Verkehrsdienst verzeichnet. A45: Dortmund -> Hagen, zwischen 2.5 km hinter AK Dortmund/Witten und 1.7 km vor AS Dortmund-Süd Die Lage kann auch eine Pendelstrecke außerhalb des Stadtgebiets betreffen.",
        "status": "angekündigt",
        "startDate": "2026-10-05",
        "endDate": "2026-10-06",
        "nextStep": "Aktuelle Verkehrs- und Sperrinformationen beim Betreiber prüfen.",
        "unknowns": [
          "Genauer Verkehrsverlauf und tatsächliche Dauer vor Ort"
        ],
        "scale": "district",
        "geometryPrecision": "approximate",
        "sources": [
          {
            "url": "https://verkehr.autobahn.de/o/autobahn/A45/services/roadworks",
            "snapshotUrl": "https://verkehr.autobahn.de/o/autobahn/A45/services/roadworks",
            "title": "Autobahn A45 roadworks",
            "publisher": "Autobahn GmbH",
            "locator": "roadworks[identifier=2026-047146--vi-fbm.2026-10-05_19-00-00-000.devi-zus.2026-10-05_18-00-00-000.de5]",
            "retrievedAt": "2026-09-26T16:53:35.186Z",
            "sha256": "bd4ec4c75ec1bbab229b03b5b86758578f46996b775d490817a289c82da17d4f",
            "snapshot": true,
            "licence": "unknown",
            "reuse": "unknown"
          }
        ],
        "extraction": {
          "method": "structured"
        },
        "reviewState": "candidate",
        "asOf": "2026-09-26T16:53:35.186Z"
      }
    },
    {
      "type": "Feature",
      "geometry": {
        "type": "LineString",
        "coordinates": [
          [
            7.491194386002567,
            51.44345460493352
          ],
          [
            7.451968033170045,
            51.44171715653716
          ]
        ]
      },
      "properties": {
        "id": "autobahn:2026-047148--vi-fbm.2026-10-06_18-00-00-000.devi-fbm.2026-10-06_18-00-00-000.de1",
        "version": "6b2ca348dd48b9759384e5053980c3ff6848f823bdfc41e26247ad0d081ce7b2",
        "cityId": "castrop-rauxel",
        "kind": "roadworks",
        "category": "Autobahn-Baustelle",
        "title": "A45 | Westhofener Kreuz - Flöz Mausegatt",
        "statement": "A45 | Westhofener Kreuz - Flöz Mausegatt: eine Baustelle ist im Autobahn-Verkehrsdienst verzeichnet. 06.10.26 von 18:00 bis 19:00 Uhr Die Lage kann auch eine Pendelstrecke außerhalb des Stadtgebiets betreffen.",
        "status": "angekündigt; 06.10.26 von 18:00 bis 19:00 Uhr",
        "startDate": "2026-10-06",
        "endDate": "2026-10-06",
        "nextStep": "Aktuelle Verkehrs- und Sperrinformationen beim Betreiber prüfen.",
        "unknowns": [
          "Genauer Verkehrsverlauf und tatsächliche Dauer vor Ort"
        ],
        "scale": "district",
        "geometryPrecision": "approximate",
        "sources": [
          {
            "url": "https://verkehr.autobahn.de/o/autobahn/A45/services/roadworks",
            "snapshotUrl": "https://verkehr.autobahn.de/o/autobahn/A45/services/roadworks",
            "title": "Autobahn A45 roadworks",
            "publisher": "Autobahn GmbH",
            "locator": "roadworks[identifier=2026-047148--vi-fbm.2026-10-06_18-00-00-000.devi-fbm.2026-10-06_18-00-00-000.de1]",
            "retrievedAt": "2026-09-26T16:53:35.186Z",
            "sha256": "bd4ec4c75ec1bbab229b03b5b86758578f46996b775d490817a289c82da17d4f",
            "snapshot": true,
            "licence": "unknown",
            "reuse": "unknown"
          }
        ],
        "extraction": {
          "method": "structured"
        },
        "reviewState": "candidate",
        "asOf": "2026-09-26T16:53:35.186Z"
      }
    },
    {
      "type": "Feature",
      "geometry": {
        "type": "LineString",
        "coordinates": [
          [
            7.491194386002567,
            51.44345460493352
          ],
          [
            7.451968033170045,
            51.44171715653716
          ]
        ]
      },
      "properties": {
        "id": "autobahn:2026-047148--vi-fbm.2026-10-06_19-00-00-000.devi-fbm.2026-10-06_18-00-00-000.de3",
        "version": "07074a638a32b03806cba0c90e15a49c9544a2cc70fe43125a0958e758600ad1",
        "cityId": "castrop-rauxel",
        "kind": "roadworks",
        "category": "Autobahn-Baustelle",
        "title": "A45 | Westhofener Kreuz - Flöz Mausegatt",
        "statement": "A45 | Westhofener Kreuz - Flöz Mausegatt: eine Baustelle ist im Autobahn-Verkehrsdienst verzeichnet. A45: Hagen -> Dortmund, zwischen 3.2 km hinter AK Westhofener Kreuz und 0.7 km vor Flöz Mausegatt Die Lage kann auch eine Pendelstrecke außerhalb des Stadtgebiets betreffen.",
        "status": "angekündigt",
        "startDate": "2026-10-06",
        "endDate": "2026-10-07",
        "nextStep": "Aktuelle Verkehrs- und Sperrinformationen beim Betreiber prüfen.",
        "unknowns": [
          "Genauer Verkehrsverlauf und tatsächliche Dauer vor Ort"
        ],
        "scale": "district",
        "geometryPrecision": "approximate",
        "sources": [
          {
            "url": "https://verkehr.autobahn.de/o/autobahn/A45/services/roadworks",
            "snapshotUrl": "https://verkehr.autobahn.de/o/autobahn/A45/services/roadworks",
            "title": "Autobahn A45 roadworks",
            "publisher": "Autobahn GmbH",
            "locator": "roadworks[identifier=2026-047148--vi-fbm.2026-10-06_19-00-00-000.devi-fbm.2026-10-06_18-00-00-000.de3]",
            "retrievedAt": "2026-09-26T16:53:35.186Z",
            "sha256": "bd4ec4c75ec1bbab229b03b5b86758578f46996b775d490817a289c82da17d4f",
            "snapshot": true,
            "licence": "unknown",
            "reuse": "unknown"
          }
        ],
        "extraction": {
          "method": "structured"
        },
        "reviewState": "candidate",
        "asOf": "2026-09-26T16:53:35.186Z"
      }
    },
    {
      "type": "Feature",
      "geometry": {
        "type": "LineString",
        "coordinates": [
          [
            7.491194386002567,
            51.44345460493352
          ],
          [
            7.451968033170045,
            51.44171715653716
          ]
        ]
      },
      "properties": {
        "id": "autobahn:2026-047148--vi-fbm.2026-10-06_19-00-00-000.devi-fbm.2026-10-06_18-00-00-000.de5",
        "version": "2f755cb1d72a594a4f576006ceabb44e7e5bfa40245edf91114d1ac2b5bd9a86",
        "cityId": "castrop-rauxel",
        "kind": "roadworks",
        "category": "Autobahn-Baustelle",
        "title": "A45 | Westhofener Kreuz - Flöz Mausegatt",
        "statement": "A45 | Westhofener Kreuz - Flöz Mausegatt: eine Baustelle ist im Autobahn-Verkehrsdienst verzeichnet. A45: Hagen -> Dortmund, zwischen 3.2 km hinter AK Westhofener Kreuz und 0.7 km vor Flöz Mausegatt Die Lage kann auch eine Pendelstrecke außerhalb des Stadtgebiets betreffen.",
        "status": "angekündigt",
        "startDate": "2026-10-06",
        "endDate": "2026-10-07",
        "nextStep": "Aktuelle Verkehrs- und Sperrinformationen beim Betreiber prüfen.",
        "unknowns": [
          "Genauer Verkehrsverlauf und tatsächliche Dauer vor Ort"
        ],
        "scale": "district",
        "geometryPrecision": "approximate",
        "sources": [
          {
            "url": "https://verkehr.autobahn.de/o/autobahn/A45/services/roadworks",
            "snapshotUrl": "https://verkehr.autobahn.de/o/autobahn/A45/services/roadworks",
            "title": "Autobahn A45 roadworks",
            "publisher": "Autobahn GmbH",
            "locator": "roadworks[identifier=2026-047148--vi-fbm.2026-10-06_19-00-00-000.devi-fbm.2026-10-06_18-00-00-000.de5]",
            "retrievedAt": "2026-09-26T16:53:35.186Z",
            "sha256": "bd4ec4c75ec1bbab229b03b5b86758578f46996b775d490817a289c82da17d4f",
            "snapshot": true,
            "licence": "unknown",
            "reuse": "unknown"
          }
        ],
        "extraction": {
          "method": "structured"
        },
        "reviewState": "candidate",
        "asOf": "2026-09-26T16:53:35.186Z"
      }
    },
    {
      "type": "Feature",
      "geometry": {
        "type": "LineString",
        "coordinates": [
          [
            7.656622963806744,
            51.60004982606589
          ],
          [
            7.652444011711771,
            51.59934150021724
          ]
        ]
      },
      "properties": {
        "id": "autobahn:2026-047359--vi-bs.2026-10-07_08-00-00-000_004.de0",
        "version": "202d9a0618a6c4a73a394b3bda85282e040b4bd5485c3bd0e4cab2ea52b51d77",
        "cityId": "castrop-rauxel",
        "kind": "roadworks",
        "category": "Autobahn-Baustelle",
        "title": "A2 | Kamener Kreuz - Kamen/Bergkamen",
        "statement": "A2 | Kamener Kreuz - Kamen/Bergkamen: eine Baustelle ist im Autobahn-Verkehrsdienst verzeichnet. 07.10.26 von 08:00 bis 18:00 Uhr Die Lage kann auch eine Pendelstrecke außerhalb des Stadtgebiets betreffen.",
        "status": "angekündigt; 07.10.26 von 08:00 bis 18:00 Uhr",
        "startDate": "2026-10-07",
        "endDate": "2026-10-09",
        "nextStep": "Aktuelle Verkehrs- und Sperrinformationen beim Betreiber prüfen.",
        "unknowns": [
          "Genauer Verkehrsverlauf und tatsächliche Dauer vor Ort"
        ],
        "scale": "district",
        "geometryPrecision": "approximate",
        "sources": [
          {
            "url": "https://verkehr.autobahn.de/o/autobahn/A2/services/roadworks",
            "snapshotUrl": "https://verkehr.autobahn.de/o/autobahn/A2/services/roadworks",
            "title": "Autobahn A2 roadworks",
            "publisher": "Autobahn GmbH",
            "locator": "roadworks[identifier=2026-047359--vi-bs.2026-10-07_08-00-00-000_004.de0]",
            "retrievedAt": "2026-09-26T16:53:34.994Z",
            "sha256": "6c8b0058537db2c89c717a80019c32a6f9c56448e685ca8249a0664fe5a96712",
            "snapshot": true,
            "licence": "unknown",
            "reuse": "unknown"
          }
        ],
        "extraction": {
          "method": "structured"
        },
        "reviewState": "candidate",
        "asOf": "2026-09-26T16:53:34.994Z"
      }
    },
    {
      "type": "Feature",
      "geometry": {
        "type": "LineString",
        "coordinates": [
          [
            7.087540558025659,
            51.56835353699952
          ],
          [
            7.080215572227377,
            51.56602768374201
          ]
        ]
      },
      "properties": {
        "id": "autobahn:2026-047604--vi-bs.2026-09-21_09-00-00-000.devi-zus.2026-09-21_09-00-00-000_007.de1",
        "version": "a63f63b6c3003fa41649df21d023f51abe1f17693269423462d770f8162eb26a",
        "cityId": "castrop-rauxel",
        "kind": "roadworks",
        "category": "Autobahn-Baustelle",
        "title": "A2 | Resser Mark - Gelsenkirchen-Buer",
        "statement": "A2 | Resser Mark - Gelsenkirchen-Buer: eine Baustelle ist im Autobahn-Verkehrsdienst verzeichnet. 28.09.26 von 09:00 bis 14:30 Uhr Die Lage kann auch eine Pendelstrecke außerhalb des Stadtgebiets betreffen.",
        "status": "im Verkehrsdienst geführt; 28.09.26 von 09:00 bis 14:30 Uhr",
        "startDate": "2026-09-28",
        "endDate": "2026-09-30",
        "nextStep": "Aktuelle Verkehrs- und Sperrinformationen beim Betreiber prüfen.",
        "unknowns": [
          "Genauer Verkehrsverlauf und tatsächliche Dauer vor Ort"
        ],
        "scale": "district",
        "geometryPrecision": "approximate",
        "sources": [
          {
            "url": "https://verkehr.autobahn.de/o/autobahn/A2/services/roadworks",
            "snapshotUrl": "https://verkehr.autobahn.de/o/autobahn/A2/services/roadworks",
            "title": "Autobahn A2 roadworks",
            "publisher": "Autobahn GmbH",
            "locator": "roadworks[identifier=2026-047604--vi-bs.2026-09-21_09-00-00-000.devi-zus.2026-09-21_09-00-00-000_007.de1]",
            "retrievedAt": "2026-09-26T16:53:34.994Z",
            "sha256": "6c8b0058537db2c89c717a80019c32a6f9c56448e685ca8249a0664fe5a96712",
            "snapshot": true,
            "licence": "unknown",
            "reuse": "unknown"
          }
        ],
        "extraction": {
          "method": "structured"
        },
        "reviewState": "candidate",
        "asOf": "2026-09-26T16:53:34.994Z"
      }
    },
    {
      "type": "Feature",
      "geometry": {
        "type": "LineString",
        "coordinates": [
          [
            7.080320086032523,
            51.565899711629825
          ],
          [
            7.087639042355072,
            51.56823232746743
          ]
        ]
      },
      "properties": {
        "id": "autobahn:2026-047604--vi-bs.2026-09-21_09-00-00-000.devi-zus.2026-09-21_09-00-00-000_007.de3",
        "version": "a600f4369c875da8b2a82eb0dff63022b598150924b181433d4f8f26252d43ed",
        "cityId": "castrop-rauxel",
        "kind": "roadworks",
        "category": "Autobahn-Baustelle",
        "title": "A2 | Gelsenkirchen-Buer - Resser Mark",
        "statement": "A2 | Gelsenkirchen-Buer - Resser Mark: eine Baustelle ist im Autobahn-Verkehrsdienst verzeichnet. 28.09.26 von 09:00 bis 14:30 Uhr Die Lage kann auch eine Pendelstrecke außerhalb des Stadtgebiets betreffen.",
        "status": "im Verkehrsdienst geführt; 28.09.26 von 09:00 bis 14:30 Uhr",
        "startDate": "2026-09-28",
        "endDate": "2026-09-30",
        "nextStep": "Aktuelle Verkehrs- und Sperrinformationen beim Betreiber prüfen.",
        "unknowns": [
          "Genauer Verkehrsverlauf und tatsächliche Dauer vor Ort"
        ],
        "scale": "district",
        "geometryPrecision": "approximate",
        "sources": [
          {
            "url": "https://verkehr.autobahn.de/o/autobahn/A2/services/roadworks",
            "snapshotUrl": "https://verkehr.autobahn.de/o/autobahn/A2/services/roadworks",
            "title": "Autobahn A2 roadworks",
            "publisher": "Autobahn GmbH",
            "locator": "roadworks[identifier=2026-047604--vi-bs.2026-09-21_09-00-00-000.devi-zus.2026-09-21_09-00-00-000_007.de3]",
            "retrievedAt": "2026-09-26T16:53:34.994Z",
            "sha256": "6c8b0058537db2c89c717a80019c32a6f9c56448e685ca8249a0664fe5a96712",
            "snapshot": true,
            "licence": "unknown",
            "reuse": "unknown"
          }
        ],
        "extraction": {
          "method": "structured"
        },
        "reviewState": "candidate",
        "asOf": "2026-09-26T16:53:34.994Z"
      }
    },
    {
      "type": "Feature",
      "geometry": {
        "type": "LineString",
        "coordinates": [
          [
            7.554353722516566,
            51.30396547834192
          ],
          [
            7.557910008955021,
            51.29091387956297
          ]
        ]
      },
      "properties": {
        "id": "autobahn:2026-048249--vi-bs.2026-09-28_20-00-00-000.devi-zus.2026-09-28_20-00-00-000_007.de1",
        "version": "0aff8ccc3e03b92f581a790d67addfc43ed82fe90380328540615c0dae532d40",
        "cityId": "castrop-rauxel",
        "kind": "roadworks",
        "category": "Autobahn-Baustelle",
        "title": "A45 | Brunsbecke - Rölveder Mühle",
        "statement": "A45 | Brunsbecke - Rölveder Mühle: eine Baustelle ist im Autobahn-Verkehrsdienst verzeichnet. A45: Hagen -> Gießen, zwischen 2.6 km hinter Brunsbecke und 0.8 km vor Rölveder Mühle Die Lage kann auch eine Pendelstrecke außerhalb des Stadtgebiets betreffen.",
        "status": "angekündigt",
        "startDate": "2026-09-28",
        "endDate": "2026-09-29",
        "nextStep": "Aktuelle Verkehrs- und Sperrinformationen beim Betreiber prüfen.",
        "unknowns": [
          "Genauer Verkehrsverlauf und tatsächliche Dauer vor Ort"
        ],
        "scale": "district",
        "geometryPrecision": "approximate",
        "sources": [
          {
            "url": "https://verkehr.autobahn.de/o/autobahn/A45/services/roadworks",
            "snapshotUrl": "https://verkehr.autobahn.de/o/autobahn/A45/services/roadworks",
            "title": "Autobahn A45 roadworks",
            "publisher": "Autobahn GmbH",
            "locator": "roadworks[identifier=2026-048249--vi-bs.2026-09-28_20-00-00-000.devi-zus.2026-09-28_20-00-00-000_007.de1]",
            "retrievedAt": "2026-09-26T16:53:35.186Z",
            "sha256": "bd4ec4c75ec1bbab229b03b5b86758578f46996b775d490817a289c82da17d4f",
            "snapshot": true,
            "licence": "unknown",
            "reuse": "unknown"
          }
        ],
        "extraction": {
          "method": "structured"
        },
        "reviewState": "candidate",
        "asOf": "2026-09-26T16:53:35.186Z"
      }
    },
    {
      "type": "Feature",
      "geometry": {
        "type": "LineString",
        "coordinates": [
          [
            7.288593603114454,
            51.60002300515979
          ],
          [
            7.2490643554850855,
            51.595472809374826
          ]
        ]
      },
      "properties": {
        "id": "autobahn:2026-048675--vi-bs.2026-09-28_20-00-00-000.devi-zus.2026-09-28_20-00-00-000_008.de1",
        "version": "2adde4aa10ccc8832f62e1f1f33423715ca60d8bd0a95bbd3ff85972912282c5",
        "cityId": "castrop-rauxel",
        "kind": "roadworks",
        "category": "Autobahn-Baustelle",
        "title": "A2 | Henrichenburg - Recklinghausen-Süd",
        "statement": "A2 | Henrichenburg - Recklinghausen-Süd: eine Baustelle ist im Autobahn-Verkehrsdienst verzeichnet. A2: Dortmund -> Oberhausen, zwischen 1.9 km hinter AS Henrichenburg und 2.8 km vor AS Recklinghausen-Süd Die Lage kann auch eine Pendelstrecke außerhalb des Stadtgebiets betreffen.",
        "status": "angekündigt",
        "startDate": "2026-09-28",
        "endDate": "2026-09-29",
        "nextStep": "Aktuelle Verkehrs- und Sperrinformationen beim Betreiber prüfen.",
        "unknowns": [
          "Genauer Verkehrsverlauf und tatsächliche Dauer vor Ort"
        ],
        "scale": "district",
        "geometryPrecision": "approximate",
        "sources": [
          {
            "url": "https://verkehr.autobahn.de/o/autobahn/A2/services/roadworks",
            "snapshotUrl": "https://verkehr.autobahn.de/o/autobahn/A2/services/roadworks",
            "title": "Autobahn A2 roadworks",
            "publisher": "Autobahn GmbH",
            "locator": "roadworks[identifier=2026-048675--vi-bs.2026-09-28_20-00-00-000.devi-zus.2026-09-28_20-00-00-000_008.de1]",
            "retrievedAt": "2026-09-26T16:53:34.994Z",
            "sha256": "6c8b0058537db2c89c717a80019c32a6f9c56448e685ca8249a0664fe5a96712",
            "snapshot": true,
            "licence": "unknown",
            "reuse": "unknown"
          }
        ],
        "extraction": {
          "method": "structured"
        },
        "reviewState": "candidate",
        "asOf": "2026-09-26T16:53:34.994Z"
      }
    },
    {
      "type": "Feature",
      "geometry": {
        "type": "LineString",
        "coordinates": [
          [
            7.254945799580324,
            51.59626483554124
          ],
          [
            7.252460967027755,
            51.59618815301571
          ]
        ]
      },
      "properties": {
        "id": "autobahn:2026-048675--vi-fbm.2026-09-28_20-00-00-000.devi-zus.2026-09-28_20-00-00-000_008.de3",
        "version": "866c84d418aeb8b28524df9c90ffe689f123596711692c1ef204ff1e7c5c43d5",
        "cityId": "castrop-rauxel",
        "kind": "roadworks",
        "category": "Sperrung",
        "title": "A2 - Fahrbahninstandsetzung - AkD 48675",
        "statement": "A2 - Fahrbahninstandsetzung - AkD 48675: eine Sperrung ist im Autobahn-Verkehrsdienst verzeichnet. Abfahrt von der A2: AS Recklinghausen-Ost (aus Richtung Henrichenburg) Die Lage kann auch eine Pendelstrecke außerhalb des Stadtgebiets betreffen.",
        "status": "angekündigt",
        "startDate": "2026-09-28",
        "endDate": "2026-09-29",
        "nextStep": "Aktuelle Verkehrs- und Sperrinformationen beim Betreiber prüfen.",
        "unknowns": [
          "Genauer Verkehrsverlauf und tatsächliche Dauer vor Ort"
        ],
        "scale": "district",
        "geometryPrecision": "approximate",
        "sources": [
          {
            "url": "https://verkehr.autobahn.de/o/autobahn/A2/services/closure",
            "snapshotUrl": "https://verkehr.autobahn.de/o/autobahn/A2/services/closure",
            "title": "Autobahn A2 closure",
            "publisher": "Autobahn GmbH",
            "locator": "closure[identifier=2026-048675--vi-fbm.2026-09-28_20-00-00-000.devi-zus.2026-09-28_20-00-00-000_008.de3]",
            "retrievedAt": "2026-09-26T16:53:35.030Z",
            "sha256": "e0fc2b853e0f9d9d12ae4928faca5062e3d11c3004900d212bb1b58ef369db2b",
            "snapshot": true,
            "licence": "unknown",
            "reuse": "unknown"
          }
        ],
        "extraction": {
          "method": "structured"
        },
        "reviewState": "candidate",
        "asOf": "2026-09-26T16:53:35.030Z"
      }
    },
    {
      "type": "Feature",
      "geometry": {
        "type": "LineString",
        "coordinates": [
          [
            7.517407322720356,
            51.369651204564256
          ],
          [
            7.516635829480595,
            51.36889834532684
          ]
        ]
      },
      "properties": {
        "id": "autobahn:2026-048939--vi-bs.2026-09-28_20-00-00-000_008.de0",
        "version": "ff7e0de079d3f89f60bbc44699e0b9a11557ff3ebe4f5d0121c133c29a0e3889",
        "cityId": "castrop-rauxel",
        "kind": "roadworks",
        "category": "Autobahn-Baustelle",
        "title": "A45 | Lennetalbrücke - Hagen",
        "statement": "A45 | Lennetalbrücke - Hagen: eine Baustelle ist im Autobahn-Verkehrsdienst verzeichnet. A45: Dortmund -> Hagen, zwischen 1.6 km hinter Lennetalbrücke und AK Hagen Die Lage kann auch eine Pendelstrecke außerhalb des Stadtgebiets betreffen.",
        "status": "angekündigt",
        "startDate": "2026-09-28",
        "endDate": "2026-09-30",
        "nextStep": "Aktuelle Verkehrs- und Sperrinformationen beim Betreiber prüfen.",
        "unknowns": [
          "Genauer Verkehrsverlauf und tatsächliche Dauer vor Ort"
        ],
        "scale": "district",
        "geometryPrecision": "approximate",
        "sources": [
          {
            "url": "https://verkehr.autobahn.de/o/autobahn/A45/services/roadworks",
            "snapshotUrl": "https://verkehr.autobahn.de/o/autobahn/A45/services/roadworks",
            "title": "Autobahn A45 roadworks",
            "publisher": "Autobahn GmbH",
            "locator": "roadworks[identifier=2026-048939--vi-bs.2026-09-28_20-00-00-000_008.de0]",
            "retrievedAt": "2026-09-26T16:53:35.186Z",
            "sha256": "bd4ec4c75ec1bbab229b03b5b86758578f46996b775d490817a289c82da17d4f",
            "snapshot": true,
            "licence": "unknown",
            "reuse": "unknown"
          }
        ],
        "extraction": {
          "method": "structured"
        },
        "reviewState": "candidate",
        "asOf": "2026-09-26T16:53:35.186Z"
      }
    },
    {
      "type": "Feature",
      "geometry": {
        "type": "LineString",
        "coordinates": [
          [
            7.516160786846955,
            51.36807824258269
          ],
          [
            7.516844920611683,
            51.368861753487394
          ]
        ]
      },
      "properties": {
        "id": "autobahn:2026-048947--vi-bs.2026-09-28_20-00-00-000_010.de0",
        "version": "4715c1a6614d5f94d843e698a38e61be07c6f9b1eb322c53d6b4f3e9ce6c6b22",
        "cityId": "castrop-rauxel",
        "kind": "roadworks",
        "category": "Autobahn-Baustelle",
        "title": "A45 | Hagen-Süd - Lennetalbrücke",
        "statement": "A45 | Hagen-Süd - Lennetalbrücke: eine Baustelle ist im Autobahn-Verkehrsdienst verzeichnet. A45: Gießen -> Dortmund, zwischen 2.5 km hinter AS Hagen-Süd und 1.7 km vor Lennetalbrücke Die Lage kann auch eine Pendelstrecke außerhalb des Stadtgebiets betreffen.",
        "status": "angekündigt",
        "startDate": "2026-09-28",
        "endDate": "2026-09-30",
        "nextStep": "Aktuelle Verkehrs- und Sperrinformationen beim Betreiber prüfen.",
        "unknowns": [
          "Genauer Verkehrsverlauf und tatsächliche Dauer vor Ort"
        ],
        "scale": "district",
        "geometryPrecision": "approximate",
        "sources": [
          {
            "url": "https://verkehr.autobahn.de/o/autobahn/A45/services/roadworks",
            "snapshotUrl": "https://verkehr.autobahn.de/o/autobahn/A45/services/roadworks",
            "title": "Autobahn A45 roadworks",
            "publisher": "Autobahn GmbH",
            "locator": "roadworks[identifier=2026-048947--vi-bs.2026-09-28_20-00-00-000_010.de0]",
            "retrievedAt": "2026-09-26T16:53:35.186Z",
            "sha256": "bd4ec4c75ec1bbab229b03b5b86758578f46996b775d490817a289c82da17d4f",
            "snapshot": true,
            "licence": "unknown",
            "reuse": "unknown"
          }
        ],
        "extraction": {
          "method": "structured"
        },
        "reviewState": "candidate",
        "asOf": "2026-09-26T16:53:35.186Z"
      }
    },
    {
      "type": "Feature",
      "geometry": {
        "type": "LineString",
        "coordinates": [
          [
            7.516903510490452,
            51.36861410699539
          ],
          [
            7.516984755878326,
            51.36869888650148
          ]
        ]
      },
      "properties": {
        "id": "autobahn:2026-048949--vi-bs.2026-09-28_20-00-00-000_005.de0",
        "version": "afcd5aa31fd479d6a0569aa439b2d1b74193f0d9b7e042d137b389467227833b",
        "cityId": "castrop-rauxel",
        "kind": "roadworks",
        "category": "Autobahn-Baustelle",
        "title": "A45 Beschilderungsarbeiten",
        "statement": "A45 Beschilderungsarbeiten: eine Baustelle ist im Autobahn-Verkehrsdienst verzeichnet. Die Lage kann auch eine Pendelstrecke außerhalb des Stadtgebiets betreffen.",
        "status": "angekündigt",
        "startDate": "2026-09-28",
        "endDate": "2026-09-30",
        "nextStep": "Aktuelle Verkehrs- und Sperrinformationen beim Betreiber prüfen.",
        "unknowns": [
          "Genauer Verkehrsverlauf und tatsächliche Dauer vor Ort"
        ],
        "scale": "district",
        "geometryPrecision": "approximate",
        "sources": [
          {
            "url": "https://verkehr.autobahn.de/o/autobahn/A45/services/roadworks",
            "snapshotUrl": "https://verkehr.autobahn.de/o/autobahn/A45/services/roadworks",
            "title": "Autobahn A45 roadworks",
            "publisher": "Autobahn GmbH",
            "locator": "roadworks[identifier=2026-048949--vi-bs.2026-09-28_20-00-00-000_005.de0]",
            "retrievedAt": "2026-09-26T16:53:35.186Z",
            "sha256": "bd4ec4c75ec1bbab229b03b5b86758578f46996b775d490817a289c82da17d4f",
            "snapshot": true,
            "licence": "unknown",
            "reuse": "unknown"
          }
        ],
        "extraction": {
          "method": "structured"
        },
        "reviewState": "candidate",
        "asOf": "2026-09-26T16:53:35.186Z"
      }
    },
    {
      "type": "Feature",
      "geometry": {
        "type": "LineString",
        "coordinates": [
          [
            7.516570330275661,
            51.369104263236224
          ],
          [
            7.516519254811604,
            51.369050053189085
          ]
        ]
      },
      "properties": {
        "id": "autobahn:2026-048962--vi-bs.2026-09-28_20-00-00-000_004.de0",
        "version": "62b7ad7fbd3ba3c7a9a45297134d21bd688863528cc0505605d7afe25cd8b5bd",
        "cityId": "castrop-rauxel",
        "kind": "roadworks",
        "category": "Autobahn-Baustelle",
        "title": "A45 Beschilderungsarbeiten",
        "statement": "A45 Beschilderungsarbeiten: eine Baustelle ist im Autobahn-Verkehrsdienst verzeichnet. Abfahrt von der A45: AK Hagen (aus Richtung Lennetalbrücke) Die Lage kann auch eine Pendelstrecke außerhalb des Stadtgebiets betreffen.",
        "status": "angekündigt",
        "startDate": "2026-09-28",
        "endDate": "2026-09-30",
        "nextStep": "Aktuelle Verkehrs- und Sperrinformationen beim Betreiber prüfen.",
        "unknowns": [
          "Genauer Verkehrsverlauf und tatsächliche Dauer vor Ort"
        ],
        "scale": "district",
        "geometryPrecision": "approximate",
        "sources": [
          {
            "url": "https://verkehr.autobahn.de/o/autobahn/A45/services/roadworks",
            "snapshotUrl": "https://verkehr.autobahn.de/o/autobahn/A45/services/roadworks",
            "title": "Autobahn A45 roadworks",
            "publisher": "Autobahn GmbH",
            "locator": "roadworks[identifier=2026-048962--vi-bs.2026-09-28_20-00-00-000_004.de0]",
            "retrievedAt": "2026-09-26T16:53:35.186Z",
            "sha256": "bd4ec4c75ec1bbab229b03b5b86758578f46996b775d490817a289c82da17d4f",
            "snapshot": true,
            "licence": "unknown",
            "reuse": "unknown"
          }
        ],
        "extraction": {
          "method": "structured"
        },
        "reviewState": "candidate",
        "asOf": "2026-09-26T16:53:35.186Z"
      }
    },
    {
      "type": "Feature",
      "geometry": {
        "type": "LineString",
        "coordinates": [
          [
            7.849684670596673,
            51.62509721088808
          ],
          [
            7.393367755253479,
            51.583905258247995
          ]
        ]
      },
      "properties": {
        "id": "autobahn:2026-049013--vi-bs.2026-09-28_07-00-00-000.devi-zus.2026-09-28_07-00-00-000_011.de1",
        "version": "b45aaa4e4331c5240fc0428d0ad7748dbe66af0c8c86ae1706fc116234cd2c6d",
        "cityId": "castrop-rauxel",
        "kind": "roadworks",
        "category": "Autobahn-Baustelle",
        "title": "A2 | Rhynern - Dortmund-Mengede",
        "statement": "A2 | Rhynern - Dortmund-Mengede: eine Baustelle ist im Autobahn-Verkehrsdienst verzeichnet. 28.09.26 von 07:00 bis 18:00 Uhr Die Lage kann auch eine Pendelstrecke außerhalb des Stadtgebiets betreffen.",
        "status": "angekündigt; 28.09.26 von 07:00 bis 18:00 Uhr",
        "startDate": "2026-09-28",
        "endDate": "2026-09-29",
        "nextStep": "Aktuelle Verkehrs- und Sperrinformationen beim Betreiber prüfen.",
        "unknowns": [
          "Genauer Verkehrsverlauf und tatsächliche Dauer vor Ort"
        ],
        "scale": "district",
        "geometryPrecision": "approximate",
        "sources": [
          {
            "url": "https://verkehr.autobahn.de/o/autobahn/A2/services/roadworks",
            "snapshotUrl": "https://verkehr.autobahn.de/o/autobahn/A2/services/roadworks",
            "title": "Autobahn A2 roadworks",
            "publisher": "Autobahn GmbH",
            "locator": "roadworks[identifier=2026-049013--vi-bs.2026-09-28_07-00-00-000.devi-zus.2026-09-28_07-00-00-000_011.de1]",
            "retrievedAt": "2026-09-26T16:53:34.994Z",
            "sha256": "6c8b0058537db2c89c717a80019c32a6f9c56448e685ca8249a0664fe5a96712",
            "snapshot": true,
            "licence": "unknown",
            "reuse": "unknown"
          }
        ],
        "extraction": {
          "method": "structured"
        },
        "reviewState": "candidate",
        "asOf": "2026-09-26T16:53:34.994Z"
      }
    },
    {
      "type": "Feature",
      "geometry": {
        "type": "LineString",
        "coordinates": [
          [
            7.393338638186699,
            51.583747779800284
          ],
          [
            7.849704860737361,
            51.624959253866194
          ]
        ]
      },
      "properties": {
        "id": "autobahn:2026-049013--vi-bs.2026-09-28_07-00-00-000.devi-zus.2026-09-28_07-00-00-000_011.de3",
        "version": "611b5de3826f23455a64657c84e45224bdab65dbd15902f10b29a4f3428fa298",
        "cityId": "castrop-rauxel",
        "kind": "roadworks",
        "category": "Autobahn-Baustelle",
        "title": "A2 | Dortmund-Mengede - Rhynern",
        "statement": "A2 | Dortmund-Mengede - Rhynern: eine Baustelle ist im Autobahn-Verkehrsdienst verzeichnet. 28.09.26 von 07:00 bis 18:00 Uhr Die Lage kann auch eine Pendelstrecke außerhalb des Stadtgebiets betreffen.",
        "status": "angekündigt; 28.09.26 von 07:00 bis 18:00 Uhr",
        "startDate": "2026-09-28",
        "endDate": "2026-09-29",
        "nextStep": "Aktuelle Verkehrs- und Sperrinformationen beim Betreiber prüfen.",
        "unknowns": [
          "Genauer Verkehrsverlauf und tatsächliche Dauer vor Ort"
        ],
        "scale": "district",
        "geometryPrecision": "approximate",
        "sources": [
          {
            "url": "https://verkehr.autobahn.de/o/autobahn/A2/services/roadworks",
            "snapshotUrl": "https://verkehr.autobahn.de/o/autobahn/A2/services/roadworks",
            "title": "Autobahn A2 roadworks",
            "publisher": "Autobahn GmbH",
            "locator": "roadworks[identifier=2026-049013--vi-bs.2026-09-28_07-00-00-000.devi-zus.2026-09-28_07-00-00-000_011.de3]",
            "retrievedAt": "2026-09-26T16:53:34.994Z",
            "sha256": "6c8b0058537db2c89c717a80019c32a6f9c56448e685ca8249a0664fe5a96712",
            "snapshot": true,
            "licence": "unknown",
            "reuse": "unknown"
          }
        ],
        "extraction": {
          "method": "structured"
        },
        "reviewState": "candidate",
        "asOf": "2026-09-26T16:53:34.994Z"
      }
    },
    {
      "type": "Feature",
      "geometry": {
        "type": "LineString",
        "coordinates": [
          [
            7.549813897943421,
            51.420996760004655
          ],
          [
            7.526546215608292,
            51.43474688629291
          ]
        ]
      },
      "properties": {
        "id": "autobahn:2026-049039--vi-bs.2026-09-30_20-00-00-000_007.de0",
        "version": "c927f15cd03b406e5701541b3a1991717b1e00d2e874db3f3a94f19d2407ffde",
        "cityId": "castrop-rauxel",
        "kind": "roadworks",
        "category": "Autobahn-Baustelle",
        "title": "A45 | Schwerte-Ergste - Dortmund-Süd",
        "statement": "A45 | Schwerte-Ergste - Dortmund-Süd: eine Baustelle ist im Autobahn-Verkehrsdienst verzeichnet. A45: Hagen -> Dortmund, zwischen 1.3 km hinter AS Schwerte-Ergste und 3.1 km vor AS Dortmund-Süd Die Lage kann auch eine Pendelstrecke außerhalb des Stadtgebiets betreffen.",
        "status": "angekündigt",
        "startDate": "2026-09-30",
        "endDate": "2026-10-01",
        "nextStep": "Aktuelle Verkehrs- und Sperrinformationen beim Betreiber prüfen.",
        "unknowns": [
          "Genauer Verkehrsverlauf und tatsächliche Dauer vor Ort"
        ],
        "scale": "district",
        "geometryPrecision": "approximate",
        "sources": [
          {
            "url": "https://verkehr.autobahn.de/o/autobahn/A45/services/roadworks",
            "snapshotUrl": "https://verkehr.autobahn.de/o/autobahn/A45/services/roadworks",
            "title": "Autobahn A45 roadworks",
            "publisher": "Autobahn GmbH",
            "locator": "roadworks[identifier=2026-049039--vi-bs.2026-09-30_20-00-00-000_007.de0]",
            "retrievedAt": "2026-09-26T16:53:35.186Z",
            "sha256": "bd4ec4c75ec1bbab229b03b5b86758578f46996b775d490817a289c82da17d4f",
            "snapshot": true,
            "licence": "unknown",
            "reuse": "unknown"
          }
        ],
        "extraction": {
          "method": "structured"
        },
        "reviewState": "candidate",
        "asOf": "2026-09-26T16:53:35.186Z"
      }
    },
    {
      "type": "Feature",
      "geometry": {
        "type": "LineString",
        "coordinates": [
          [
            7.087245035128824,
            51.56825955705165
          ],
          [
            7.079172274276951,
            51.565696152740884
          ]
        ]
      },
      "properties": {
        "id": "autobahn:2026-049137--vi-bs.2026-09-28_09-00-00-000.devi-zus.2026-09-28_09-00-00-000_006.de1",
        "version": "7a83642bf413636fa94ad3c39195a27d89d055c1a066ba1ad34f2cb2beee0106",
        "cityId": "castrop-rauxel",
        "kind": "roadworks",
        "category": "Autobahn-Baustelle",
        "title": "A2 | Resser Mark - Gelsenkirchen-Buer",
        "statement": "A2 | Resser Mark - Gelsenkirchen-Buer: eine Baustelle ist im Autobahn-Verkehrsdienst verzeichnet. 28.09.26 von 09:00 bis 15:00 Uhr Die Lage kann auch eine Pendelstrecke außerhalb des Stadtgebiets betreffen.",
        "status": "angekündigt; 28.09.26 von 09:00 bis 15:00 Uhr",
        "startDate": "2026-09-28",
        "endDate": "2026-09-30",
        "nextStep": "Aktuelle Verkehrs- und Sperrinformationen beim Betreiber prüfen.",
        "unknowns": [
          "Genauer Verkehrsverlauf und tatsächliche Dauer vor Ort"
        ],
        "scale": "district",
        "geometryPrecision": "approximate",
        "sources": [
          {
            "url": "https://verkehr.autobahn.de/o/autobahn/A2/services/roadworks",
            "snapshotUrl": "https://verkehr.autobahn.de/o/autobahn/A2/services/roadworks",
            "title": "Autobahn A2 roadworks",
            "publisher": "Autobahn GmbH",
            "locator": "roadworks[identifier=2026-049137--vi-bs.2026-09-28_09-00-00-000.devi-zus.2026-09-28_09-00-00-000_006.de1]",
            "retrievedAt": "2026-09-26T16:53:34.994Z",
            "sha256": "6c8b0058537db2c89c717a80019c32a6f9c56448e685ca8249a0664fe5a96712",
            "snapshot": true,
            "licence": "unknown",
            "reuse": "unknown"
          }
        ],
        "extraction": {
          "method": "structured"
        },
        "reviewState": "candidate",
        "asOf": "2026-09-26T16:53:34.994Z"
      }
    },
    {
      "type": "Feature",
      "geometry": {
        "type": "LineString",
        "coordinates": [
          [
            7.079281201977582,
            51.56556591431113
          ],
          [
            7.087342638580494,
            51.56813944374169
          ]
        ]
      },
      "properties": {
        "id": "autobahn:2026-049137--vi-bs.2026-09-28_09-00-00-000.devi-zus.2026-09-28_09-00-00-000_006.de3",
        "version": "afd313f00192d234dbcb0e4ed6f04704169e4c54c696b1eb743689c8843b905b",
        "cityId": "castrop-rauxel",
        "kind": "roadworks",
        "category": "Autobahn-Baustelle",
        "title": "A2 | Gelsenkirchen-Buer - Resser Mark",
        "statement": "A2 | Gelsenkirchen-Buer - Resser Mark: eine Baustelle ist im Autobahn-Verkehrsdienst verzeichnet. 28.09.26 von 09:00 bis 15:00 Uhr Die Lage kann auch eine Pendelstrecke außerhalb des Stadtgebiets betreffen.",
        "status": "angekündigt; 28.09.26 von 09:00 bis 15:00 Uhr",
        "startDate": "2026-09-28",
        "endDate": "2026-09-30",
        "nextStep": "Aktuelle Verkehrs- und Sperrinformationen beim Betreiber prüfen.",
        "unknowns": [
          "Genauer Verkehrsverlauf und tatsächliche Dauer vor Ort"
        ],
        "scale": "district",
        "geometryPrecision": "approximate",
        "sources": [
          {
            "url": "https://verkehr.autobahn.de/o/autobahn/A2/services/roadworks",
            "snapshotUrl": "https://verkehr.autobahn.de/o/autobahn/A2/services/roadworks",
            "title": "Autobahn A2 roadworks",
            "publisher": "Autobahn GmbH",
            "locator": "roadworks[identifier=2026-049137--vi-bs.2026-09-28_09-00-00-000.devi-zus.2026-09-28_09-00-00-000_006.de3]",
            "retrievedAt": "2026-09-26T16:53:34.994Z",
            "sha256": "6c8b0058537db2c89c717a80019c32a6f9c56448e685ca8249a0664fe5a96712",
            "snapshot": true,
            "licence": "unknown",
            "reuse": "unknown"
          }
        ],
        "extraction": {
          "method": "structured"
        },
        "reviewState": "candidate",
        "asOf": "2026-09-26T16:53:34.994Z"
      }
    },
    {
      "type": "Feature",
      "geometry": {
        "type": "LineString",
        "coordinates": [
          [
            7.163200163202134,
            51.57681431557432
          ],
          [
            7.1390678844099495,
            51.57442990522582
          ]
        ]
      },
      "properties": {
        "id": "autobahn:2026-049152--vi-bs.2026-10-06_09-00-00-000_002.de0",
        "version": "edb83e49be7a82ef851c1cfd0e6f298a04b4edfd563eef62ecb87723d9ed552d",
        "cityId": "castrop-rauxel",
        "kind": "roadworks",
        "category": "Autobahn-Baustelle",
        "title": "A2 | Stuckenbusch - Herten",
        "statement": "A2 | Stuckenbusch - Herten: eine Baustelle ist im Autobahn-Verkehrsdienst verzeichnet. 06.10.26 von 09:00 bis 15:00 Uhr Die Lage kann auch eine Pendelstrecke außerhalb des Stadtgebiets betreffen.",
        "status": "angekündigt; 06.10.26 von 09:00 bis 15:00 Uhr",
        "startDate": "2026-10-06",
        "endDate": "2026-10-06",
        "nextStep": "Aktuelle Verkehrs- und Sperrinformationen beim Betreiber prüfen.",
        "unknowns": [
          "Genauer Verkehrsverlauf und tatsächliche Dauer vor Ort"
        ],
        "scale": "district",
        "geometryPrecision": "approximate",
        "sources": [
          {
            "url": "https://verkehr.autobahn.de/o/autobahn/A2/services/roadworks",
            "snapshotUrl": "https://verkehr.autobahn.de/o/autobahn/A2/services/roadworks",
            "title": "Autobahn A2 roadworks",
            "publisher": "Autobahn GmbH",
            "locator": "roadworks[identifier=2026-049152--vi-bs.2026-10-06_09-00-00-000_002.de0]",
            "retrievedAt": "2026-09-26T16:53:34.994Z",
            "sha256": "6c8b0058537db2c89c717a80019c32a6f9c56448e685ca8249a0664fe5a96712",
            "snapshot": true,
            "licence": "unknown",
            "reuse": "unknown"
          }
        ],
        "extraction": {
          "method": "structured"
        },
        "reviewState": "candidate",
        "asOf": "2026-09-26T16:53:34.994Z"
      }
    },
    {
      "type": "Feature",
      "geometry": {
        "type": "LineString",
        "coordinates": [
          [
            6.938932885274366,
            51.506595679213916
          ],
          [
            6.939297014338424,
            51.506123443005364
          ]
        ]
      },
      "properties": {
        "id": "autobahn:2026-049204--vi-bs.2026-09-28_12-00-00-000.de0",
        "version": "4fb0eafed43cbb142f029d7101e0ffab49b4e24bc308f99dcc85491ca784dd60",
        "cityId": "castrop-rauxel",
        "kind": "roadworks",
        "category": "Autobahn-Baustelle",
        "title": "A42 Grünpflege",
        "statement": "A42 Grünpflege: eine Baustelle ist im Autobahn-Verkehrsdienst verzeichnet. 28.09.26 von 12:00 bis 14:00 Uhr Die Lage kann auch eine Pendelstrecke außerhalb des Stadtgebiets betreffen.",
        "status": "angekündigt; 28.09.26 von 12:00 bis 14:00 Uhr",
        "startDate": "2026-09-28",
        "endDate": "2026-09-28",
        "nextStep": "Aktuelle Verkehrs- und Sperrinformationen beim Betreiber prüfen.",
        "unknowns": [
          "Genauer Verkehrsverlauf und tatsächliche Dauer vor Ort"
        ],
        "scale": "district",
        "geometryPrecision": "approximate",
        "sources": [
          {
            "url": "https://verkehr.autobahn.de/o/autobahn/A42/services/roadworks",
            "snapshotUrl": "https://verkehr.autobahn.de/o/autobahn/A42/services/roadworks",
            "title": "Autobahn A42 roadworks",
            "publisher": "Autobahn GmbH",
            "locator": "roadworks[identifier=2026-049204--vi-bs.2026-09-28_12-00-00-000.de0]",
            "retrievedAt": "2026-09-26T16:53:35.071Z",
            "sha256": "ebaba7bfc71be9413ef32b44996785d3c29d73509073f402d356f02f9006176d",
            "snapshot": true,
            "licence": "unknown",
            "reuse": "unknown"
          }
        ],
        "extraction": {
          "method": "structured"
        },
        "reviewState": "candidate",
        "asOf": "2026-09-26T16:53:35.071Z"
      }
    },
    {
      "type": "Feature",
      "geometry": {
        "type": "LineString",
        "coordinates": [
          [
            7.494654426239593,
            51.578547070793185
          ],
          [
            7.493530744398463,
            51.57838268463663
          ]
        ]
      },
      "properties": {
        "id": "autobahn:2026-049211--vi-bs.2026-10-06_08-00-00-000.devi-zus.2026-10-06_08-00-00-000_001.de1",
        "version": "e5fbfe5a7cb63e248b65ecd3c355efe83ddc4bd3e7f471a7a6a8b3c041ec3e3d",
        "cityId": "castrop-rauxel",
        "kind": "roadworks",
        "category": "Autobahn-Baustelle",
        "title": "A2 Brückenwartung",
        "statement": "A2 Brückenwartung: eine Baustelle ist im Autobahn-Verkehrsdienst verzeichnet. 06.10.26 von 08:00 bis 16:00 Uhr Die Lage kann auch eine Pendelstrecke außerhalb des Stadtgebiets betreffen.",
        "status": "angekündigt; 06.10.26 von 08:00 bis 16:00 Uhr",
        "startDate": "2026-10-06",
        "endDate": "2026-10-06",
        "nextStep": "Aktuelle Verkehrs- und Sperrinformationen beim Betreiber prüfen.",
        "unknowns": [
          "Genauer Verkehrsverlauf und tatsächliche Dauer vor Ort"
        ],
        "scale": "district",
        "geometryPrecision": "approximate",
        "sources": [
          {
            "url": "https://verkehr.autobahn.de/o/autobahn/A2/services/roadworks",
            "snapshotUrl": "https://verkehr.autobahn.de/o/autobahn/A2/services/roadworks",
            "title": "Autobahn A2 roadworks",
            "publisher": "Autobahn GmbH",
            "locator": "roadworks[identifier=2026-049211--vi-bs.2026-10-06_08-00-00-000.devi-zus.2026-10-06_08-00-00-000_001.de1]",
            "retrievedAt": "2026-09-26T16:53:34.994Z",
            "sha256": "6c8b0058537db2c89c717a80019c32a6f9c56448e685ca8249a0664fe5a96712",
            "snapshot": true,
            "licence": "unknown",
            "reuse": "unknown"
          }
        ],
        "extraction": {
          "method": "structured"
        },
        "reviewState": "candidate",
        "asOf": "2026-09-26T16:53:34.994Z"
      }
    },
    {
      "type": "Feature",
      "geometry": {
        "type": "LineString",
        "coordinates": [
          [
            7.494668502162514,
            51.578549047193995
          ],
          [
            7.493558773543272,
            51.578386965167574
          ]
        ]
      },
      "properties": {
        "id": "autobahn:2026-049211--vi-bs.2026-10-06_09-00-00-000.devi-zus.2026-10-06_08-00-00-000_001.de3",
        "version": "178e981cae77d52e7214a826df5eb77563dcace920b1cf88249f7b30ea785aa5",
        "cityId": "castrop-rauxel",
        "kind": "roadworks",
        "category": "Autobahn-Baustelle",
        "title": "A2 Brückenwartung",
        "statement": "A2 Brückenwartung: eine Baustelle ist im Autobahn-Verkehrsdienst verzeichnet. 06.10.26 von 09:00 bis 16:00 Uhr Die Lage kann auch eine Pendelstrecke außerhalb des Stadtgebiets betreffen.",
        "status": "angekündigt; 06.10.26 von 09:00 bis 16:00 Uhr",
        "startDate": "2026-10-06",
        "endDate": "2026-10-06",
        "nextStep": "Aktuelle Verkehrs- und Sperrinformationen beim Betreiber prüfen.",
        "unknowns": [
          "Genauer Verkehrsverlauf und tatsächliche Dauer vor Ort"
        ],
        "scale": "district",
        "geometryPrecision": "approximate",
        "sources": [
          {
            "url": "https://verkehr.autobahn.de/o/autobahn/A2/services/roadworks",
            "snapshotUrl": "https://verkehr.autobahn.de/o/autobahn/A2/services/roadworks",
            "title": "Autobahn A2 roadworks",
            "publisher": "Autobahn GmbH",
            "locator": "roadworks[identifier=2026-049211--vi-bs.2026-10-06_09-00-00-000.devi-zus.2026-10-06_08-00-00-000_001.de3]",
            "retrievedAt": "2026-09-26T16:53:34.994Z",
            "sha256": "6c8b0058537db2c89c717a80019c32a6f9c56448e685ca8249a0664fe5a96712",
            "snapshot": true,
            "licence": "unknown",
            "reuse": "unknown"
          }
        ],
        "extraction": {
          "method": "structured"
        },
        "reviewState": "candidate",
        "asOf": "2026-09-26T16:53:34.994Z"
      }
    },
    {
      "type": "Feature",
      "geometry": {
        "type": "LineString",
        "coordinates": [
          [
            7.385222479364759,
            51.49617659182301
          ],
          [
            7.3854400102296545,
            51.49528795656708
          ]
        ]
      },
      "properties": {
        "id": "autobahn:2026-049233--vi-bs.2026-09-29_09-00-00-000.devi-bs.2026-09-29_09-00-00-000_009.de1",
        "version": "c381efe3ea8b36f8b5da50406564d473a04df485e57e45c2cf6114a0827772e5",
        "cityId": "castrop-rauxel",
        "kind": "roadworks",
        "category": "Autobahn-Baustelle",
        "title": "A45 Beseitigung Unfallfolgen",
        "statement": "A45 Beseitigung Unfallfolgen: eine Baustelle ist im Autobahn-Verkehrsdienst verzeichnet. 29.09.26 von 09:00 bis 15:00 Uhr Die Lage kann auch eine Pendelstrecke außerhalb des Stadtgebiets betreffen.",
        "status": "angekündigt; 29.09.26 von 09:00 bis 15:00 Uhr",
        "startDate": "2026-09-29",
        "endDate": "2026-09-29",
        "nextStep": "Aktuelle Verkehrs- und Sperrinformationen beim Betreiber prüfen.",
        "unknowns": [
          "Genauer Verkehrsverlauf und tatsächliche Dauer vor Ort"
        ],
        "scale": "district",
        "geometryPrecision": "approximate",
        "sources": [
          {
            "url": "https://verkehr.autobahn.de/o/autobahn/A45/services/roadworks",
            "snapshotUrl": "https://verkehr.autobahn.de/o/autobahn/A45/services/roadworks",
            "title": "Autobahn A45 roadworks",
            "publisher": "Autobahn GmbH",
            "locator": "roadworks[identifier=2026-049233--vi-bs.2026-09-29_09-00-00-000.devi-bs.2026-09-29_09-00-00-000_009.de1]",
            "retrievedAt": "2026-09-26T16:53:35.186Z",
            "sha256": "bd4ec4c75ec1bbab229b03b5b86758578f46996b775d490817a289c82da17d4f",
            "snapshot": true,
            "licence": "unknown",
            "reuse": "unknown"
          }
        ],
        "extraction": {
          "method": "structured"
        },
        "reviewState": "candidate",
        "asOf": "2026-09-26T16:53:35.186Z"
      }
    },
    {
      "type": "Feature",
      "geometry": {
        "type": "LineString",
        "coordinates": [
          [
            7.385430942177804,
            51.496185260563585
          ],
          [
            7.385613319768708,
            51.49523616532093
          ]
        ]
      },
      "properties": {
        "id": "autobahn:2026-049233--vi-bs.2026-09-29_09-00-00-000.devi-bs.2026-09-29_09-00-00-000_009.de3",
        "version": "f19486e3b8268acfbfe16f2b12634e71bb180f8497baa86d4dd765db7292f2ba",
        "cityId": "castrop-rauxel",
        "kind": "roadworks",
        "category": "Autobahn-Baustelle",
        "title": "A45 | Dortmund-West - Dortmund-Eichlinghofen",
        "statement": "A45 | Dortmund-West - Dortmund-Eichlinghofen: eine Baustelle ist im Autobahn-Verkehrsdienst verzeichnet. 29.09.26 von 09:00 bis 15:00 Uhr Die Lage kann auch eine Pendelstrecke außerhalb des Stadtgebiets betreffen.",
        "status": "angekündigt; 29.09.26 von 09:00 bis 15:00 Uhr",
        "startDate": "2026-09-29",
        "endDate": "2026-09-29",
        "nextStep": "Aktuelle Verkehrs- und Sperrinformationen beim Betreiber prüfen.",
        "unknowns": [
          "Genauer Verkehrsverlauf und tatsächliche Dauer vor Ort"
        ],
        "scale": "district",
        "geometryPrecision": "approximate",
        "sources": [
          {
            "url": "https://verkehr.autobahn.de/o/autobahn/A45/services/roadworks",
            "snapshotUrl": "https://verkehr.autobahn.de/o/autobahn/A45/services/roadworks",
            "title": "Autobahn A45 roadworks",
            "publisher": "Autobahn GmbH",
            "locator": "roadworks[identifier=2026-049233--vi-bs.2026-09-29_09-00-00-000.devi-bs.2026-09-29_09-00-00-000_009.de3]",
            "retrievedAt": "2026-09-26T16:53:35.186Z",
            "sha256": "bd4ec4c75ec1bbab229b03b5b86758578f46996b775d490817a289c82da17d4f",
            "snapshot": true,
            "licence": "unknown",
            "reuse": "unknown"
          }
        ],
        "extraction": {
          "method": "structured"
        },
        "reviewState": "candidate",
        "asOf": "2026-09-26T16:53:35.186Z"
      }
    },
    {
      "type": "Feature",
      "geometry": null,
      "properties": {
        "id": "council:https%3A%2F%2Fcastroprauxel.gremien.info%2Foparl%2Fmeeting%2F2026-ABES-12",
        "version": "a68be44076cc3776eb60e52f49433f62a068ae89d0e0c199d299f271e101f450",
        "cityId": "castrop-rauxel",
        "kind": "council_meeting",
        "category": "Sitzung",
        "title": "Sitzung des Ausschuss für Bürgeranliegen, Ehrenamt und Sport",
        "statement": "Eine Sitzung mit dem Titel „Sitzung des Ausschuss für Bürgeranliegen, Ehrenamt und Sport“ ist für 2026-11-17T17:30:00+01:00 im Ratsinformationssystem verzeichnet. Tagesordnung und Beschlüsse sind anhand des Eintrags zu prüfen.",
        "status": "Sitzung verzeichnet",
        "startDate": "2026-11-17T17:30:00+01:00",
        "endDate": "2026-11-17T00:00:00+01:00",
        "nextStep": "Aktuelle Tagesordnung und Beschlüsse im Ratsinformationssystem prüfen.",
        "unknowns": [
          "Ob ein Beschluss gefasst wurde",
          "Genauer räumlicher Bezug"
        ],
        "scale": "city",
        "geometryPrecision": "none",
        "sources": [
          {
            "url": "https://castroprauxel.gremien.info/oparl/meeting/2026-ABES-12",
            "snapshotUrl": "https://castroprauxel.gremien.info/oparl/body/CAS/meeting",
            "title": "OParl Sitzung",
            "publisher": "Castrop-Rauxel",
            "locator": "record https://castroprauxel.gremien.info/oparl/meeting/2026-ABES-12; data.name, data.start, data.consultation",
            "retrievedAt": "2026-09-26T16:53:41.401Z",
            "sha256": "f32dfad52db6e0e379d98d651bb2b14ab383d6492f775da2cba9d4ae663a0902",
            "snapshot": true,
            "licence": "unknown",
            "reuse": "facts_with_attribution"
          },
          {
            "url": "https://castroprauxel.gremien.info/oparl/meeting/2026-ABES-12",
            "snapshotUrl": "https://github.com/komma-systems/ccf/blob/main/data/de/castrop-rauxel/meeting/castroprauxel_gremien_info_oparl_meeting_2026_ABES_12.json",
            "title": "OParl Sitzung",
            "publisher": "Castrop-Rauxel",
            "locator": "record https://castroprauxel.gremien.info/oparl/meeting/2026-ABES-12; data.name, data.start, data.consultation",
            "retrievedAt": "2026-09-26T18:13:52.434Z",
            "sha256": "da4d28925a32cc244c9df1b7078466a55b7666c5d3ef93e50e288039676c09aa",
            "snapshot": true,
            "licence": "unknown",
            "reuse": "facts_with_attribution"
          }
        ],
        "extraction": {
          "method": "structured"
        },
        "reviewState": "candidate",
        "asOf": "2026-09-25T00:00:00+02:00",
        "upstreamModified": "2026-09-25T00:00:00+02:00"
      }
    },
    {
      "type": "Feature",
      "geometry": null,
      "properties": {
        "id": "council:https%3A%2F%2Fcastroprauxel.gremien.info%2Foparl%2Fmeeting%2F2026-ACI-3",
        "version": "3dfc259f6f3ea3ff1525848184f8cc30ad35dd803ea0c5ed0f876949347d180a",
        "cityId": "castrop-rauxel",
        "kind": "council_meeting",
        "category": "Sitzung",
        "title": "Sitzung des Ausschusses für Chancengerechtigkeit und Integration",
        "statement": "Eine Sitzung mit dem Titel „Sitzung des Ausschusses für Chancengerechtigkeit und Integration“ ist für 2026-11-18T17:00:00+01:00 im Ratsinformationssystem verzeichnet. Tagesordnung und Beschlüsse sind anhand des Eintrags zu prüfen.",
        "status": "Sitzung verzeichnet",
        "startDate": "2026-11-18T17:00:00+01:00",
        "endDate": "2026-11-18T00:00:00+01:00",
        "nextStep": "Aktuelle Tagesordnung und Beschlüsse im Ratsinformationssystem prüfen.",
        "unknowns": [
          "Ob ein Beschluss gefasst wurde",
          "Genauer räumlicher Bezug"
        ],
        "scale": "city",
        "geometryPrecision": "none",
        "sources": [
          {
            "url": "https://castroprauxel.gremien.info/oparl/meeting/2026-ACI-3",
            "snapshotUrl": "https://castroprauxel.gremien.info/oparl/body/CAS/meeting",
            "title": "OParl Sitzung",
            "publisher": "Castrop-Rauxel",
            "locator": "record https://castroprauxel.gremien.info/oparl/meeting/2026-ACI-3; data.name, data.start, data.consultation",
            "retrievedAt": "2026-09-26T16:53:41.401Z",
            "sha256": "f32dfad52db6e0e379d98d651bb2b14ab383d6492f775da2cba9d4ae663a0902",
            "snapshot": true,
            "licence": "unknown",
            "reuse": "facts_with_attribution"
          },
          {
            "url": "https://castroprauxel.gremien.info/oparl/meeting/2026-ACI-3",
            "snapshotUrl": "https://github.com/komma-systems/ccf/blob/main/data/de/castrop-rauxel/meeting/castroprauxel_gremien_info_oparl_meeting_2026_ACI_3.json",
            "title": "OParl Sitzung",
            "publisher": "Castrop-Rauxel",
            "locator": "record https://castroprauxel.gremien.info/oparl/meeting/2026-ACI-3; data.name, data.start, data.consultation",
            "retrievedAt": "2026-09-26T18:13:52.434Z",
            "sha256": "7dc5dc58644aa79e48d8748795c0e5974835cb87b03520d2a05a3d7a7c31968c",
            "snapshot": true,
            "licence": "unknown",
            "reuse": "facts_with_attribution"
          }
        ],
        "extraction": {
          "method": "structured"
        },
        "reviewState": "candidate",
        "asOf": "2026-09-25T00:00:00+02:00",
        "upstreamModified": "2026-09-25T00:00:00+02:00"
      }
    },
    {
      "type": "Feature",
      "geometry": null,
      "properties": {
        "id": "council:https%3A%2F%2Fcastroprauxel.gremien.info%2Foparl%2Fmeeting%2F2026-AGID-12",
        "version": "33cb82cc98eeaf619c0c68c5589292da746a5e948d7c79d866c88823d83d3682",
        "cityId": "castrop-rauxel",
        "kind": "council_meeting",
        "category": "Sitzung",
        "title": "Sitzung des Ausschuss für Generationen, Inklusion und Diversität",
        "statement": "Eine Sitzung mit dem Titel „Sitzung des Ausschuss für Generationen, Inklusion und Diversität“ ist für 2026-09-10T17:00:00+02:00 im Ratsinformationssystem verzeichnet. Tagesordnung und Beschlüsse sind anhand des Eintrags zu prüfen.",
        "status": "Sitzung verzeichnet",
        "startDate": "2026-09-10T17:00:00+02:00",
        "endDate": "2026-09-10T00:00:00+02:00",
        "nextStep": "Aktuelle Tagesordnung und Beschlüsse im Ratsinformationssystem prüfen.",
        "unknowns": [
          "Ob ein Beschluss gefasst wurde",
          "Genauer räumlicher Bezug"
        ],
        "scale": "city",
        "geometryPrecision": "none",
        "sources": [
          {
            "url": "https://castroprauxel.gremien.info/oparl/meeting/2026-AGID-12",
            "snapshotUrl": "https://castroprauxel.gremien.info/oparl/body/CAS/meeting",
            "title": "OParl Sitzung",
            "publisher": "Castrop-Rauxel",
            "locator": "record https://castroprauxel.gremien.info/oparl/meeting/2026-AGID-12; data.name, data.start, data.consultation",
            "retrievedAt": "2026-09-26T16:53:41.401Z",
            "sha256": "f32dfad52db6e0e379d98d651bb2b14ab383d6492f775da2cba9d4ae663a0902",
            "snapshot": true,
            "licence": "unknown",
            "reuse": "facts_with_attribution"
          },
          {
            "url": "https://castroprauxel.gremien.info/oparl/meeting/2026-AGID-12",
            "snapshotUrl": "https://github.com/komma-systems/ccf/blob/main/data/de/castrop-rauxel/meeting/castroprauxel_gremien_info_oparl_meeting_2026_AGID_12.json",
            "title": "OParl Sitzung",
            "publisher": "Castrop-Rauxel",
            "locator": "record https://castroprauxel.gremien.info/oparl/meeting/2026-AGID-12; data.name, data.start, data.consultation",
            "retrievedAt": "2026-09-26T18:13:52.435Z",
            "sha256": "35e3ebec4ba806dfff4d374b9137f191cc1379498dd1bec44cc77417f8b3fec9",
            "snapshot": true,
            "licence": "unknown",
            "reuse": "facts_with_attribution"
          }
        ],
        "extraction": {
          "method": "structured"
        },
        "reviewState": "candidate",
        "asOf": "2026-09-25T00:00:00+02:00",
        "upstreamModified": "2026-09-25T00:00:00+02:00"
      }
    },
    {
      "type": "Feature",
      "geometry": null,
      "properties": {
        "id": "council:https%3A%2F%2Fcastroprauxel.gremien.info%2Foparl%2Fmeeting%2F2026-AGID-13",
        "version": "50176a2c65ccfbd5fa9d4b6fe79a52179de1b9e042a020d79c629f942ebff87a",
        "cityId": "castrop-rauxel",
        "kind": "council_meeting",
        "category": "Sitzung",
        "title": "Sitzung des Ausschuss für Generationen, Inklusion und Diversität",
        "statement": "Eine Sitzung mit dem Titel „Sitzung des Ausschuss für Generationen, Inklusion und Diversität“ ist für 2026-11-19T17:00:00+01:00 im Ratsinformationssystem verzeichnet. Tagesordnung und Beschlüsse sind anhand des Eintrags zu prüfen.",
        "status": "Sitzung verzeichnet",
        "startDate": "2026-11-19T17:00:00+01:00",
        "endDate": "2026-11-19T00:00:00+01:00",
        "nextStep": "Aktuelle Tagesordnung und Beschlüsse im Ratsinformationssystem prüfen.",
        "unknowns": [
          "Ob ein Beschluss gefasst wurde",
          "Genauer räumlicher Bezug"
        ],
        "scale": "city",
        "geometryPrecision": "none",
        "sources": [
          {
            "url": "https://castroprauxel.gremien.info/oparl/meeting/2026-AGID-13",
            "snapshotUrl": "https://castroprauxel.gremien.info/oparl/body/CAS/meeting",
            "title": "OParl Sitzung",
            "publisher": "Castrop-Rauxel",
            "locator": "record https://castroprauxel.gremien.info/oparl/meeting/2026-AGID-13; data.name, data.start, data.consultation",
            "retrievedAt": "2026-09-26T16:53:41.401Z",
            "sha256": "f32dfad52db6e0e379d98d651bb2b14ab383d6492f775da2cba9d4ae663a0902",
            "snapshot": true,
            "licence": "unknown",
            "reuse": "facts_with_attribution"
          },
          {
            "url": "https://castroprauxel.gremien.info/oparl/meeting/2026-AGID-13",
            "snapshotUrl": "https://github.com/komma-systems/ccf/blob/main/data/de/castrop-rauxel/meeting/castroprauxel_gremien_info_oparl_meeting_2026_AGID_13.json",
            "title": "OParl Sitzung",
            "publisher": "Castrop-Rauxel",
            "locator": "record https://castroprauxel.gremien.info/oparl/meeting/2026-AGID-13; data.name, data.start, data.consultation",
            "retrievedAt": "2026-09-26T18:13:52.434Z",
            "sha256": "f1d1431940e2f90ad922288f7f1c019a95aefae06ccbe9140b2791a6dc8e3894",
            "snapshot": true,
            "licence": "unknown",
            "reuse": "facts_with_attribution"
          }
        ],
        "extraction": {
          "method": "structured"
        },
        "reviewState": "candidate",
        "asOf": "2026-09-25T00:00:00+02:00",
        "upstreamModified": "2026-09-25T00:00:00+02:00"
      }
    },
    {
      "type": "Feature",
      "geometry": null,
      "properties": {
        "id": "council:https%3A%2F%2Fcastroprauxel.gremien.info%2Foparl%2Fmeeting%2F2026-AKUM-3",
        "version": "c21f50560a740813625ae0ef5bb145a94f571f60ee31144bc0977b630ff14000",
        "cityId": "castrop-rauxel",
        "kind": "council_meeting",
        "category": "Sitzung",
        "title": "Sitzung Ausschuss für Klima, Umwelt und Mobilität",
        "statement": "Eine Sitzung mit dem Titel „Sitzung Ausschuss für Klima, Umwelt und Mobilität“ ist für 2026-09-15T17:00:00+02:00 im Ratsinformationssystem verzeichnet. Tagesordnung und Beschlüsse sind anhand des Eintrags zu prüfen.",
        "status": "Sitzung verzeichnet",
        "startDate": "2026-09-15T17:00:00+02:00",
        "endDate": "2026-09-15T00:00:00+02:00",
        "nextStep": "Aktuelle Tagesordnung und Beschlüsse im Ratsinformationssystem prüfen.",
        "unknowns": [
          "Ob ein Beschluss gefasst wurde",
          "Genauer räumlicher Bezug"
        ],
        "scale": "city",
        "geometryPrecision": "none",
        "sources": [
          {
            "url": "https://castroprauxel.gremien.info/oparl/meeting/2026-AKUM-3",
            "snapshotUrl": "https://castroprauxel.gremien.info/oparl/body/CAS/meeting",
            "title": "OParl Sitzung",
            "publisher": "Castrop-Rauxel",
            "locator": "record https://castroprauxel.gremien.info/oparl/meeting/2026-AKUM-3; data.name, data.start, data.consultation",
            "retrievedAt": "2026-09-26T16:53:41.401Z",
            "sha256": "f32dfad52db6e0e379d98d651bb2b14ab383d6492f775da2cba9d4ae663a0902",
            "snapshot": true,
            "licence": "unknown",
            "reuse": "facts_with_attribution"
          },
          {
            "url": "https://castroprauxel.gremien.info/oparl/meeting/2026-AKUM-3",
            "snapshotUrl": "https://github.com/komma-systems/ccf/blob/main/data/de/castrop-rauxel/meeting/castroprauxel_gremien_info_oparl_meeting_2026_AKUM_3.json",
            "title": "OParl Sitzung",
            "publisher": "Castrop-Rauxel",
            "locator": "record https://castroprauxel.gremien.info/oparl/meeting/2026-AKUM-3; data.name, data.start, data.consultation",
            "retrievedAt": "2026-09-26T18:13:52.435Z",
            "sha256": "311b4374157c18350befdd338f38be2e253b5ba9e9d2e5ef31c1c0d562d624a3",
            "snapshot": true,
            "licence": "unknown",
            "reuse": "facts_with_attribution"
          }
        ],
        "extraction": {
          "method": "structured"
        },
        "reviewState": "candidate",
        "asOf": "2026-09-25T00:00:00+02:00",
        "upstreamModified": "2026-09-25T00:00:00+02:00"
      }
    },
    {
      "type": "Feature",
      "geometry": null,
      "properties": {
        "id": "council:https%3A%2F%2Fcastroprauxel.gremien.info%2Foparl%2Fmeeting%2F2026-AKUM-4",
        "version": "db38bd93617b893171b975fd3de457e18c919ac7f18c8f93de1cd79d5c5448f0",
        "cityId": "castrop-rauxel",
        "kind": "council_meeting",
        "category": "Sitzung",
        "title": "Sitzung Ausschuss für Klima, Umwelt und Mobilität",
        "statement": "Eine Sitzung mit dem Titel „Sitzung Ausschuss für Klima, Umwelt und Mobilität“ ist für 2026-11-24T17:00:00+01:00 im Ratsinformationssystem verzeichnet. Tagesordnung und Beschlüsse sind anhand des Eintrags zu prüfen.",
        "status": "Sitzung verzeichnet",
        "startDate": "2026-11-24T17:00:00+01:00",
        "endDate": "2026-11-24T00:00:00+01:00",
        "nextStep": "Aktuelle Tagesordnung und Beschlüsse im Ratsinformationssystem prüfen.",
        "unknowns": [
          "Ob ein Beschluss gefasst wurde",
          "Genauer räumlicher Bezug"
        ],
        "scale": "city",
        "geometryPrecision": "none",
        "sources": [
          {
            "url": "https://castroprauxel.gremien.info/oparl/meeting/2026-AKUM-4",
            "snapshotUrl": "https://castroprauxel.gremien.info/oparl/body/CAS/meeting",
            "title": "OParl Sitzung",
            "publisher": "Castrop-Rauxel",
            "locator": "record https://castroprauxel.gremien.info/oparl/meeting/2026-AKUM-4; data.name, data.start, data.consultation",
            "retrievedAt": "2026-09-26T16:53:41.401Z",
            "sha256": "f32dfad52db6e0e379d98d651bb2b14ab383d6492f775da2cba9d4ae663a0902",
            "snapshot": true,
            "licence": "unknown",
            "reuse": "facts_with_attribution"
          },
          {
            "url": "https://castroprauxel.gremien.info/oparl/meeting/2026-AKUM-4",
            "snapshotUrl": "https://github.com/komma-systems/ccf/blob/main/data/de/castrop-rauxel/meeting/castroprauxel_gremien_info_oparl_meeting_2026_AKUM_4.json",
            "title": "OParl Sitzung",
            "publisher": "Castrop-Rauxel",
            "locator": "record https://castroprauxel.gremien.info/oparl/meeting/2026-AKUM-4; data.name, data.start, data.consultation",
            "retrievedAt": "2026-09-26T18:13:52.434Z",
            "sha256": "959f52d5255ca8cf3f644f31d06f218e0d946271ad15a4335d47ed76f17b48da",
            "snapshot": true,
            "licence": "unknown",
            "reuse": "facts_with_attribution"
          }
        ],
        "extraction": {
          "method": "structured"
        },
        "reviewState": "candidate",
        "asOf": "2026-09-25T00:00:00+02:00",
        "upstreamModified": "2026-09-25T00:00:00+02:00"
      }
    },
    {
      "type": "Feature",
      "geometry": null,
      "properties": {
        "id": "council:https%3A%2F%2Fcastroprauxel.gremien.info%2Foparl%2Fmeeting%2F2026-AuWi-61",
        "version": "467b3f77a1fd9aa59d394bb2afc4570362a2e11d413cd1a604b8269bc8a24de1",
        "cityId": "castrop-rauxel",
        "kind": "council_meeting",
        "category": "Sitzung",
        "title": "Sitzung des Ausschusses für Wirtschaftsentwicklung und Digitalisierung",
        "statement": "Eine Sitzung mit dem Titel „Sitzung des Ausschusses für Wirtschaftsentwicklung und Digitalisierung“ ist für 2026-09-15T17:00:00+02:00 im Ratsinformationssystem verzeichnet. Tagesordnung und Beschlüsse sind anhand des Eintrags zu prüfen.",
        "status": "Sitzung verzeichnet",
        "startDate": "2026-09-15T17:00:00+02:00",
        "endDate": "2026-09-15T00:00:00+02:00",
        "nextStep": "Aktuelle Tagesordnung und Beschlüsse im Ratsinformationssystem prüfen.",
        "unknowns": [
          "Ob ein Beschluss gefasst wurde",
          "Genauer räumlicher Bezug"
        ],
        "scale": "city",
        "geometryPrecision": "none",
        "sources": [
          {
            "url": "https://castroprauxel.gremien.info/oparl/meeting/2026-AuWi-61",
            "snapshotUrl": "https://castroprauxel.gremien.info/oparl/body/CAS/meeting",
            "title": "OParl Sitzung",
            "publisher": "Castrop-Rauxel",
            "locator": "record https://castroprauxel.gremien.info/oparl/meeting/2026-AuWi-61; data.name, data.start, data.consultation",
            "retrievedAt": "2026-09-26T16:53:41.401Z",
            "sha256": "f32dfad52db6e0e379d98d651bb2b14ab383d6492f775da2cba9d4ae663a0902",
            "snapshot": true,
            "licence": "unknown",
            "reuse": "facts_with_attribution"
          },
          {
            "url": "https://castroprauxel.gremien.info/oparl/meeting/2026-AuWi-61",
            "snapshotUrl": "https://github.com/komma-systems/ccf/blob/main/data/de/castrop-rauxel/meeting/castroprauxel_gremien_info_oparl_meeting_2026_AuWi_61.json",
            "title": "OParl Sitzung",
            "publisher": "Castrop-Rauxel",
            "locator": "record https://castroprauxel.gremien.info/oparl/meeting/2026-AuWi-61; data.name, data.start, data.consultation",
            "retrievedAt": "2026-09-26T18:13:52.435Z",
            "sha256": "ddf95c9b80c4cd01cee1255ded4206f287384b44a744287714d0a065da73aaac",
            "snapshot": true,
            "licence": "unknown",
            "reuse": "facts_with_attribution"
          }
        ],
        "extraction": {
          "method": "structured"
        },
        "reviewState": "candidate",
        "asOf": "2026-09-25T00:00:00+02:00",
        "upstreamModified": "2026-09-25T00:00:00+02:00"
      }
    },
    {
      "type": "Feature",
      "geometry": null,
      "properties": {
        "id": "council:https%3A%2F%2Fcastroprauxel.gremien.info%2Foparl%2Fmeeting%2F2026-AuWi-62",
        "version": "19be7f42375508e572f29ff4709f18c2e496d60952c72a6c0b1e338ab19183a6",
        "cityId": "castrop-rauxel",
        "kind": "council_meeting",
        "category": "Sitzung",
        "title": "Sitzung des Ausschusses für Wirtschaftsentwicklung und Digitalisierung",
        "statement": "Eine Sitzung mit dem Titel „Sitzung des Ausschusses für Wirtschaftsentwicklung und Digitalisierung“ ist für 2026-11-24T17:00:00+01:00 im Ratsinformationssystem verzeichnet. Tagesordnung und Beschlüsse sind anhand des Eintrags zu prüfen.",
        "status": "Sitzung verzeichnet",
        "startDate": "2026-11-24T17:00:00+01:00",
        "endDate": "2026-11-24T00:00:00+01:00",
        "nextStep": "Aktuelle Tagesordnung und Beschlüsse im Ratsinformationssystem prüfen.",
        "unknowns": [
          "Ob ein Beschluss gefasst wurde",
          "Genauer räumlicher Bezug"
        ],
        "scale": "city",
        "geometryPrecision": "none",
        "sources": [
          {
            "url": "https://castroprauxel.gremien.info/oparl/meeting/2026-AuWi-62",
            "snapshotUrl": "https://castroprauxel.gremien.info/oparl/body/CAS/meeting",
            "title": "OParl Sitzung",
            "publisher": "Castrop-Rauxel",
            "locator": "record https://castroprauxel.gremien.info/oparl/meeting/2026-AuWi-62; data.name, data.start, data.consultation",
            "retrievedAt": "2026-09-26T16:53:41.401Z",
            "sha256": "f32dfad52db6e0e379d98d651bb2b14ab383d6492f775da2cba9d4ae663a0902",
            "snapshot": true,
            "licence": "unknown",
            "reuse": "facts_with_attribution"
          },
          {
            "url": "https://castroprauxel.gremien.info/oparl/meeting/2026-AuWi-62",
            "snapshotUrl": "https://github.com/komma-systems/ccf/blob/main/data/de/castrop-rauxel/meeting/castroprauxel_gremien_info_oparl_meeting_2026_AuWi_62.json",
            "title": "OParl Sitzung",
            "publisher": "Castrop-Rauxel",
            "locator": "record https://castroprauxel.gremien.info/oparl/meeting/2026-AuWi-62; data.name, data.start, data.consultation",
            "retrievedAt": "2026-09-26T18:13:52.434Z",
            "sha256": "b795813bc178e6d364ed4a01f70c6603cb03c928429b4dc0b32ac40f273c7d89",
            "snapshot": true,
            "licence": "unknown",
            "reuse": "facts_with_attribution"
          }
        ],
        "extraction": {
          "method": "structured"
        },
        "reviewState": "candidate",
        "asOf": "2026-09-25T00:00:00+02:00",
        "upstreamModified": "2026-09-25T00:00:00+02:00"
      }
    },
    {
      "type": "Feature",
      "geometry": null,
      "properties": {
        "id": "council:https%3A%2F%2Fcastroprauxel.gremien.info%2Foparl%2Fmeeting%2F2026-B1-134",
        "version": "661ec96b3548b707308be1ab50f28d9ab19383e96b8317558bef6f4b480512c1",
        "cityId": "castrop-rauxel",
        "kind": "council_meeting",
        "category": "Sitzung",
        "title": "Sitzung des Betriebsausschusses 1 (Kultur, Ordnung, Ausländerwesen und Feuerwehr)",
        "statement": "Eine Sitzung mit dem Titel „Sitzung des Betriebsausschusses 1 (Kultur, Ordnung, Ausländerwesen und Feuerwehr)“ ist für 2026-09-16T17:15:00+02:00 im Ratsinformationssystem verzeichnet. Tagesordnung und Beschlüsse sind anhand des Eintrags zu prüfen.",
        "status": "Sitzung verzeichnet",
        "startDate": "2026-09-16T17:15:00+02:00",
        "endDate": "2026-09-16T00:00:00+02:00",
        "nextStep": "Aktuelle Tagesordnung und Beschlüsse im Ratsinformationssystem prüfen.",
        "unknowns": [
          "Ob ein Beschluss gefasst wurde",
          "Genauer räumlicher Bezug"
        ],
        "scale": "city",
        "geometryPrecision": "none",
        "sources": [
          {
            "url": "https://castroprauxel.gremien.info/oparl/meeting/2026-B1-134",
            "snapshotUrl": "https://castroprauxel.gremien.info/oparl/body/CAS/meeting",
            "title": "OParl Sitzung",
            "publisher": "Castrop-Rauxel",
            "locator": "record https://castroprauxel.gremien.info/oparl/meeting/2026-B1-134; data.name, data.start, data.consultation",
            "retrievedAt": "2026-09-26T16:53:41.401Z",
            "sha256": "f32dfad52db6e0e379d98d651bb2b14ab383d6492f775da2cba9d4ae663a0902",
            "snapshot": true,
            "licence": "unknown",
            "reuse": "facts_with_attribution"
          },
          {
            "url": "https://castroprauxel.gremien.info/oparl/meeting/2026-B1-134",
            "snapshotUrl": "https://github.com/komma-systems/ccf/blob/main/data/de/castrop-rauxel/meeting/castroprauxel_gremien_info_oparl_meeting_2026_B1_134.json",
            "title": "OParl Sitzung",
            "publisher": "Castrop-Rauxel",
            "locator": "record https://castroprauxel.gremien.info/oparl/meeting/2026-B1-134; data.name, data.start, data.consultation",
            "retrievedAt": "2026-09-26T18:13:52.435Z",
            "sha256": "678b6d7be6d419b59e718a166103bade39f1a9962aa391b732667a070c437b47",
            "snapshot": true,
            "licence": "unknown",
            "reuse": "facts_with_attribution"
          }
        ],
        "extraction": {
          "method": "structured"
        },
        "reviewState": "candidate",
        "asOf": "2026-09-25T00:00:00+02:00",
        "upstreamModified": "2026-09-25T00:00:00+02:00"
      }
    },
    {
      "type": "Feature",
      "geometry": null,
      "properties": {
        "id": "council:https%3A%2F%2Fcastroprauxel.gremien.info%2Foparl%2Fmeeting%2F2026-B1-135",
        "version": "279ce7db54979786046f5cdada4b2f13776da084b0e7e172c96552cecef70a44",
        "cityId": "castrop-rauxel",
        "kind": "council_meeting",
        "category": "Sitzung",
        "title": "Sitzung des Betriebsausschusses 1 (Kultur, Ordnung, Ausländerwesen und Feuerwehr)",
        "statement": "Eine Sitzung mit dem Titel „Sitzung des Betriebsausschusses 1 (Kultur, Ordnung, Ausländerwesen und Feuerwehr)“ ist für 2026-11-25T17:00:00+01:00 im Ratsinformationssystem verzeichnet. Tagesordnung und Beschlüsse sind anhand des Eintrags zu prüfen.",
        "status": "Sitzung verzeichnet",
        "startDate": "2026-11-25T17:00:00+01:00",
        "endDate": "2026-11-25T00:00:00+01:00",
        "nextStep": "Aktuelle Tagesordnung und Beschlüsse im Ratsinformationssystem prüfen.",
        "unknowns": [
          "Ob ein Beschluss gefasst wurde",
          "Genauer räumlicher Bezug"
        ],
        "scale": "city",
        "geometryPrecision": "none",
        "sources": [
          {
            "url": "https://castroprauxel.gremien.info/oparl/meeting/2026-B1-135",
            "snapshotUrl": "https://castroprauxel.gremien.info/oparl/body/CAS/meeting",
            "title": "OParl Sitzung",
            "publisher": "Castrop-Rauxel",
            "locator": "record https://castroprauxel.gremien.info/oparl/meeting/2026-B1-135; data.name, data.start, data.consultation",
            "retrievedAt": "2026-09-26T16:53:41.401Z",
            "sha256": "f32dfad52db6e0e379d98d651bb2b14ab383d6492f775da2cba9d4ae663a0902",
            "snapshot": true,
            "licence": "unknown",
            "reuse": "facts_with_attribution"
          },
          {
            "url": "https://castroprauxel.gremien.info/oparl/meeting/2026-B1-135",
            "snapshotUrl": "https://github.com/komma-systems/ccf/blob/main/data/de/castrop-rauxel/meeting/castroprauxel_gremien_info_oparl_meeting_2026_B1_135.json",
            "title": "OParl Sitzung",
            "publisher": "Castrop-Rauxel",
            "locator": "record https://castroprauxel.gremien.info/oparl/meeting/2026-B1-135; data.name, data.start, data.consultation",
            "retrievedAt": "2026-09-26T18:13:52.434Z",
            "sha256": "68f8c601a37e0eb039914c6b8242a5f059c1b701e32bad9793c43e65eb810fbb",
            "snapshot": true,
            "licence": "unknown",
            "reuse": "facts_with_attribution"
          }
        ],
        "extraction": {
          "method": "structured"
        },
        "reviewState": "candidate",
        "asOf": "2026-09-25T00:00:00+02:00",
        "upstreamModified": "2026-09-25T00:00:00+02:00"
      }
    },
    {
      "type": "Feature",
      "geometry": null,
      "properties": {
        "id": "council:https%3A%2F%2Fcastroprauxel.gremien.info%2Foparl%2Fmeeting%2F2026-B2-132",
        "version": "734c3fd2737f14b7440eb716817acf8181fd2a172814f0706875c8ef99ab2f36",
        "cityId": "castrop-rauxel",
        "kind": "council_meeting",
        "category": "Sitzung",
        "title": "Sitzung des Betriebsausschusses 2 (Familie, Jugend, Soziales und Bildung)",
        "statement": "Eine Sitzung mit dem Titel „Sitzung des Betriebsausschusses 2 (Familie, Jugend, Soziales und Bildung)“ ist für 2026-09-17T17:00:00+02:00 im Ratsinformationssystem verzeichnet. Tagesordnung und Beschlüsse sind anhand des Eintrags zu prüfen.",
        "status": "Sitzung verzeichnet",
        "startDate": "2026-09-17T17:00:00+02:00",
        "endDate": "2026-09-17T00:00:00+02:00",
        "nextStep": "Aktuelle Tagesordnung und Beschlüsse im Ratsinformationssystem prüfen.",
        "unknowns": [
          "Ob ein Beschluss gefasst wurde",
          "Genauer räumlicher Bezug"
        ],
        "scale": "city",
        "geometryPrecision": "none",
        "sources": [
          {
            "url": "https://castroprauxel.gremien.info/oparl/meeting/2026-B2-132",
            "snapshotUrl": "https://castroprauxel.gremien.info/oparl/body/CAS/meeting",
            "title": "OParl Sitzung",
            "publisher": "Castrop-Rauxel",
            "locator": "record https://castroprauxel.gremien.info/oparl/meeting/2026-B2-132; data.name, data.start, data.consultation",
            "retrievedAt": "2026-09-26T16:53:41.401Z",
            "sha256": "f32dfad52db6e0e379d98d651bb2b14ab383d6492f775da2cba9d4ae663a0902",
            "snapshot": true,
            "licence": "unknown",
            "reuse": "facts_with_attribution"
          },
          {
            "url": "https://castroprauxel.gremien.info/oparl/meeting/2026-B2-132",
            "snapshotUrl": "https://github.com/komma-systems/ccf/blob/main/data/de/castrop-rauxel/meeting/castroprauxel_gremien_info_oparl_meeting_2026_B2_132.json",
            "title": "OParl Sitzung",
            "publisher": "Castrop-Rauxel",
            "locator": "record https://castroprauxel.gremien.info/oparl/meeting/2026-B2-132; data.name, data.start, data.consultation",
            "retrievedAt": "2026-09-26T18:13:52.435Z",
            "sha256": "a4d7ea98e1861d41d544b5bded8478c348453fb7d898fd3ef02aeb7655f36197",
            "snapshot": true,
            "licence": "unknown",
            "reuse": "facts_with_attribution"
          }
        ],
        "extraction": {
          "method": "structured"
        },
        "reviewState": "candidate",
        "asOf": "2026-09-25T00:00:00+02:00",
        "upstreamModified": "2026-09-25T00:00:00+02:00"
      }
    },
    {
      "type": "Feature",
      "geometry": null,
      "properties": {
        "id": "council:https%3A%2F%2Fcastroprauxel.gremien.info%2Foparl%2Fmeeting%2F2026-B2-133",
        "version": "b70a0e11d82eb6449e6ac44b97471bea729f24bf97c90a30e81c716b7c52bd13",
        "cityId": "castrop-rauxel",
        "kind": "council_meeting",
        "category": "Sitzung",
        "title": "Sitzung des Betriebsausschusses 2 (Familie, Jugend, Soziales und Bildung)",
        "statement": "Eine Sitzung mit dem Titel „Sitzung des Betriebsausschusses 2 (Familie, Jugend, Soziales und Bildung)“ ist für 2026-11-26T17:00:00+01:00 im Ratsinformationssystem verzeichnet. Tagesordnung und Beschlüsse sind anhand des Eintrags zu prüfen.",
        "status": "Sitzung verzeichnet",
        "startDate": "2026-11-26T17:00:00+01:00",
        "endDate": "2026-11-26T00:00:00+01:00",
        "nextStep": "Aktuelle Tagesordnung und Beschlüsse im Ratsinformationssystem prüfen.",
        "unknowns": [
          "Ob ein Beschluss gefasst wurde",
          "Genauer räumlicher Bezug"
        ],
        "scale": "city",
        "geometryPrecision": "none",
        "sources": [
          {
            "url": "https://castroprauxel.gremien.info/oparl/meeting/2026-B2-133",
            "snapshotUrl": "https://castroprauxel.gremien.info/oparl/body/CAS/meeting",
            "title": "OParl Sitzung",
            "publisher": "Castrop-Rauxel",
            "locator": "record https://castroprauxel.gremien.info/oparl/meeting/2026-B2-133; data.name, data.start, data.consultation",
            "retrievedAt": "2026-09-26T16:53:41.401Z",
            "sha256": "f32dfad52db6e0e379d98d651bb2b14ab383d6492f775da2cba9d4ae663a0902",
            "snapshot": true,
            "licence": "unknown",
            "reuse": "facts_with_attribution"
          },
          {
            "url": "https://castroprauxel.gremien.info/oparl/meeting/2026-B2-133",
            "snapshotUrl": "https://github.com/komma-systems/ccf/blob/main/data/de/castrop-rauxel/meeting/castroprauxel_gremien_info_oparl_meeting_2026_B2_133.json",
            "title": "OParl Sitzung",
            "publisher": "Castrop-Rauxel",
            "locator": "record https://castroprauxel.gremien.info/oparl/meeting/2026-B2-133; data.name, data.start, data.consultation",
            "retrievedAt": "2026-09-26T18:13:52.434Z",
            "sha256": "c92a42c6f4ecec37c6348042d70342abd8ea075d74f56464cffa29ad51ecad57",
            "snapshot": true,
            "licence": "unknown",
            "reuse": "facts_with_attribution"
          }
        ],
        "extraction": {
          "method": "structured"
        },
        "reviewState": "candidate",
        "asOf": "2026-09-25T00:00:00+02:00",
        "upstreamModified": "2026-09-25T00:00:00+02:00"
      }
    },
    {
      "type": "Feature",
      "geometry": null,
      "properties": {
        "id": "council:https%3A%2F%2Fcastroprauxel.gremien.info%2Foparl%2Fmeeting%2F2026-B3-129",
        "version": "10ca9671c0a92801873592ca2d586a2467b9289f7b10212ad857c8bad4045c73",
        "cityId": "castrop-rauxel",
        "kind": "council_meeting",
        "category": "Sitzung",
        "title": "Sitzung des Betriebsausschusses 3 (Planen, Bauen und Wohnen)",
        "statement": "Eine Sitzung mit dem Titel „Sitzung des Betriebsausschusses 3 (Planen, Bauen und Wohnen)“ ist für 2026-09-17T17:00:00+02:00 im Ratsinformationssystem verzeichnet. Tagesordnung und Beschlüsse sind anhand des Eintrags zu prüfen.",
        "status": "Sitzung verzeichnet",
        "startDate": "2026-09-17T17:00:00+02:00",
        "endDate": "2026-09-17T00:00:00+02:00",
        "nextStep": "Aktuelle Tagesordnung und Beschlüsse im Ratsinformationssystem prüfen.",
        "unknowns": [
          "Ob ein Beschluss gefasst wurde",
          "Genauer räumlicher Bezug"
        ],
        "scale": "city",
        "geometryPrecision": "none",
        "sources": [
          {
            "url": "https://castroprauxel.gremien.info/oparl/meeting/2026-B3-129",
            "snapshotUrl": "https://castroprauxel.gremien.info/oparl/body/CAS/meeting",
            "title": "OParl Sitzung",
            "publisher": "Castrop-Rauxel",
            "locator": "record https://castroprauxel.gremien.info/oparl/meeting/2026-B3-129; data.name, data.start, data.consultation",
            "retrievedAt": "2026-09-26T16:53:41.401Z",
            "sha256": "f32dfad52db6e0e379d98d651bb2b14ab383d6492f775da2cba9d4ae663a0902",
            "snapshot": true,
            "licence": "unknown",
            "reuse": "facts_with_attribution"
          },
          {
            "url": "https://castroprauxel.gremien.info/oparl/meeting/2026-B3-129",
            "snapshotUrl": "https://github.com/komma-systems/ccf/blob/main/data/de/castrop-rauxel/meeting/castroprauxel_gremien_info_oparl_meeting_2026_B3_129.json",
            "title": "OParl Sitzung",
            "publisher": "Castrop-Rauxel",
            "locator": "record https://castroprauxel.gremien.info/oparl/meeting/2026-B3-129; data.name, data.start, data.consultation",
            "retrievedAt": "2026-09-26T18:13:52.435Z",
            "sha256": "19f375241d0585451646843f53558d2dc762c3597dfeafde5e7c45ce9ea463e2",
            "snapshot": true,
            "licence": "unknown",
            "reuse": "facts_with_attribution"
          }
        ],
        "extraction": {
          "method": "structured"
        },
        "reviewState": "candidate",
        "asOf": "2026-09-25T00:00:00+02:00",
        "upstreamModified": "2026-09-25T00:00:00+02:00"
      }
    },
    {
      "type": "Feature",
      "geometry": null,
      "properties": {
        "id": "council:https%3A%2F%2Fcastroprauxel.gremien.info%2Foparl%2Fmeeting%2F2026-B3-130",
        "version": "2726551a62e74e5958833b42204bc0e8611db654919c8057c95a6e7f74ead467",
        "cityId": "castrop-rauxel",
        "kind": "council_meeting",
        "category": "Sitzung",
        "title": "Sitzung des Betriebsausschuss 3 (Planen, Bauen und Wohnen)",
        "statement": "Eine Sitzung mit dem Titel „Sitzung des Betriebsausschuss 3 (Planen, Bauen und Wohnen)“ ist für 2026-11-26T17:00:00+01:00 im Ratsinformationssystem verzeichnet. Tagesordnung und Beschlüsse sind anhand des Eintrags zu prüfen.",
        "status": "Sitzung verzeichnet",
        "startDate": "2026-11-26T17:00:00+01:00",
        "endDate": "2026-11-26T00:00:00+01:00",
        "nextStep": "Aktuelle Tagesordnung und Beschlüsse im Ratsinformationssystem prüfen.",
        "unknowns": [
          "Ob ein Beschluss gefasst wurde",
          "Genauer räumlicher Bezug"
        ],
        "scale": "city",
        "geometryPrecision": "none",
        "sources": [
          {
            "url": "https://castroprauxel.gremien.info/oparl/meeting/2026-B3-130",
            "snapshotUrl": "https://castroprauxel.gremien.info/oparl/body/CAS/meeting",
            "title": "OParl Sitzung",
            "publisher": "Castrop-Rauxel",
            "locator": "record https://castroprauxel.gremien.info/oparl/meeting/2026-B3-130; data.name, data.start, data.consultation",
            "retrievedAt": "2026-09-26T16:53:41.401Z",
            "sha256": "f32dfad52db6e0e379d98d651bb2b14ab383d6492f775da2cba9d4ae663a0902",
            "snapshot": true,
            "licence": "unknown",
            "reuse": "facts_with_attribution"
          },
          {
            "url": "https://castroprauxel.gremien.info/oparl/meeting/2026-B3-130",
            "snapshotUrl": "https://github.com/komma-systems/ccf/blob/main/data/de/castrop-rauxel/meeting/castroprauxel_gremien_info_oparl_meeting_2026_B3_130.json",
            "title": "OParl Sitzung",
            "publisher": "Castrop-Rauxel",
            "locator": "record https://castroprauxel.gremien.info/oparl/meeting/2026-B3-130; data.name, data.start, data.consultation",
            "retrievedAt": "2026-09-26T18:13:52.434Z",
            "sha256": "fc316816188a7951c8bc04315baff4efb7fa5497fec422fa8e1f2766fc7eee39",
            "snapshot": true,
            "licence": "unknown",
            "reuse": "facts_with_attribution"
          }
        ],
        "extraction": {
          "method": "structured"
        },
        "reviewState": "candidate",
        "asOf": "2026-09-25T00:00:00+02:00",
        "upstreamModified": "2026-09-25T00:00:00+02:00"
      }
    },
    {
      "type": "Feature",
      "geometry": null,
      "properties": {
        "id": "council:https%3A%2F%2Fcastroprauxel.gremien.info%2Foparl%2Fmeeting%2F2026-EUV-64",
        "version": "f29130523f26f5be03530456e8b5f14621b288dce4cae31902c3b207f4cdfa1f",
        "cityId": "castrop-rauxel",
        "kind": "council_meeting",
        "category": "Sitzung",
        "title": "Sitzung des Verwaltungsrates EUV",
        "statement": "Eine Sitzung mit dem Titel „Sitzung des Verwaltungsrates EUV“ ist für 2026-09-23T17:00:00+02:00 im Ratsinformationssystem verzeichnet. Tagesordnung und Beschlüsse sind anhand des Eintrags zu prüfen.",
        "status": "Sitzung verzeichnet",
        "startDate": "2026-09-23T17:00:00+02:00",
        "endDate": "2026-09-23T00:00:00+02:00",
        "nextStep": "Aktuelle Tagesordnung und Beschlüsse im Ratsinformationssystem prüfen.",
        "unknowns": [
          "Ob ein Beschluss gefasst wurde",
          "Genauer räumlicher Bezug"
        ],
        "scale": "city",
        "geometryPrecision": "none",
        "sources": [
          {
            "url": "https://castroprauxel.gremien.info/oparl/meeting/2026-EUV-64",
            "snapshotUrl": "https://castroprauxel.gremien.info/oparl/body/EUV/meeting",
            "title": "OParl Sitzung",
            "publisher": "Castrop-Rauxel",
            "locator": "record https://castroprauxel.gremien.info/oparl/meeting/2026-EUV-64; data.name, data.start, data.consultation",
            "retrievedAt": "2026-09-26T16:53:37.139Z",
            "sha256": "cedf8c3cf6ff840f543a63e185de1c1bc95191b419983a1e3f5dab70bfae8cef",
            "snapshot": true,
            "licence": "unknown",
            "reuse": "facts_with_attribution"
          },
          {
            "url": "https://castroprauxel.gremien.info/oparl/meeting/2026-EUV-64",
            "snapshotUrl": "https://github.com/komma-systems/ccf/blob/main/data/de/castrop-rauxel/meeting/castroprauxel_gremien_info_oparl_meeting_2026_EUV_64.json",
            "title": "OParl Sitzung",
            "publisher": "Castrop-Rauxel",
            "locator": "record https://castroprauxel.gremien.info/oparl/meeting/2026-EUV-64; data.name, data.start, data.consultation",
            "retrievedAt": "2026-09-26T18:13:52.435Z",
            "sha256": "3d8102558054082142261c49c67d117446ad3448374c3304da26646e1d399ece",
            "snapshot": true,
            "licence": "unknown",
            "reuse": "facts_with_attribution"
          }
        ],
        "extraction": {
          "method": "structured"
        },
        "reviewState": "candidate",
        "asOf": "2026-09-25T00:00:00+02:00",
        "upstreamModified": "2026-09-25T00:00:00+02:00"
      }
    },
    {
      "type": "Feature",
      "geometry": null,
      "properties": {
        "id": "council:https%3A%2F%2Fcastroprauxel.gremien.info%2Foparl%2Fmeeting%2F2026-EUV-65",
        "version": "36debb944eba409629be94549eb0b78ac5281222f20e98d3dcc9510cdb0ce8d9",
        "cityId": "castrop-rauxel",
        "kind": "council_meeting",
        "category": "Sitzung",
        "title": "Sitzung des Verwaltungsrates EUV",
        "statement": "Eine Sitzung mit dem Titel „Sitzung des Verwaltungsrates EUV“ ist für 2026-12-02T17:00:00+01:00 im Ratsinformationssystem verzeichnet. Tagesordnung und Beschlüsse sind anhand des Eintrags zu prüfen.",
        "status": "Sitzung verzeichnet",
        "startDate": "2026-12-02T17:00:00+01:00",
        "endDate": "2026-12-02T00:00:00+01:00",
        "nextStep": "Aktuelle Tagesordnung und Beschlüsse im Ratsinformationssystem prüfen.",
        "unknowns": [
          "Ob ein Beschluss gefasst wurde",
          "Genauer räumlicher Bezug"
        ],
        "scale": "city",
        "geometryPrecision": "none",
        "sources": [
          {
            "url": "https://castroprauxel.gremien.info/oparl/meeting/2026-EUV-65",
            "snapshotUrl": "https://castroprauxel.gremien.info/oparl/body/EUV/meeting",
            "title": "OParl Sitzung",
            "publisher": "Castrop-Rauxel",
            "locator": "record https://castroprauxel.gremien.info/oparl/meeting/2026-EUV-65; data.name, data.start, data.consultation",
            "retrievedAt": "2026-09-26T16:53:37.139Z",
            "sha256": "cedf8c3cf6ff840f543a63e185de1c1bc95191b419983a1e3f5dab70bfae8cef",
            "snapshot": true,
            "licence": "unknown",
            "reuse": "facts_with_attribution"
          },
          {
            "url": "https://castroprauxel.gremien.info/oparl/meeting/2026-EUV-65",
            "snapshotUrl": "https://github.com/komma-systems/ccf/blob/main/data/de/castrop-rauxel/meeting/castroprauxel_gremien_info_oparl_meeting_2026_EUV_65.json",
            "title": "OParl Sitzung",
            "publisher": "Castrop-Rauxel",
            "locator": "record https://castroprauxel.gremien.info/oparl/meeting/2026-EUV-65; data.name, data.start, data.consultation",
            "retrievedAt": "2026-09-26T18:13:52.434Z",
            "sha256": "2959ca9da5834dce59bbc4bfd6536fb8131c43c0d6fbffe35024973785fa9c99",
            "snapshot": true,
            "licence": "unknown",
            "reuse": "facts_with_attribution"
          }
        ],
        "extraction": {
          "method": "structured"
        },
        "reviewState": "candidate",
        "asOf": "2026-09-25T00:00:00+02:00",
        "upstreamModified": "2026-09-25T00:00:00+02:00"
      }
    },
    {
      "type": "Feature",
      "geometry": null,
      "properties": {
        "id": "council:https%3A%2F%2Fcastroprauxel.gremien.info%2Foparl%2Fmeeting%2F2026-HFA-139",
        "version": "37844619eb102e994387f3760c0e87dfaf10b8f8d8079697205be47ee7b832e7",
        "cityId": "castrop-rauxel",
        "kind": "council_meeting",
        "category": "Sitzung",
        "title": "Sitzung des Haupt- und Finanzausschusses",
        "statement": "Eine Sitzung mit dem Titel „Sitzung des Haupt- und Finanzausschusses“ ist für 2026-09-24T16:00:00+02:00 im Ratsinformationssystem verzeichnet. Tagesordnung und Beschlüsse sind anhand des Eintrags zu prüfen.",
        "status": "Sitzung verzeichnet",
        "startDate": "2026-09-24T16:00:00+02:00",
        "endDate": "2026-09-24T00:00:00+02:00",
        "nextStep": "Aktuelle Tagesordnung und Beschlüsse im Ratsinformationssystem prüfen.",
        "unknowns": [
          "Ob ein Beschluss gefasst wurde",
          "Genauer räumlicher Bezug"
        ],
        "scale": "city",
        "geometryPrecision": "none",
        "sources": [
          {
            "url": "https://castroprauxel.gremien.info/oparl/meeting/2026-HFA-139",
            "snapshotUrl": "https://castroprauxel.gremien.info/oparl/body/CAS/meeting",
            "title": "OParl Sitzung",
            "publisher": "Castrop-Rauxel",
            "locator": "record https://castroprauxel.gremien.info/oparl/meeting/2026-HFA-139; data.name, data.start, data.consultation",
            "retrievedAt": "2026-09-26T16:53:41.401Z",
            "sha256": "f32dfad52db6e0e379d98d651bb2b14ab383d6492f775da2cba9d4ae663a0902",
            "snapshot": true,
            "licence": "unknown",
            "reuse": "facts_with_attribution"
          },
          {
            "url": "https://castroprauxel.gremien.info/oparl/meeting/2026-HFA-139",
            "snapshotUrl": "https://github.com/komma-systems/ccf/blob/main/data/de/castrop-rauxel/meeting/castroprauxel_gremien_info_oparl_meeting_2026_HFA_139.json",
            "title": "OParl Sitzung",
            "publisher": "Castrop-Rauxel",
            "locator": "record https://castroprauxel.gremien.info/oparl/meeting/2026-HFA-139; data.name, data.start, data.consultation",
            "retrievedAt": "2026-09-26T18:13:52.434Z",
            "sha256": "f25afa77e0c0be5e6b6cc47a2fc67b999d0a0ee65d98cbe72d149cbc473a92ab",
            "snapshot": true,
            "licence": "unknown",
            "reuse": "facts_with_attribution"
          }
        ],
        "extraction": {
          "method": "structured"
        },
        "reviewState": "candidate",
        "asOf": "2026-09-25T00:00:00+02:00",
        "upstreamModified": "2026-09-25T00:00:00+02:00"
      }
    },
    {
      "type": "Feature",
      "geometry": null,
      "properties": {
        "id": "council:https%3A%2F%2Fcastroprauxel.gremien.info%2Foparl%2Fmeeting%2F2026-HFA-140",
        "version": "cd7d0d9bf134cd2405e927c9b2d660a1137af82fbbbfb3ee03e3f8e623242efd",
        "cityId": "castrop-rauxel",
        "kind": "council_meeting",
        "category": "Sitzung",
        "title": "Sitzung des Haupt- und Finanzausschusses",
        "statement": "Eine Sitzung mit dem Titel „Sitzung des Haupt- und Finanzausschusses“ ist für 2026-12-03T16:00:00+01:00 im Ratsinformationssystem verzeichnet. Tagesordnung und Beschlüsse sind anhand des Eintrags zu prüfen.",
        "status": "Sitzung verzeichnet",
        "startDate": "2026-12-03T16:00:00+01:00",
        "endDate": "2026-12-03T00:00:00+01:00",
        "nextStep": "Aktuelle Tagesordnung und Beschlüsse im Ratsinformationssystem prüfen.",
        "unknowns": [
          "Ob ein Beschluss gefasst wurde",
          "Genauer räumlicher Bezug"
        ],
        "scale": "city",
        "geometryPrecision": "none",
        "sources": [
          {
            "url": "https://castroprauxel.gremien.info/oparl/meeting/2026-HFA-140",
            "snapshotUrl": "https://castroprauxel.gremien.info/oparl/body/CAS/meeting",
            "title": "OParl Sitzung",
            "publisher": "Castrop-Rauxel",
            "locator": "record https://castroprauxel.gremien.info/oparl/meeting/2026-HFA-140; data.name, data.start, data.consultation",
            "retrievedAt": "2026-09-26T16:53:41.401Z",
            "sha256": "f32dfad52db6e0e379d98d651bb2b14ab383d6492f775da2cba9d4ae663a0902",
            "snapshot": true,
            "licence": "unknown",
            "reuse": "facts_with_attribution"
          },
          {
            "url": "https://castroprauxel.gremien.info/oparl/meeting/2026-HFA-140",
            "snapshotUrl": "https://github.com/komma-systems/ccf/blob/main/data/de/castrop-rauxel/meeting/castroprauxel_gremien_info_oparl_meeting_2026_HFA_140.json",
            "title": "OParl Sitzung",
            "publisher": "Castrop-Rauxel",
            "locator": "record https://castroprauxel.gremien.info/oparl/meeting/2026-HFA-140; data.name, data.start, data.consultation",
            "retrievedAt": "2026-09-26T18:13:52.434Z",
            "sha256": "173d9fe5996ff047b48d7c92a14cf3d4ffedaf89707207297f47a2ea1b29b097",
            "snapshot": true,
            "licence": "unknown",
            "reuse": "facts_with_attribution"
          }
        ],
        "extraction": {
          "method": "structured"
        },
        "reviewState": "candidate",
        "asOf": "2026-09-25T00:00:00+02:00",
        "upstreamModified": "2026-09-25T00:00:00+02:00"
      }
    },
    {
      "type": "Feature",
      "geometry": null,
      "properties": {
        "id": "council:https%3A%2F%2Fcastroprauxel.gremien.info%2Foparl%2Fmeeting%2F2026-JHA-111",
        "version": "e97b37fd12473ab97b11ea1518697c4ebdc6238c7a1b934e6431bbe484089886",
        "cityId": "castrop-rauxel",
        "kind": "council_meeting",
        "category": "Sitzung",
        "title": "Sitzung des Jugendhilfeausschusses",
        "statement": "Eine Sitzung mit dem Titel „Sitzung des Jugendhilfeausschusses“ ist für 2026-11-12T17:00:00+01:00 im Ratsinformationssystem verzeichnet. Tagesordnung und Beschlüsse sind anhand des Eintrags zu prüfen.",
        "status": "Sitzung verzeichnet",
        "startDate": "2026-11-12T17:00:00+01:00",
        "endDate": "2026-11-12T00:00:00+01:00",
        "nextStep": "Aktuelle Tagesordnung und Beschlüsse im Ratsinformationssystem prüfen.",
        "unknowns": [
          "Ob ein Beschluss gefasst wurde",
          "Genauer räumlicher Bezug"
        ],
        "scale": "city",
        "geometryPrecision": "none",
        "sources": [
          {
            "url": "https://castroprauxel.gremien.info/oparl/meeting/2026-JHA-111",
            "snapshotUrl": "https://castroprauxel.gremien.info/oparl/body/CAS/meeting",
            "title": "OParl Sitzung",
            "publisher": "Castrop-Rauxel",
            "locator": "record https://castroprauxel.gremien.info/oparl/meeting/2026-JHA-111; data.name, data.start, data.consultation",
            "retrievedAt": "2026-09-26T16:53:41.401Z",
            "sha256": "f32dfad52db6e0e379d98d651bb2b14ab383d6492f775da2cba9d4ae663a0902",
            "snapshot": true,
            "licence": "unknown",
            "reuse": "facts_with_attribution"
          },
          {
            "url": "https://castroprauxel.gremien.info/oparl/meeting/2026-JHA-111",
            "snapshotUrl": "https://github.com/komma-systems/ccf/blob/main/data/de/castrop-rauxel/meeting/castroprauxel_gremien_info_oparl_meeting_2026_JHA_111.json",
            "title": "OParl Sitzung",
            "publisher": "Castrop-Rauxel",
            "locator": "record https://castroprauxel.gremien.info/oparl/meeting/2026-JHA-111; data.name, data.start, data.consultation",
            "retrievedAt": "2026-09-26T18:13:52.434Z",
            "sha256": "f9ae3c8ead94e8f7851793ac804027b01de4a0ff69185284026be20c28266b1b",
            "snapshot": true,
            "licence": "unknown",
            "reuse": "facts_with_attribution"
          }
        ],
        "extraction": {
          "method": "structured"
        },
        "reviewState": "candidate",
        "asOf": "2026-09-25T00:00:00+02:00",
        "upstreamModified": "2026-09-25T00:00:00+02:00"
      }
    },
    {
      "type": "Feature",
      "geometry": null,
      "properties": {
        "id": "council:https%3A%2F%2Fcastroprauxel.gremien.info%2Foparl%2Fmeeting%2F2026-JHA-113",
        "version": "74f7a1ac0a295b72aec6eed56054e5e8833ecd3447d8275bffa36a23d94b4275",
        "cityId": "castrop-rauxel",
        "kind": "council_meeting",
        "category": "Sitzung",
        "title": "Sitzung des Jugendhilfeausschusses",
        "statement": "Eine Sitzung mit dem Titel „Sitzung des Jugendhilfeausschusses“ ist für 2026-10-01T17:00:00+02:00 im Ratsinformationssystem verzeichnet. Tagesordnung und Beschlüsse sind anhand des Eintrags zu prüfen.",
        "status": "Sitzung verzeichnet",
        "startDate": "2026-10-01T17:00:00+02:00",
        "endDate": "2026-10-01T00:00:00+02:00",
        "nextStep": "Aktuelle Tagesordnung und Beschlüsse im Ratsinformationssystem prüfen.",
        "unknowns": [
          "Ob ein Beschluss gefasst wurde",
          "Genauer räumlicher Bezug"
        ],
        "scale": "city",
        "geometryPrecision": "none",
        "sources": [
          {
            "url": "https://castroprauxel.gremien.info/oparl/meeting/2026-JHA-113",
            "snapshotUrl": "https://castroprauxel.gremien.info/oparl/body/CAS/meeting",
            "title": "OParl Sitzung",
            "publisher": "Castrop-Rauxel",
            "locator": "record https://castroprauxel.gremien.info/oparl/meeting/2026-JHA-113; data.name, data.start, data.consultation",
            "retrievedAt": "2026-09-26T16:53:41.401Z",
            "sha256": "f32dfad52db6e0e379d98d651bb2b14ab383d6492f775da2cba9d4ae663a0902",
            "snapshot": true,
            "licence": "unknown",
            "reuse": "facts_with_attribution"
          },
          {
            "url": "https://castroprauxel.gremien.info/oparl/meeting/2026-JHA-113",
            "snapshotUrl": "https://github.com/komma-systems/ccf/blob/main/data/de/castrop-rauxel/meeting/castroprauxel_gremien_info_oparl_meeting_2026_JHA_113.json",
            "title": "OParl Sitzung",
            "publisher": "Castrop-Rauxel",
            "locator": "record https://castroprauxel.gremien.info/oparl/meeting/2026-JHA-113; data.name, data.start, data.consultation",
            "retrievedAt": "2026-09-26T18:13:52.434Z",
            "sha256": "a8eaa645663056f3203a56986841abdad29611858db057a0200b1221cb3cf3b7",
            "snapshot": true,
            "licence": "unknown",
            "reuse": "facts_with_attribution"
          }
        ],
        "extraction": {
          "method": "structured"
        },
        "reviewState": "candidate",
        "asOf": "2026-09-25T00:00:00+02:00",
        "upstreamModified": "2026-09-25T00:00:00+02:00"
      }
    },
    {
      "type": "Feature",
      "geometry": null,
      "properties": {
        "id": "council:https%3A%2F%2Fcastroprauxel.gremien.info%2Foparl%2Fmeeting%2F2026-RAT-164",
        "version": "2e9342fbf7860518ebebfed929642e391430e7c4c3b96899921e3c595a8c5aff",
        "cityId": "castrop-rauxel",
        "kind": "council_meeting",
        "category": "Sitzung",
        "title": "Sitzung des Rates der Stadt",
        "statement": "Eine Sitzung mit dem Titel „Sitzung des Rates der Stadt“ ist für 2026-09-24T17:00:00+02:00 im Ratsinformationssystem verzeichnet. Tagesordnung und Beschlüsse sind anhand des Eintrags zu prüfen.",
        "status": "Sitzung verzeichnet",
        "startDate": "2026-09-24T17:00:00+02:00",
        "endDate": "2026-09-24T00:00:00+02:00",
        "nextStep": "Aktuelle Tagesordnung und Beschlüsse im Ratsinformationssystem prüfen.",
        "unknowns": [
          "Ob ein Beschluss gefasst wurde",
          "Genauer räumlicher Bezug"
        ],
        "scale": "city",
        "geometryPrecision": "none",
        "sources": [
          {
            "url": "https://castroprauxel.gremien.info/oparl/meeting/2026-RAT-164",
            "snapshotUrl": "https://castroprauxel.gremien.info/oparl/body/CAS/meeting",
            "title": "OParl Sitzung",
            "publisher": "Castrop-Rauxel",
            "locator": "record https://castroprauxel.gremien.info/oparl/meeting/2026-RAT-164; data.name, data.start, data.consultation",
            "retrievedAt": "2026-09-26T16:53:41.401Z",
            "sha256": "f32dfad52db6e0e379d98d651bb2b14ab383d6492f775da2cba9d4ae663a0902",
            "snapshot": true,
            "licence": "unknown",
            "reuse": "facts_with_attribution"
          },
          {
            "url": "https://castroprauxel.gremien.info/oparl/meeting/2026-RAT-164",
            "snapshotUrl": "https://github.com/komma-systems/ccf/blob/main/data/de/castrop-rauxel/meeting/castroprauxel_gremien_info_oparl_meeting_2026_RAT_164.json",
            "title": "OParl Sitzung",
            "publisher": "Castrop-Rauxel",
            "locator": "record https://castroprauxel.gremien.info/oparl/meeting/2026-RAT-164; data.name, data.start, data.consultation",
            "retrievedAt": "2026-09-26T18:13:52.434Z",
            "sha256": "4faf43a79825398b4f2f93511d5527a2b369545b98cd30f5fc27957f9c32c3ea",
            "snapshot": true,
            "licence": "unknown",
            "reuse": "facts_with_attribution"
          }
        ],
        "extraction": {
          "method": "structured"
        },
        "reviewState": "candidate",
        "asOf": "2026-09-25T00:00:00+02:00",
        "upstreamModified": "2026-09-25T00:00:00+02:00"
      }
    },
    {
      "type": "Feature",
      "geometry": null,
      "properties": {
        "id": "council:https%3A%2F%2Fcastroprauxel.gremien.info%2Foparl%2Fmeeting%2F2026-RAT-165",
        "version": "12495a09df9c5865c95837a20221da28fe21f948f2417d62a5831d89709b20dc",
        "cityId": "castrop-rauxel",
        "kind": "council_meeting",
        "category": "Sitzung",
        "title": "Sondersitzung des Rates der Stadt",
        "statement": "Eine Sitzung mit dem Titel „Sondersitzung des Rates der Stadt“ ist für 2026-10-15T17:00:00+02:00 im Ratsinformationssystem verzeichnet. Tagesordnung und Beschlüsse sind anhand des Eintrags zu prüfen.",
        "status": "Sitzung verzeichnet",
        "startDate": "2026-10-15T17:00:00+02:00",
        "endDate": "2026-10-15T00:00:00+02:00",
        "nextStep": "Aktuelle Tagesordnung und Beschlüsse im Ratsinformationssystem prüfen.",
        "unknowns": [
          "Ob ein Beschluss gefasst wurde",
          "Genauer räumlicher Bezug"
        ],
        "scale": "city",
        "geometryPrecision": "none",
        "sources": [
          {
            "url": "https://castroprauxel.gremien.info/oparl/meeting/2026-RAT-165",
            "snapshotUrl": "https://castroprauxel.gremien.info/oparl/body/CAS/meeting",
            "title": "OParl Sitzung",
            "publisher": "Castrop-Rauxel",
            "locator": "record https://castroprauxel.gremien.info/oparl/meeting/2026-RAT-165; data.name, data.start, data.consultation",
            "retrievedAt": "2026-09-26T16:53:41.401Z",
            "sha256": "f32dfad52db6e0e379d98d651bb2b14ab383d6492f775da2cba9d4ae663a0902",
            "snapshot": true,
            "licence": "unknown",
            "reuse": "facts_with_attribution"
          },
          {
            "url": "https://castroprauxel.gremien.info/oparl/meeting/2026-RAT-165",
            "snapshotUrl": "https://github.com/komma-systems/ccf/blob/main/data/de/castrop-rauxel/meeting/castroprauxel_gremien_info_oparl_meeting_2026_RAT_165.json",
            "title": "OParl Sitzung",
            "publisher": "Castrop-Rauxel",
            "locator": "record https://castroprauxel.gremien.info/oparl/meeting/2026-RAT-165; data.name, data.start, data.consultation",
            "retrievedAt": "2026-09-26T18:13:52.434Z",
            "sha256": "c2c08556726a4332c724d0ac2f5989c71064a16e8230c594ab310ccc36c001b1",
            "snapshot": true,
            "licence": "unknown",
            "reuse": "facts_with_attribution"
          }
        ],
        "extraction": {
          "method": "structured"
        },
        "reviewState": "candidate",
        "asOf": "2026-09-25T00:00:00+02:00",
        "upstreamModified": "2026-09-25T00:00:00+02:00"
      }
    },
    {
      "type": "Feature",
      "geometry": null,
      "properties": {
        "id": "council:https%3A%2F%2Fcastroprauxel.gremien.info%2Foparl%2Fmeeting%2F2026-RAT-166",
        "version": "e652112cc47214e539db2e9b6c05c0a9b651fef8219a5fb0fd1b450696d03d5d",
        "cityId": "castrop-rauxel",
        "kind": "council_meeting",
        "category": "Sitzung",
        "title": "Sitzung des Rates der Stadt",
        "statement": "Eine Sitzung mit dem Titel „Sitzung des Rates der Stadt“ ist für 2026-12-03T17:00:00+01:00 im Ratsinformationssystem verzeichnet. Tagesordnung und Beschlüsse sind anhand des Eintrags zu prüfen.",
        "status": "Sitzung verzeichnet",
        "startDate": "2026-12-03T17:00:00+01:00",
        "endDate": "2026-12-03T00:00:00+01:00",
        "nextStep": "Aktuelle Tagesordnung und Beschlüsse im Ratsinformationssystem prüfen.",
        "unknowns": [
          "Ob ein Beschluss gefasst wurde",
          "Genauer räumlicher Bezug"
        ],
        "scale": "city",
        "geometryPrecision": "none",
        "sources": [
          {
            "url": "https://castroprauxel.gremien.info/oparl/meeting/2026-RAT-166",
            "snapshotUrl": "https://castroprauxel.gremien.info/oparl/body/CAS/meeting",
            "title": "OParl Sitzung",
            "publisher": "Castrop-Rauxel",
            "locator": "record https://castroprauxel.gremien.info/oparl/meeting/2026-RAT-166; data.name, data.start, data.consultation",
            "retrievedAt": "2026-09-26T16:53:41.401Z",
            "sha256": "f32dfad52db6e0e379d98d651bb2b14ab383d6492f775da2cba9d4ae663a0902",
            "snapshot": true,
            "licence": "unknown",
            "reuse": "facts_with_attribution"
          },
          {
            "url": "https://castroprauxel.gremien.info/oparl/meeting/2026-RAT-166",
            "snapshotUrl": "https://github.com/komma-systems/ccf/blob/main/data/de/castrop-rauxel/meeting/castroprauxel_gremien_info_oparl_meeting_2026_RAT_166.json",
            "title": "OParl Sitzung",
            "publisher": "Castrop-Rauxel",
            "locator": "record https://castroprauxel.gremien.info/oparl/meeting/2026-RAT-166; data.name, data.start, data.consultation",
            "retrievedAt": "2026-09-26T18:13:52.434Z",
            "sha256": "e228d140abdfbc4f79dbc6d0fe2ac79dfda563629ebd67f4ba7c62dd029019d9",
            "snapshot": true,
            "licence": "unknown",
            "reuse": "facts_with_attribution"
          }
        ],
        "extraction": {
          "method": "structured"
        },
        "reviewState": "candidate",
        "asOf": "2026-09-25T00:00:00+02:00",
        "upstreamModified": "2026-09-25T00:00:00+02:00"
      }
    },
    {
      "type": "Feature",
      "geometry": null,
      "properties": {
        "id": "council:https%3A%2F%2Fcastroprauxel.gremien.info%2Foparl%2Fmeeting%2F2026-RPA-52",
        "version": "0e1e21fd27434e0cc9faa7ddf5e0f48a2b03cfe9f63b5412c99e6ab8352e892c",
        "cityId": "castrop-rauxel",
        "kind": "council_meeting",
        "category": "Sitzung",
        "title": "Sitzung des Rechnungsprüfungsausschusses",
        "statement": "Eine Sitzung mit dem Titel „Sitzung des Rechnungsprüfungsausschusses“ ist für 2026-11-19T17:30:00+01:00 im Ratsinformationssystem verzeichnet. Tagesordnung und Beschlüsse sind anhand des Eintrags zu prüfen.",
        "status": "Sitzung verzeichnet",
        "startDate": "2026-11-19T17:30:00+01:00",
        "endDate": "2026-11-19T00:00:00+01:00",
        "nextStep": "Aktuelle Tagesordnung und Beschlüsse im Ratsinformationssystem prüfen.",
        "unknowns": [
          "Ob ein Beschluss gefasst wurde",
          "Genauer räumlicher Bezug"
        ],
        "scale": "city",
        "geometryPrecision": "none",
        "sources": [
          {
            "url": "https://castroprauxel.gremien.info/oparl/meeting/2026-RPA-52",
            "snapshotUrl": "https://castroprauxel.gremien.info/oparl/body/CAS/meeting",
            "title": "OParl Sitzung",
            "publisher": "Castrop-Rauxel",
            "locator": "record https://castroprauxel.gremien.info/oparl/meeting/2026-RPA-52; data.name, data.start, data.consultation",
            "retrievedAt": "2026-09-26T16:53:41.401Z",
            "sha256": "f32dfad52db6e0e379d98d651bb2b14ab383d6492f775da2cba9d4ae663a0902",
            "snapshot": true,
            "licence": "unknown",
            "reuse": "facts_with_attribution"
          },
          {
            "url": "https://castroprauxel.gremien.info/oparl/meeting/2026-RPA-52",
            "snapshotUrl": "https://github.com/komma-systems/ccf/blob/main/data/de/castrop-rauxel/meeting/castroprauxel_gremien_info_oparl_meeting_2026_RPA_52.json",
            "title": "OParl Sitzung",
            "publisher": "Castrop-Rauxel",
            "locator": "record https://castroprauxel.gremien.info/oparl/meeting/2026-RPA-52; data.name, data.start, data.consultation",
            "retrievedAt": "2026-09-26T18:13:52.434Z",
            "sha256": "6b3104df689324a774d6833301a95a595ed77c8470903cbf0f2713bb1acf1c4a",
            "snapshot": true,
            "licence": "unknown",
            "reuse": "facts_with_attribution"
          }
        ],
        "extraction": {
          "method": "structured"
        },
        "reviewState": "candidate",
        "asOf": "2026-09-25T00:00:00+02:00",
        "upstreamModified": "2026-09-25T00:00:00+02:00"
      }
    },
    {
      "type": "Feature",
      "geometry": {
        "type": "Point",
        "coordinates": [
          7.3096149,
          51.5487363
        ]
      },
      "properties": {
        "id": "osm:node-1042589237",
        "version": "33f837b24234956991bd22995655132c0624cfca6a9929adc5c7b368798baaf5",
        "cityId": "castrop-rauxel",
        "kind": "place",
        "category": "library",
        "title": "Stadtbibliothek Castrop-Rauxel",
        "statement": "Stadtbibliothek Castrop-Rauxel ist in OpenStreetMap als library eingetragen. Öffnungszeiten in OSM eingetragen; nicht unabhängig bestätigt.",
        "status": "OSM-Eintrag, nicht offiziell geprüft",
        "startDate": null,
        "endDate": null,
        "nextStep": "Aktuelle Angaben direkt beim Ort prüfen.",
        "unknowns": [
          "Aktueller Betrieb und tatsächliche Öffnungszeiten"
        ],
        "scale": "street",
        "geometryPrecision": "exact",
        "sources": [
          {
            "url": "https://www.openstreetmap.org/node/1042589237",
            "snapshotUrl": "https://overpass-api.de/api/interpreter",
            "title": "OpenStreetMap contributors",
            "publisher": "OpenStreetMap contributors",
            "locator": "node/1042589237; tags.name, tags.amenity",
            "retrievedAt": "2026-09-26T17:19:44.197Z",
            "sha256": "df7ea59d133b93f6c475c88d251a6d3c455ea234106e397ba0aa310807c048de",
            "snapshot": true,
            "licence": "ODbL 1.0",
            "reuse": "open_licence"
          }
        ],
        "extraction": {
          "method": "structured"
        },
        "reviewState": "candidate",
        "asOf": "2026-09-26T17:19:44.197Z"
      }
    },
    {
      "type": "Feature",
      "geometry": {
        "type": "Point",
        "coordinates": [
          7.3389809,
          51.5915584
        ]
      },
      "properties": {
        "id": "osm:node-10578917027",
        "version": "753820781d21ccb63ab28330ad0efb8c43c068c439dc904766a7a4b3c05fd0d9",
        "cityId": "castrop-rauxel",
        "kind": "place",
        "category": "doctors",
        "title": "Thoralf Sann &Sabine Schwarzer",
        "statement": "Thoralf Sann &Sabine Schwarzer ist in OpenStreetMap als doctors eingetragen. Betrieb und Öffnungszeiten nicht geprüft.",
        "status": "OSM-Eintrag, nicht offiziell geprüft",
        "startDate": null,
        "endDate": null,
        "nextStep": "Aktuelle Angaben direkt beim Ort prüfen.",
        "unknowns": [
          "Aktueller Betrieb und tatsächliche Öffnungszeiten"
        ],
        "scale": "street",
        "geometryPrecision": "exact",
        "sources": [
          {
            "url": "https://www.openstreetmap.org/node/10578917027",
            "snapshotUrl": "https://overpass-api.de/api/interpreter",
            "title": "OpenStreetMap contributors",
            "publisher": "OpenStreetMap contributors",
            "locator": "node/10578917027; tags.name, tags.amenity",
            "retrievedAt": "2026-09-26T17:19:44.197Z",
            "sha256": "df7ea59d133b93f6c475c88d251a6d3c455ea234106e397ba0aa310807c048de",
            "snapshot": true,
            "licence": "ODbL 1.0",
            "reuse": "open_licence"
          }
        ],
        "extraction": {
          "method": "structured"
        },
        "reviewState": "candidate",
        "asOf": "2026-09-26T17:19:44.197Z"
      }
    },
    {
      "type": "Feature",
      "geometry": {
        "type": "Point",
        "coordinates": [
          7.315304,
          51.5509327
        ]
      },
      "properties": {
        "id": "osm:node-11405466617",
        "version": "3d1fa308352e99c031b12c57b51d7544d32103c2028e11b88d056b27318cae47",
        "cityId": "castrop-rauxel",
        "kind": "place",
        "category": "yoga",
        "title": "LoveYogaLove",
        "statement": "LoveYogaLove ist in OpenStreetMap als yoga eingetragen. Betrieb und Öffnungszeiten nicht geprüft.",
        "status": "OSM-Eintrag, nicht offiziell geprüft",
        "startDate": null,
        "endDate": null,
        "nextStep": "Aktuelle Angaben direkt beim Ort prüfen.",
        "unknowns": [
          "Aktueller Betrieb und tatsächliche Öffnungszeiten"
        ],
        "scale": "street",
        "geometryPrecision": "exact",
        "sources": [
          {
            "url": "https://www.openstreetmap.org/node/11405466617",
            "snapshotUrl": "https://overpass-api.de/api/interpreter",
            "title": "OpenStreetMap contributors",
            "publisher": "OpenStreetMap contributors",
            "locator": "node/11405466617; tags.name, tags.sport",
            "retrievedAt": "2026-09-26T17:19:44.197Z",
            "sha256": "df7ea59d133b93f6c475c88d251a6d3c455ea234106e397ba0aa310807c048de",
            "snapshot": true,
            "licence": "ODbL 1.0",
            "reuse": "open_licence"
          }
        ],
        "extraction": {
          "method": "structured"
        },
        "reviewState": "candidate",
        "asOf": "2026-09-26T17:19:44.197Z"
      }
    },
    {
      "type": "Feature",
      "geometry": {
        "type": "Point",
        "coordinates": [
          7.30815,
          51.5812681
        ]
      },
      "properties": {
        "id": "osm:node-11409377311",
        "version": "40dc75c92a78039e65fe92880b108fb539bcb0a481c5a56ba926a8bc96c9eef2",
        "cityId": "castrop-rauxel",
        "kind": "place",
        "category": "pharmacy",
        "title": "Apotheke Scheibner",
        "statement": "Apotheke Scheibner ist in OpenStreetMap als pharmacy eingetragen. Öffnungszeiten in OSM eingetragen; nicht unabhängig bestätigt.",
        "status": "OSM-Eintrag, nicht offiziell geprüft",
        "startDate": null,
        "endDate": null,
        "nextStep": "Aktuelle Angaben direkt beim Ort prüfen.",
        "unknowns": [
          "Aktueller Betrieb und tatsächliche Öffnungszeiten"
        ],
        "scale": "street",
        "geometryPrecision": "exact",
        "sources": [
          {
            "url": "https://www.openstreetmap.org/node/11409377311",
            "snapshotUrl": "https://overpass-api.de/api/interpreter",
            "title": "OpenStreetMap contributors",
            "publisher": "OpenStreetMap contributors",
            "locator": "node/11409377311; tags.name, tags.amenity",
            "retrievedAt": "2026-09-26T17:19:44.197Z",
            "sha256": "df7ea59d133b93f6c475c88d251a6d3c455ea234106e397ba0aa310807c048de",
            "snapshot": true,
            "licence": "ODbL 1.0",
            "reuse": "open_licence"
          }
        ],
        "extraction": {
          "method": "structured"
        },
        "reviewState": "candidate",
        "asOf": "2026-09-26T17:19:44.197Z"
      }
    },
    {
      "type": "Feature",
      "geometry": {
        "type": "Point",
        "coordinates": [
          7.307799,
          51.5806116
        ]
      },
      "properties": {
        "id": "osm:node-11409443118",
        "version": "8ed042cf6c8dd329fd0a337561ec6cd974d8fe1b4dcb73f909919a8eca56d090",
        "cityId": "castrop-rauxel",
        "kind": "place",
        "category": "supermarket",
        "title": "Globus",
        "statement": "Globus ist in OpenStreetMap als supermarket eingetragen. Öffnungszeiten in OSM eingetragen; nicht unabhängig bestätigt.",
        "status": "OSM-Eintrag, nicht offiziell geprüft",
        "startDate": null,
        "endDate": null,
        "nextStep": "Aktuelle Angaben direkt beim Ort prüfen.",
        "unknowns": [
          "Aktueller Betrieb und tatsächliche Öffnungszeiten"
        ],
        "scale": "street",
        "geometryPrecision": "exact",
        "sources": [
          {
            "url": "https://www.openstreetmap.org/node/11409443118",
            "snapshotUrl": "https://overpass-api.de/api/interpreter",
            "title": "OpenStreetMap contributors",
            "publisher": "OpenStreetMap contributors",
            "locator": "node/11409443118; tags.name, tags.shop",
            "retrievedAt": "2026-09-26T17:19:44.197Z",
            "sha256": "df7ea59d133b93f6c475c88d251a6d3c455ea234106e397ba0aa310807c048de",
            "snapshot": true,
            "licence": "ODbL 1.0",
            "reuse": "open_licence"
          },
          {
            "url": "https://www.openstreetmap.org/way/62051172",
            "snapshotUrl": "https://overpass-api.de/api/interpreter",
            "title": "OpenStreetMap contributors",
            "publisher": "OpenStreetMap contributors",
            "locator": "way/62051172; tags.name, tags.shop",
            "retrievedAt": "2026-09-26T17:19:44.197Z",
            "sha256": "df7ea59d133b93f6c475c88d251a6d3c455ea234106e397ba0aa310807c048de",
            "snapshot": true,
            "licence": "ODbL 1.0",
            "reuse": "open_licence"
          }
        ],
        "extraction": {
          "method": "structured"
        },
        "reviewState": "candidate",
        "asOf": "2026-09-26T17:19:44.197Z"
      }
    },
    {
      "type": "Feature",
      "geometry": {
        "type": "Point",
        "coordinates": [
          7.3066708,
          51.6043905
        ]
      },
      "properties": {
        "id": "osm:node-11835596934",
        "version": "63c74b06d0d889e36686b9edb222385f2a52a73904411d7913a50485b20a593a",
        "cityId": "castrop-rauxel",
        "kind": "place",
        "category": "sport",
        "title": "Freie Kanufahrer Rauxel (Verein)",
        "statement": "Freie Kanufahrer Rauxel (Verein) ist in OpenStreetMap als sport eingetragen. Betrieb und Öffnungszeiten nicht geprüft.",
        "status": "OSM-Eintrag, nicht offiziell geprüft",
        "startDate": null,
        "endDate": null,
        "nextStep": "Aktuelle Angaben direkt beim Ort prüfen.",
        "unknowns": [
          "Aktueller Betrieb und tatsächliche Öffnungszeiten"
        ],
        "scale": "street",
        "geometryPrecision": "exact",
        "sources": [
          {
            "url": "https://www.openstreetmap.org/node/11835596934",
            "snapshotUrl": "https://overpass-api.de/api/interpreter",
            "title": "OpenStreetMap contributors",
            "publisher": "OpenStreetMap contributors",
            "locator": "node/11835596934; tags.name, tags.club",
            "retrievedAt": "2026-09-26T17:19:44.197Z",
            "sha256": "df7ea59d133b93f6c475c88d251a6d3c455ea234106e397ba0aa310807c048de",
            "snapshot": true,
            "licence": "ODbL 1.0",
            "reuse": "open_licence"
          }
        ],
        "extraction": {
          "method": "structured"
        },
        "reviewState": "candidate",
        "asOf": "2026-09-26T17:19:44.197Z"
      }
    },
    {
      "type": "Feature",
      "geometry": {
        "type": "Point",
        "coordinates": [
          7.303947,
          51.5726243
        ]
      },
      "properties": {
        "id": "osm:node-12511885101",
        "version": "f863866c52d743cc9b111d546bf3c1266bae3a5f6cab5ce2ed81233e6e3ff1e6",
        "cityId": "castrop-rauxel",
        "kind": "place",
        "category": "school",
        "title": "VITA-GUARD Rettungsschule",
        "statement": "VITA-GUARD Rettungsschule ist in OpenStreetMap als school eingetragen. Öffnungszeiten in OSM eingetragen; nicht unabhängig bestätigt.",
        "status": "OSM-Eintrag, nicht offiziell geprüft",
        "startDate": null,
        "endDate": null,
        "nextStep": "Aktuelle Angaben direkt beim Ort prüfen.",
        "unknowns": [
          "Aktueller Betrieb und tatsächliche Öffnungszeiten"
        ],
        "scale": "street",
        "geometryPrecision": "exact",
        "sources": [
          {
            "url": "https://www.openstreetmap.org/node/12511885101",
            "snapshotUrl": "https://overpass-api.de/api/interpreter",
            "title": "OpenStreetMap contributors",
            "publisher": "OpenStreetMap contributors",
            "locator": "node/12511885101; tags.name, tags.amenity",
            "retrievedAt": "2026-09-26T17:19:44.197Z",
            "sha256": "df7ea59d133b93f6c475c88d251a6d3c455ea234106e397ba0aa310807c048de",
            "snapshot": true,
            "licence": "ODbL 1.0",
            "reuse": "open_licence"
          }
        ],
        "extraction": {
          "method": "structured"
        },
        "reviewState": "candidate",
        "asOf": "2026-09-26T17:19:44.197Z"
      }
    },
    {
      "type": "Feature",
      "geometry": {
        "type": "Point",
        "coordinates": [
          7.3045062,
          51.571389
        ]
      },
      "properties": {
        "id": "osm:node-12511898001",
        "version": "0569b544dba2f50f1b8f1c6a51cb0d411f47b721e36ccd026b2092986aa5e249",
        "cityId": "castrop-rauxel",
        "kind": "place",
        "category": "kindergarten",
        "title": "Kath. Familienzentrum St. Hildegard (Herz Jesu)",
        "statement": "Kath. Familienzentrum St. Hildegard (Herz Jesu) ist in OpenStreetMap als kindergarten eingetragen. Öffnungszeiten in OSM eingetragen; nicht unabhängig bestätigt.",
        "status": "OSM-Eintrag, nicht offiziell geprüft",
        "startDate": null,
        "endDate": null,
        "nextStep": "Aktuelle Angaben direkt beim Ort prüfen.",
        "unknowns": [
          "Aktueller Betrieb und tatsächliche Öffnungszeiten"
        ],
        "scale": "street",
        "geometryPrecision": "exact",
        "sources": [
          {
            "url": "https://www.openstreetmap.org/node/12511898001",
            "snapshotUrl": "https://overpass-api.de/api/interpreter",
            "title": "OpenStreetMap contributors",
            "publisher": "OpenStreetMap contributors",
            "locator": "node/12511898001; tags.name, tags.amenity",
            "retrievedAt": "2026-09-26T17:19:44.197Z",
            "sha256": "df7ea59d133b93f6c475c88d251a6d3c455ea234106e397ba0aa310807c048de",
            "snapshot": true,
            "licence": "ODbL 1.0",
            "reuse": "open_licence"
          }
        ],
        "extraction": {
          "method": "structured"
        },
        "reviewState": "candidate",
        "asOf": "2026-09-26T17:19:44.197Z"
      }
    },
    {
      "type": "Feature",
      "geometry": {
        "type": "Point",
        "coordinates": [
          7.3117067,
          51.5845277
        ]
      },
      "properties": {
        "id": "osm:node-13026688901",
        "version": "982e1524ae0261deb7ebb702de83e7a363f0808ca5dd375c039b24fa027fdf5e",
        "cityId": "castrop-rauxel",
        "kind": "place",
        "category": "supermarket",
        "title": "Mesogios - Griechische Lebensmittel",
        "statement": "Mesogios - Griechische Lebensmittel ist in OpenStreetMap als supermarket eingetragen. Öffnungszeiten in OSM eingetragen; nicht unabhängig bestätigt.",
        "status": "OSM-Eintrag, nicht offiziell geprüft",
        "startDate": null,
        "endDate": null,
        "nextStep": "Aktuelle Angaben direkt beim Ort prüfen.",
        "unknowns": [
          "Aktueller Betrieb und tatsächliche Öffnungszeiten"
        ],
        "scale": "street",
        "geometryPrecision": "exact",
        "sources": [
          {
            "url": "https://www.openstreetmap.org/node/13026688901",
            "snapshotUrl": "https://overpass-api.de/api/interpreter",
            "title": "OpenStreetMap contributors",
            "publisher": "OpenStreetMap contributors",
            "locator": "node/13026688901; tags.name, tags.shop",
            "retrievedAt": "2026-09-26T17:19:44.197Z",
            "sha256": "df7ea59d133b93f6c475c88d251a6d3c455ea234106e397ba0aa310807c048de",
            "snapshot": true,
            "licence": "ODbL 1.0",
            "reuse": "open_licence"
          }
        ],
        "extraction": {
          "method": "structured"
        },
        "reviewState": "candidate",
        "asOf": "2026-09-26T17:19:44.197Z"
      }
    },
    {
      "type": "Feature",
      "geometry": {
        "type": "Point",
        "coordinates": [
          7.3178836,
          51.5263668
        ]
      },
      "properties": {
        "id": "osm:node-13100676846",
        "version": "5355ff23bb561a131894f2c59efc30670ddea241c976b891c0e9ef915bc9ea33",
        "cityId": "castrop-rauxel",
        "kind": "place",
        "category": "soccer",
        "title": "Bolzplatz Dinnendahlstraße",
        "statement": "Bolzplatz Dinnendahlstraße ist in OpenStreetMap als soccer eingetragen. Betrieb und Öffnungszeiten nicht geprüft.",
        "status": "OSM-Eintrag, nicht offiziell geprüft",
        "startDate": null,
        "endDate": null,
        "nextStep": "Aktuelle Angaben direkt beim Ort prüfen.",
        "unknowns": [
          "Aktueller Betrieb und tatsächliche Öffnungszeiten"
        ],
        "scale": "street",
        "geometryPrecision": "exact",
        "sources": [
          {
            "url": "https://www.openstreetmap.org/node/13100676846",
            "snapshotUrl": "https://overpass-api.de/api/interpreter",
            "title": "OpenStreetMap contributors",
            "publisher": "OpenStreetMap contributors",
            "locator": "node/13100676846; tags.name, tags.sport",
            "retrievedAt": "2026-09-26T17:19:44.197Z",
            "sha256": "df7ea59d133b93f6c475c88d251a6d3c455ea234106e397ba0aa310807c048de",
            "snapshot": true,
            "licence": "ODbL 1.0",
            "reuse": "open_licence"
          }
        ],
        "extraction": {
          "method": "structured"
        },
        "reviewState": "candidate",
        "asOf": "2026-09-26T17:19:44.197Z"
      }
    },
    {
      "type": "Feature",
      "geometry": {
        "type": "Point",
        "coordinates": [
          7.3109004,
          51.5470308
        ]
      },
      "properties": {
        "id": "osm:node-13374101837",
        "version": "8adbf389864a4014adf99787fb8756489332b7d3930fa9b4a8cad75622e8f7bc",
        "cityId": "castrop-rauxel",
        "kind": "place",
        "category": "doctors",
        "title": "Praxis für Dermatologie und Allergologie",
        "statement": "Praxis für Dermatologie und Allergologie ist in OpenStreetMap als doctors eingetragen. Öffnungszeiten in OSM eingetragen; nicht unabhängig bestätigt.",
        "status": "OSM-Eintrag, nicht offiziell geprüft",
        "startDate": null,
        "endDate": null,
        "nextStep": "Aktuelle Angaben direkt beim Ort prüfen.",
        "unknowns": [
          "Aktueller Betrieb und tatsächliche Öffnungszeiten"
        ],
        "scale": "street",
        "geometryPrecision": "exact",
        "sources": [
          {
            "url": "https://www.openstreetmap.org/node/13374101837",
            "snapshotUrl": "https://overpass-api.de/api/interpreter",
            "title": "OpenStreetMap contributors",
            "publisher": "OpenStreetMap contributors",
            "locator": "node/13374101837; tags.name, tags.amenity",
            "retrievedAt": "2026-09-26T17:19:44.197Z",
            "sha256": "df7ea59d133b93f6c475c88d251a6d3c455ea234106e397ba0aa310807c048de",
            "snapshot": true,
            "licence": "ODbL 1.0",
            "reuse": "open_licence"
          }
        ],
        "extraction": {
          "method": "structured"
        },
        "reviewState": "candidate",
        "asOf": "2026-09-26T17:19:44.197Z"
      }
    },
    {
      "type": "Feature",
      "geometry": {
        "type": "Point",
        "coordinates": [
          7.3182946,
          51.5473575
        ]
      },
      "properties": {
        "id": "osm:node-13439796759",
        "version": "f207fbd630113fcdf6d7f78c77ffa383ab2cc261af1470b34e255a500500605e",
        "cityId": "castrop-rauxel",
        "kind": "place",
        "category": "bakery",
        "title": "BÜSCH",
        "statement": "BÜSCH ist in OpenStreetMap als bakery eingetragen. Betrieb und Öffnungszeiten nicht geprüft.",
        "status": "OSM-Eintrag, nicht offiziell geprüft",
        "startDate": null,
        "endDate": null,
        "nextStep": "Aktuelle Angaben direkt beim Ort prüfen.",
        "unknowns": [
          "Aktueller Betrieb und tatsächliche Öffnungszeiten"
        ],
        "scale": "street",
        "geometryPrecision": "exact",
        "sources": [
          {
            "url": "https://www.openstreetmap.org/node/13439796759",
            "snapshotUrl": "https://overpass-api.de/api/interpreter",
            "title": "OpenStreetMap contributors",
            "publisher": "OpenStreetMap contributors",
            "locator": "node/13439796759; tags.name, tags.shop",
            "retrievedAt": "2026-09-26T17:19:44.197Z",
            "sha256": "df7ea59d133b93f6c475c88d251a6d3c455ea234106e397ba0aa310807c048de",
            "snapshot": true,
            "licence": "ODbL 1.0",
            "reuse": "open_licence"
          }
        ],
        "extraction": {
          "method": "structured"
        },
        "reviewState": "candidate",
        "asOf": "2026-09-26T17:19:44.197Z"
      }
    },
    {
      "type": "Feature",
      "geometry": {
        "type": "Point",
        "coordinates": [
          7.3313796,
          51.5413175
        ]
      },
      "properties": {
        "id": "osm:node-14101948152",
        "version": "6bef02ff0805fd196f90881f02d8d07680a83279c0092047f596f07c7d037e77",
        "cityId": "castrop-rauxel",
        "kind": "place",
        "category": "community_centre",
        "title": "Cafe Frosch",
        "statement": "Cafe Frosch ist in OpenStreetMap als community_centre eingetragen. Betrieb und Öffnungszeiten nicht geprüft.",
        "status": "OSM-Eintrag, nicht offiziell geprüft",
        "startDate": null,
        "endDate": null,
        "nextStep": "Aktuelle Angaben direkt beim Ort prüfen.",
        "unknowns": [
          "Aktueller Betrieb und tatsächliche Öffnungszeiten"
        ],
        "scale": "street",
        "geometryPrecision": "exact",
        "sources": [
          {
            "url": "https://www.openstreetmap.org/node/14101948152",
            "snapshotUrl": "https://overpass-api.de/api/interpreter",
            "title": "OpenStreetMap contributors",
            "publisher": "OpenStreetMap contributors",
            "locator": "node/14101948152; tags.name, tags.amenity",
            "retrievedAt": "2026-09-26T17:19:44.197Z",
            "sha256": "df7ea59d133b93f6c475c88d251a6d3c455ea234106e397ba0aa310807c048de",
            "snapshot": true,
            "licence": "ODbL 1.0",
            "reuse": "open_licence"
          }
        ],
        "extraction": {
          "method": "structured"
        },
        "reviewState": "candidate",
        "asOf": "2026-09-26T17:19:44.197Z"
      }
    },
    {
      "type": "Feature",
      "geometry": {
        "type": "Point",
        "coordinates": [
          7.3352128,
          51.5420379
        ]
      },
      "properties": {
        "id": "osm:node-1473177634",
        "version": "65d66374eac3667631b087a5f7f4f219c61731caeb88837c2b40253fe9d986e4",
        "cityId": "castrop-rauxel",
        "kind": "place",
        "category": "supermarket",
        "title": "Lidl",
        "statement": "Lidl ist in OpenStreetMap als supermarket eingetragen. Öffnungszeiten in OSM eingetragen; nicht unabhängig bestätigt.",
        "status": "OSM-Eintrag, nicht offiziell geprüft",
        "startDate": null,
        "endDate": null,
        "nextStep": "Aktuelle Angaben direkt beim Ort prüfen.",
        "unknowns": [
          "Aktueller Betrieb und tatsächliche Öffnungszeiten"
        ],
        "scale": "street",
        "geometryPrecision": "exact",
        "sources": [
          {
            "url": "https://www.openstreetmap.org/node/1473177634",
            "snapshotUrl": "https://overpass-api.de/api/interpreter",
            "title": "OpenStreetMap contributors",
            "publisher": "OpenStreetMap contributors",
            "locator": "node/1473177634; tags.name, tags.shop",
            "retrievedAt": "2026-09-26T17:19:44.197Z",
            "sha256": "df7ea59d133b93f6c475c88d251a6d3c455ea234106e397ba0aa310807c048de",
            "snapshot": true,
            "licence": "ODbL 1.0",
            "reuse": "open_licence"
          }
        ],
        "extraction": {
          "method": "structured"
        },
        "reviewState": "candidate",
        "asOf": "2026-09-26T17:19:44.197Z"
      }
    },
    {
      "type": "Feature",
      "geometry": {
        "type": "Point",
        "coordinates": [
          7.3351492,
          51.5891787
        ]
      },
      "properties": {
        "id": "osm:node-1691221054",
        "version": "06e4e97937d419eda9555929f374b552256201375373c3f12271887e3f197377",
        "cityId": "castrop-rauxel",
        "kind": "place",
        "category": "bakery",
        "title": "Bäckerei Kortmann",
        "statement": "Bäckerei Kortmann ist in OpenStreetMap als bakery eingetragen. Öffnungszeiten in OSM eingetragen; nicht unabhängig bestätigt.",
        "status": "OSM-Eintrag, nicht offiziell geprüft",
        "startDate": null,
        "endDate": null,
        "nextStep": "Aktuelle Angaben direkt beim Ort prüfen.",
        "unknowns": [
          "Aktueller Betrieb und tatsächliche Öffnungszeiten"
        ],
        "scale": "street",
        "geometryPrecision": "exact",
        "sources": [
          {
            "url": "https://www.openstreetmap.org/node/1691221054",
            "snapshotUrl": "https://overpass-api.de/api/interpreter",
            "title": "OpenStreetMap contributors",
            "publisher": "OpenStreetMap contributors",
            "locator": "node/1691221054; tags.name, tags.shop",
            "retrievedAt": "2026-09-26T17:19:44.197Z",
            "sha256": "df7ea59d133b93f6c475c88d251a6d3c455ea234106e397ba0aa310807c048de",
            "snapshot": true,
            "licence": "ODbL 1.0",
            "reuse": "open_licence"
          }
        ],
        "extraction": {
          "method": "structured"
        },
        "reviewState": "candidate",
        "asOf": "2026-09-26T17:19:44.197Z"
      }
    },
    {
      "type": "Feature",
      "geometry": {
        "type": "Point",
        "coordinates": [
          7.3391535,
          51.591521
        ]
      },
      "properties": {
        "id": "osm:node-1691233167",
        "version": "ddeb8c7c28221cc26425edf39b797c9a4fa465e31083fc472ba357bbaf670393",
        "cityId": "castrop-rauxel",
        "kind": "place",
        "category": "supermarket",
        "title": "EDEKA",
        "statement": "EDEKA ist in OpenStreetMap als supermarket eingetragen. Öffnungszeiten in OSM eingetragen; nicht unabhängig bestätigt.",
        "status": "OSM-Eintrag, nicht offiziell geprüft",
        "startDate": null,
        "endDate": null,
        "nextStep": "Aktuelle Angaben direkt beim Ort prüfen.",
        "unknowns": [
          "Aktueller Betrieb und tatsächliche Öffnungszeiten"
        ],
        "scale": "street",
        "geometryPrecision": "exact",
        "sources": [
          {
            "url": "https://www.openstreetmap.org/node/1691233167",
            "snapshotUrl": "https://overpass-api.de/api/interpreter",
            "title": "OpenStreetMap contributors",
            "publisher": "OpenStreetMap contributors",
            "locator": "node/1691233167; tags.name, tags.shop",
            "retrievedAt": "2026-09-26T17:19:44.197Z",
            "sha256": "df7ea59d133b93f6c475c88d251a6d3c455ea234106e397ba0aa310807c048de",
            "snapshot": true,
            "licence": "ODbL 1.0",
            "reuse": "open_licence"
          }
        ],
        "extraction": {
          "method": "structured"
        },
        "reviewState": "candidate",
        "asOf": "2026-09-26T17:19:44.197Z"
      }
    },
    {
      "type": "Feature",
      "geometry": {
        "type": "Point",
        "coordinates": [
          7.3388261,
          51.5916865
        ]
      },
      "properties": {
        "id": "osm:node-1691233941",
        "version": "432b85517bc55fe7e37b4e258e262d92b7ddb0fa66ced7834b6302f480eab380",
        "cityId": "castrop-rauxel",
        "kind": "place",
        "category": "pharmacy",
        "title": "Naturzeit Apotheke",
        "statement": "Naturzeit Apotheke ist in OpenStreetMap als pharmacy eingetragen. Öffnungszeiten in OSM eingetragen; nicht unabhängig bestätigt.",
        "status": "OSM-Eintrag, nicht offiziell geprüft",
        "startDate": null,
        "endDate": null,
        "nextStep": "Aktuelle Angaben direkt beim Ort prüfen.",
        "unknowns": [
          "Aktueller Betrieb und tatsächliche Öffnungszeiten"
        ],
        "scale": "street",
        "geometryPrecision": "exact",
        "sources": [
          {
            "url": "https://www.openstreetmap.org/node/1691233941",
            "snapshotUrl": "https://overpass-api.de/api/interpreter",
            "title": "OpenStreetMap contributors",
            "publisher": "OpenStreetMap contributors",
            "locator": "node/1691233941; tags.name, tags.amenity",
            "retrievedAt": "2026-09-26T17:19:44.197Z",
            "sha256": "df7ea59d133b93f6c475c88d251a6d3c455ea234106e397ba0aa310807c048de",
            "snapshot": true,
            "licence": "ODbL 1.0",
            "reuse": "open_licence"
          }
        ],
        "extraction": {
          "method": "structured"
        },
        "reviewState": "candidate",
        "asOf": "2026-09-26T17:19:44.197Z"
      }
    },
    {
      "type": "Feature",
      "geometry": {
        "type": "Point",
        "coordinates": [
          7.3389192,
          51.5916494
        ]
      },
      "properties": {
        "id": "osm:node-1691239652",
        "version": "bb0e0967068bf94e94651c951aeab1834aa43aab8ddc7a5ba3893adcf0f4d8f4",
        "cityId": "castrop-rauxel",
        "kind": "place",
        "category": "doctors",
        "title": "Hausärzte am Markplatz Ickern",
        "statement": "Hausärzte am Markplatz Ickern ist in OpenStreetMap als doctors eingetragen. Betrieb und Öffnungszeiten nicht geprüft.",
        "status": "OSM-Eintrag, nicht offiziell geprüft",
        "startDate": null,
        "endDate": null,
        "nextStep": "Aktuelle Angaben direkt beim Ort prüfen.",
        "unknowns": [
          "Aktueller Betrieb und tatsächliche Öffnungszeiten"
        ],
        "scale": "street",
        "geometryPrecision": "exact",
        "sources": [
          {
            "url": "https://www.openstreetmap.org/node/1691239652",
            "snapshotUrl": "https://overpass-api.de/api/interpreter",
            "title": "OpenStreetMap contributors",
            "publisher": "OpenStreetMap contributors",
            "locator": "node/1691239652; tags.name, tags.amenity",
            "retrievedAt": "2026-09-26T17:19:44.197Z",
            "sha256": "df7ea59d133b93f6c475c88d251a6d3c455ea234106e397ba0aa310807c048de",
            "snapshot": true,
            "licence": "ODbL 1.0",
            "reuse": "open_licence"
          }
        ],
        "extraction": {
          "method": "structured"
        },
        "reviewState": "candidate",
        "asOf": "2026-09-26T17:19:44.197Z"
      }
    },
    {
      "type": "Feature",
      "geometry": {
        "type": "Point",
        "coordinates": [
          7.3390242,
          51.5915947
        ]
      },
      "properties": {
        "id": "osm:node-1691239654",
        "version": "fa2b11ce1521b1fa8d930b15aeca1d784ad2b381cc8e548a3cc3240c69b56eb1",
        "cityId": "castrop-rauxel",
        "kind": "place",
        "category": "doctors",
        "title": "Dr. med. Mechthild Höhler, Ingo Meyer",
        "statement": "Dr. med. Mechthild Höhler, Ingo Meyer ist in OpenStreetMap als doctors eingetragen. Betrieb und Öffnungszeiten nicht geprüft.",
        "status": "OSM-Eintrag, nicht offiziell geprüft",
        "startDate": null,
        "endDate": null,
        "nextStep": "Aktuelle Angaben direkt beim Ort prüfen.",
        "unknowns": [
          "Aktueller Betrieb und tatsächliche Öffnungszeiten"
        ],
        "scale": "street",
        "geometryPrecision": "exact",
        "sources": [
          {
            "url": "https://www.openstreetmap.org/node/1691239654",
            "snapshotUrl": "https://overpass-api.de/api/interpreter",
            "title": "OpenStreetMap contributors",
            "publisher": "OpenStreetMap contributors",
            "locator": "node/1691239654; tags.name, tags.amenity",
            "retrievedAt": "2026-09-26T17:19:44.197Z",
            "sha256": "df7ea59d133b93f6c475c88d251a6d3c455ea234106e397ba0aa310807c048de",
            "snapshot": true,
            "licence": "ODbL 1.0",
            "reuse": "open_licence"
          }
        ],
        "extraction": {
          "method": "structured"
        },
        "reviewState": "candidate",
        "asOf": "2026-09-26T17:19:44.197Z"
      }
    },
    {
      "type": "Feature",
      "geometry": {
        "type": "Point",
        "coordinates": [
          7.3381749,
          51.5919118
        ]
      },
      "properties": {
        "id": "osm:node-1691248802",
        "version": "5a6eb576b7cd53ef148bceae5c12be8d48afa98609c0857e65118dd10b0658b2",
        "cityId": "castrop-rauxel",
        "kind": "place",
        "category": "bakery",
        "title": "Auffenberg",
        "statement": "Auffenberg ist in OpenStreetMap als bakery eingetragen. Öffnungszeiten in OSM eingetragen; nicht unabhängig bestätigt.",
        "status": "OSM-Eintrag, nicht offiziell geprüft",
        "startDate": null,
        "endDate": null,
        "nextStep": "Aktuelle Angaben direkt beim Ort prüfen.",
        "unknowns": [
          "Aktueller Betrieb und tatsächliche Öffnungszeiten"
        ],
        "scale": "street",
        "geometryPrecision": "exact",
        "sources": [
          {
            "url": "https://www.openstreetmap.org/node/1691248802",
            "snapshotUrl": "https://overpass-api.de/api/interpreter",
            "title": "OpenStreetMap contributors",
            "publisher": "OpenStreetMap contributors",
            "locator": "node/1691248802; tags.name, tags.shop",
            "retrievedAt": "2026-09-26T17:19:44.197Z",
            "sha256": "df7ea59d133b93f6c475c88d251a6d3c455ea234106e397ba0aa310807c048de",
            "snapshot": true,
            "licence": "ODbL 1.0",
            "reuse": "open_licence"
          }
        ],
        "extraction": {
          "method": "structured"
        },
        "reviewState": "candidate",
        "asOf": "2026-09-26T17:19:44.197Z"
      }
    },
    {
      "type": "Feature",
      "geometry": {
        "type": "Point",
        "coordinates": [
          7.3386042,
          51.5918264
        ]
      },
      "properties": {
        "id": "osm:node-1691249641",
        "version": "a16c0afd3999e5ddf16fa9294b42860f6b0272b7d75202f2969a9fd78aa1bd9d",
        "cityId": "castrop-rauxel",
        "kind": "place",
        "category": "supermarket",
        "title": "Aldi",
        "statement": "Aldi ist in OpenStreetMap als supermarket eingetragen. Öffnungszeiten in OSM eingetragen; nicht unabhängig bestätigt.",
        "status": "OSM-Eintrag, nicht offiziell geprüft",
        "startDate": null,
        "endDate": null,
        "nextStep": "Aktuelle Angaben direkt beim Ort prüfen.",
        "unknowns": [
          "Aktueller Betrieb und tatsächliche Öffnungszeiten"
        ],
        "scale": "street",
        "geometryPrecision": "exact",
        "sources": [
          {
            "url": "https://www.openstreetmap.org/node/1691249641",
            "snapshotUrl": "https://overpass-api.de/api/interpreter",
            "title": "OpenStreetMap contributors",
            "publisher": "OpenStreetMap contributors",
            "locator": "node/1691249641; tags.name, tags.shop",
            "retrievedAt": "2026-09-26T17:19:44.197Z",
            "sha256": "df7ea59d133b93f6c475c88d251a6d3c455ea234106e397ba0aa310807c048de",
            "snapshot": true,
            "licence": "ODbL 1.0",
            "reuse": "open_licence"
          }
        ],
        "extraction": {
          "method": "structured"
        },
        "reviewState": "candidate",
        "asOf": "2026-09-26T17:19:44.197Z"
      }
    },
    {
      "type": "Feature",
      "geometry": {
        "type": "Point",
        "coordinates": [
          7.338036,
          51.5922183
        ]
      },
      "properties": {
        "id": "osm:node-1704476208",
        "version": "37b6e543211d35920b5e9fa758ec2cc332e5833ef03cec699065d9468a6c11ec",
        "cityId": "castrop-rauxel",
        "kind": "place",
        "category": "doctors",
        "title": "Isabella Teperski, Frauenärztin, Gynäkologin",
        "statement": "Isabella Teperski, Frauenärztin, Gynäkologin ist in OpenStreetMap als doctors eingetragen. Öffnungszeiten in OSM eingetragen; nicht unabhängig bestätigt.",
        "status": "OSM-Eintrag, nicht offiziell geprüft",
        "startDate": null,
        "endDate": null,
        "nextStep": "Aktuelle Angaben direkt beim Ort prüfen.",
        "unknowns": [
          "Aktueller Betrieb und tatsächliche Öffnungszeiten"
        ],
        "scale": "street",
        "geometryPrecision": "exact",
        "sources": [
          {
            "url": "https://www.openstreetmap.org/node/1704476208",
            "snapshotUrl": "https://overpass-api.de/api/interpreter",
            "title": "OpenStreetMap contributors",
            "publisher": "OpenStreetMap contributors",
            "locator": "node/1704476208; tags.name, tags.amenity",
            "retrievedAt": "2026-09-26T17:19:44.197Z",
            "sha256": "df7ea59d133b93f6c475c88d251a6d3c455ea234106e397ba0aa310807c048de",
            "snapshot": true,
            "licence": "ODbL 1.0",
            "reuse": "open_licence"
          }
        ],
        "extraction": {
          "method": "structured"
        },
        "reviewState": "candidate",
        "asOf": "2026-09-26T17:19:44.197Z"
      }
    },
    {
      "type": "Feature",
      "geometry": {
        "type": "Point",
        "coordinates": [
          7.3492509,
          51.5872313
        ]
      },
      "properties": {
        "id": "osm:node-1732025504",
        "version": "a1b482ba3e2fa8c51d6069ea2b38e4cea507fa2593b363194a50c7804d510196",
        "cityId": "castrop-rauxel",
        "kind": "place",
        "category": "library",
        "title": "Anstaltsbibliothek",
        "statement": "Anstaltsbibliothek ist in OpenStreetMap als library eingetragen. Betrieb und Öffnungszeiten nicht geprüft.",
        "status": "OSM-Eintrag, nicht offiziell geprüft",
        "startDate": null,
        "endDate": null,
        "nextStep": "Aktuelle Angaben direkt beim Ort prüfen.",
        "unknowns": [
          "Aktueller Betrieb und tatsächliche Öffnungszeiten"
        ],
        "scale": "street",
        "geometryPrecision": "exact",
        "sources": [
          {
            "url": "https://www.openstreetmap.org/node/1732025504",
            "snapshotUrl": "https://overpass-api.de/api/interpreter",
            "title": "OpenStreetMap contributors",
            "publisher": "OpenStreetMap contributors",
            "locator": "node/1732025504; tags.name, tags.amenity",
            "retrievedAt": "2026-09-26T17:19:44.197Z",
            "sha256": "df7ea59d133b93f6c475c88d251a6d3c455ea234106e397ba0aa310807c048de",
            "snapshot": true,
            "licence": "ODbL 1.0",
            "reuse": "open_licence"
          }
        ],
        "extraction": {
          "method": "structured"
        },
        "reviewState": "candidate",
        "asOf": "2026-09-26T17:19:44.197Z"
      }
    },
    {
      "type": "Feature",
      "geometry": {
        "type": "Point",
        "coordinates": [
          7.2897188,
          51.5558431
        ]
      },
      "properties": {
        "id": "osm:node-2085837185",
        "version": "3da3f0d0ebb24f7e7c3eed586932eff0115a24bc8b47829330d4cb07e829396f",
        "cityId": "castrop-rauxel",
        "kind": "place",
        "category": "crossfit",
        "title": "CrossFit",
        "statement": "CrossFit ist in OpenStreetMap als crossfit eingetragen. Betrieb und Öffnungszeiten nicht geprüft.",
        "status": "OSM-Eintrag, nicht offiziell geprüft",
        "startDate": null,
        "endDate": null,
        "nextStep": "Aktuelle Angaben direkt beim Ort prüfen.",
        "unknowns": [
          "Aktueller Betrieb und tatsächliche Öffnungszeiten"
        ],
        "scale": "street",
        "geometryPrecision": "exact",
        "sources": [
          {
            "url": "https://www.openstreetmap.org/node/2085837185",
            "snapshotUrl": "https://overpass-api.de/api/interpreter",
            "title": "OpenStreetMap contributors",
            "publisher": "OpenStreetMap contributors",
            "locator": "node/2085837185; tags.name, tags.sport",
            "retrievedAt": "2026-09-26T17:19:44.197Z",
            "sha256": "df7ea59d133b93f6c475c88d251a6d3c455ea234106e397ba0aa310807c048de",
            "snapshot": true,
            "licence": "ODbL 1.0",
            "reuse": "open_licence"
          }
        ],
        "extraction": {
          "method": "structured"
        },
        "reviewState": "candidate",
        "asOf": "2026-09-26T17:19:44.197Z"
      }
    },
    {
      "type": "Feature",
      "geometry": {
        "type": "Point",
        "coordinates": [
          7.3044285,
          51.5432934
        ]
      },
      "properties": {
        "id": "osm:node-269906877",
        "version": "5b789f8465c95f77637aa80b87c782c2ac8e68b1e35a280dfda717a3b4cd4fed",
        "cityId": "castrop-rauxel",
        "kind": "place",
        "category": "tennis",
        "title": "Tennisclub Castrop-Rauxel e.V. Blau Weiß",
        "statement": "Tennisclub Castrop-Rauxel e.V. Blau Weiß ist in OpenStreetMap als tennis eingetragen. Betrieb und Öffnungszeiten nicht geprüft.",
        "status": "OSM-Eintrag, nicht offiziell geprüft",
        "startDate": null,
        "endDate": null,
        "nextStep": "Aktuelle Angaben direkt beim Ort prüfen.",
        "unknowns": [
          "Aktueller Betrieb und tatsächliche Öffnungszeiten"
        ],
        "scale": "street",
        "geometryPrecision": "exact",
        "sources": [
          {
            "url": "https://www.openstreetmap.org/node/269906877",
            "snapshotUrl": "https://overpass-api.de/api/interpreter",
            "title": "OpenStreetMap contributors",
            "publisher": "OpenStreetMap contributors",
            "locator": "node/269906877; tags.name, tags.sport",
            "retrievedAt": "2026-09-26T17:19:44.197Z",
            "sha256": "df7ea59d133b93f6c475c88d251a6d3c455ea234106e397ba0aa310807c048de",
            "snapshot": true,
            "licence": "ODbL 1.0",
            "reuse": "open_licence"
          }
        ],
        "extraction": {
          "method": "structured"
        },
        "reviewState": "candidate",
        "asOf": "2026-09-26T17:19:44.197Z"
      }
    },
    {
      "type": "Feature",
      "geometry": {
        "type": "Point",
        "coordinates": [
          7.3252358,
          51.5525963
        ]
      },
      "properties": {
        "id": "osm:node-271884446",
        "version": "52d6c9c58f874f996cee90ccdc9bdf9f764044f2f457760aed62aa7d43144f5e",
        "cityId": "castrop-rauxel",
        "kind": "place",
        "category": "kindergarten",
        "title": "Swabedo",
        "statement": "Swabedo ist in OpenStreetMap als kindergarten eingetragen. Betrieb und Öffnungszeiten nicht geprüft.",
        "status": "OSM-Eintrag, nicht offiziell geprüft",
        "startDate": null,
        "endDate": null,
        "nextStep": "Aktuelle Angaben direkt beim Ort prüfen.",
        "unknowns": [
          "Aktueller Betrieb und tatsächliche Öffnungszeiten"
        ],
        "scale": "street",
        "geometryPrecision": "exact",
        "sources": [
          {
            "url": "https://www.openstreetmap.org/node/271884446",
            "snapshotUrl": "https://overpass-api.de/api/interpreter",
            "title": "OpenStreetMap contributors",
            "publisher": "OpenStreetMap contributors",
            "locator": "node/271884446; tags.name, tags.amenity",
            "retrievedAt": "2026-09-26T17:19:44.197Z",
            "sha256": "df7ea59d133b93f6c475c88d251a6d3c455ea234106e397ba0aa310807c048de",
            "snapshot": true,
            "licence": "ODbL 1.0",
            "reuse": "open_licence"
          }
        ],
        "extraction": {
          "method": "structured"
        },
        "reviewState": "candidate",
        "asOf": "2026-09-26T17:19:44.197Z"
      }
    },
    {
      "type": "Feature",
      "geometry": {
        "type": "Point",
        "coordinates": [
          7.3255993,
          51.5271083
        ]
      },
      "properties": {
        "id": "osm:node-277008105",
        "version": "b01c5071e7983f38733e0c05b5757b2ab8d1f5ec8ca68d95870193215aee03c0",
        "cityId": "castrop-rauxel",
        "kind": "place",
        "category": "kindergarten",
        "title": "Katholischer Kindergarten St. Marien Merklinde",
        "statement": "Katholischer Kindergarten St. Marien Merklinde ist in OpenStreetMap als kindergarten eingetragen. Betrieb und Öffnungszeiten nicht geprüft.",
        "status": "OSM-Eintrag, nicht offiziell geprüft",
        "startDate": null,
        "endDate": null,
        "nextStep": "Aktuelle Angaben direkt beim Ort prüfen.",
        "unknowns": [
          "Aktueller Betrieb und tatsächliche Öffnungszeiten"
        ],
        "scale": "street",
        "geometryPrecision": "exact",
        "sources": [
          {
            "url": "https://www.openstreetmap.org/node/277008105",
            "snapshotUrl": "https://overpass-api.de/api/interpreter",
            "title": "OpenStreetMap contributors",
            "publisher": "OpenStreetMap contributors",
            "locator": "node/277008105; tags.name, tags.amenity",
            "retrievedAt": "2026-09-26T17:19:44.197Z",
            "sha256": "df7ea59d133b93f6c475c88d251a6d3c455ea234106e397ba0aa310807c048de",
            "snapshot": true,
            "licence": "ODbL 1.0",
            "reuse": "open_licence"
          }
        ],
        "extraction": {
          "method": "structured"
        },
        "reviewState": "candidate",
        "asOf": "2026-09-26T17:19:44.197Z"
      }
    },
    {
      "type": "Feature",
      "geometry": {
        "type": "Point",
        "coordinates": [
          7.3112789,
          51.547105
        ]
      },
      "properties": {
        "id": "osm:node-277837650",
        "version": "b6210444f343c2aabc8af8fa9e05471983ddeafe6299eec8bd67de85214a1122",
        "cityId": "castrop-rauxel",
        "kind": "place",
        "category": "pharmacy",
        "title": "Altstadtapotheke",
        "statement": "Altstadtapotheke ist in OpenStreetMap als pharmacy eingetragen. Öffnungszeiten in OSM eingetragen; nicht unabhängig bestätigt.",
        "status": "OSM-Eintrag, nicht offiziell geprüft",
        "startDate": null,
        "endDate": null,
        "nextStep": "Aktuelle Angaben direkt beim Ort prüfen.",
        "unknowns": [
          "Aktueller Betrieb und tatsächliche Öffnungszeiten"
        ],
        "scale": "street",
        "geometryPrecision": "exact",
        "sources": [
          {
            "url": "https://www.openstreetmap.org/node/277837650",
            "snapshotUrl": "https://overpass-api.de/api/interpreter",
            "title": "OpenStreetMap contributors",
            "publisher": "OpenStreetMap contributors",
            "locator": "node/277837650; tags.name, tags.amenity",
            "retrievedAt": "2026-09-26T17:19:44.197Z",
            "sha256": "df7ea59d133b93f6c475c88d251a6d3c455ea234106e397ba0aa310807c048de",
            "snapshot": true,
            "licence": "ODbL 1.0",
            "reuse": "open_licence"
          }
        ],
        "extraction": {
          "method": "structured"
        },
        "reviewState": "candidate",
        "asOf": "2026-09-26T17:19:44.197Z"
      }
    },
    {
      "type": "Feature",
      "geometry": {
        "type": "Point",
        "coordinates": [
          7.3003493,
          51.5840593
        ]
      },
      "properties": {
        "id": "osm:node-283792349",
        "version": "19621c4813577771ed363af73fc3b52b8663135b48486f4931f0ea273e97e773",
        "cityId": "castrop-rauxel",
        "kind": "place",
        "category": "tennis",
        "title": "Turnerbund Rauxel, TBR, Tennis",
        "statement": "Turnerbund Rauxel, TBR, Tennis ist in OpenStreetMap als tennis eingetragen. Betrieb und Öffnungszeiten nicht geprüft.",
        "status": "OSM-Eintrag, nicht offiziell geprüft",
        "startDate": null,
        "endDate": null,
        "nextStep": "Aktuelle Angaben direkt beim Ort prüfen.",
        "unknowns": [
          "Aktueller Betrieb und tatsächliche Öffnungszeiten"
        ],
        "scale": "street",
        "geometryPrecision": "exact",
        "sources": [
          {
            "url": "https://www.openstreetmap.org/node/283792349",
            "snapshotUrl": "https://overpass-api.de/api/interpreter",
            "title": "OpenStreetMap contributors",
            "publisher": "OpenStreetMap contributors",
            "locator": "node/283792349; tags.name, tags.sport",
            "retrievedAt": "2026-09-26T17:19:44.197Z",
            "sha256": "df7ea59d133b93f6c475c88d251a6d3c455ea234106e397ba0aa310807c048de",
            "snapshot": true,
            "licence": "ODbL 1.0",
            "reuse": "open_licence"
          }
        ],
        "extraction": {
          "method": "structured"
        },
        "reviewState": "candidate",
        "asOf": "2026-09-26T17:19:44.197Z"
      }
    },
    {
      "type": "Feature",
      "geometry": {
        "type": "Point",
        "coordinates": [
          7.3432536,
          51.5950189
        ]
      },
      "properties": {
        "id": "osm:node-3211614559",
        "version": "04c26bcbcbe0b435b926c6bcfb7f4255c810ae2b9f0511e9ad4acf617d2e7cb1",
        "cityId": "castrop-rauxel",
        "kind": "place",
        "category": "bakery",
        "title": "Hosselmann",
        "statement": "Hosselmann ist in OpenStreetMap als bakery eingetragen. Öffnungszeiten in OSM eingetragen; nicht unabhängig bestätigt.",
        "status": "OSM-Eintrag, nicht offiziell geprüft",
        "startDate": null,
        "endDate": null,
        "nextStep": "Aktuelle Angaben direkt beim Ort prüfen.",
        "unknowns": [
          "Aktueller Betrieb und tatsächliche Öffnungszeiten"
        ],
        "scale": "street",
        "geometryPrecision": "exact",
        "sources": [
          {
            "url": "https://www.openstreetmap.org/node/3211614559",
            "snapshotUrl": "https://overpass-api.de/api/interpreter",
            "title": "OpenStreetMap contributors",
            "publisher": "OpenStreetMap contributors",
            "locator": "node/3211614559; tags.name, tags.shop",
            "retrievedAt": "2026-09-26T17:19:44.197Z",
            "sha256": "df7ea59d133b93f6c475c88d251a6d3c455ea234106e397ba0aa310807c048de",
            "snapshot": true,
            "licence": "ODbL 1.0",
            "reuse": "open_licence"
          }
        ],
        "extraction": {
          "method": "structured"
        },
        "reviewState": "candidate",
        "asOf": "2026-09-26T17:19:44.197Z"
      }
    },
    {
      "type": "Feature",
      "geometry": {
        "type": "Point",
        "coordinates": [
          7.3117639,
          51.600227
        ]
      },
      "properties": {
        "id": "osm:node-3316498566",
        "version": "90f809cc3f9a76d0f5e503bf451d9cd6a4443ddac8060356134b78d9fd1c35e1",
        "cityId": "castrop-rauxel",
        "kind": "place",
        "category": "bakery",
        "title": "Henrichenburger Backshop",
        "statement": "Henrichenburger Backshop ist in OpenStreetMap als bakery eingetragen. Öffnungszeiten in OSM eingetragen; nicht unabhängig bestätigt.",
        "status": "OSM-Eintrag, nicht offiziell geprüft",
        "startDate": null,
        "endDate": null,
        "nextStep": "Aktuelle Angaben direkt beim Ort prüfen.",
        "unknowns": [
          "Aktueller Betrieb und tatsächliche Öffnungszeiten"
        ],
        "scale": "street",
        "geometryPrecision": "exact",
        "sources": [
          {
            "url": "https://www.openstreetmap.org/node/3316498566",
            "snapshotUrl": "https://overpass-api.de/api/interpreter",
            "title": "OpenStreetMap contributors",
            "publisher": "OpenStreetMap contributors",
            "locator": "node/3316498566; tags.name, tags.shop",
            "retrievedAt": "2026-09-26T17:19:44.197Z",
            "sha256": "df7ea59d133b93f6c475c88d251a6d3c455ea234106e397ba0aa310807c048de",
            "snapshot": true,
            "licence": "ODbL 1.0",
            "reuse": "open_licence"
          }
        ],
        "extraction": {
          "method": "structured"
        },
        "reviewState": "candidate",
        "asOf": "2026-09-26T17:19:44.197Z"
      }
    },
    {
      "type": "Feature",
      "geometry": {
        "type": "Point",
        "coordinates": [
          7.3037253,
          51.5837925
        ]
      },
      "properties": {
        "id": "osm:node-3316944883",
        "version": "91ecf19f0ee68c9a90d3afd42db6ae33b479872cdc97af09e9393401e6a6e641",
        "cityId": "castrop-rauxel",
        "kind": "place",
        "category": "kindergarten",
        "title": "Kindergarten Senfkorn",
        "statement": "Kindergarten Senfkorn ist in OpenStreetMap als kindergarten eingetragen. Betrieb und Öffnungszeiten nicht geprüft.",
        "status": "OSM-Eintrag, nicht offiziell geprüft",
        "startDate": null,
        "endDate": null,
        "nextStep": "Aktuelle Angaben direkt beim Ort prüfen.",
        "unknowns": [
          "Aktueller Betrieb und tatsächliche Öffnungszeiten"
        ],
        "scale": "street",
        "geometryPrecision": "exact",
        "sources": [
          {
            "url": "https://www.openstreetmap.org/node/3316944883",
            "snapshotUrl": "https://overpass-api.de/api/interpreter",
            "title": "OpenStreetMap contributors",
            "publisher": "OpenStreetMap contributors",
            "locator": "node/3316944883; tags.name, tags.amenity",
            "retrievedAt": "2026-09-26T17:19:44.197Z",
            "sha256": "df7ea59d133b93f6c475c88d251a6d3c455ea234106e397ba0aa310807c048de",
            "snapshot": true,
            "licence": "ODbL 1.0",
            "reuse": "open_licence"
          }
        ],
        "extraction": {
          "method": "structured"
        },
        "reviewState": "candidate",
        "asOf": "2026-09-26T17:19:44.197Z"
      }
    },
    {
      "type": "Feature",
      "geometry": {
        "type": "Point",
        "coordinates": [
          7.3097769,
          51.5989499
        ]
      },
      "properties": {
        "id": "osm:node-3341524737",
        "version": "9ba3ff232d745d3f9dfe146e4f8aafb98df778257791bf21cdd59bc9480b117c",
        "cityId": "castrop-rauxel",
        "kind": "place",
        "category": "pharmacy",
        "title": "Burg Apotheke Henrichenburg",
        "statement": "Burg Apotheke Henrichenburg ist in OpenStreetMap als pharmacy eingetragen. Öffnungszeiten in OSM eingetragen; nicht unabhängig bestätigt.",
        "status": "OSM-Eintrag, nicht offiziell geprüft",
        "startDate": null,
        "endDate": null,
        "nextStep": "Aktuelle Angaben direkt beim Ort prüfen.",
        "unknowns": [
          "Aktueller Betrieb und tatsächliche Öffnungszeiten"
        ],
        "scale": "street",
        "geometryPrecision": "exact",
        "sources": [
          {
            "url": "https://www.openstreetmap.org/node/3341524737",
            "snapshotUrl": "https://overpass-api.de/api/interpreter",
            "title": "OpenStreetMap contributors",
            "publisher": "OpenStreetMap contributors",
            "locator": "node/3341524737; tags.name, tags.amenity",
            "retrievedAt": "2026-09-26T17:19:44.197Z",
            "sha256": "df7ea59d133b93f6c475c88d251a6d3c455ea234106e397ba0aa310807c048de",
            "snapshot": true,
            "licence": "ODbL 1.0",
            "reuse": "open_licence"
          }
        ],
        "extraction": {
          "method": "structured"
        },
        "reviewState": "candidate",
        "asOf": "2026-09-26T17:19:44.197Z"
      }
    },
    {
      "type": "Feature",
      "geometry": {
        "type": "Point",
        "coordinates": [
          7.3118976,
          51.5998299
        ]
      },
      "properties": {
        "id": "osm:node-3342046294",
        "version": "21ed1277e5a30a4ed8009cc3e117fbbb45545550e7aef3dbf49f04fe75efcf65",
        "cityId": "castrop-rauxel",
        "kind": "place",
        "category": "post_office",
        "title": "Deutsche Post",
        "statement": "Deutsche Post ist in OpenStreetMap als post_office eingetragen. Betrieb und Öffnungszeiten nicht geprüft.",
        "status": "OSM-Eintrag, nicht offiziell geprüft",
        "startDate": null,
        "endDate": null,
        "nextStep": "Aktuelle Angaben direkt beim Ort prüfen.",
        "unknowns": [
          "Aktueller Betrieb und tatsächliche Öffnungszeiten"
        ],
        "scale": "street",
        "geometryPrecision": "exact",
        "sources": [
          {
            "url": "https://www.openstreetmap.org/node/3342046294",
            "snapshotUrl": "https://overpass-api.de/api/interpreter",
            "title": "OpenStreetMap contributors",
            "publisher": "OpenStreetMap contributors",
            "locator": "node/3342046294; tags.name, tags.amenity",
            "retrievedAt": "2026-09-26T17:19:44.197Z",
            "sha256": "df7ea59d133b93f6c475c88d251a6d3c455ea234106e397ba0aa310807c048de",
            "snapshot": true,
            "licence": "ODbL 1.0",
            "reuse": "open_licence"
          }
        ],
        "extraction": {
          "method": "structured"
        },
        "reviewState": "candidate",
        "asOf": "2026-09-26T17:19:44.197Z"
      }
    },
    {
      "type": "Feature",
      "geometry": {
        "type": "Point",
        "coordinates": [
          7.3140085,
          51.5468936
        ]
      },
      "properties": {
        "id": "osm:node-3355922109",
        "version": "12a7b3883be7567a0eb3a80ba269149b2adb7b5fae527077cefb2595bf4cb50c",
        "cityId": "castrop-rauxel",
        "kind": "place",
        "category": "pharmacy",
        "title": "Lavendel Apotheke",
        "statement": "Lavendel Apotheke ist in OpenStreetMap als pharmacy eingetragen. Öffnungszeiten in OSM eingetragen; nicht unabhängig bestätigt.",
        "status": "OSM-Eintrag, nicht offiziell geprüft",
        "startDate": null,
        "endDate": null,
        "nextStep": "Aktuelle Angaben direkt beim Ort prüfen.",
        "unknowns": [
          "Aktueller Betrieb und tatsächliche Öffnungszeiten"
        ],
        "scale": "street",
        "geometryPrecision": "exact",
        "sources": [
          {
            "url": "https://www.openstreetmap.org/node/3355922109",
            "snapshotUrl": "https://overpass-api.de/api/interpreter",
            "title": "OpenStreetMap contributors",
            "publisher": "OpenStreetMap contributors",
            "locator": "node/3355922109; tags.name, tags.amenity",
            "retrievedAt": "2026-09-26T17:19:44.197Z",
            "sha256": "df7ea59d133b93f6c475c88d251a6d3c455ea234106e397ba0aa310807c048de",
            "snapshot": true,
            "licence": "ODbL 1.0",
            "reuse": "open_licence"
          }
        ],
        "extraction": {
          "method": "structured"
        },
        "reviewState": "candidate",
        "asOf": "2026-09-26T17:19:44.197Z"
      }
    },
    {
      "type": "Feature",
      "geometry": {
        "type": "Point",
        "coordinates": [
          7.3074563,
          51.5481375
        ]
      },
      "properties": {
        "id": "osm:node-3478578150",
        "version": "06e05ef57d22a624fbe85612b09e99307a6d29ceaac691737476c752dc654fc6",
        "cityId": "castrop-rauxel",
        "kind": "place",
        "category": "supermarket",
        "title": "Kaufland",
        "statement": "Kaufland ist in OpenStreetMap als supermarket eingetragen. Öffnungszeiten in OSM eingetragen; nicht unabhängig bestätigt.",
        "status": "OSM-Eintrag, nicht offiziell geprüft",
        "startDate": null,
        "endDate": null,
        "nextStep": "Aktuelle Angaben direkt beim Ort prüfen.",
        "unknowns": [
          "Aktueller Betrieb und tatsächliche Öffnungszeiten"
        ],
        "scale": "street",
        "geometryPrecision": "exact",
        "sources": [
          {
            "url": "https://www.openstreetmap.org/node/3478578150",
            "snapshotUrl": "https://overpass-api.de/api/interpreter",
            "title": "OpenStreetMap contributors",
            "publisher": "OpenStreetMap contributors",
            "locator": "node/3478578150; tags.name, tags.shop",
            "retrievedAt": "2026-09-26T17:19:44.197Z",
            "sha256": "df7ea59d133b93f6c475c88d251a6d3c455ea234106e397ba0aa310807c048de",
            "snapshot": true,
            "licence": "ODbL 1.0",
            "reuse": "open_licence"
          }
        ],
        "extraction": {
          "method": "structured"
        },
        "reviewState": "candidate",
        "asOf": "2026-09-26T17:19:44.197Z"
      }
    },
    {
      "type": "Feature",
      "geometry": {
        "type": "Point",
        "coordinates": [
          7.2989575,
          51.6003761
        ]
      },
      "properties": {
        "id": "osm:node-384540066",
        "version": "5d1ebbaa1e205458e5f9ec10ec78f137c5e490ee768f89e542874a5f1c713d3d",
        "cityId": "castrop-rauxel",
        "kind": "place",
        "category": "soccer",
        "title": "Sporttreff Castrop-Rauxel",
        "statement": "Sporttreff Castrop-Rauxel ist in OpenStreetMap als soccer eingetragen. Betrieb und Öffnungszeiten nicht geprüft.",
        "status": "OSM-Eintrag, nicht offiziell geprüft",
        "startDate": null,
        "endDate": null,
        "nextStep": "Aktuelle Angaben direkt beim Ort prüfen.",
        "unknowns": [
          "Aktueller Betrieb und tatsächliche Öffnungszeiten"
        ],
        "scale": "street",
        "geometryPrecision": "exact",
        "sources": [
          {
            "url": "https://www.openstreetmap.org/node/384540066",
            "snapshotUrl": "https://overpass-api.de/api/interpreter",
            "title": "OpenStreetMap contributors",
            "publisher": "OpenStreetMap contributors",
            "locator": "node/384540066; tags.name, tags.sport",
            "retrievedAt": "2026-09-26T17:19:44.197Z",
            "sha256": "df7ea59d133b93f6c475c88d251a6d3c455ea234106e397ba0aa310807c048de",
            "snapshot": true,
            "licence": "ODbL 1.0",
            "reuse": "open_licence"
          }
        ],
        "extraction": {
          "method": "structured"
        },
        "reviewState": "candidate",
        "asOf": "2026-09-26T17:19:44.197Z"
      }
    },
    {
      "type": "Feature",
      "geometry": {
        "type": "Point",
        "coordinates": [
          7.3327142,
          51.5419698
        ]
      },
      "properties": {
        "id": "osm:node-415462781",
        "version": "74d243f71be470893344da0b68ff1d24b608a21e36c42a594622058c33b0774b",
        "cityId": "castrop-rauxel",
        "kind": "place",
        "category": "pharmacy",
        "title": "Elefanten Apotheke",
        "statement": "Elefanten Apotheke ist in OpenStreetMap als pharmacy eingetragen. Öffnungszeiten in OSM eingetragen; nicht unabhängig bestätigt.",
        "status": "OSM-Eintrag, nicht offiziell geprüft",
        "startDate": null,
        "endDate": null,
        "nextStep": "Aktuelle Angaben direkt beim Ort prüfen.",
        "unknowns": [
          "Aktueller Betrieb und tatsächliche Öffnungszeiten"
        ],
        "scale": "street",
        "geometryPrecision": "exact",
        "sources": [
          {
            "url": "https://www.openstreetmap.org/node/415462781",
            "snapshotUrl": "https://overpass-api.de/api/interpreter",
            "title": "OpenStreetMap contributors",
            "publisher": "OpenStreetMap contributors",
            "locator": "node/415462781; tags.name, tags.amenity",
            "retrievedAt": "2026-09-26T17:19:44.197Z",
            "sha256": "df7ea59d133b93f6c475c88d251a6d3c455ea234106e397ba0aa310807c048de",
            "snapshot": true,
            "licence": "ODbL 1.0",
            "reuse": "open_licence"
          }
        ],
        "extraction": {
          "method": "structured"
        },
        "reviewState": "candidate",
        "asOf": "2026-09-26T17:19:44.197Z"
      }
    },
    {
      "type": "Feature",
      "geometry": {
        "type": "Point",
        "coordinates": [
          7.305472,
          51.5732618
        ]
      },
      "properties": {
        "id": "osm:node-416322276",
        "version": "6e8f3ac389fa0ed6c575faf4c3a953e02a3915e21681e50e17cc62f559b1ff46",
        "cityId": "castrop-rauxel",
        "kind": "place",
        "category": "post_office",
        "title": "Postagentur",
        "statement": "Postagentur ist in OpenStreetMap als post_office eingetragen. Betrieb und Öffnungszeiten nicht geprüft.",
        "status": "OSM-Eintrag, nicht offiziell geprüft",
        "startDate": null,
        "endDate": null,
        "nextStep": "Aktuelle Angaben direkt beim Ort prüfen.",
        "unknowns": [
          "Aktueller Betrieb und tatsächliche Öffnungszeiten"
        ],
        "scale": "street",
        "geometryPrecision": "exact",
        "sources": [
          {
            "url": "https://www.openstreetmap.org/node/416322276",
            "snapshotUrl": "https://overpass-api.de/api/interpreter",
            "title": "OpenStreetMap contributors",
            "publisher": "OpenStreetMap contributors",
            "locator": "node/416322276; tags.name, tags.amenity",
            "retrievedAt": "2026-09-26T17:19:44.197Z",
            "sha256": "df7ea59d133b93f6c475c88d251a6d3c455ea234106e397ba0aa310807c048de",
            "snapshot": true,
            "licence": "ODbL 1.0",
            "reuse": "open_licence"
          }
        ],
        "extraction": {
          "method": "structured"
        },
        "reviewState": "candidate",
        "asOf": "2026-09-26T17:19:44.197Z"
      }
    },
    {
      "type": "Feature",
      "geometry": {
        "type": "Point",
        "coordinates": [
          7.312111,
          51.5994612
        ]
      },
      "properties": {
        "id": "osm:node-421673104",
        "version": "7e3a71fc8c1f930d442e20326515e9280bfc52ce6eb8c0e2e1161cc0a53eb586",
        "cityId": "castrop-rauxel",
        "kind": "place",
        "category": "supermarket",
        "title": "Aldi Nord",
        "statement": "Aldi Nord ist in OpenStreetMap als supermarket eingetragen. Öffnungszeiten in OSM eingetragen; nicht unabhängig bestätigt.",
        "status": "OSM-Eintrag, nicht offiziell geprüft",
        "startDate": null,
        "endDate": null,
        "nextStep": "Aktuelle Angaben direkt beim Ort prüfen.",
        "unknowns": [
          "Aktueller Betrieb und tatsächliche Öffnungszeiten"
        ],
        "scale": "street",
        "geometryPrecision": "exact",
        "sources": [
          {
            "url": "https://www.openstreetmap.org/node/421673104",
            "snapshotUrl": "https://overpass-api.de/api/interpreter",
            "title": "OpenStreetMap contributors",
            "publisher": "OpenStreetMap contributors",
            "locator": "node/421673104; tags.name, tags.shop",
            "retrievedAt": "2026-09-26T17:19:44.197Z",
            "sha256": "df7ea59d133b93f6c475c88d251a6d3c455ea234106e397ba0aa310807c048de",
            "snapshot": true,
            "licence": "ODbL 1.0",
            "reuse": "open_licence"
          }
        ],
        "extraction": {
          "method": "structured"
        },
        "reviewState": "candidate",
        "asOf": "2026-09-26T17:19:44.197Z"
      }
    },
    {
      "type": "Feature",
      "geometry": {
        "type": "Point",
        "coordinates": [
          7.3117524,
          51.5994457
        ]
      },
      "properties": {
        "id": "osm:node-421673106",
        "version": "6a197c00effdc231b8d3aaac421e49eaf1d8fe07338de2ca11a425d17fddd47b",
        "cityId": "castrop-rauxel",
        "kind": "place",
        "category": "bakery",
        "title": "Bäckerei und Konditorei Auffenberg",
        "statement": "Bäckerei und Konditorei Auffenberg ist in OpenStreetMap als bakery eingetragen. Öffnungszeiten in OSM eingetragen; nicht unabhängig bestätigt.",
        "status": "OSM-Eintrag, nicht offiziell geprüft",
        "startDate": null,
        "endDate": null,
        "nextStep": "Aktuelle Angaben direkt beim Ort prüfen.",
        "unknowns": [
          "Aktueller Betrieb und tatsächliche Öffnungszeiten"
        ],
        "scale": "street",
        "geometryPrecision": "exact",
        "sources": [
          {
            "url": "https://www.openstreetmap.org/node/421673106",
            "snapshotUrl": "https://overpass-api.de/api/interpreter",
            "title": "OpenStreetMap contributors",
            "publisher": "OpenStreetMap contributors",
            "locator": "node/421673106; tags.name, tags.shop",
            "retrievedAt": "2026-09-26T17:19:44.197Z",
            "sha256": "df7ea59d133b93f6c475c88d251a6d3c455ea234106e397ba0aa310807c048de",
            "snapshot": true,
            "licence": "ODbL 1.0",
            "reuse": "open_licence"
          }
        ],
        "extraction": {
          "method": "structured"
        },
        "reviewState": "candidate",
        "asOf": "2026-09-26T17:19:44.197Z"
      }
    },
    {
      "type": "Feature",
      "geometry": {
        "type": "Point",
        "coordinates": [
          7.3084625,
          51.5489684
        ]
      },
      "properties": {
        "id": "osm:node-422574172",
        "version": "065f7174272af3db76d6160ebea88f5b5d4ed668c5b36b925ad4a728ef8f6e6f",
        "cityId": "castrop-rauxel",
        "kind": "place",
        "category": "doctors",
        "title": "Arztpraxis Janina Mucha",
        "statement": "Arztpraxis Janina Mucha ist in OpenStreetMap als doctors eingetragen. Öffnungszeiten in OSM eingetragen; nicht unabhängig bestätigt.",
        "status": "OSM-Eintrag, nicht offiziell geprüft",
        "startDate": null,
        "endDate": null,
        "nextStep": "Aktuelle Angaben direkt beim Ort prüfen.",
        "unknowns": [
          "Aktueller Betrieb und tatsächliche Öffnungszeiten"
        ],
        "scale": "street",
        "geometryPrecision": "exact",
        "sources": [
          {
            "url": "https://www.openstreetmap.org/node/422574172",
            "snapshotUrl": "https://overpass-api.de/api/interpreter",
            "title": "OpenStreetMap contributors",
            "publisher": "OpenStreetMap contributors",
            "locator": "node/422574172; tags.name, tags.amenity",
            "retrievedAt": "2026-09-26T17:19:44.197Z",
            "sha256": "df7ea59d133b93f6c475c88d251a6d3c455ea234106e397ba0aa310807c048de",
            "snapshot": true,
            "licence": "ODbL 1.0",
            "reuse": "open_licence"
          }
        ],
        "extraction": {
          "method": "structured"
        },
        "reviewState": "candidate",
        "asOf": "2026-09-26T17:19:44.197Z"
      }
    },
    {
      "type": "Feature",
      "geometry": {
        "type": "Point",
        "coordinates": [
          7.308938,
          51.5490962
        ]
      },
      "properties": {
        "id": "osm:node-422574177",
        "version": "164cafdc41af8293851a303e64cfb579a9fcb0e0093fd6229a04bcf3ae912dcc",
        "cityId": "castrop-rauxel",
        "kind": "place",
        "category": "pharmacy",
        "title": "Paracelsus Apotheke",
        "statement": "Paracelsus Apotheke ist in OpenStreetMap als pharmacy eingetragen. Öffnungszeiten in OSM eingetragen; nicht unabhängig bestätigt.",
        "status": "OSM-Eintrag, nicht offiziell geprüft",
        "startDate": null,
        "endDate": null,
        "nextStep": "Aktuelle Angaben direkt beim Ort prüfen.",
        "unknowns": [
          "Aktueller Betrieb und tatsächliche Öffnungszeiten"
        ],
        "scale": "street",
        "geometryPrecision": "exact",
        "sources": [
          {
            "url": "https://www.openstreetmap.org/node/422574177",
            "snapshotUrl": "https://overpass-api.de/api/interpreter",
            "title": "OpenStreetMap contributors",
            "publisher": "OpenStreetMap contributors",
            "locator": "node/422574177; tags.name, tags.amenity",
            "retrievedAt": "2026-09-26T17:19:44.197Z",
            "sha256": "df7ea59d133b93f6c475c88d251a6d3c455ea234106e397ba0aa310807c048de",
            "snapshot": true,
            "licence": "ODbL 1.0",
            "reuse": "open_licence"
          }
        ],
        "extraction": {
          "method": "structured"
        },
        "reviewState": "candidate",
        "asOf": "2026-09-26T17:19:44.197Z"
      }
    },
    {
      "type": "Feature",
      "geometry": {
        "type": "Point",
        "coordinates": [
          7.3099678,
          51.5501017
        ]
      },
      "properties": {
        "id": "osm:node-422574187",
        "version": "4cca60f5892a06df742e60139ba6a8b56f65d78bdd49ad46727a59bcdeabd02f",
        "cityId": "castrop-rauxel",
        "kind": "place",
        "category": "pharmacy",
        "title": "Stern Apotheke",
        "statement": "Stern Apotheke ist in OpenStreetMap als pharmacy eingetragen. Öffnungszeiten in OSM eingetragen; nicht unabhängig bestätigt.",
        "status": "OSM-Eintrag, nicht offiziell geprüft",
        "startDate": null,
        "endDate": null,
        "nextStep": "Aktuelle Angaben direkt beim Ort prüfen.",
        "unknowns": [
          "Aktueller Betrieb und tatsächliche Öffnungszeiten"
        ],
        "scale": "street",
        "geometryPrecision": "exact",
        "sources": [
          {
            "url": "https://www.openstreetmap.org/node/422574187",
            "snapshotUrl": "https://overpass-api.de/api/interpreter",
            "title": "OpenStreetMap contributors",
            "publisher": "OpenStreetMap contributors",
            "locator": "node/422574187; tags.name, tags.amenity",
            "retrievedAt": "2026-09-26T17:19:44.197Z",
            "sha256": "df7ea59d133b93f6c475c88d251a6d3c455ea234106e397ba0aa310807c048de",
            "snapshot": true,
            "licence": "ODbL 1.0",
            "reuse": "open_licence"
          }
        ],
        "extraction": {
          "method": "structured"
        },
        "reviewState": "candidate",
        "asOf": "2026-09-26T17:19:44.197Z"
      }
    },
    {
      "type": "Feature",
      "geometry": {
        "type": "Point",
        "coordinates": [
          7.318063,
          51.5472295
        ]
      },
      "properties": {
        "id": "osm:node-424975408",
        "version": "d3f1ab949b37f0604bfdd8a0ba6a6a4adba9a334affdbf618ecc98c005cab6f2",
        "cityId": "castrop-rauxel",
        "kind": "place",
        "category": "supermarket",
        "title": "EDEKA Gronemann",
        "statement": "EDEKA Gronemann ist in OpenStreetMap als supermarket eingetragen. Öffnungszeiten in OSM eingetragen; nicht unabhängig bestätigt.",
        "status": "OSM-Eintrag, nicht offiziell geprüft",
        "startDate": null,
        "endDate": null,
        "nextStep": "Aktuelle Angaben direkt beim Ort prüfen.",
        "unknowns": [
          "Aktueller Betrieb und tatsächliche Öffnungszeiten"
        ],
        "scale": "street",
        "geometryPrecision": "exact",
        "sources": [
          {
            "url": "https://www.openstreetmap.org/node/424975408",
            "snapshotUrl": "https://overpass-api.de/api/interpreter",
            "title": "OpenStreetMap contributors",
            "publisher": "OpenStreetMap contributors",
            "locator": "node/424975408; tags.name, tags.shop",
            "retrievedAt": "2026-09-26T17:19:44.197Z",
            "sha256": "df7ea59d133b93f6c475c88d251a6d3c455ea234106e397ba0aa310807c048de",
            "snapshot": true,
            "licence": "ODbL 1.0",
            "reuse": "open_licence"
          }
        ],
        "extraction": {
          "method": "structured"
        },
        "reviewState": "candidate",
        "asOf": "2026-09-26T17:19:44.197Z"
      }
    },
    {
      "type": "Feature",
      "geometry": {
        "type": "Point",
        "coordinates": [
          7.3102068,
          51.5483217
        ]
      },
      "properties": {
        "id": "osm:node-426889540",
        "version": "89dc33cbd2ca7947af5b1e8486130254abe299c04b00a0f3b25da0f55a5c947a",
        "cityId": "castrop-rauxel",
        "kind": "place",
        "category": "pharmacy",
        "title": "City Apotheke",
        "statement": "City Apotheke ist in OpenStreetMap als pharmacy eingetragen. Öffnungszeiten in OSM eingetragen; nicht unabhängig bestätigt.",
        "status": "OSM-Eintrag, nicht offiziell geprüft",
        "startDate": null,
        "endDate": null,
        "nextStep": "Aktuelle Angaben direkt beim Ort prüfen.",
        "unknowns": [
          "Aktueller Betrieb und tatsächliche Öffnungszeiten"
        ],
        "scale": "street",
        "geometryPrecision": "exact",
        "sources": [
          {
            "url": "https://www.openstreetmap.org/node/426889540",
            "snapshotUrl": "https://overpass-api.de/api/interpreter",
            "title": "OpenStreetMap contributors",
            "publisher": "OpenStreetMap contributors",
            "locator": "node/426889540; tags.name, tags.amenity",
            "retrievedAt": "2026-09-26T17:19:44.197Z",
            "sha256": "df7ea59d133b93f6c475c88d251a6d3c455ea234106e397ba0aa310807c048de",
            "snapshot": true,
            "licence": "ODbL 1.0",
            "reuse": "open_licence"
          }
        ],
        "extraction": {
          "method": "structured"
        },
        "reviewState": "candidate",
        "asOf": "2026-09-26T17:19:44.197Z"
      }
    },
    {
      "type": "Feature",
      "geometry": {
        "type": "Point",
        "coordinates": [
          7.3134746,
          51.5475009
        ]
      },
      "properties": {
        "id": "osm:node-442056023",
        "version": "a6e4c4c3bca93d3ab0d9fbce566c308aeb1eb0138f5fe9fd97cbf0f4604156cd",
        "cityId": "castrop-rauxel",
        "kind": "place",
        "category": "pharmacy",
        "title": "Alte Apotheke",
        "statement": "Alte Apotheke ist in OpenStreetMap als pharmacy eingetragen. Öffnungszeiten in OSM eingetragen; nicht unabhängig bestätigt.",
        "status": "OSM-Eintrag, nicht offiziell geprüft",
        "startDate": null,
        "endDate": null,
        "nextStep": "Aktuelle Angaben direkt beim Ort prüfen.",
        "unknowns": [
          "Aktueller Betrieb und tatsächliche Öffnungszeiten"
        ],
        "scale": "street",
        "geometryPrecision": "exact",
        "sources": [
          {
            "url": "https://www.openstreetmap.org/node/442056023",
            "snapshotUrl": "https://overpass-api.de/api/interpreter",
            "title": "OpenStreetMap contributors",
            "publisher": "OpenStreetMap contributors",
            "locator": "node/442056023; tags.name, tags.amenity",
            "retrievedAt": "2026-09-26T17:19:44.197Z",
            "sha256": "df7ea59d133b93f6c475c88d251a6d3c455ea234106e397ba0aa310807c048de",
            "snapshot": true,
            "licence": "ODbL 1.0",
            "reuse": "open_licence"
          }
        ],
        "extraction": {
          "method": "structured"
        },
        "reviewState": "candidate",
        "asOf": "2026-09-26T17:19:44.197Z"
      }
    },
    {
      "type": "Feature",
      "geometry": {
        "type": "Point",
        "coordinates": [
          7.3164857,
          51.5852856
        ]
      },
      "properties": {
        "id": "osm:node-4574100126",
        "version": "c2946f7fad5a8af750ea9f7311553bde7947e6cb434c505119f6fa150e3bb12f",
        "cityId": "castrop-rauxel",
        "kind": "place",
        "category": "post_office",
        "title": "Postfiliale 524 Lotto/Toto/ Gül",
        "statement": "Postfiliale 524 Lotto/Toto/ Gül ist in OpenStreetMap als post_office eingetragen. Öffnungszeiten in OSM eingetragen; nicht unabhängig bestätigt.",
        "status": "OSM-Eintrag, nicht offiziell geprüft",
        "startDate": null,
        "endDate": null,
        "nextStep": "Aktuelle Angaben direkt beim Ort prüfen.",
        "unknowns": [
          "Aktueller Betrieb und tatsächliche Öffnungszeiten"
        ],
        "scale": "street",
        "geometryPrecision": "exact",
        "sources": [
          {
            "url": "https://www.openstreetmap.org/node/4574100126",
            "snapshotUrl": "https://overpass-api.de/api/interpreter",
            "title": "OpenStreetMap contributors",
            "publisher": "OpenStreetMap contributors",
            "locator": "node/4574100126; tags.name, tags.amenity",
            "retrievedAt": "2026-09-26T17:19:44.197Z",
            "sha256": "df7ea59d133b93f6c475c88d251a6d3c455ea234106e397ba0aa310807c048de",
            "snapshot": true,
            "licence": "ODbL 1.0",
            "reuse": "open_licence"
          }
        ],
        "extraction": {
          "method": "structured"
        },
        "reviewState": "candidate",
        "asOf": "2026-09-26T17:19:44.197Z"
      }
    },
    {
      "type": "Feature",
      "geometry": {
        "type": "Point",
        "coordinates": [
          7.3105055,
          51.5490566
        ]
      },
      "properties": {
        "id": "osm:node-469837159",
        "version": "e1516bffb8dd1bc41e3124b6dc3c81d811f5dbee9aa83ec66f8da11878f369b4",
        "cityId": "castrop-rauxel",
        "kind": "place",
        "category": "bakery",
        "title": "Kamps",
        "statement": "Kamps ist in OpenStreetMap als bakery eingetragen. Öffnungszeiten in OSM eingetragen; nicht unabhängig bestätigt.",
        "status": "OSM-Eintrag, nicht offiziell geprüft",
        "startDate": null,
        "endDate": null,
        "nextStep": "Aktuelle Angaben direkt beim Ort prüfen.",
        "unknowns": [
          "Aktueller Betrieb und tatsächliche Öffnungszeiten"
        ],
        "scale": "street",
        "geometryPrecision": "exact",
        "sources": [
          {
            "url": "https://www.openstreetmap.org/node/469837159",
            "snapshotUrl": "https://overpass-api.de/api/interpreter",
            "title": "OpenStreetMap contributors",
            "publisher": "OpenStreetMap contributors",
            "locator": "node/469837159; tags.name, tags.shop",
            "retrievedAt": "2026-09-26T17:19:44.197Z",
            "sha256": "df7ea59d133b93f6c475c88d251a6d3c455ea234106e397ba0aa310807c048de",
            "snapshot": true,
            "licence": "ODbL 1.0",
            "reuse": "open_licence"
          }
        ],
        "extraction": {
          "method": "structured"
        },
        "reviewState": "candidate",
        "asOf": "2026-09-26T17:19:44.197Z"
      }
    },
    {
      "type": "Feature",
      "geometry": {
        "type": "Point",
        "coordinates": [
          7.2906886,
          51.5559393
        ]
      },
      "properties": {
        "id": "osm:node-495571093",
        "version": "e20fb42d890137e6bd0386aace53a0ed13a83f9df5eae029085cde016e7b92cb",
        "cityId": "castrop-rauxel",
        "kind": "place",
        "category": "bakery",
        "title": "Brinker",
        "statement": "Brinker ist in OpenStreetMap als bakery eingetragen. Öffnungszeiten in OSM eingetragen; nicht unabhängig bestätigt.",
        "status": "OSM-Eintrag, nicht offiziell geprüft",
        "startDate": null,
        "endDate": null,
        "nextStep": "Aktuelle Angaben direkt beim Ort prüfen.",
        "unknowns": [
          "Aktueller Betrieb und tatsächliche Öffnungszeiten"
        ],
        "scale": "street",
        "geometryPrecision": "exact",
        "sources": [
          {
            "url": "https://www.openstreetmap.org/node/495571093",
            "snapshotUrl": "https://overpass-api.de/api/interpreter",
            "title": "OpenStreetMap contributors",
            "publisher": "OpenStreetMap contributors",
            "locator": "node/495571093; tags.name, tags.shop",
            "retrievedAt": "2026-09-26T17:19:44.197Z",
            "sha256": "df7ea59d133b93f6c475c88d251a6d3c455ea234106e397ba0aa310807c048de",
            "snapshot": true,
            "licence": "ODbL 1.0",
            "reuse": "open_licence"
          }
        ],
        "extraction": {
          "method": "structured"
        },
        "reviewState": "candidate",
        "asOf": "2026-09-26T17:19:44.197Z"
      }
    },
    {
      "type": "Feature",
      "geometry": {
        "type": "Point",
        "coordinates": [
          7.3103584,
          51.5472729
        ]
      },
      "properties": {
        "id": "osm:node-496130981",
        "version": "dc4a74c0666150cbd876afa2ae9c290bf9c70ecd7a6e733dfe31e13e227a69e4",
        "cityId": "castrop-rauxel",
        "kind": "place",
        "category": "community_centre",
        "title": "BoGi's Cafe",
        "statement": "BoGi's Cafe ist in OpenStreetMap als community_centre eingetragen. Betrieb und Öffnungszeiten nicht geprüft.",
        "status": "OSM-Eintrag, nicht offiziell geprüft",
        "startDate": null,
        "endDate": null,
        "nextStep": "Aktuelle Angaben direkt beim Ort prüfen.",
        "unknowns": [
          "Aktueller Betrieb und tatsächliche Öffnungszeiten"
        ],
        "scale": "street",
        "geometryPrecision": "exact",
        "sources": [
          {
            "url": "https://www.openstreetmap.org/node/496130981",
            "snapshotUrl": "https://overpass-api.de/api/interpreter",
            "title": "OpenStreetMap contributors",
            "publisher": "OpenStreetMap contributors",
            "locator": "node/496130981; tags.name, tags.amenity",
            "retrievedAt": "2026-09-26T17:19:44.197Z",
            "sha256": "df7ea59d133b93f6c475c88d251a6d3c455ea234106e397ba0aa310807c048de",
            "snapshot": true,
            "licence": "ODbL 1.0",
            "reuse": "open_licence"
          }
        ],
        "extraction": {
          "method": "structured"
        },
        "reviewState": "candidate",
        "asOf": "2026-09-26T17:19:44.197Z"
      }
    },
    {
      "type": "Feature",
      "geometry": {
        "type": "Point",
        "coordinates": [
          7.3159262,
          51.5853349
        ]
      },
      "properties": {
        "id": "osm:node-508068963",
        "version": "cf0df7af330c4e2ffa9907a9701ebd2df0786c419520cd99c3415aadd15895c2",
        "cityId": "castrop-rauxel",
        "kind": "place",
        "category": "bakery",
        "title": "Sondermann",
        "statement": "Sondermann ist in OpenStreetMap als bakery eingetragen. Öffnungszeiten in OSM eingetragen; nicht unabhängig bestätigt.",
        "status": "OSM-Eintrag, nicht offiziell geprüft",
        "startDate": null,
        "endDate": null,
        "nextStep": "Aktuelle Angaben direkt beim Ort prüfen.",
        "unknowns": [
          "Aktueller Betrieb und tatsächliche Öffnungszeiten"
        ],
        "scale": "street",
        "geometryPrecision": "exact",
        "sources": [
          {
            "url": "https://www.openstreetmap.org/node/508068963",
            "snapshotUrl": "https://overpass-api.de/api/interpreter",
            "title": "OpenStreetMap contributors",
            "publisher": "OpenStreetMap contributors",
            "locator": "node/508068963; tags.name, tags.shop",
            "retrievedAt": "2026-09-26T17:19:44.197Z",
            "sha256": "df7ea59d133b93f6c475c88d251a6d3c455ea234106e397ba0aa310807c048de",
            "snapshot": true,
            "licence": "ODbL 1.0",
            "reuse": "open_licence"
          }
        ],
        "extraction": {
          "method": "structured"
        },
        "reviewState": "candidate",
        "asOf": "2026-09-26T17:19:44.197Z"
      }
    },
    {
      "type": "Feature",
      "geometry": {
        "type": "Point",
        "coordinates": [
          7.3158427,
          51.585325
        ]
      },
      "properties": {
        "id": "osm:node-508068969",
        "version": "101bf342c39c6b1e06d7fc7257dcb0c211960d62ff6fd27032920a0beb81e951",
        "cityId": "castrop-rauxel",
        "kind": "place",
        "category": "supermarket",
        "title": "PENNY",
        "statement": "PENNY ist in OpenStreetMap als supermarket eingetragen. Öffnungszeiten in OSM eingetragen; nicht unabhängig bestätigt.",
        "status": "OSM-Eintrag, nicht offiziell geprüft",
        "startDate": null,
        "endDate": null,
        "nextStep": "Aktuelle Angaben direkt beim Ort prüfen.",
        "unknowns": [
          "Aktueller Betrieb und tatsächliche Öffnungszeiten"
        ],
        "scale": "street",
        "geometryPrecision": "exact",
        "sources": [
          {
            "url": "https://www.openstreetmap.org/node/508068969",
            "snapshotUrl": "https://overpass-api.de/api/interpreter",
            "title": "OpenStreetMap contributors",
            "publisher": "OpenStreetMap contributors",
            "locator": "node/508068969; tags.name, tags.shop",
            "retrievedAt": "2026-09-26T17:19:44.197Z",
            "sha256": "df7ea59d133b93f6c475c88d251a6d3c455ea234106e397ba0aa310807c048de",
            "snapshot": true,
            "licence": "ODbL 1.0",
            "reuse": "open_licence"
          }
        ],
        "extraction": {
          "method": "structured"
        },
        "reviewState": "candidate",
        "asOf": "2026-09-26T17:19:44.197Z"
      }
    },
    {
      "type": "Feature",
      "geometry": {
        "type": "Point",
        "coordinates": [
          7.311218,
          51.5926791
        ]
      },
      "properties": {
        "id": "osm:node-510924539",
        "version": "dda8d9bab1dc5b2c7ad84927138c76e66a14cd4f4cc804e6f62a02caf5be4331",
        "cityId": "castrop-rauxel",
        "kind": "place",
        "category": "supermarket",
        "title": "Rewe",
        "statement": "Rewe ist in OpenStreetMap als supermarket eingetragen. Öffnungszeiten in OSM eingetragen; nicht unabhängig bestätigt.",
        "status": "OSM-Eintrag, nicht offiziell geprüft",
        "startDate": null,
        "endDate": null,
        "nextStep": "Aktuelle Angaben direkt beim Ort prüfen.",
        "unknowns": [
          "Aktueller Betrieb und tatsächliche Öffnungszeiten"
        ],
        "scale": "street",
        "geometryPrecision": "exact",
        "sources": [
          {
            "url": "https://www.openstreetmap.org/node/510924539",
            "snapshotUrl": "https://overpass-api.de/api/interpreter",
            "title": "OpenStreetMap contributors",
            "publisher": "OpenStreetMap contributors",
            "locator": "node/510924539; tags.name, tags.shop",
            "retrievedAt": "2026-09-26T17:19:44.197Z",
            "sha256": "df7ea59d133b93f6c475c88d251a6d3c455ea234106e397ba0aa310807c048de",
            "snapshot": true,
            "licence": "ODbL 1.0",
            "reuse": "open_licence"
          }
        ],
        "extraction": {
          "method": "structured"
        },
        "reviewState": "candidate",
        "asOf": "2026-09-26T17:19:44.197Z"
      }
    },
    {
      "type": "Feature",
      "geometry": {
        "type": "Point",
        "coordinates": [
          7.3110083,
          51.5926657
        ]
      },
      "properties": {
        "id": "osm:node-510924545",
        "version": "16910575f45ef69e47ffe105fe4e09ad200776e7b4ac9116e1772bd2181a0e0b",
        "cityId": "castrop-rauxel",
        "kind": "place",
        "category": "bakery",
        "title": "Malzers",
        "statement": "Malzers ist in OpenStreetMap als bakery eingetragen. Öffnungszeiten in OSM eingetragen; nicht unabhängig bestätigt.",
        "status": "OSM-Eintrag, nicht offiziell geprüft",
        "startDate": null,
        "endDate": null,
        "nextStep": "Aktuelle Angaben direkt beim Ort prüfen.",
        "unknowns": [
          "Aktueller Betrieb und tatsächliche Öffnungszeiten"
        ],
        "scale": "street",
        "geometryPrecision": "exact",
        "sources": [
          {
            "url": "https://www.openstreetmap.org/node/510924545",
            "snapshotUrl": "https://overpass-api.de/api/interpreter",
            "title": "OpenStreetMap contributors",
            "publisher": "OpenStreetMap contributors",
            "locator": "node/510924545; tags.name, tags.shop",
            "retrievedAt": "2026-09-26T17:19:44.197Z",
            "sha256": "df7ea59d133b93f6c475c88d251a6d3c455ea234106e397ba0aa310807c048de",
            "snapshot": true,
            "licence": "ODbL 1.0",
            "reuse": "open_licence"
          }
        ],
        "extraction": {
          "method": "structured"
        },
        "reviewState": "candidate",
        "asOf": "2026-09-26T17:19:44.197Z"
      }
    },
    {
      "type": "Feature",
      "geometry": {
        "type": "Point",
        "coordinates": [
          7.331129,
          51.5427398
        ]
      },
      "properties": {
        "id": "osm:node-5591227589",
        "version": "88fa3dad1f7cdd19937bab76d047b2273a6ed4e8fbaade89d757fa9904c45e71",
        "cityId": "castrop-rauxel",
        "kind": "place",
        "category": "supermarket",
        "title": "Isma Supermarkt",
        "statement": "Isma Supermarkt ist in OpenStreetMap als supermarket eingetragen. Öffnungszeiten in OSM eingetragen; nicht unabhängig bestätigt.",
        "status": "OSM-Eintrag, nicht offiziell geprüft",
        "startDate": null,
        "endDate": null,
        "nextStep": "Aktuelle Angaben direkt beim Ort prüfen.",
        "unknowns": [
          "Aktueller Betrieb und tatsächliche Öffnungszeiten"
        ],
        "scale": "street",
        "geometryPrecision": "exact",
        "sources": [
          {
            "url": "https://www.openstreetmap.org/node/5591227589",
            "snapshotUrl": "https://overpass-api.de/api/interpreter",
            "title": "OpenStreetMap contributors",
            "publisher": "OpenStreetMap contributors",
            "locator": "node/5591227589; tags.name, tags.shop",
            "retrievedAt": "2026-09-26T17:19:44.197Z",
            "sha256": "df7ea59d133b93f6c475c88d251a6d3c455ea234106e397ba0aa310807c048de",
            "snapshot": true,
            "licence": "ODbL 1.0",
            "reuse": "open_licence"
          }
        ],
        "extraction": {
          "method": "structured"
        },
        "reviewState": "candidate",
        "asOf": "2026-09-26T17:19:44.197Z"
      }
    },
    {
      "type": "Feature",
      "geometry": {
        "type": "Point",
        "coordinates": [
          7.3083289,
          51.5483292
        ]
      },
      "properties": {
        "id": "osm:node-5753299745",
        "version": "a596c4b5984b554516352481c6c0334de9e9fb9f459c91d03bf26ebcf483633c",
        "cityId": "castrop-rauxel",
        "kind": "place",
        "category": "bakery",
        "title": "Malzers",
        "statement": "Malzers ist in OpenStreetMap als bakery eingetragen. Öffnungszeiten in OSM eingetragen; nicht unabhängig bestätigt.",
        "status": "OSM-Eintrag, nicht offiziell geprüft",
        "startDate": null,
        "endDate": null,
        "nextStep": "Aktuelle Angaben direkt beim Ort prüfen.",
        "unknowns": [
          "Aktueller Betrieb und tatsächliche Öffnungszeiten"
        ],
        "scale": "street",
        "geometryPrecision": "exact",
        "sources": [
          {
            "url": "https://www.openstreetmap.org/node/5753299745",
            "snapshotUrl": "https://overpass-api.de/api/interpreter",
            "title": "OpenStreetMap contributors",
            "publisher": "OpenStreetMap contributors",
            "locator": "node/5753299745; tags.name, tags.shop",
            "retrievedAt": "2026-09-26T17:19:44.197Z",
            "sha256": "df7ea59d133b93f6c475c88d251a6d3c455ea234106e397ba0aa310807c048de",
            "snapshot": true,
            "licence": "ODbL 1.0",
            "reuse": "open_licence"
          }
        ],
        "extraction": {
          "method": "structured"
        },
        "reviewState": "candidate",
        "asOf": "2026-09-26T17:19:44.197Z"
      }
    },
    {
      "type": "Feature",
      "geometry": {
        "type": "Point",
        "coordinates": [
          7.305639,
          51.5783259
        ]
      },
      "properties": {
        "id": "osm:node-5777055073",
        "version": "b96b461cff61b4d75f0e6eab172107cfc3ff32f9e3a22a8da0bfc8efb32e9564",
        "cityId": "castrop-rauxel",
        "kind": "place",
        "category": "kindergarten",
        "title": "Kinderplanet",
        "statement": "Kinderplanet ist in OpenStreetMap als kindergarten eingetragen. Betrieb und Öffnungszeiten nicht geprüft.",
        "status": "OSM-Eintrag, nicht offiziell geprüft",
        "startDate": null,
        "endDate": null,
        "nextStep": "Aktuelle Angaben direkt beim Ort prüfen.",
        "unknowns": [
          "Aktueller Betrieb und tatsächliche Öffnungszeiten"
        ],
        "scale": "street",
        "geometryPrecision": "exact",
        "sources": [
          {
            "url": "https://www.openstreetmap.org/node/5777055073",
            "snapshotUrl": "https://overpass-api.de/api/interpreter",
            "title": "OpenStreetMap contributors",
            "publisher": "OpenStreetMap contributors",
            "locator": "node/5777055073; tags.name, tags.amenity",
            "retrievedAt": "2026-09-26T17:19:44.197Z",
            "sha256": "df7ea59d133b93f6c475c88d251a6d3c455ea234106e397ba0aa310807c048de",
            "snapshot": true,
            "licence": "ODbL 1.0",
            "reuse": "open_licence"
          }
        ],
        "extraction": {
          "method": "structured"
        },
        "reviewState": "candidate",
        "asOf": "2026-09-26T17:19:44.197Z"
      }
    },
    {
      "type": "Feature",
      "geometry": {
        "type": "Point",
        "coordinates": [
          7.3057172,
          51.5749756
        ]
      },
      "properties": {
        "id": "osm:node-5777089054",
        "version": "c13d8c27e046f2b2c9209e6434cfc9242a1b73467e1389132fa7588b911d79e0",
        "cityId": "castrop-rauxel",
        "kind": "place",
        "category": "bakery",
        "title": "Bäckerei Brinker",
        "statement": "Bäckerei Brinker ist in OpenStreetMap als bakery eingetragen. Öffnungszeiten in OSM eingetragen; nicht unabhängig bestätigt.",
        "status": "OSM-Eintrag, nicht offiziell geprüft",
        "startDate": null,
        "endDate": null,
        "nextStep": "Aktuelle Angaben direkt beim Ort prüfen.",
        "unknowns": [
          "Aktueller Betrieb und tatsächliche Öffnungszeiten"
        ],
        "scale": "street",
        "geometryPrecision": "exact",
        "sources": [
          {
            "url": "https://www.openstreetmap.org/node/5777089054",
            "snapshotUrl": "https://overpass-api.de/api/interpreter",
            "title": "OpenStreetMap contributors",
            "publisher": "OpenStreetMap contributors",
            "locator": "node/5777089054; tags.name, tags.shop",
            "retrievedAt": "2026-09-26T17:19:44.197Z",
            "sha256": "df7ea59d133b93f6c475c88d251a6d3c455ea234106e397ba0aa310807c048de",
            "snapshot": true,
            "licence": "ODbL 1.0",
            "reuse": "open_licence"
          }
        ],
        "extraction": {
          "method": "structured"
        },
        "reviewState": "candidate",
        "asOf": "2026-09-26T17:19:44.197Z"
      }
    },
    {
      "type": "Feature",
      "geometry": {
        "type": "Point",
        "coordinates": [
          7.3004835,
          51.5990288
        ]
      },
      "properties": {
        "id": "osm:node-5876966185",
        "version": "bed09201ae433202afd61c56b847c802eb137e667506f47d87b6ffed0ea0615b",
        "cityId": "castrop-rauxel",
        "kind": "place",
        "category": "rowing",
        "title": "Ruderverein Rauxel e.V.",
        "statement": "Ruderverein Rauxel e.V. ist in OpenStreetMap als rowing eingetragen. Betrieb und Öffnungszeiten nicht geprüft.",
        "status": "OSM-Eintrag, nicht offiziell geprüft",
        "startDate": null,
        "endDate": null,
        "nextStep": "Aktuelle Angaben direkt beim Ort prüfen.",
        "unknowns": [
          "Aktueller Betrieb und tatsächliche Öffnungszeiten"
        ],
        "scale": "street",
        "geometryPrecision": "exact",
        "sources": [
          {
            "url": "https://www.openstreetmap.org/node/5876966185",
            "snapshotUrl": "https://overpass-api.de/api/interpreter",
            "title": "OpenStreetMap contributors",
            "publisher": "OpenStreetMap contributors",
            "locator": "node/5876966185; tags.name, tags.sport",
            "retrievedAt": "2026-09-26T17:19:44.197Z",
            "sha256": "df7ea59d133b93f6c475c88d251a6d3c455ea234106e397ba0aa310807c048de",
            "snapshot": true,
            "licence": "ODbL 1.0",
            "reuse": "open_licence"
          }
        ],
        "extraction": {
          "method": "structured"
        },
        "reviewState": "candidate",
        "asOf": "2026-09-26T17:19:44.197Z"
      }
    },
    {
      "type": "Feature",
      "geometry": {
        "type": "Point",
        "coordinates": [
          7.317204,
          51.5574796
        ]
      },
      "properties": {
        "id": "osm:node-595713010",
        "version": "7206482bdd4c317364df83b63199e85142f92743963ad3c007873def56c35f26",
        "cityId": "castrop-rauxel",
        "kind": "place",
        "category": "pharmacy",
        "title": "Pallas Apotheke",
        "statement": "Pallas Apotheke ist in OpenStreetMap als pharmacy eingetragen. Betrieb und Öffnungszeiten nicht geprüft.",
        "status": "OSM-Eintrag, nicht offiziell geprüft",
        "startDate": null,
        "endDate": null,
        "nextStep": "Aktuelle Angaben direkt beim Ort prüfen.",
        "unknowns": [
          "Aktueller Betrieb und tatsächliche Öffnungszeiten"
        ],
        "scale": "street",
        "geometryPrecision": "exact",
        "sources": [
          {
            "url": "https://www.openstreetmap.org/node/595713010",
            "snapshotUrl": "https://overpass-api.de/api/interpreter",
            "title": "OpenStreetMap contributors",
            "publisher": "OpenStreetMap contributors",
            "locator": "node/595713010; tags.name, tags.amenity",
            "retrievedAt": "2026-09-26T17:19:44.197Z",
            "sha256": "df7ea59d133b93f6c475c88d251a6d3c455ea234106e397ba0aa310807c048de",
            "snapshot": true,
            "licence": "ODbL 1.0",
            "reuse": "open_licence"
          }
        ],
        "extraction": {
          "method": "structured"
        },
        "reviewState": "candidate",
        "asOf": "2026-09-26T17:19:44.197Z"
      }
    },
    {
      "type": "Feature",
      "geometry": {
        "type": "Point",
        "coordinates": [
          7.3313183,
          51.5425871
        ]
      },
      "properties": {
        "id": "osm:node-603736447",
        "version": "49d0db9e33e34aa98134995c9195ce6abbf8d36178303168ac9967e14bbac0a2",
        "cityId": "castrop-rauxel",
        "kind": "place",
        "category": "pharmacy",
        "title": "Glückauf Apotheke",
        "statement": "Glückauf Apotheke ist in OpenStreetMap als pharmacy eingetragen. Öffnungszeiten in OSM eingetragen; nicht unabhängig bestätigt.",
        "status": "OSM-Eintrag, nicht offiziell geprüft",
        "startDate": null,
        "endDate": null,
        "nextStep": "Aktuelle Angaben direkt beim Ort prüfen.",
        "unknowns": [
          "Aktueller Betrieb und tatsächliche Öffnungszeiten"
        ],
        "scale": "street",
        "geometryPrecision": "exact",
        "sources": [
          {
            "url": "https://www.openstreetmap.org/node/603736447",
            "snapshotUrl": "https://overpass-api.de/api/interpreter",
            "title": "OpenStreetMap contributors",
            "publisher": "OpenStreetMap contributors",
            "locator": "node/603736447; tags.name, tags.amenity",
            "retrievedAt": "2026-09-26T17:19:44.197Z",
            "sha256": "df7ea59d133b93f6c475c88d251a6d3c455ea234106e397ba0aa310807c048de",
            "snapshot": true,
            "licence": "ODbL 1.0",
            "reuse": "open_licence"
          }
        ],
        "extraction": {
          "method": "structured"
        },
        "reviewState": "candidate",
        "asOf": "2026-09-26T17:19:44.197Z"
      }
    },
    {
      "type": "Feature",
      "geometry": {
        "type": "Point",
        "coordinates": [
          7.3244984,
          51.5268628
        ]
      },
      "properties": {
        "id": "osm:node-624853048",
        "version": "33646c3f3a5df9d657c6ebdd4f9cc62f29d7ea98a9912c36685bbf93c747778b",
        "cityId": "castrop-rauxel",
        "kind": "place",
        "category": "community_centre",
        "title": "Bürgerzentrum Marienschule",
        "statement": "Bürgerzentrum Marienschule ist in OpenStreetMap als community_centre eingetragen. Betrieb und Öffnungszeiten nicht geprüft.",
        "status": "OSM-Eintrag, nicht offiziell geprüft",
        "startDate": null,
        "endDate": null,
        "nextStep": "Aktuelle Angaben direkt beim Ort prüfen.",
        "unknowns": [
          "Aktueller Betrieb und tatsächliche Öffnungszeiten"
        ],
        "scale": "street",
        "geometryPrecision": "exact",
        "sources": [
          {
            "url": "https://www.openstreetmap.org/node/624853048",
            "snapshotUrl": "https://overpass-api.de/api/interpreter",
            "title": "OpenStreetMap contributors",
            "publisher": "OpenStreetMap contributors",
            "locator": "node/624853048; tags.name, tags.amenity",
            "retrievedAt": "2026-09-26T17:19:44.197Z",
            "sha256": "df7ea59d133b93f6c475c88d251a6d3c455ea234106e397ba0aa310807c048de",
            "snapshot": true,
            "licence": "ODbL 1.0",
            "reuse": "open_licence"
          }
        ],
        "extraction": {
          "method": "structured"
        },
        "reviewState": "candidate",
        "asOf": "2026-09-26T17:19:44.197Z"
      }
    },
    {
      "type": "Feature",
      "geometry": {
        "type": "Point",
        "coordinates": [
          7.3347416,
          51.5422717
        ]
      },
      "properties": {
        "id": "osm:node-6370119099",
        "version": "0b61ed00cb1eb6976d9356ef504c7f72e75c21612bf60860f16bd88435a3bfe6",
        "cityId": "castrop-rauxel",
        "kind": "place",
        "category": "supermarket",
        "title": "Edeka Richter",
        "statement": "Edeka Richter ist in OpenStreetMap als supermarket eingetragen. Öffnungszeiten in OSM eingetragen; nicht unabhängig bestätigt.",
        "status": "OSM-Eintrag, nicht offiziell geprüft",
        "startDate": null,
        "endDate": null,
        "nextStep": "Aktuelle Angaben direkt beim Ort prüfen.",
        "unknowns": [
          "Aktueller Betrieb und tatsächliche Öffnungszeiten"
        ],
        "scale": "street",
        "geometryPrecision": "exact",
        "sources": [
          {
            "url": "https://www.openstreetmap.org/node/6370119099",
            "snapshotUrl": "https://overpass-api.de/api/interpreter",
            "title": "OpenStreetMap contributors",
            "publisher": "OpenStreetMap contributors",
            "locator": "node/6370119099; tags.name, tags.shop",
            "retrievedAt": "2026-09-26T17:19:44.197Z",
            "sha256": "df7ea59d133b93f6c475c88d251a6d3c455ea234106e397ba0aa310807c048de",
            "snapshot": true,
            "licence": "ODbL 1.0",
            "reuse": "open_licence"
          }
        ],
        "extraction": {
          "method": "structured"
        },
        "reviewState": "candidate",
        "asOf": "2026-09-26T17:19:44.197Z"
      }
    },
    {
      "type": "Feature",
      "geometry": {
        "type": "Point",
        "coordinates": [
          7.2982059,
          51.5505281
        ]
      },
      "properties": {
        "id": "osm:node-646550993",
        "version": "b62747c1ac6397fc4860d23272fd7d5b8debe3c677638078671208cc97907be9",
        "cityId": "castrop-rauxel",
        "kind": "place",
        "category": "bakery",
        "title": "Cityback Feldkamp",
        "statement": "Cityback Feldkamp ist in OpenStreetMap als bakery eingetragen. Öffnungszeiten in OSM eingetragen; nicht unabhängig bestätigt.",
        "status": "OSM-Eintrag, nicht offiziell geprüft",
        "startDate": null,
        "endDate": null,
        "nextStep": "Aktuelle Angaben direkt beim Ort prüfen.",
        "unknowns": [
          "Aktueller Betrieb und tatsächliche Öffnungszeiten"
        ],
        "scale": "street",
        "geometryPrecision": "exact",
        "sources": [
          {
            "url": "https://www.openstreetmap.org/node/646550993",
            "snapshotUrl": "https://overpass-api.de/api/interpreter",
            "title": "OpenStreetMap contributors",
            "publisher": "OpenStreetMap contributors",
            "locator": "node/646550993; tags.name, tags.shop",
            "retrievedAt": "2026-09-26T17:19:44.197Z",
            "sha256": "df7ea59d133b93f6c475c88d251a6d3c455ea234106e397ba0aa310807c048de",
            "snapshot": true,
            "licence": "ODbL 1.0",
            "reuse": "open_licence"
          }
        ],
        "extraction": {
          "method": "structured"
        },
        "reviewState": "candidate",
        "asOf": "2026-09-26T17:19:44.197Z"
      }
    },
    {
      "type": "Feature",
      "geometry": {
        "type": "Point",
        "coordinates": [
          7.3104362,
          51.5482971
        ]
      },
      "properties": {
        "id": "osm:node-665307748",
        "version": "4ef466e90ace6bb19bbb19cc66e815bddb604d208006f133625909edfe556e18",
        "cityId": "castrop-rauxel",
        "kind": "place",
        "category": "bakery",
        "title": "Grobe",
        "statement": "Grobe ist in OpenStreetMap als bakery eingetragen. Öffnungszeiten in OSM eingetragen; nicht unabhängig bestätigt.",
        "status": "OSM-Eintrag, nicht offiziell geprüft",
        "startDate": null,
        "endDate": null,
        "nextStep": "Aktuelle Angaben direkt beim Ort prüfen.",
        "unknowns": [
          "Aktueller Betrieb und tatsächliche Öffnungszeiten"
        ],
        "scale": "street",
        "geometryPrecision": "exact",
        "sources": [
          {
            "url": "https://www.openstreetmap.org/node/665307748",
            "snapshotUrl": "https://overpass-api.de/api/interpreter",
            "title": "OpenStreetMap contributors",
            "publisher": "OpenStreetMap contributors",
            "locator": "node/665307748; tags.name, tags.shop",
            "retrievedAt": "2026-09-26T17:19:44.197Z",
            "sha256": "df7ea59d133b93f6c475c88d251a6d3c455ea234106e397ba0aa310807c048de",
            "snapshot": true,
            "licence": "ODbL 1.0",
            "reuse": "open_licence"
          }
        ],
        "extraction": {
          "method": "structured"
        },
        "reviewState": "candidate",
        "asOf": "2026-09-26T17:19:44.197Z"
      }
    },
    {
      "type": "Feature",
      "geometry": {
        "type": "Point",
        "coordinates": [
          7.307513,
          51.5481073
        ]
      },
      "properties": {
        "id": "osm:node-6792725054",
        "version": "460b3d59f2db43884d08b29c9dd5468ea52d9015061ed5ce5946016b91ba104f",
        "cityId": "castrop-rauxel",
        "kind": "place",
        "category": "lottery",
        "title": "Tabak Presse",
        "statement": "Tabak Presse ist in OpenStreetMap als lottery eingetragen. Öffnungszeiten in OSM eingetragen; nicht unabhängig bestätigt.",
        "status": "OSM-Eintrag, nicht offiziell geprüft",
        "startDate": null,
        "endDate": null,
        "nextStep": "Aktuelle Angaben direkt beim Ort prüfen.",
        "unknowns": [
          "Aktueller Betrieb und tatsächliche Öffnungszeiten"
        ],
        "scale": "street",
        "geometryPrecision": "exact",
        "sources": [
          {
            "url": "https://www.openstreetmap.org/node/6792725054",
            "snapshotUrl": "https://overpass-api.de/api/interpreter",
            "title": "OpenStreetMap contributors",
            "publisher": "OpenStreetMap contributors",
            "locator": "node/6792725054; tags.name, tags.shop",
            "retrievedAt": "2026-09-26T17:19:44.197Z",
            "sha256": "df7ea59d133b93f6c475c88d251a6d3c455ea234106e397ba0aa310807c048de",
            "snapshot": true,
            "licence": "ODbL 1.0",
            "reuse": "open_licence"
          }
        ],
        "extraction": {
          "method": "structured"
        },
        "reviewState": "candidate",
        "asOf": "2026-09-26T17:19:44.197Z"
      }
    },
    {
      "type": "Feature",
      "geometry": {
        "type": "Point",
        "coordinates": [
          7.3180656,
          51.5473424
        ]
      },
      "properties": {
        "id": "osm:node-7202750340",
        "version": "3a13575c0be8fcd2248ae7b71a909d43cec8cc1dbfc61a65b754d1207e79872f",
        "cityId": "castrop-rauxel",
        "kind": "place",
        "category": "lottery",
        "title": "Lotto Karge",
        "statement": "Lotto Karge ist in OpenStreetMap als lottery eingetragen. Öffnungszeiten in OSM eingetragen; nicht unabhängig bestätigt.",
        "status": "OSM-Eintrag, nicht offiziell geprüft",
        "startDate": null,
        "endDate": null,
        "nextStep": "Aktuelle Angaben direkt beim Ort prüfen.",
        "unknowns": [
          "Aktueller Betrieb und tatsächliche Öffnungszeiten"
        ],
        "scale": "street",
        "geometryPrecision": "exact",
        "sources": [
          {
            "url": "https://www.openstreetmap.org/node/7202750340",
            "snapshotUrl": "https://overpass-api.de/api/interpreter",
            "title": "OpenStreetMap contributors",
            "publisher": "OpenStreetMap contributors",
            "locator": "node/7202750340; tags.name, tags.shop",
            "retrievedAt": "2026-09-26T17:19:44.197Z",
            "sha256": "df7ea59d133b93f6c475c88d251a6d3c455ea234106e397ba0aa310807c048de",
            "snapshot": true,
            "licence": "ODbL 1.0",
            "reuse": "open_licence"
          }
        ],
        "extraction": {
          "method": "structured"
        },
        "reviewState": "candidate",
        "asOf": "2026-09-26T17:19:44.197Z"
      }
    },
    {
      "type": "Feature",
      "geometry": {
        "type": "Point",
        "coordinates": [
          7.3427503,
          51.5921277
        ]
      },
      "properties": {
        "id": "osm:node-7205339918",
        "version": "a15096a35cb21eff16333c136ed3c9ad00fc188fae9d746fc51b730058fbafa2",
        "cityId": "castrop-rauxel",
        "kind": "place",
        "category": "bakery",
        "title": "Auffenberg",
        "statement": "Auffenberg ist in OpenStreetMap als bakery eingetragen. Öffnungszeiten in OSM eingetragen; nicht unabhängig bestätigt.",
        "status": "OSM-Eintrag, nicht offiziell geprüft",
        "startDate": null,
        "endDate": null,
        "nextStep": "Aktuelle Angaben direkt beim Ort prüfen.",
        "unknowns": [
          "Aktueller Betrieb und tatsächliche Öffnungszeiten"
        ],
        "scale": "street",
        "geometryPrecision": "exact",
        "sources": [
          {
            "url": "https://www.openstreetmap.org/node/7205339918",
            "snapshotUrl": "https://overpass-api.de/api/interpreter",
            "title": "OpenStreetMap contributors",
            "publisher": "OpenStreetMap contributors",
            "locator": "node/7205339918; tags.name, tags.shop",
            "retrievedAt": "2026-09-26T17:19:44.197Z",
            "sha256": "df7ea59d133b93f6c475c88d251a6d3c455ea234106e397ba0aa310807c048de",
            "snapshot": true,
            "licence": "ODbL 1.0",
            "reuse": "open_licence"
          }
        ],
        "extraction": {
          "method": "structured"
        },
        "reviewState": "candidate",
        "asOf": "2026-09-26T17:19:44.197Z"
      }
    },
    {
      "type": "Feature",
      "geometry": {
        "type": "Point",
        "coordinates": [
          7.3368426,
          51.5911677
        ]
      },
      "properties": {
        "id": "osm:node-7205339921",
        "version": "3264b1cb45bb23eb5ee6d1d1931cc42e04375f9834172b79f8c028ea5471ec3a",
        "cityId": "castrop-rauxel",
        "kind": "place",
        "category": "bakery",
        "title": "Vieting",
        "statement": "Vieting ist in OpenStreetMap als bakery eingetragen. Öffnungszeiten in OSM eingetragen; nicht unabhängig bestätigt.",
        "status": "OSM-Eintrag, nicht offiziell geprüft",
        "startDate": null,
        "endDate": null,
        "nextStep": "Aktuelle Angaben direkt beim Ort prüfen.",
        "unknowns": [
          "Aktueller Betrieb und tatsächliche Öffnungszeiten"
        ],
        "scale": "street",
        "geometryPrecision": "exact",
        "sources": [
          {
            "url": "https://www.openstreetmap.org/node/7205339921",
            "snapshotUrl": "https://overpass-api.de/api/interpreter",
            "title": "OpenStreetMap contributors",
            "publisher": "OpenStreetMap contributors",
            "locator": "node/7205339921; tags.name, tags.shop",
            "retrievedAt": "2026-09-26T17:19:44.197Z",
            "sha256": "df7ea59d133b93f6c475c88d251a6d3c455ea234106e397ba0aa310807c048de",
            "snapshot": true,
            "licence": "ODbL 1.0",
            "reuse": "open_licence"
          }
        ],
        "extraction": {
          "method": "structured"
        },
        "reviewState": "candidate",
        "asOf": "2026-09-26T17:19:44.197Z"
      }
    },
    {
      "type": "Feature",
      "geometry": {
        "type": "Point",
        "coordinates": [
          7.3161997,
          51.5431934
        ]
      },
      "properties": {
        "id": "osm:node-7205339922",
        "version": "a1b3daa01e5650bcc92bd14167e2e94c28686b988a365fbada56c29f6953e569",
        "cityId": "castrop-rauxel",
        "kind": "place",
        "category": "bakery",
        "title": "Grobe",
        "statement": "Grobe ist in OpenStreetMap als bakery eingetragen. Öffnungszeiten in OSM eingetragen; nicht unabhängig bestätigt.",
        "status": "OSM-Eintrag, nicht offiziell geprüft",
        "startDate": null,
        "endDate": null,
        "nextStep": "Aktuelle Angaben direkt beim Ort prüfen.",
        "unknowns": [
          "Aktueller Betrieb und tatsächliche Öffnungszeiten"
        ],
        "scale": "street",
        "geometryPrecision": "exact",
        "sources": [
          {
            "url": "https://www.openstreetmap.org/node/7205339922",
            "snapshotUrl": "https://overpass-api.de/api/interpreter",
            "title": "OpenStreetMap contributors",
            "publisher": "OpenStreetMap contributors",
            "locator": "node/7205339922; tags.name, tags.shop",
            "retrievedAt": "2026-09-26T17:19:44.197Z",
            "sha256": "df7ea59d133b93f6c475c88d251a6d3c455ea234106e397ba0aa310807c048de",
            "snapshot": true,
            "licence": "ODbL 1.0",
            "reuse": "open_licence"
          }
        ],
        "extraction": {
          "method": "structured"
        },
        "reviewState": "candidate",
        "asOf": "2026-09-26T17:19:44.197Z"
      }
    },
    {
      "type": "Feature",
      "geometry": {
        "type": "Point",
        "coordinates": [
          7.3346715,
          51.5423677
        ]
      },
      "properties": {
        "id": "osm:node-7205339924",
        "version": "ce02b0b2b58233e5e400f989709a829dcae9d663fe2a6e9f6fe40d8c2c3b9056",
        "cityId": "castrop-rauxel",
        "kind": "place",
        "category": "bakery",
        "title": "Malzers",
        "statement": "Malzers ist in OpenStreetMap als bakery eingetragen. Öffnungszeiten in OSM eingetragen; nicht unabhängig bestätigt.",
        "status": "OSM-Eintrag, nicht offiziell geprüft",
        "startDate": null,
        "endDate": null,
        "nextStep": "Aktuelle Angaben direkt beim Ort prüfen.",
        "unknowns": [
          "Aktueller Betrieb und tatsächliche Öffnungszeiten"
        ],
        "scale": "street",
        "geometryPrecision": "exact",
        "sources": [
          {
            "url": "https://www.openstreetmap.org/node/7205339924",
            "snapshotUrl": "https://overpass-api.de/api/interpreter",
            "title": "OpenStreetMap contributors",
            "publisher": "OpenStreetMap contributors",
            "locator": "node/7205339924; tags.name, tags.shop",
            "retrievedAt": "2026-09-26T17:19:44.197Z",
            "sha256": "df7ea59d133b93f6c475c88d251a6d3c455ea234106e397ba0aa310807c048de",
            "snapshot": true,
            "licence": "ODbL 1.0",
            "reuse": "open_licence"
          }
        ],
        "extraction": {
          "method": "structured"
        },
        "reviewState": "candidate",
        "asOf": "2026-09-26T17:19:44.197Z"
      }
    },
    {
      "type": "Feature",
      "geometry": {
        "type": "Point",
        "coordinates": [
          7.3243377,
          51.5268452
        ]
      },
      "properties": {
        "id": "osm:node-7859189542",
        "version": "a33d4de92d5ca354551d20e6e0f1e011294dea72e7eb42562057ec5366249482",
        "cityId": "castrop-rauxel",
        "kind": "place",
        "category": "sport",
        "title": "ABC Merklinde 1963/1970 e.V.",
        "statement": "ABC Merklinde 1963/1970 e.V. ist in OpenStreetMap als sport eingetragen. Betrieb und Öffnungszeiten nicht geprüft.",
        "status": "OSM-Eintrag, nicht offiziell geprüft",
        "startDate": null,
        "endDate": null,
        "nextStep": "Aktuelle Angaben direkt beim Ort prüfen.",
        "unknowns": [
          "Aktueller Betrieb und tatsächliche Öffnungszeiten"
        ],
        "scale": "street",
        "geometryPrecision": "exact",
        "sources": [
          {
            "url": "https://www.openstreetmap.org/node/7859189542",
            "snapshotUrl": "https://overpass-api.de/api/interpreter",
            "title": "OpenStreetMap contributors",
            "publisher": "OpenStreetMap contributors",
            "locator": "node/7859189542; tags.name, tags.club",
            "retrievedAt": "2026-09-26T17:19:44.197Z",
            "sha256": "df7ea59d133b93f6c475c88d251a6d3c455ea234106e397ba0aa310807c048de",
            "snapshot": true,
            "licence": "ODbL 1.0",
            "reuse": "open_licence"
          }
        ],
        "extraction": {
          "method": "structured"
        },
        "reviewState": "candidate",
        "asOf": "2026-09-26T17:19:44.197Z"
      }
    },
    {
      "type": "Feature",
      "geometry": {
        "type": "Point",
        "coordinates": [
          7.3356249,
          51.5902498
        ]
      },
      "properties": {
        "id": "osm:node-7934443398",
        "version": "630910ad6bcde46862520690df8f4a9f72909cbcd0350d8bb8d41dc4b9e8bd4e",
        "cityId": "castrop-rauxel",
        "kind": "place",
        "category": "post_office",
        "title": "Gerhard",
        "statement": "Gerhard ist in OpenStreetMap als post_office eingetragen. Öffnungszeiten in OSM eingetragen; nicht unabhängig bestätigt.",
        "status": "OSM-Eintrag, nicht offiziell geprüft",
        "startDate": null,
        "endDate": null,
        "nextStep": "Aktuelle Angaben direkt beim Ort prüfen.",
        "unknowns": [
          "Aktueller Betrieb und tatsächliche Öffnungszeiten"
        ],
        "scale": "street",
        "geometryPrecision": "exact",
        "sources": [
          {
            "url": "https://www.openstreetmap.org/node/7934443398",
            "snapshotUrl": "https://overpass-api.de/api/interpreter",
            "title": "OpenStreetMap contributors",
            "publisher": "OpenStreetMap contributors",
            "locator": "node/7934443398; tags.name, tags.amenity",
            "retrievedAt": "2026-09-26T17:19:44.197Z",
            "sha256": "df7ea59d133b93f6c475c88d251a6d3c455ea234106e397ba0aa310807c048de",
            "snapshot": true,
            "licence": "ODbL 1.0",
            "reuse": "open_licence"
          }
        ],
        "extraction": {
          "method": "structured"
        },
        "reviewState": "candidate",
        "asOf": "2026-09-26T17:19:44.197Z"
      }
    },
    {
      "type": "Feature",
      "geometry": {
        "type": "Point",
        "coordinates": [
          7.3390685,
          51.5915752
        ]
      },
      "properties": {
        "id": "osm:node-8188381269",
        "version": "ff00acfdefbbae76920305503553349b131faf6292750fa016b8a17392bbe76d",
        "cityId": "castrop-rauxel",
        "kind": "place",
        "category": "bakery",
        "title": "Brot.Zeit",
        "statement": "Brot.Zeit ist in OpenStreetMap als bakery eingetragen. Betrieb und Öffnungszeiten nicht geprüft.",
        "status": "OSM-Eintrag, nicht offiziell geprüft",
        "startDate": null,
        "endDate": null,
        "nextStep": "Aktuelle Angaben direkt beim Ort prüfen.",
        "unknowns": [
          "Aktueller Betrieb und tatsächliche Öffnungszeiten"
        ],
        "scale": "street",
        "geometryPrecision": "exact",
        "sources": [
          {
            "url": "https://www.openstreetmap.org/node/8188381269",
            "snapshotUrl": "https://overpass-api.de/api/interpreter",
            "title": "OpenStreetMap contributors",
            "publisher": "OpenStreetMap contributors",
            "locator": "node/8188381269; tags.name, tags.shop",
            "retrievedAt": "2026-09-26T17:19:44.197Z",
            "sha256": "df7ea59d133b93f6c475c88d251a6d3c455ea234106e397ba0aa310807c048de",
            "snapshot": true,
            "licence": "ODbL 1.0",
            "reuse": "open_licence"
          }
        ],
        "extraction": {
          "method": "structured"
        },
        "reviewState": "candidate",
        "asOf": "2026-09-26T17:19:44.197Z"
      }
    },
    {
      "type": "Feature",
      "geometry": {
        "type": "Point",
        "coordinates": [
          7.2897023,
          51.5559341
        ]
      },
      "properties": {
        "id": "osm:node-834660027",
        "version": "9bcb6ff10b96f0ee39157f30415b370727a6a4a0deac36f7b895ac78b2dd4b55",
        "cityId": "castrop-rauxel",
        "kind": "place",
        "category": "martial_arts;taekwondo;boxing;muay_thai;capoeira;street_defense;self_defense;mixed_martial_arts",
        "title": "Fight Area Castrop-Rauxel",
        "statement": "Fight Area Castrop-Rauxel ist in OpenStreetMap als martial_arts;taekwondo;boxing;muay_thai;capoeira;street_defense;self_defense;mixed_martial_arts eingetragen. Öffnungszeiten in OSM eingetragen; nicht unabhängig bestätigt.",
        "status": "OSM-Eintrag, nicht offiziell geprüft",
        "startDate": null,
        "endDate": null,
        "nextStep": "Aktuelle Angaben direkt beim Ort prüfen.",
        "unknowns": [
          "Aktueller Betrieb und tatsächliche Öffnungszeiten"
        ],
        "scale": "street",
        "geometryPrecision": "exact",
        "sources": [
          {
            "url": "https://www.openstreetmap.org/node/834660027",
            "snapshotUrl": "https://overpass-api.de/api/interpreter",
            "title": "OpenStreetMap contributors",
            "publisher": "OpenStreetMap contributors",
            "locator": "node/834660027; tags.name, tags.sport",
            "retrievedAt": "2026-09-26T17:19:44.197Z",
            "sha256": "df7ea59d133b93f6c475c88d251a6d3c455ea234106e397ba0aa310807c048de",
            "snapshot": true,
            "licence": "ODbL 1.0",
            "reuse": "open_licence"
          }
        ],
        "extraction": {
          "method": "structured"
        },
        "reviewState": "candidate",
        "asOf": "2026-09-26T17:19:44.197Z"
      }
    },
    {
      "type": "Feature",
      "geometry": {
        "type": "Point",
        "coordinates": [
          7.3564733,
          51.5281087
        ]
      },
      "properties": {
        "id": "osm:node-9384594031",
        "version": "7cf7b06f6d0a1a0975af5c8d894e7d8c142d4685d5198cc4bc621c5e3dca0505",
        "cityId": "castrop-rauxel",
        "kind": "place",
        "category": "bakery",
        "title": "backmeisterei by Mack",
        "statement": "backmeisterei by Mack ist in OpenStreetMap als bakery eingetragen. Öffnungszeiten in OSM eingetragen; nicht unabhängig bestätigt.",
        "status": "OSM-Eintrag, nicht offiziell geprüft",
        "startDate": null,
        "endDate": null,
        "nextStep": "Aktuelle Angaben direkt beim Ort prüfen.",
        "unknowns": [
          "Aktueller Betrieb und tatsächliche Öffnungszeiten"
        ],
        "scale": "street",
        "geometryPrecision": "exact",
        "sources": [
          {
            "url": "https://www.openstreetmap.org/node/9384594031",
            "snapshotUrl": "https://overpass-api.de/api/interpreter",
            "title": "OpenStreetMap contributors",
            "publisher": "OpenStreetMap contributors",
            "locator": "node/9384594031; tags.name, tags.shop",
            "retrievedAt": "2026-09-26T17:19:44.197Z",
            "sha256": "df7ea59d133b93f6c475c88d251a6d3c455ea234106e397ba0aa310807c048de",
            "snapshot": true,
            "licence": "ODbL 1.0",
            "reuse": "open_licence"
          }
        ],
        "extraction": {
          "method": "structured"
        },
        "reviewState": "candidate",
        "asOf": "2026-09-26T17:19:44.197Z"
      }
    },
    {
      "type": "Feature",
      "geometry": {
        "type": "Point",
        "coordinates": [
          7.3256815,
          51.5872491
        ]
      },
      "properties": {
        "id": "osm:way-101530236",
        "version": "1fe1a8fb426dc5acc9c7d5bcc3065b2e67d31b2bfe5ecbdacc3410c46f81c173",
        "cityId": "castrop-rauxel",
        "kind": "place",
        "category": "motorcycle",
        "title": "Los Mineros MC Castrop",
        "statement": "Los Mineros MC Castrop ist in OpenStreetMap als motorcycle eingetragen. Betrieb und Öffnungszeiten nicht geprüft.",
        "status": "OSM-Eintrag, nicht offiziell geprüft",
        "startDate": null,
        "endDate": null,
        "nextStep": "Aktuelle Angaben direkt beim Ort prüfen.",
        "unknowns": [
          "Aktueller Betrieb und tatsächliche Öffnungszeiten"
        ],
        "scale": "street",
        "geometryPrecision": "approximate",
        "sources": [
          {
            "url": "https://www.openstreetmap.org/way/101530236",
            "snapshotUrl": "https://overpass-api.de/api/interpreter",
            "title": "OpenStreetMap contributors",
            "publisher": "OpenStreetMap contributors",
            "locator": "way/101530236; tags.name, tags.club",
            "retrievedAt": "2026-09-26T17:19:44.197Z",
            "sha256": "df7ea59d133b93f6c475c88d251a6d3c455ea234106e397ba0aa310807c048de",
            "snapshot": true,
            "licence": "ODbL 1.0",
            "reuse": "open_licence"
          }
        ],
        "extraction": {
          "method": "structured"
        },
        "reviewState": "candidate",
        "asOf": "2026-09-26T17:19:44.197Z"
      }
    },
    {
      "type": "Feature",
      "geometry": {
        "type": "Point",
        "coordinates": [
          7.3543503,
          51.5276525
        ]
      },
      "properties": {
        "id": "osm:way-1017556500",
        "version": "38d7c52fbf2a44e48bb59ae4dc938f8ce0d110337cd4615b5226c6478270e32e",
        "cityId": "castrop-rauxel",
        "kind": "place",
        "category": "school",
        "title": "Lindenschule",
        "statement": "Lindenschule ist in OpenStreetMap als school eingetragen. Betrieb und Öffnungszeiten nicht geprüft.",
        "status": "OSM-Eintrag, nicht offiziell geprüft",
        "startDate": null,
        "endDate": null,
        "nextStep": "Aktuelle Angaben direkt beim Ort prüfen.",
        "unknowns": [
          "Aktueller Betrieb und tatsächliche Öffnungszeiten"
        ],
        "scale": "street",
        "geometryPrecision": "approximate",
        "sources": [
          {
            "url": "https://www.openstreetmap.org/way/1017556500",
            "snapshotUrl": "https://overpass-api.de/api/interpreter",
            "title": "OpenStreetMap contributors",
            "publisher": "OpenStreetMap contributors",
            "locator": "way/1017556500; tags.name, tags.amenity",
            "retrievedAt": "2026-09-26T17:19:44.197Z",
            "sha256": "df7ea59d133b93f6c475c88d251a6d3c455ea234106e397ba0aa310807c048de",
            "snapshot": true,
            "licence": "ODbL 1.0",
            "reuse": "open_licence"
          }
        ],
        "extraction": {
          "method": "structured"
        },
        "reviewState": "candidate",
        "asOf": "2026-09-26T17:19:44.197Z"
      }
    },
    {
      "type": "Feature",
      "geometry": {
        "type": "Point",
        "coordinates": [
          7.3220862,
          51.5890254
        ]
      },
      "properties": {
        "id": "osm:way-1017894605",
        "version": "74f27367f4fd8637a5515cc1e33b89b1d38884fd27676692af38370ae07c09b6",
        "cityId": "castrop-rauxel",
        "kind": "place",
        "category": "school",
        "title": "Grundschule Am Busch",
        "statement": "Grundschule Am Busch ist in OpenStreetMap als school eingetragen. Betrieb und Öffnungszeiten nicht geprüft.",
        "status": "OSM-Eintrag, nicht offiziell geprüft",
        "startDate": null,
        "endDate": null,
        "nextStep": "Aktuelle Angaben direkt beim Ort prüfen.",
        "unknowns": [
          "Aktueller Betrieb und tatsächliche Öffnungszeiten"
        ],
        "scale": "street",
        "geometryPrecision": "approximate",
        "sources": [
          {
            "url": "https://www.openstreetmap.org/way/1017894605",
            "snapshotUrl": "https://overpass-api.de/api/interpreter",
            "title": "OpenStreetMap contributors",
            "publisher": "OpenStreetMap contributors",
            "locator": "way/1017894605; tags.name, tags.amenity",
            "retrievedAt": "2026-09-26T17:19:44.197Z",
            "sha256": "df7ea59d133b93f6c475c88d251a6d3c455ea234106e397ba0aa310807c048de",
            "snapshot": true,
            "licence": "ODbL 1.0",
            "reuse": "open_licence"
          }
        ],
        "extraction": {
          "method": "structured"
        },
        "reviewState": "candidate",
        "asOf": "2026-09-26T17:19:44.197Z"
      }
    },
    {
      "type": "Feature",
      "geometry": {
        "type": "Point",
        "coordinates": [
          7.3066977,
          51.5464489
        ]
      },
      "properties": {
        "id": "osm:way-1215820011",
        "version": "711fce28af47851dbd44d89818d37e0ebf074efc50a0cf328c7c3b983f918bee",
        "cityId": "castrop-rauxel",
        "kind": "place",
        "category": "police",
        "title": "Polizeiinspektion Castrop-Rauxel",
        "statement": "Polizeiinspektion Castrop-Rauxel ist in OpenStreetMap als police eingetragen. Betrieb und Öffnungszeiten nicht geprüft.",
        "status": "OSM-Eintrag, nicht offiziell geprüft",
        "startDate": null,
        "endDate": null,
        "nextStep": "Aktuelle Angaben direkt beim Ort prüfen.",
        "unknowns": [
          "Aktueller Betrieb und tatsächliche Öffnungszeiten"
        ],
        "scale": "street",
        "geometryPrecision": "approximate",
        "sources": [
          {
            "url": "https://www.openstreetmap.org/way/1215820011",
            "snapshotUrl": "https://overpass-api.de/api/interpreter",
            "title": "OpenStreetMap contributors",
            "publisher": "OpenStreetMap contributors",
            "locator": "way/1215820011; tags.name, tags.amenity",
            "retrievedAt": "2026-09-26T17:19:44.197Z",
            "sha256": "df7ea59d133b93f6c475c88d251a6d3c455ea234106e397ba0aa310807c048de",
            "snapshot": true,
            "licence": "ODbL 1.0",
            "reuse": "open_licence"
          }
        ],
        "extraction": {
          "method": "structured"
        },
        "reviewState": "candidate",
        "asOf": "2026-09-26T17:19:44.197Z"
      }
    },
    {
      "type": "Feature",
      "geometry": {
        "type": "Point",
        "coordinates": [
          7.3087096,
          51.5536743
        ]
      },
      "properties": {
        "id": "osm:way-1221293328",
        "version": "f5f6e2de7816632f1900eb91a92295bad029a139f8446aacb13c0d1c93a9483e",
        "cityId": "castrop-rauxel",
        "kind": "place",
        "category": "fire_station",
        "title": "Feuerwehr Castrop-Rauxel",
        "statement": "Feuerwehr Castrop-Rauxel ist in OpenStreetMap als fire_station eingetragen. Betrieb und Öffnungszeiten nicht geprüft.",
        "status": "OSM-Eintrag, nicht offiziell geprüft",
        "startDate": null,
        "endDate": null,
        "nextStep": "Aktuelle Angaben direkt beim Ort prüfen.",
        "unknowns": [
          "Aktueller Betrieb und tatsächliche Öffnungszeiten"
        ],
        "scale": "street",
        "geometryPrecision": "approximate",
        "sources": [
          {
            "url": "https://www.openstreetmap.org/way/1221293328",
            "snapshotUrl": "https://overpass-api.de/api/interpreter",
            "title": "OpenStreetMap contributors",
            "publisher": "OpenStreetMap contributors",
            "locator": "way/1221293328; tags.name, tags.amenity",
            "retrievedAt": "2026-09-26T17:19:44.197Z",
            "sha256": "df7ea59d133b93f6c475c88d251a6d3c455ea234106e397ba0aa310807c048de",
            "snapshot": true,
            "licence": "ODbL 1.0",
            "reuse": "open_licence"
          }
        ],
        "extraction": {
          "method": "structured"
        },
        "reviewState": "candidate",
        "asOf": "2026-09-26T17:19:44.197Z"
      }
    },
    {
      "type": "Feature",
      "geometry": {
        "type": "Point",
        "coordinates": [
          7.3130419,
          51.5404587
        ]
      },
      "properties": {
        "id": "osm:way-1226983435",
        "version": "b7f72cfcff42d85f2745f833233ff11dd9747ce00b71655ea75b510eebb28e89",
        "cityId": "castrop-rauxel",
        "kind": "place",
        "category": "school",
        "title": "Elisabethschule",
        "statement": "Elisabethschule ist in OpenStreetMap als school eingetragen. Betrieb und Öffnungszeiten nicht geprüft.",
        "status": "OSM-Eintrag, nicht offiziell geprüft",
        "startDate": null,
        "endDate": null,
        "nextStep": "Aktuelle Angaben direkt beim Ort prüfen.",
        "unknowns": [
          "Aktueller Betrieb und tatsächliche Öffnungszeiten"
        ],
        "scale": "street",
        "geometryPrecision": "approximate",
        "sources": [
          {
            "url": "https://www.openstreetmap.org/way/1226983435",
            "snapshotUrl": "https://overpass-api.de/api/interpreter",
            "title": "OpenStreetMap contributors",
            "publisher": "OpenStreetMap contributors",
            "locator": "way/1226983435; tags.name, tags.amenity",
            "retrievedAt": "2026-09-26T17:19:44.197Z",
            "sha256": "df7ea59d133b93f6c475c88d251a6d3c455ea234106e397ba0aa310807c048de",
            "snapshot": true,
            "licence": "ODbL 1.0",
            "reuse": "open_licence"
          }
        ],
        "extraction": {
          "method": "structured"
        },
        "reviewState": "candidate",
        "asOf": "2026-09-26T17:19:44.197Z"
      }
    },
    {
      "type": "Feature",
      "geometry": {
        "type": "Point",
        "coordinates": [
          7.3144471,
          51.5402324
        ]
      },
      "properties": {
        "id": "osm:way-1226983436",
        "version": "daaff13f44eb2f4610c0129058523f4cb21f203d795de95ea825b7df3e04cc83",
        "cityId": "castrop-rauxel",
        "kind": "place",
        "category": "kindergarten",
        "title": "Evangelischer Kindergarten Volltreffer",
        "statement": "Evangelischer Kindergarten Volltreffer ist in OpenStreetMap als kindergarten eingetragen. Betrieb und Öffnungszeiten nicht geprüft.",
        "status": "OSM-Eintrag, nicht offiziell geprüft",
        "startDate": null,
        "endDate": null,
        "nextStep": "Aktuelle Angaben direkt beim Ort prüfen.",
        "unknowns": [
          "Aktueller Betrieb und tatsächliche Öffnungszeiten"
        ],
        "scale": "street",
        "geometryPrecision": "approximate",
        "sources": [
          {
            "url": "https://www.openstreetmap.org/way/1226983436",
            "snapshotUrl": "https://overpass-api.de/api/interpreter",
            "title": "OpenStreetMap contributors",
            "publisher": "OpenStreetMap contributors",
            "locator": "way/1226983436; tags.name, tags.amenity",
            "retrievedAt": "2026-09-26T17:19:44.197Z",
            "sha256": "df7ea59d133b93f6c475c88d251a6d3c455ea234106e397ba0aa310807c048de",
            "snapshot": true,
            "licence": "ODbL 1.0",
            "reuse": "open_licence"
          }
        ],
        "extraction": {
          "method": "structured"
        },
        "reviewState": "candidate",
        "asOf": "2026-09-26T17:19:44.197Z"
      }
    },
    {
      "type": "Feature",
      "geometry": {
        "type": "Point",
        "coordinates": [
          7.3198298,
          51.5322771
        ]
      },
      "properties": {
        "id": "osm:way-1241667761",
        "version": "bfb25524af3703b2a42a4dafdb0bcc746b7a4a3cbb74f71ee18a4c843c414139",
        "cityId": "castrop-rauxel",
        "kind": "place",
        "category": "fire_station",
        "title": "Löschzug 5 Merklinde",
        "statement": "Löschzug 5 Merklinde ist in OpenStreetMap als fire_station eingetragen. Betrieb und Öffnungszeiten nicht geprüft.",
        "status": "OSM-Eintrag, nicht offiziell geprüft",
        "startDate": null,
        "endDate": null,
        "nextStep": "Aktuelle Angaben direkt beim Ort prüfen.",
        "unknowns": [
          "Aktueller Betrieb und tatsächliche Öffnungszeiten"
        ],
        "scale": "street",
        "geometryPrecision": "approximate",
        "sources": [
          {
            "url": "https://www.openstreetmap.org/way/1241667761",
            "snapshotUrl": "https://overpass-api.de/api/interpreter",
            "title": "OpenStreetMap contributors",
            "publisher": "OpenStreetMap contributors",
            "locator": "way/1241667761; tags.name, tags.amenity",
            "retrievedAt": "2026-09-26T17:19:44.197Z",
            "sha256": "df7ea59d133b93f6c475c88d251a6d3c455ea234106e397ba0aa310807c048de",
            "snapshot": true,
            "licence": "ODbL 1.0",
            "reuse": "open_licence"
          }
        ],
        "extraction": {
          "method": "structured"
        },
        "reviewState": "candidate",
        "asOf": "2026-09-26T17:19:44.197Z"
      }
    },
    {
      "type": "Feature",
      "geometry": {
        "type": "Point",
        "coordinates": [
          7.3521934,
          51.5963495
        ]
      },
      "properties": {
        "id": "osm:way-125141958",
        "version": "0e879c71f4dd7d9f81612017f9107199f417223f8b2a92175b1815de6a81d5bd",
        "cityId": "castrop-rauxel",
        "kind": "place",
        "category": "kindergarten",
        "title": "Städt. Kindertageseinrichtung \"Villa Kunterbunt\"",
        "statement": "Städt. Kindertageseinrichtung \"Villa Kunterbunt\" ist in OpenStreetMap als kindergarten eingetragen. Betrieb und Öffnungszeiten nicht geprüft.",
        "status": "OSM-Eintrag, nicht offiziell geprüft",
        "startDate": null,
        "endDate": null,
        "nextStep": "Aktuelle Angaben direkt beim Ort prüfen.",
        "unknowns": [
          "Aktueller Betrieb und tatsächliche Öffnungszeiten"
        ],
        "scale": "street",
        "geometryPrecision": "approximate",
        "sources": [
          {
            "url": "https://www.openstreetmap.org/way/125141958",
            "snapshotUrl": "https://overpass-api.de/api/interpreter",
            "title": "OpenStreetMap contributors",
            "publisher": "OpenStreetMap contributors",
            "locator": "way/125141958; tags.name, tags.amenity",
            "retrievedAt": "2026-09-26T17:19:44.197Z",
            "sha256": "df7ea59d133b93f6c475c88d251a6d3c455ea234106e397ba0aa310807c048de",
            "snapshot": true,
            "licence": "ODbL 1.0",
            "reuse": "open_licence"
          }
        ],
        "extraction": {
          "method": "structured"
        },
        "reviewState": "candidate",
        "asOf": "2026-09-26T17:19:44.197Z"
      }
    },
    {
      "type": "Feature",
      "geometry": {
        "type": "Point",
        "coordinates": [
          7.3108286,
          51.6000928
        ]
      },
      "properties": {
        "id": "osm:way-1299792478",
        "version": "d2a44ec55ea7ba05e02988a2fe03532e4da702edf37025bac1ecc1bee9109e3f",
        "cityId": "castrop-rauxel",
        "kind": "place",
        "category": "fire_station",
        "title": "Löschzug 4 Henrichenburg",
        "statement": "Löschzug 4 Henrichenburg ist in OpenStreetMap als fire_station eingetragen. Betrieb und Öffnungszeiten nicht geprüft.",
        "status": "OSM-Eintrag, nicht offiziell geprüft",
        "startDate": null,
        "endDate": null,
        "nextStep": "Aktuelle Angaben direkt beim Ort prüfen.",
        "unknowns": [
          "Aktueller Betrieb und tatsächliche Öffnungszeiten"
        ],
        "scale": "street",
        "geometryPrecision": "approximate",
        "sources": [
          {
            "url": "https://www.openstreetmap.org/way/1299792478",
            "snapshotUrl": "https://overpass-api.de/api/interpreter",
            "title": "OpenStreetMap contributors",
            "publisher": "OpenStreetMap contributors",
            "locator": "way/1299792478; tags.name, tags.amenity",
            "retrievedAt": "2026-09-26T17:19:44.197Z",
            "sha256": "df7ea59d133b93f6c475c88d251a6d3c455ea234106e397ba0aa310807c048de",
            "snapshot": true,
            "licence": "ODbL 1.0",
            "reuse": "open_licence"
          }
        ],
        "extraction": {
          "method": "structured"
        },
        "reviewState": "candidate",
        "asOf": "2026-09-26T17:19:44.197Z"
      }
    },
    {
      "type": "Feature",
      "geometry": {
        "type": "Point",
        "coordinates": [
          7.3137034,
          51.5993718
        ]
      },
      "properties": {
        "id": "osm:way-1299792483",
        "version": "be0e711b777ed71ad3bb1462d419df2afc0ea89071f046c7d2a904c2fc787095",
        "cityId": "castrop-rauxel",
        "kind": "place",
        "category": "kindergarten",
        "title": "St. Lambertus Henrichenburg Kindergarten",
        "statement": "St. Lambertus Henrichenburg Kindergarten ist in OpenStreetMap als kindergarten eingetragen. Betrieb und Öffnungszeiten nicht geprüft.",
        "status": "OSM-Eintrag, nicht offiziell geprüft",
        "startDate": null,
        "endDate": null,
        "nextStep": "Aktuelle Angaben direkt beim Ort prüfen.",
        "unknowns": [
          "Aktueller Betrieb und tatsächliche Öffnungszeiten"
        ],
        "scale": "street",
        "geometryPrecision": "approximate",
        "sources": [
          {
            "url": "https://www.openstreetmap.org/way/1299792483",
            "snapshotUrl": "https://overpass-api.de/api/interpreter",
            "title": "OpenStreetMap contributors",
            "publisher": "OpenStreetMap contributors",
            "locator": "way/1299792483; tags.name, tags.amenity",
            "retrievedAt": "2026-09-26T17:19:44.197Z",
            "sha256": "df7ea59d133b93f6c475c88d251a6d3c455ea234106e397ba0aa310807c048de",
            "snapshot": true,
            "licence": "ODbL 1.0",
            "reuse": "open_licence"
          }
        ],
        "extraction": {
          "method": "structured"
        },
        "reviewState": "candidate",
        "asOf": "2026-09-26T17:19:44.197Z"
      }
    },
    {
      "type": "Feature",
      "geometry": {
        "type": "Point",
        "coordinates": [
          7.3057347,
          51.5776923
        ]
      },
      "properties": {
        "id": "osm:way-135475497",
        "version": "124c9c9d4775e03854cf73268924fb27d3c99ca86cb684fe3b5219cf949effea",
        "cityId": "castrop-rauxel",
        "kind": "place",
        "category": "fire_station",
        "title": "Löschzug 3 Habinghorst",
        "statement": "Löschzug 3 Habinghorst ist in OpenStreetMap als fire_station eingetragen. Betrieb und Öffnungszeiten nicht geprüft.",
        "status": "OSM-Eintrag, nicht offiziell geprüft",
        "startDate": null,
        "endDate": null,
        "nextStep": "Aktuelle Angaben direkt beim Ort prüfen.",
        "unknowns": [
          "Aktueller Betrieb und tatsächliche Öffnungszeiten"
        ],
        "scale": "street",
        "geometryPrecision": "approximate",
        "sources": [
          {
            "url": "https://www.openstreetmap.org/way/135475497",
            "snapshotUrl": "https://overpass-api.de/api/interpreter",
            "title": "OpenStreetMap contributors",
            "publisher": "OpenStreetMap contributors",
            "locator": "way/135475497; tags.name, tags.amenity",
            "retrievedAt": "2026-09-26T17:19:44.197Z",
            "sha256": "df7ea59d133b93f6c475c88d251a6d3c455ea234106e397ba0aa310807c048de",
            "snapshot": true,
            "licence": "ODbL 1.0",
            "reuse": "open_licence"
          }
        ],
        "extraction": {
          "method": "structured"
        },
        "reviewState": "candidate",
        "asOf": "2026-09-26T17:19:44.197Z"
      }
    },
    {
      "type": "Feature",
      "geometry": {
        "type": "Point",
        "coordinates": [
          7.3360458,
          51.5684495
        ]
      },
      "properties": {
        "id": "osm:way-135966601",
        "version": "4e1c30805f539d4d9d6ec4d4170c8ff7fd5106ff3671e681a7bd8169c2fa5819",
        "cityId": "castrop-rauxel",
        "kind": "place",
        "category": "community_centre",
        "title": "Gemeindezentrum Deininghausen",
        "statement": "Gemeindezentrum Deininghausen ist in OpenStreetMap als community_centre eingetragen. Betrieb und Öffnungszeiten nicht geprüft.",
        "status": "OSM-Eintrag, nicht offiziell geprüft",
        "startDate": null,
        "endDate": null,
        "nextStep": "Aktuelle Angaben direkt beim Ort prüfen.",
        "unknowns": [
          "Aktueller Betrieb und tatsächliche Öffnungszeiten"
        ],
        "scale": "street",
        "geometryPrecision": "approximate",
        "sources": [
          {
            "url": "https://www.openstreetmap.org/way/135966601",
            "snapshotUrl": "https://overpass-api.de/api/interpreter",
            "title": "OpenStreetMap contributors",
            "publisher": "OpenStreetMap contributors",
            "locator": "way/135966601; tags.name, tags.amenity",
            "retrievedAt": "2026-09-26T17:19:44.197Z",
            "sha256": "df7ea59d133b93f6c475c88d251a6d3c455ea234106e397ba0aa310807c048de",
            "snapshot": true,
            "licence": "ODbL 1.0",
            "reuse": "open_licence"
          }
        ],
        "extraction": {
          "method": "structured"
        },
        "reviewState": "candidate",
        "asOf": "2026-09-26T17:19:44.197Z"
      }
    },
    {
      "type": "Feature",
      "geometry": {
        "type": "Point",
        "coordinates": [
          7.3221609,
          51.5593256
        ]
      },
      "properties": {
        "id": "osm:way-1359690483",
        "version": "590f22ef3c1977dc34ca3371c58b6bb0b3a68754e269c0e374e55811d20c420d",
        "cityId": "castrop-rauxel",
        "kind": "place",
        "category": "fire_station",
        "title": "Freiwillige Feuerwehr Castrop-Rauxel Löschzug Rauxel-Dorf",
        "statement": "Freiwillige Feuerwehr Castrop-Rauxel Löschzug Rauxel-Dorf ist in OpenStreetMap als fire_station eingetragen. Betrieb und Öffnungszeiten nicht geprüft.",
        "status": "OSM-Eintrag, nicht offiziell geprüft",
        "startDate": null,
        "endDate": null,
        "nextStep": "Aktuelle Angaben direkt beim Ort prüfen.",
        "unknowns": [
          "Aktueller Betrieb und tatsächliche Öffnungszeiten"
        ],
        "scale": "street",
        "geometryPrecision": "approximate",
        "sources": [
          {
            "url": "https://www.openstreetmap.org/way/1359690483",
            "snapshotUrl": "https://overpass-api.de/api/interpreter",
            "title": "OpenStreetMap contributors",
            "publisher": "OpenStreetMap contributors",
            "locator": "way/1359690483; tags.name, tags.amenity",
            "retrievedAt": "2026-09-26T17:19:44.197Z",
            "sha256": "df7ea59d133b93f6c475c88d251a6d3c455ea234106e397ba0aa310807c048de",
            "snapshot": true,
            "licence": "ODbL 1.0",
            "reuse": "open_licence"
          }
        ],
        "extraction": {
          "method": "structured"
        },
        "reviewState": "candidate",
        "asOf": "2026-09-26T17:19:44.197Z"
      }
    },
    {
      "type": "Feature",
      "geometry": {
        "type": "Point",
        "coordinates": [
          7.317307,
          51.5928599
        ]
      },
      "properties": {
        "id": "osm:way-135983109",
        "version": "5f35b8a5eea6bcc370f51185042780cb952bc86ebf63edce17f03351dfad9fe9",
        "cityId": "castrop-rauxel",
        "kind": "place",
        "category": "pharmacy",
        "title": "Nord-Apotheke",
        "statement": "Nord-Apotheke ist in OpenStreetMap als pharmacy eingetragen. Öffnungszeiten in OSM eingetragen; nicht unabhängig bestätigt.",
        "status": "OSM-Eintrag, nicht offiziell geprüft",
        "startDate": null,
        "endDate": null,
        "nextStep": "Aktuelle Angaben direkt beim Ort prüfen.",
        "unknowns": [
          "Aktueller Betrieb und tatsächliche Öffnungszeiten"
        ],
        "scale": "street",
        "geometryPrecision": "approximate",
        "sources": [
          {
            "url": "https://www.openstreetmap.org/way/135983109",
            "snapshotUrl": "https://overpass-api.de/api/interpreter",
            "title": "OpenStreetMap contributors",
            "publisher": "OpenStreetMap contributors",
            "locator": "way/135983109; tags.name, tags.amenity",
            "retrievedAt": "2026-09-26T17:19:44.197Z",
            "sha256": "df7ea59d133b93f6c475c88d251a6d3c455ea234106e397ba0aa310807c048de",
            "snapshot": true,
            "licence": "ODbL 1.0",
            "reuse": "open_licence"
          }
        ],
        "extraction": {
          "method": "structured"
        },
        "reviewState": "candidate",
        "asOf": "2026-09-26T17:19:44.197Z"
      }
    },
    {
      "type": "Feature",
      "geometry": {
        "type": "Point",
        "coordinates": [
          7.322333,
          51.5948263
        ]
      },
      "properties": {
        "id": "osm:way-136007376",
        "version": "491990eaccf75fd37895735f5fb6e357cfab4aa276ad056d2ffa1884b6dd757e",
        "cityId": "castrop-rauxel",
        "kind": "place",
        "category": "kindergarten",
        "title": "Kinderhaus St. Barbara",
        "statement": "Kinderhaus St. Barbara ist in OpenStreetMap als kindergarten eingetragen. Betrieb und Öffnungszeiten nicht geprüft.",
        "status": "OSM-Eintrag, nicht offiziell geprüft",
        "startDate": null,
        "endDate": null,
        "nextStep": "Aktuelle Angaben direkt beim Ort prüfen.",
        "unknowns": [
          "Aktueller Betrieb und tatsächliche Öffnungszeiten"
        ],
        "scale": "street",
        "geometryPrecision": "approximate",
        "sources": [
          {
            "url": "https://www.openstreetmap.org/way/136007376",
            "snapshotUrl": "https://overpass-api.de/api/interpreter",
            "title": "OpenStreetMap contributors",
            "publisher": "OpenStreetMap contributors",
            "locator": "way/136007376; tags.name, tags.amenity",
            "retrievedAt": "2026-09-26T17:19:44.197Z",
            "sha256": "df7ea59d133b93f6c475c88d251a6d3c455ea234106e397ba0aa310807c048de",
            "snapshot": true,
            "licence": "ODbL 1.0",
            "reuse": "open_licence"
          }
        ],
        "extraction": {
          "method": "structured"
        },
        "reviewState": "candidate",
        "asOf": "2026-09-26T17:19:44.197Z"
      }
    },
    {
      "type": "Feature",
      "geometry": {
        "type": "Point",
        "coordinates": [
          7.3361924,
          51.5878476
        ]
      },
      "properties": {
        "id": "osm:way-136058585",
        "version": "3d91771526ed00b0ac41e63c1c78a3a8238cd0409d9d4b83f51e15075a55e93c",
        "cityId": "castrop-rauxel",
        "kind": "place",
        "category": "supermarket",
        "title": "PENNY",
        "statement": "PENNY ist in OpenStreetMap als supermarket eingetragen. Öffnungszeiten in OSM eingetragen; nicht unabhängig bestätigt.",
        "status": "OSM-Eintrag, nicht offiziell geprüft",
        "startDate": null,
        "endDate": null,
        "nextStep": "Aktuelle Angaben direkt beim Ort prüfen.",
        "unknowns": [
          "Aktueller Betrieb und tatsächliche Öffnungszeiten"
        ],
        "scale": "street",
        "geometryPrecision": "approximate",
        "sources": [
          {
            "url": "https://www.openstreetmap.org/way/136058585",
            "snapshotUrl": "https://overpass-api.de/api/interpreter",
            "title": "OpenStreetMap contributors",
            "publisher": "OpenStreetMap contributors",
            "locator": "way/136058585; tags.name, tags.shop",
            "retrievedAt": "2026-09-26T17:19:44.197Z",
            "sha256": "df7ea59d133b93f6c475c88d251a6d3c455ea234106e397ba0aa310807c048de",
            "snapshot": true,
            "licence": "ODbL 1.0",
            "reuse": "open_licence"
          }
        ],
        "extraction": {
          "method": "structured"
        },
        "reviewState": "candidate",
        "asOf": "2026-09-26T17:19:44.197Z"
      }
    },
    {
      "type": "Feature",
      "geometry": {
        "type": "Point",
        "coordinates": [
          7.3405017,
          51.5918106
        ]
      },
      "properties": {
        "id": "osm:way-136068687",
        "version": "9331f7523a274b483b1c2d9c8d42b98e23719e5232771e0a4ea445c101c97c2c",
        "cityId": "castrop-rauxel",
        "kind": "place",
        "category": "kindergarten",
        "title": "Lummerland",
        "statement": "Lummerland ist in OpenStreetMap als kindergarten eingetragen. Betrieb und Öffnungszeiten nicht geprüft.",
        "status": "OSM-Eintrag, nicht offiziell geprüft",
        "startDate": null,
        "endDate": null,
        "nextStep": "Aktuelle Angaben direkt beim Ort prüfen.",
        "unknowns": [
          "Aktueller Betrieb und tatsächliche Öffnungszeiten"
        ],
        "scale": "street",
        "geometryPrecision": "approximate",
        "sources": [
          {
            "url": "https://www.openstreetmap.org/way/136068687",
            "snapshotUrl": "https://overpass-api.de/api/interpreter",
            "title": "OpenStreetMap contributors",
            "publisher": "OpenStreetMap contributors",
            "locator": "way/136068687; tags.name, tags.amenity",
            "retrievedAt": "2026-09-26T17:19:44.197Z",
            "sha256": "df7ea59d133b93f6c475c88d251a6d3c455ea234106e397ba0aa310807c048de",
            "snapshot": true,
            "licence": "ODbL 1.0",
            "reuse": "open_licence"
          }
        ],
        "extraction": {
          "method": "structured"
        },
        "reviewState": "candidate",
        "asOf": "2026-09-26T17:19:44.197Z"
      }
    },
    {
      "type": "Feature",
      "geometry": {
        "type": "Point",
        "coordinates": [
          7.2961251,
          51.5754968
        ]
      },
      "properties": {
        "id": "osm:way-136384299",
        "version": "7e7a30f7e6b793d382be7e14f167b4c477db5c917371ed6288ade41ad66aa0e8",
        "cityId": "castrop-rauxel",
        "kind": "place",
        "category": "fire_station",
        "title": "Werkfeuerwehr",
        "statement": "Werkfeuerwehr ist in OpenStreetMap als fire_station eingetragen. Betrieb und Öffnungszeiten nicht geprüft.",
        "status": "OSM-Eintrag, nicht offiziell geprüft",
        "startDate": null,
        "endDate": null,
        "nextStep": "Aktuelle Angaben direkt beim Ort prüfen.",
        "unknowns": [
          "Aktueller Betrieb und tatsächliche Öffnungszeiten"
        ],
        "scale": "street",
        "geometryPrecision": "approximate",
        "sources": [
          {
            "url": "https://www.openstreetmap.org/way/136384299",
            "snapshotUrl": "https://overpass-api.de/api/interpreter",
            "title": "OpenStreetMap contributors",
            "publisher": "OpenStreetMap contributors",
            "locator": "way/136384299; tags.name, tags.amenity",
            "retrievedAt": "2026-09-26T17:19:44.197Z",
            "sha256": "df7ea59d133b93f6c475c88d251a6d3c455ea234106e397ba0aa310807c048de",
            "snapshot": true,
            "licence": "ODbL 1.0",
            "reuse": "open_licence"
          }
        ],
        "extraction": {
          "method": "structured"
        },
        "reviewState": "candidate",
        "asOf": "2026-09-26T17:19:44.197Z"
      }
    },
    {
      "type": "Feature",
      "geometry": {
        "type": "Point",
        "coordinates": [
          7.2881732,
          51.5721661
        ]
      },
      "properties": {
        "id": "osm:way-136557955",
        "version": "0deec5426c6f362e917dfda27bd4929d2961fb9abd04299dc51cca7efe4ee12f",
        "cityId": "castrop-rauxel",
        "kind": "place",
        "category": "scout",
        "title": "BdP Stamm Nordlicht",
        "statement": "BdP Stamm Nordlicht ist in OpenStreetMap als scout eingetragen. Betrieb und Öffnungszeiten nicht geprüft.",
        "status": "OSM-Eintrag, nicht offiziell geprüft",
        "startDate": null,
        "endDate": null,
        "nextStep": "Aktuelle Angaben direkt beim Ort prüfen.",
        "unknowns": [
          "Aktueller Betrieb und tatsächliche Öffnungszeiten"
        ],
        "scale": "street",
        "geometryPrecision": "approximate",
        "sources": [
          {
            "url": "https://www.openstreetmap.org/way/136557955",
            "snapshotUrl": "https://overpass-api.de/api/interpreter",
            "title": "OpenStreetMap contributors",
            "publisher": "OpenStreetMap contributors",
            "locator": "way/136557955; tags.name, tags.club",
            "retrievedAt": "2026-09-26T17:19:44.197Z",
            "sha256": "df7ea59d133b93f6c475c88d251a6d3c455ea234106e397ba0aa310807c048de",
            "snapshot": true,
            "licence": "ODbL 1.0",
            "reuse": "open_licence"
          }
        ],
        "extraction": {
          "method": "structured"
        },
        "reviewState": "candidate",
        "asOf": "2026-09-26T17:19:44.197Z"
      }
    },
    {
      "type": "Feature",
      "geometry": {
        "type": "Point",
        "coordinates": [
          7.3149313,
          51.583932
        ]
      },
      "properties": {
        "id": "osm:way-136809798",
        "version": "ea1bf96084e41945aba43b0b3db854cb6653272a7817b8f630d2ffc235c551a9",
        "cityId": "castrop-rauxel",
        "kind": "place",
        "category": "kindergarten",
        "title": "Heilpädagogischer Kindergarten",
        "statement": "Heilpädagogischer Kindergarten ist in OpenStreetMap als kindergarten eingetragen. Betrieb und Öffnungszeiten nicht geprüft.",
        "status": "OSM-Eintrag, nicht offiziell geprüft",
        "startDate": null,
        "endDate": null,
        "nextStep": "Aktuelle Angaben direkt beim Ort prüfen.",
        "unknowns": [
          "Aktueller Betrieb und tatsächliche Öffnungszeiten"
        ],
        "scale": "street",
        "geometryPrecision": "approximate",
        "sources": [
          {
            "url": "https://www.openstreetmap.org/way/136809798",
            "snapshotUrl": "https://overpass-api.de/api/interpreter",
            "title": "OpenStreetMap contributors",
            "publisher": "OpenStreetMap contributors",
            "locator": "way/136809798; tags.name, tags.amenity",
            "retrievedAt": "2026-09-26T17:19:44.197Z",
            "sha256": "df7ea59d133b93f6c475c88d251a6d3c455ea234106e397ba0aa310807c048de",
            "snapshot": true,
            "licence": "ODbL 1.0",
            "reuse": "open_licence"
          }
        ],
        "extraction": {
          "method": "structured"
        },
        "reviewState": "candidate",
        "asOf": "2026-09-26T17:19:44.197Z"
      }
    },
    {
      "type": "Feature",
      "geometry": {
        "type": "Point",
        "coordinates": [
          7.3120242,
          51.5843385
        ]
      },
      "properties": {
        "id": "osm:way-136809862",
        "version": "1ea8e08dbb9148ec0881464cd2168bea4f92497e2b90889d356a8981c7b0b23b",
        "cityId": "castrop-rauxel",
        "kind": "place",
        "category": "pharmacy",
        "title": "Apoland Apotheke",
        "statement": "Apoland Apotheke ist in OpenStreetMap als pharmacy eingetragen. Öffnungszeiten in OSM eingetragen; nicht unabhängig bestätigt.",
        "status": "OSM-Eintrag, nicht offiziell geprüft",
        "startDate": null,
        "endDate": null,
        "nextStep": "Aktuelle Angaben direkt beim Ort prüfen.",
        "unknowns": [
          "Aktueller Betrieb und tatsächliche Öffnungszeiten"
        ],
        "scale": "street",
        "geometryPrecision": "approximate",
        "sources": [
          {
            "url": "https://www.openstreetmap.org/way/136809862",
            "snapshotUrl": "https://overpass-api.de/api/interpreter",
            "title": "OpenStreetMap contributors",
            "publisher": "OpenStreetMap contributors",
            "locator": "way/136809862; tags.name, tags.amenity",
            "retrievedAt": "2026-09-26T17:19:44.197Z",
            "sha256": "df7ea59d133b93f6c475c88d251a6d3c455ea234106e397ba0aa310807c048de",
            "snapshot": true,
            "licence": "ODbL 1.0",
            "reuse": "open_licence"
          }
        ],
        "extraction": {
          "method": "structured"
        },
        "reviewState": "candidate",
        "asOf": "2026-09-26T17:19:44.197Z"
      }
    },
    {
      "type": "Feature",
      "geometry": {
        "type": "Point",
        "coordinates": [
          7.3272997,
          51.5414711
        ]
      },
      "properties": {
        "id": "osm:way-137037140",
        "version": "fc40edbd6a6984adb93687bf9c65ae889721f0444c1d477f232fc7f8ba46e45c",
        "cityId": "castrop-rauxel",
        "kind": "place",
        "category": "school",
        "title": "Cottenburgschule",
        "statement": "Cottenburgschule ist in OpenStreetMap als school eingetragen. Betrieb und Öffnungszeiten nicht geprüft.",
        "status": "OSM-Eintrag, nicht offiziell geprüft",
        "startDate": null,
        "endDate": null,
        "nextStep": "Aktuelle Angaben direkt beim Ort prüfen.",
        "unknowns": [
          "Aktueller Betrieb und tatsächliche Öffnungszeiten"
        ],
        "scale": "street",
        "geometryPrecision": "approximate",
        "sources": [
          {
            "url": "https://www.openstreetmap.org/way/137037140",
            "snapshotUrl": "https://overpass-api.de/api/interpreter",
            "title": "OpenStreetMap contributors",
            "publisher": "OpenStreetMap contributors",
            "locator": "way/137037140; tags.name, tags.amenity",
            "retrievedAt": "2026-09-26T17:19:44.197Z",
            "sha256": "df7ea59d133b93f6c475c88d251a6d3c455ea234106e397ba0aa310807c048de",
            "snapshot": true,
            "licence": "ODbL 1.0",
            "reuse": "open_licence"
          }
        ],
        "extraction": {
          "method": "structured"
        },
        "reviewState": "candidate",
        "asOf": "2026-09-26T17:19:44.197Z"
      }
    },
    {
      "type": "Feature",
      "geometry": {
        "type": "Point",
        "coordinates": [
          7.3116434,
          51.5992175
        ]
      },
      "properties": {
        "id": "osm:way-138191344",
        "version": "9f784a1d71f276efbbe6ce88332c88a75c89a3b5a232983c7c530c6d9dbf95bc",
        "cityId": "castrop-rauxel",
        "kind": "place",
        "category": "pharmacy",
        "title": "Kristall Apotheke",
        "statement": "Kristall Apotheke ist in OpenStreetMap als pharmacy eingetragen. Öffnungszeiten in OSM eingetragen; nicht unabhängig bestätigt.",
        "status": "OSM-Eintrag, nicht offiziell geprüft",
        "startDate": null,
        "endDate": null,
        "nextStep": "Aktuelle Angaben direkt beim Ort prüfen.",
        "unknowns": [
          "Aktueller Betrieb und tatsächliche Öffnungszeiten"
        ],
        "scale": "street",
        "geometryPrecision": "approximate",
        "sources": [
          {
            "url": "https://www.openstreetmap.org/way/138191344",
            "snapshotUrl": "https://overpass-api.de/api/interpreter",
            "title": "OpenStreetMap contributors",
            "publisher": "OpenStreetMap contributors",
            "locator": "way/138191344; tags.name, tags.amenity",
            "retrievedAt": "2026-09-26T17:19:44.197Z",
            "sha256": "df7ea59d133b93f6c475c88d251a6d3c455ea234106e397ba0aa310807c048de",
            "snapshot": true,
            "licence": "ODbL 1.0",
            "reuse": "open_licence"
          }
        ],
        "extraction": {
          "method": "structured"
        },
        "reviewState": "candidate",
        "asOf": "2026-09-26T17:19:44.197Z"
      }
    },
    {
      "type": "Feature",
      "geometry": {
        "type": "Point",
        "coordinates": [
          7.292981,
          51.5495252
        ]
      },
      "properties": {
        "id": "osm:way-1550018953",
        "version": "dce3a68e16a0a8f85d7cf47b14968d309b24c3442ee410833500b3ab401664b6",
        "cityId": "castrop-rauxel",
        "kind": "place",
        "category": "supermarket",
        "title": "Lidl",
        "statement": "Lidl ist in OpenStreetMap als supermarket eingetragen. Öffnungszeiten in OSM eingetragen; nicht unabhängig bestätigt.",
        "status": "OSM-Eintrag, nicht offiziell geprüft",
        "startDate": null,
        "endDate": null,
        "nextStep": "Aktuelle Angaben direkt beim Ort prüfen.",
        "unknowns": [
          "Aktueller Betrieb und tatsächliche Öffnungszeiten"
        ],
        "scale": "street",
        "geometryPrecision": "approximate",
        "sources": [
          {
            "url": "https://www.openstreetmap.org/way/1550018953",
            "snapshotUrl": "https://overpass-api.de/api/interpreter",
            "title": "OpenStreetMap contributors",
            "publisher": "OpenStreetMap contributors",
            "locator": "way/1550018953; tags.name, tags.shop",
            "retrievedAt": "2026-09-26T17:19:44.197Z",
            "sha256": "df7ea59d133b93f6c475c88d251a6d3c455ea234106e397ba0aa310807c048de",
            "snapshot": true,
            "licence": "ODbL 1.0",
            "reuse": "open_licence"
          }
        ],
        "extraction": {
          "method": "structured"
        },
        "reviewState": "candidate",
        "asOf": "2026-09-26T17:19:44.197Z"
      }
    },
    {
      "type": "Feature",
      "geometry": {
        "type": "Point",
        "coordinates": [
          7.3401682,
          51.5912169
        ]
      },
      "properties": {
        "id": "osm:way-202947642",
        "version": "1143d4da5c019d43a5d9a874fd6d116776661ea55dda70b67c1b1c5b4f454ef3",
        "cityId": "castrop-rauxel",
        "kind": "place",
        "category": "school",
        "title": "Marktschule Ickern",
        "statement": "Marktschule Ickern ist in OpenStreetMap als school eingetragen. Betrieb und Öffnungszeiten nicht geprüft.",
        "status": "OSM-Eintrag, nicht offiziell geprüft",
        "startDate": null,
        "endDate": null,
        "nextStep": "Aktuelle Angaben direkt beim Ort prüfen.",
        "unknowns": [
          "Aktueller Betrieb und tatsächliche Öffnungszeiten"
        ],
        "scale": "street",
        "geometryPrecision": "approximate",
        "sources": [
          {
            "url": "https://www.openstreetmap.org/way/202947642",
            "snapshotUrl": "https://overpass-api.de/api/interpreter",
            "title": "OpenStreetMap contributors",
            "publisher": "OpenStreetMap contributors",
            "locator": "way/202947642; tags.name, tags.amenity",
            "retrievedAt": "2026-09-26T17:19:44.197Z",
            "sha256": "df7ea59d133b93f6c475c88d251a6d3c455ea234106e397ba0aa310807c048de",
            "snapshot": true,
            "licence": "ODbL 1.0",
            "reuse": "open_licence"
          }
        ],
        "extraction": {
          "method": "structured"
        },
        "reviewState": "candidate",
        "asOf": "2026-09-26T17:19:44.197Z"
      }
    },
    {
      "type": "Feature",
      "geometry": {
        "type": "Point",
        "coordinates": [
          7.3431448,
          51.5948901
        ]
      },
      "properties": {
        "id": "osm:way-203120015",
        "version": "5b4e5452ce46add222e17fcbaaa903814367fffe1340cc37cfe60ae31627f0d7",
        "cityId": "castrop-rauxel",
        "kind": "place",
        "category": "supermarket",
        "title": "K+K",
        "statement": "K+K ist in OpenStreetMap als supermarket eingetragen. Öffnungszeiten in OSM eingetragen; nicht unabhängig bestätigt.",
        "status": "OSM-Eintrag, nicht offiziell geprüft",
        "startDate": null,
        "endDate": null,
        "nextStep": "Aktuelle Angaben direkt beim Ort prüfen.",
        "unknowns": [
          "Aktueller Betrieb und tatsächliche Öffnungszeiten"
        ],
        "scale": "street",
        "geometryPrecision": "approximate",
        "sources": [
          {
            "url": "https://www.openstreetmap.org/way/203120015",
            "snapshotUrl": "https://overpass-api.de/api/interpreter",
            "title": "OpenStreetMap contributors",
            "publisher": "OpenStreetMap contributors",
            "locator": "way/203120015; tags.name, tags.shop",
            "retrievedAt": "2026-09-26T17:19:44.197Z",
            "sha256": "df7ea59d133b93f6c475c88d251a6d3c455ea234106e397ba0aa310807c048de",
            "snapshot": true,
            "licence": "ODbL 1.0",
            "reuse": "open_licence"
          }
        ],
        "extraction": {
          "method": "structured"
        },
        "reviewState": "candidate",
        "asOf": "2026-09-26T17:19:44.197Z"
      }
    },
    {
      "type": "Feature",
      "geometry": {
        "type": "Point",
        "coordinates": [
          7.3197857,
          51.597126
        ]
      },
      "properties": {
        "id": "osm:way-204673132",
        "version": "7730e509ae02af62503dcd12111fe726ff3159993186bd16218e4c3f43bbe9de",
        "cityId": "castrop-rauxel",
        "kind": "place",
        "category": "kindergarten",
        "title": "Stephanuskindergarten",
        "statement": "Stephanuskindergarten ist in OpenStreetMap als kindergarten eingetragen. Betrieb und Öffnungszeiten nicht geprüft.",
        "status": "OSM-Eintrag, nicht offiziell geprüft",
        "startDate": null,
        "endDate": null,
        "nextStep": "Aktuelle Angaben direkt beim Ort prüfen.",
        "unknowns": [
          "Aktueller Betrieb und tatsächliche Öffnungszeiten"
        ],
        "scale": "street",
        "geometryPrecision": "approximate",
        "sources": [
          {
            "url": "https://www.openstreetmap.org/way/204673132",
            "snapshotUrl": "https://overpass-api.de/api/interpreter",
            "title": "OpenStreetMap contributors",
            "publisher": "OpenStreetMap contributors",
            "locator": "way/204673132; tags.name, tags.amenity",
            "retrievedAt": "2026-09-26T17:19:44.197Z",
            "sha256": "df7ea59d133b93f6c475c88d251a6d3c455ea234106e397ba0aa310807c048de",
            "snapshot": true,
            "licence": "ODbL 1.0",
            "reuse": "open_licence"
          }
        ],
        "extraction": {
          "method": "structured"
        },
        "reviewState": "candidate",
        "asOf": "2026-09-26T17:19:44.197Z"
      }
    },
    {
      "type": "Feature",
      "geometry": {
        "type": "Point",
        "coordinates": [
          7.3142319,
          51.5850423
        ]
      },
      "properties": {
        "id": "osm:way-205484592",
        "version": "9aad6c2913cd2cbff0796496d8338a0d0bcae68a19c107e08400b5b7631eefb5",
        "cityId": "castrop-rauxel",
        "kind": "place",
        "category": "pharmacy",
        "title": "Flora Apotheke",
        "statement": "Flora Apotheke ist in OpenStreetMap als pharmacy eingetragen. Öffnungszeiten in OSM eingetragen; nicht unabhängig bestätigt.",
        "status": "OSM-Eintrag, nicht offiziell geprüft",
        "startDate": null,
        "endDate": null,
        "nextStep": "Aktuelle Angaben direkt beim Ort prüfen.",
        "unknowns": [
          "Aktueller Betrieb und tatsächliche Öffnungszeiten"
        ],
        "scale": "street",
        "geometryPrecision": "approximate",
        "sources": [
          {
            "url": "https://www.openstreetmap.org/way/205484592",
            "snapshotUrl": "https://overpass-api.de/api/interpreter",
            "title": "OpenStreetMap contributors",
            "publisher": "OpenStreetMap contributors",
            "locator": "way/205484592; tags.name, tags.amenity",
            "retrievedAt": "2026-09-26T17:19:44.197Z",
            "sha256": "df7ea59d133b93f6c475c88d251a6d3c455ea234106e397ba0aa310807c048de",
            "snapshot": true,
            "licence": "ODbL 1.0",
            "reuse": "open_licence"
          }
        ],
        "extraction": {
          "method": "structured"
        },
        "reviewState": "candidate",
        "asOf": "2026-09-26T17:19:44.197Z"
      }
    },
    {
      "type": "Feature",
      "geometry": {
        "type": "Point",
        "coordinates": [
          7.3375831,
          51.5914824
        ]
      },
      "properties": {
        "id": "osm:way-210409041",
        "version": "53f33653db9b66c5a46e7c777cdd8a1898f6523dea13e76c889d91e1bc49bdcf",
        "cityId": "castrop-rauxel",
        "kind": "place",
        "category": "pharmacy",
        "title": "Ickerner Markt Apotheke",
        "statement": "Ickerner Markt Apotheke ist in OpenStreetMap als pharmacy eingetragen. Öffnungszeiten in OSM eingetragen; nicht unabhängig bestätigt.",
        "status": "OSM-Eintrag, nicht offiziell geprüft",
        "startDate": null,
        "endDate": null,
        "nextStep": "Aktuelle Angaben direkt beim Ort prüfen.",
        "unknowns": [
          "Aktueller Betrieb und tatsächliche Öffnungszeiten"
        ],
        "scale": "street",
        "geometryPrecision": "approximate",
        "sources": [
          {
            "url": "https://www.openstreetmap.org/way/210409041",
            "snapshotUrl": "https://overpass-api.de/api/interpreter",
            "title": "OpenStreetMap contributors",
            "publisher": "OpenStreetMap contributors",
            "locator": "way/210409041; tags.name, tags.amenity",
            "retrievedAt": "2026-09-26T17:19:44.197Z",
            "sha256": "df7ea59d133b93f6c475c88d251a6d3c455ea234106e397ba0aa310807c048de",
            "snapshot": true,
            "licence": "ODbL 1.0",
            "reuse": "open_licence"
          }
        ],
        "extraction": {
          "method": "structured"
        },
        "reviewState": "candidate",
        "asOf": "2026-09-26T17:19:44.197Z"
      }
    },
    {
      "type": "Feature",
      "geometry": {
        "type": "Point",
        "coordinates": [
          7.3128323,
          51.5488556
        ]
      },
      "properties": {
        "id": "osm:way-217409248",
        "version": "e635fdd337ba4005bb0529f58c3a8e01b92e067055823c2a02da5034c9dc4ca9",
        "cityId": "castrop-rauxel",
        "kind": "place",
        "category": "kindergarten",
        "title": "Wichernhaus",
        "statement": "Wichernhaus ist in OpenStreetMap als kindergarten eingetragen. Betrieb und Öffnungszeiten nicht geprüft.",
        "status": "OSM-Eintrag, nicht offiziell geprüft",
        "startDate": null,
        "endDate": null,
        "nextStep": "Aktuelle Angaben direkt beim Ort prüfen.",
        "unknowns": [
          "Aktueller Betrieb und tatsächliche Öffnungszeiten"
        ],
        "scale": "street",
        "geometryPrecision": "approximate",
        "sources": [
          {
            "url": "https://www.openstreetmap.org/way/217409248",
            "snapshotUrl": "https://overpass-api.de/api/interpreter",
            "title": "OpenStreetMap contributors",
            "publisher": "OpenStreetMap contributors",
            "locator": "way/217409248; tags.name, tags.amenity",
            "retrievedAt": "2026-09-26T17:19:44.197Z",
            "sha256": "df7ea59d133b93f6c475c88d251a6d3c455ea234106e397ba0aa310807c048de",
            "snapshot": true,
            "licence": "ODbL 1.0",
            "reuse": "open_licence"
          }
        ],
        "extraction": {
          "method": "structured"
        },
        "reviewState": "candidate",
        "asOf": "2026-09-26T17:19:44.197Z"
      }
    },
    {
      "type": "Feature",
      "geometry": {
        "type": "Point",
        "coordinates": [
          7.30778,
          51.5832018
        ]
      },
      "properties": {
        "id": "osm:way-235215210",
        "version": "05ca512d84c79de2e4c2edc2c491bd4ee42bcaa47cc417b2f31f1f80dad04647",
        "cityId": "castrop-rauxel",
        "kind": "place",
        "category": "school",
        "title": "Fridtjof-Nansen-Realschule",
        "statement": "Fridtjof-Nansen-Realschule ist in OpenStreetMap als school eingetragen. Betrieb und Öffnungszeiten nicht geprüft.",
        "status": "OSM-Eintrag, nicht offiziell geprüft",
        "startDate": null,
        "endDate": null,
        "nextStep": "Aktuelle Angaben direkt beim Ort prüfen.",
        "unknowns": [
          "Aktueller Betrieb und tatsächliche Öffnungszeiten"
        ],
        "scale": "street",
        "geometryPrecision": "approximate",
        "sources": [
          {
            "url": "https://www.openstreetmap.org/way/235215210",
            "snapshotUrl": "https://overpass-api.de/api/interpreter",
            "title": "OpenStreetMap contributors",
            "publisher": "OpenStreetMap contributors",
            "locator": "way/235215210; tags.name, tags.amenity",
            "retrievedAt": "2026-09-26T17:19:44.197Z",
            "sha256": "df7ea59d133b93f6c475c88d251a6d3c455ea234106e397ba0aa310807c048de",
            "snapshot": true,
            "licence": "ODbL 1.0",
            "reuse": "open_licence"
          }
        ],
        "extraction": {
          "method": "structured"
        },
        "reviewState": "candidate",
        "asOf": "2026-09-26T17:19:44.197Z"
      }
    },
    {
      "type": "Feature",
      "geometry": {
        "type": "Point",
        "coordinates": [
          7.315934,
          51.5430299
        ]
      },
      "properties": {
        "id": "osm:way-244401327",
        "version": "37c261403561dfe4ae3fb55ac0d211726966dbb51621548d3ce0a50a4aa570ac",
        "cityId": "castrop-rauxel",
        "kind": "place",
        "category": "supermarket",
        "title": "Lidl",
        "statement": "Lidl ist in OpenStreetMap als supermarket eingetragen. Öffnungszeiten in OSM eingetragen; nicht unabhängig bestätigt.",
        "status": "OSM-Eintrag, nicht offiziell geprüft",
        "startDate": null,
        "endDate": null,
        "nextStep": "Aktuelle Angaben direkt beim Ort prüfen.",
        "unknowns": [
          "Aktueller Betrieb und tatsächliche Öffnungszeiten"
        ],
        "scale": "street",
        "geometryPrecision": "approximate",
        "sources": [
          {
            "url": "https://www.openstreetmap.org/way/244401327",
            "snapshotUrl": "https://overpass-api.de/api/interpreter",
            "title": "OpenStreetMap contributors",
            "publisher": "OpenStreetMap contributors",
            "locator": "way/244401327; tags.name, tags.shop",
            "retrievedAt": "2026-09-26T17:19:44.197Z",
            "sha256": "df7ea59d133b93f6c475c88d251a6d3c455ea234106e397ba0aa310807c048de",
            "snapshot": true,
            "licence": "ODbL 1.0",
            "reuse": "open_licence"
          }
        ],
        "extraction": {
          "method": "structured"
        },
        "reviewState": "candidate",
        "asOf": "2026-09-26T17:19:44.197Z"
      }
    },
    {
      "type": "Feature",
      "geometry": {
        "type": "Point",
        "coordinates": [
          7.3055549,
          51.5751089
        ]
      },
      "properties": {
        "id": "osm:way-25579248",
        "version": "f30f7342d3505f3068832276f1a7d7cffda1c3c5255bca62be4cdc1a6788b105",
        "cityId": "castrop-rauxel",
        "kind": "place",
        "category": "supermarket",
        "title": "Netto Marken-Discount",
        "statement": "Netto Marken-Discount ist in OpenStreetMap als supermarket eingetragen. Öffnungszeiten in OSM eingetragen; nicht unabhängig bestätigt.",
        "status": "OSM-Eintrag, nicht offiziell geprüft",
        "startDate": null,
        "endDate": null,
        "nextStep": "Aktuelle Angaben direkt beim Ort prüfen.",
        "unknowns": [
          "Aktueller Betrieb und tatsächliche Öffnungszeiten"
        ],
        "scale": "street",
        "geometryPrecision": "approximate",
        "sources": [
          {
            "url": "https://www.openstreetmap.org/way/25579248",
            "snapshotUrl": "https://overpass-api.de/api/interpreter",
            "title": "OpenStreetMap contributors",
            "publisher": "OpenStreetMap contributors",
            "locator": "way/25579248; tags.name, tags.shop",
            "retrievedAt": "2026-09-26T17:19:44.197Z",
            "sha256": "df7ea59d133b93f6c475c88d251a6d3c455ea234106e397ba0aa310807c048de",
            "snapshot": true,
            "licence": "ODbL 1.0",
            "reuse": "open_licence"
          }
        ],
        "extraction": {
          "method": "structured"
        },
        "reviewState": "candidate",
        "asOf": "2026-09-26T17:19:44.197Z"
      }
    },
    {
      "type": "Feature",
      "geometry": {
        "type": "Point",
        "coordinates": [
          7.3052387,
          51.5756129
        ]
      },
      "properties": {
        "id": "osm:way-25579249",
        "version": "fe6cecdff229f4a8723e63e722a19b1c9cb2ea798b53458f0186abace3bae8bd",
        "cityId": "castrop-rauxel",
        "kind": "place",
        "category": "supermarket",
        "title": "K+K",
        "statement": "K+K ist in OpenStreetMap als supermarket eingetragen. Öffnungszeiten in OSM eingetragen; nicht unabhängig bestätigt.",
        "status": "OSM-Eintrag, nicht offiziell geprüft",
        "startDate": null,
        "endDate": null,
        "nextStep": "Aktuelle Angaben direkt beim Ort prüfen.",
        "unknowns": [
          "Aktueller Betrieb und tatsächliche Öffnungszeiten"
        ],
        "scale": "street",
        "geometryPrecision": "approximate",
        "sources": [
          {
            "url": "https://www.openstreetmap.org/way/25579249",
            "snapshotUrl": "https://overpass-api.de/api/interpreter",
            "title": "OpenStreetMap contributors",
            "publisher": "OpenStreetMap contributors",
            "locator": "way/25579249; tags.name, tags.shop",
            "retrievedAt": "2026-09-26T17:19:44.197Z",
            "sha256": "df7ea59d133b93f6c475c88d251a6d3c455ea234106e397ba0aa310807c048de",
            "snapshot": true,
            "licence": "ODbL 1.0",
            "reuse": "open_licence"
          }
        ],
        "extraction": {
          "method": "structured"
        },
        "reviewState": "candidate",
        "asOf": "2026-09-26T17:19:44.197Z"
      }
    },
    {
      "type": "Feature",
      "geometry": {
        "type": "Point",
        "coordinates": [
          7.3190913,
          51.524439
        ]
      },
      "properties": {
        "id": "osm:way-25676305",
        "version": "2cfa798b726efe55e10cecd3684e59943bf39987c14fc74da1dc7534e35fe306",
        "cityId": "castrop-rauxel",
        "kind": "place",
        "category": "soccer",
        "title": "Sportplatz Merklinde",
        "statement": "Sportplatz Merklinde ist in OpenStreetMap als soccer eingetragen. Betrieb und Öffnungszeiten nicht geprüft.",
        "status": "OSM-Eintrag, nicht offiziell geprüft",
        "startDate": null,
        "endDate": null,
        "nextStep": "Aktuelle Angaben direkt beim Ort prüfen.",
        "unknowns": [
          "Aktueller Betrieb und tatsächliche Öffnungszeiten"
        ],
        "scale": "street",
        "geometryPrecision": "approximate",
        "sources": [
          {
            "url": "https://www.openstreetmap.org/way/25676305",
            "snapshotUrl": "https://overpass-api.de/api/interpreter",
            "title": "OpenStreetMap contributors",
            "publisher": "OpenStreetMap contributors",
            "locator": "way/25676305; tags.name, tags.sport",
            "retrievedAt": "2026-09-26T17:19:44.197Z",
            "sha256": "df7ea59d133b93f6c475c88d251a6d3c455ea234106e397ba0aa310807c048de",
            "snapshot": true,
            "licence": "ODbL 1.0",
            "reuse": "open_licence"
          }
        ],
        "extraction": {
          "method": "structured"
        },
        "reviewState": "candidate",
        "asOf": "2026-09-26T17:19:44.197Z"
      }
    },
    {
      "type": "Feature",
      "geometry": {
        "type": "Point",
        "coordinates": [
          7.3056413,
          51.5819375
        ]
      },
      "properties": {
        "id": "osm:way-277261339",
        "version": "ad166fa31e1227ac8f8d87ce1c3333db526c3d3a390c96721113032a57bdc8b0",
        "cityId": "castrop-rauxel",
        "kind": "place",
        "category": "school",
        "title": "Berufskolleg Castrop-Rauxel",
        "statement": "Berufskolleg Castrop-Rauxel ist in OpenStreetMap als school eingetragen. Betrieb und Öffnungszeiten nicht geprüft.",
        "status": "OSM-Eintrag, nicht offiziell geprüft",
        "startDate": null,
        "endDate": null,
        "nextStep": "Aktuelle Angaben direkt beim Ort prüfen.",
        "unknowns": [
          "Aktueller Betrieb und tatsächliche Öffnungszeiten"
        ],
        "scale": "street",
        "geometryPrecision": "approximate",
        "sources": [
          {
            "url": "https://www.openstreetmap.org/way/277261339",
            "snapshotUrl": "https://overpass-api.de/api/interpreter",
            "title": "OpenStreetMap contributors",
            "publisher": "OpenStreetMap contributors",
            "locator": "way/277261339; tags.name, tags.amenity",
            "retrievedAt": "2026-09-26T17:19:44.197Z",
            "sha256": "df7ea59d133b93f6c475c88d251a6d3c455ea234106e397ba0aa310807c048de",
            "snapshot": true,
            "licence": "ODbL 1.0",
            "reuse": "open_licence"
          }
        ],
        "extraction": {
          "method": "structured"
        },
        "reviewState": "candidate",
        "asOf": "2026-09-26T17:19:44.197Z"
      }
    },
    {
      "type": "Feature",
      "geometry": {
        "type": "Point",
        "coordinates": [
          7.2927493,
          51.6163132
        ]
      },
      "properties": {
        "id": "osm:way-29230260",
        "version": "bf5790137df699fc70915374098723fc0d9802b26f754f1e9ec155d98356ba9b",
        "cityId": "castrop-rauxel",
        "kind": "place",
        "category": "equestrian",
        "title": "Peacock's Manor",
        "statement": "Peacock's Manor ist in OpenStreetMap als equestrian eingetragen. Betrieb und Öffnungszeiten nicht geprüft.",
        "status": "OSM-Eintrag, nicht offiziell geprüft",
        "startDate": null,
        "endDate": null,
        "nextStep": "Aktuelle Angaben direkt beim Ort prüfen.",
        "unknowns": [
          "Aktueller Betrieb und tatsächliche Öffnungszeiten"
        ],
        "scale": "street",
        "geometryPrecision": "approximate",
        "sources": [
          {
            "url": "https://www.openstreetmap.org/way/29230260",
            "snapshotUrl": "https://overpass-api.de/api/interpreter",
            "title": "OpenStreetMap contributors",
            "publisher": "OpenStreetMap contributors",
            "locator": "way/29230260; tags.name, tags.sport",
            "retrievedAt": "2026-09-26T17:19:44.197Z",
            "sha256": "df7ea59d133b93f6c475c88d251a6d3c455ea234106e397ba0aa310807c048de",
            "snapshot": true,
            "licence": "ODbL 1.0",
            "reuse": "open_licence"
          }
        ],
        "extraction": {
          "method": "structured"
        },
        "reviewState": "candidate",
        "asOf": "2026-09-26T17:19:44.197Z"
      }
    },
    {
      "type": "Feature",
      "geometry": {
        "type": "Point",
        "coordinates": [
          7.3276115,
          51.5410888
        ]
      },
      "properties": {
        "id": "osm:way-298802184",
        "version": "b02109f47ccb2d03e3401d9d3b8e5f2d033508db3a5d096f2077bf38804c2d64",
        "cityId": "castrop-rauxel",
        "kind": "place",
        "category": "school",
        "title": "Cottenburgschule",
        "statement": "Cottenburgschule ist in OpenStreetMap als school eingetragen. Betrieb und Öffnungszeiten nicht geprüft.",
        "status": "OSM-Eintrag, nicht offiziell geprüft",
        "startDate": null,
        "endDate": null,
        "nextStep": "Aktuelle Angaben direkt beim Ort prüfen.",
        "unknowns": [
          "Aktueller Betrieb und tatsächliche Öffnungszeiten"
        ],
        "scale": "street",
        "geometryPrecision": "approximate",
        "sources": [
          {
            "url": "https://www.openstreetmap.org/way/298802184",
            "snapshotUrl": "https://overpass-api.de/api/interpreter",
            "title": "OpenStreetMap contributors",
            "publisher": "OpenStreetMap contributors",
            "locator": "way/298802184; tags.name, tags.amenity",
            "retrievedAt": "2026-09-26T17:19:44.197Z",
            "sha256": "df7ea59d133b93f6c475c88d251a6d3c455ea234106e397ba0aa310807c048de",
            "snapshot": true,
            "licence": "ODbL 1.0",
            "reuse": "open_licence"
          }
        ],
        "extraction": {
          "method": "structured"
        },
        "reviewState": "candidate",
        "asOf": "2026-09-26T17:19:44.197Z"
      }
    },
    {
      "type": "Feature",
      "geometry": {
        "type": "Point",
        "coordinates": [
          7.3281921,
          51.5412163
        ]
      },
      "properties": {
        "id": "osm:way-298802188",
        "version": "69bee5b5c4a19285a3e8c5f9c081abd1f52cb3095eb35dc8a9f1a5079e2f0198",
        "cityId": "castrop-rauxel",
        "kind": "place",
        "category": "multi",
        "title": "Sporthalle",
        "statement": "Sporthalle ist in OpenStreetMap als multi eingetragen. Betrieb und Öffnungszeiten nicht geprüft.",
        "status": "OSM-Eintrag, nicht offiziell geprüft",
        "startDate": null,
        "endDate": null,
        "nextStep": "Aktuelle Angaben direkt beim Ort prüfen.",
        "unknowns": [
          "Aktueller Betrieb und tatsächliche Öffnungszeiten"
        ],
        "scale": "street",
        "geometryPrecision": "approximate",
        "sources": [
          {
            "url": "https://www.openstreetmap.org/way/298802188",
            "snapshotUrl": "https://overpass-api.de/api/interpreter",
            "title": "OpenStreetMap contributors",
            "publisher": "OpenStreetMap contributors",
            "locator": "way/298802188; tags.name, tags.sport",
            "retrievedAt": "2026-09-26T17:19:44.197Z",
            "sha256": "df7ea59d133b93f6c475c88d251a6d3c455ea234106e397ba0aa310807c048de",
            "snapshot": true,
            "licence": "ODbL 1.0",
            "reuse": "open_licence"
          }
        ],
        "extraction": {
          "method": "structured"
        },
        "reviewState": "candidate",
        "asOf": "2026-09-26T17:19:44.197Z"
      }
    },
    {
      "type": "Feature",
      "geometry": {
        "type": "Point",
        "coordinates": [
          7.3028016,
          51.5796083
        ]
      },
      "properties": {
        "id": "osm:way-300237422",
        "version": "5140ad87d96aae6f6faa5584d88fe04248715f79eb30b05de614a3fbac210d84",
        "cityId": "castrop-rauxel",
        "kind": "place",
        "category": "supermarket",
        "title": "Aldi",
        "statement": "Aldi ist in OpenStreetMap als supermarket eingetragen. Öffnungszeiten in OSM eingetragen; nicht unabhängig bestätigt.",
        "status": "OSM-Eintrag, nicht offiziell geprüft",
        "startDate": null,
        "endDate": null,
        "nextStep": "Aktuelle Angaben direkt beim Ort prüfen.",
        "unknowns": [
          "Aktueller Betrieb und tatsächliche Öffnungszeiten"
        ],
        "scale": "street",
        "geometryPrecision": "approximate",
        "sources": [
          {
            "url": "https://www.openstreetmap.org/way/300237422",
            "snapshotUrl": "https://overpass-api.de/api/interpreter",
            "title": "OpenStreetMap contributors",
            "publisher": "OpenStreetMap contributors",
            "locator": "way/300237422; tags.name, tags.shop",
            "retrievedAt": "2026-09-26T17:19:44.197Z",
            "sha256": "df7ea59d133b93f6c475c88d251a6d3c455ea234106e397ba0aa310807c048de",
            "snapshot": true,
            "licence": "ODbL 1.0",
            "reuse": "open_licence"
          }
        ],
        "extraction": {
          "method": "structured"
        },
        "reviewState": "candidate",
        "asOf": "2026-09-26T17:19:44.197Z"
      }
    },
    {
      "type": "Feature",
      "geometry": {
        "type": "Point",
        "coordinates": [
          7.3025287,
          51.592439
        ]
      },
      "properties": {
        "id": "osm:way-300616768",
        "version": "61591bff7e26bce196d913d95a46e8741e252695d161248fd87f26c07d40d927",
        "cityId": "castrop-rauxel",
        "kind": "place",
        "category": "supermarket",
        "title": "Lidl",
        "statement": "Lidl ist in OpenStreetMap als supermarket eingetragen. Öffnungszeiten in OSM eingetragen; nicht unabhängig bestätigt.",
        "status": "OSM-Eintrag, nicht offiziell geprüft",
        "startDate": null,
        "endDate": null,
        "nextStep": "Aktuelle Angaben direkt beim Ort prüfen.",
        "unknowns": [
          "Aktueller Betrieb und tatsächliche Öffnungszeiten"
        ],
        "scale": "street",
        "geometryPrecision": "approximate",
        "sources": [
          {
            "url": "https://www.openstreetmap.org/way/300616768",
            "snapshotUrl": "https://overpass-api.de/api/interpreter",
            "title": "OpenStreetMap contributors",
            "publisher": "OpenStreetMap contributors",
            "locator": "way/300616768; tags.name, tags.shop",
            "retrievedAt": "2026-09-26T17:19:44.197Z",
            "sha256": "df7ea59d133b93f6c475c88d251a6d3c455ea234106e397ba0aa310807c048de",
            "snapshot": true,
            "licence": "ODbL 1.0",
            "reuse": "open_licence"
          }
        ],
        "extraction": {
          "method": "structured"
        },
        "reviewState": "candidate",
        "asOf": "2026-09-26T17:19:44.197Z"
      }
    },
    {
      "type": "Feature",
      "geometry": {
        "type": "Point",
        "coordinates": [
          7.3135337,
          51.5986223
        ]
      },
      "properties": {
        "id": "osm:way-324755855",
        "version": "260b580fc6cb2e556d0dd0fe76cb2b0ce08ea369eb22dade33530da879db160f",
        "cityId": "castrop-rauxel",
        "kind": "place",
        "category": "community_centre",
        "title": "Maximilian-Kolbe-Haus",
        "statement": "Maximilian-Kolbe-Haus ist in OpenStreetMap als community_centre eingetragen. Betrieb und Öffnungszeiten nicht geprüft.",
        "status": "OSM-Eintrag, nicht offiziell geprüft",
        "startDate": null,
        "endDate": null,
        "nextStep": "Aktuelle Angaben direkt beim Ort prüfen.",
        "unknowns": [
          "Aktueller Betrieb und tatsächliche Öffnungszeiten"
        ],
        "scale": "street",
        "geometryPrecision": "approximate",
        "sources": [
          {
            "url": "https://www.openstreetmap.org/way/324755855",
            "snapshotUrl": "https://overpass-api.de/api/interpreter",
            "title": "OpenStreetMap contributors",
            "publisher": "OpenStreetMap contributors",
            "locator": "way/324755855; tags.name, tags.amenity",
            "retrievedAt": "2026-09-26T17:19:44.197Z",
            "sha256": "df7ea59d133b93f6c475c88d251a6d3c455ea234106e397ba0aa310807c048de",
            "snapshot": true,
            "licence": "ODbL 1.0",
            "reuse": "open_licence"
          }
        ],
        "extraction": {
          "method": "structured"
        },
        "reviewState": "candidate",
        "asOf": "2026-09-26T17:19:44.197Z"
      }
    },
    {
      "type": "Feature",
      "geometry": {
        "type": "Point",
        "coordinates": [
          7.3463084,
          51.5273455
        ]
      },
      "properties": {
        "id": "osm:way-34257546",
        "version": "1b5fcd82a0adca0f24ce82b6025bb6b35c7762171b5bc06a1556e8e56b6362da",
        "cityId": "castrop-rauxel",
        "kind": "place",
        "category": "tennis",
        "title": "TC Grün-Weiß Frohlinde",
        "statement": "TC Grün-Weiß Frohlinde ist in OpenStreetMap als tennis eingetragen. Betrieb und Öffnungszeiten nicht geprüft.",
        "status": "OSM-Eintrag, nicht offiziell geprüft",
        "startDate": null,
        "endDate": null,
        "nextStep": "Aktuelle Angaben direkt beim Ort prüfen.",
        "unknowns": [
          "Aktueller Betrieb und tatsächliche Öffnungszeiten"
        ],
        "scale": "street",
        "geometryPrecision": "approximate",
        "sources": [
          {
            "url": "https://www.openstreetmap.org/way/34257546",
            "snapshotUrl": "https://overpass-api.de/api/interpreter",
            "title": "OpenStreetMap contributors",
            "publisher": "OpenStreetMap contributors",
            "locator": "way/34257546; tags.name, tags.sport",
            "retrievedAt": "2026-09-26T17:19:44.197Z",
            "sha256": "df7ea59d133b93f6c475c88d251a6d3c455ea234106e397ba0aa310807c048de",
            "snapshot": true,
            "licence": "ODbL 1.0",
            "reuse": "open_licence"
          }
        ],
        "extraction": {
          "method": "structured"
        },
        "reviewState": "candidate",
        "asOf": "2026-09-26T17:19:44.197Z"
      }
    },
    {
      "type": "Feature",
      "geometry": {
        "type": "Point",
        "coordinates": [
          7.3454603,
          51.5272329
        ]
      },
      "properties": {
        "id": "osm:way-34257549",
        "version": "438b62f7ed99471cd50a2c8d36d954ea54846b876522a041f9975e583531058f",
        "cityId": "castrop-rauxel",
        "kind": "place",
        "category": "tennis",
        "title": "Tennisclub. Grün-Weiß Frohlinde",
        "statement": "Tennisclub. Grün-Weiß Frohlinde ist in OpenStreetMap als tennis eingetragen. Betrieb und Öffnungszeiten nicht geprüft.",
        "status": "OSM-Eintrag, nicht offiziell geprüft",
        "startDate": null,
        "endDate": null,
        "nextStep": "Aktuelle Angaben direkt beim Ort prüfen.",
        "unknowns": [
          "Aktueller Betrieb und tatsächliche Öffnungszeiten"
        ],
        "scale": "street",
        "geometryPrecision": "approximate",
        "sources": [
          {
            "url": "https://www.openstreetmap.org/way/34257549",
            "snapshotUrl": "https://overpass-api.de/api/interpreter",
            "title": "OpenStreetMap contributors",
            "publisher": "OpenStreetMap contributors",
            "locator": "way/34257549; tags.name, tags.sport",
            "retrievedAt": "2026-09-26T17:19:44.197Z",
            "sha256": "df7ea59d133b93f6c475c88d251a6d3c455ea234106e397ba0aa310807c048de",
            "snapshot": true,
            "licence": "ODbL 1.0",
            "reuse": "open_licence"
          }
        ],
        "extraction": {
          "method": "structured"
        },
        "reviewState": "candidate",
        "asOf": "2026-09-26T17:19:44.197Z"
      }
    },
    {
      "type": "Feature",
      "geometry": {
        "type": "Point",
        "coordinates": [
          7.3124243,
          51.5436963
        ]
      },
      "properties": {
        "id": "osm:way-35596420",
        "version": "63aad3721ba2949d25254d88f15f91159ba7a0aea335cd2fc492583cb9a5fe96",
        "cityId": "castrop-rauxel",
        "kind": "place",
        "category": "swimming",
        "title": "Parkbad Süd",
        "statement": "Parkbad Süd ist in OpenStreetMap als swimming eingetragen. Betrieb und Öffnungszeiten nicht geprüft.",
        "status": "OSM-Eintrag, nicht offiziell geprüft",
        "startDate": null,
        "endDate": null,
        "nextStep": "Aktuelle Angaben direkt beim Ort prüfen.",
        "unknowns": [
          "Aktueller Betrieb und tatsächliche Öffnungszeiten"
        ],
        "scale": "street",
        "geometryPrecision": "approximate",
        "sources": [
          {
            "url": "https://www.openstreetmap.org/way/35596420",
            "snapshotUrl": "https://overpass-api.de/api/interpreter",
            "title": "OpenStreetMap contributors",
            "publisher": "OpenStreetMap contributors",
            "locator": "way/35596420; tags.name, tags.sport",
            "retrievedAt": "2026-09-26T17:19:44.197Z",
            "sha256": "df7ea59d133b93f6c475c88d251a6d3c455ea234106e397ba0aa310807c048de",
            "snapshot": true,
            "licence": "ODbL 1.0",
            "reuse": "open_licence"
          }
        ],
        "extraction": {
          "method": "structured"
        },
        "reviewState": "candidate",
        "asOf": "2026-09-26T17:19:44.197Z"
      }
    },
    {
      "type": "Feature",
      "geometry": {
        "type": "Point",
        "coordinates": [
          7.3449146,
          51.5349166
        ]
      },
      "properties": {
        "id": "osm:way-35897127",
        "version": "3fbacf488f90132b390ce1ef3fb43628160cb4630b8610c1a4f52f52c943fc99",
        "cityId": "castrop-rauxel",
        "kind": "place",
        "category": "golf",
        "title": "Golf Club Castrop-Rauxel e.V. in Frohlinde",
        "statement": "Golf Club Castrop-Rauxel e.V. in Frohlinde ist in OpenStreetMap als golf eingetragen. Betrieb und Öffnungszeiten nicht geprüft.",
        "status": "OSM-Eintrag, nicht offiziell geprüft",
        "startDate": null,
        "endDate": null,
        "nextStep": "Aktuelle Angaben direkt beim Ort prüfen.",
        "unknowns": [
          "Aktueller Betrieb und tatsächliche Öffnungszeiten"
        ],
        "scale": "street",
        "geometryPrecision": "approximate",
        "sources": [
          {
            "url": "https://www.openstreetmap.org/way/35897127",
            "snapshotUrl": "https://overpass-api.de/api/interpreter",
            "title": "OpenStreetMap contributors",
            "publisher": "OpenStreetMap contributors",
            "locator": "way/35897127; tags.name, tags.sport",
            "retrievedAt": "2026-09-26T17:19:44.197Z",
            "sha256": "df7ea59d133b93f6c475c88d251a6d3c455ea234106e397ba0aa310807c048de",
            "snapshot": true,
            "licence": "ODbL 1.0",
            "reuse": "open_licence"
          }
        ],
        "extraction": {
          "method": "structured"
        },
        "reviewState": "candidate",
        "asOf": "2026-09-26T17:19:44.197Z"
      }
    },
    {
      "type": "Feature",
      "geometry": {
        "type": "Point",
        "coordinates": [
          7.2993483,
          51.5496585
        ]
      },
      "properties": {
        "id": "osm:way-383670292",
        "version": "89d9da449480ca317badb61a939f190d1b9ba94ab96c331396b04f05a7cd4f0a",
        "cityId": "castrop-rauxel",
        "kind": "place",
        "category": "supermarket",
        "title": "Netto Marken-Discount",
        "statement": "Netto Marken-Discount ist in OpenStreetMap als supermarket eingetragen. Öffnungszeiten in OSM eingetragen; nicht unabhängig bestätigt.",
        "status": "OSM-Eintrag, nicht offiziell geprüft",
        "startDate": null,
        "endDate": null,
        "nextStep": "Aktuelle Angaben direkt beim Ort prüfen.",
        "unknowns": [
          "Aktueller Betrieb und tatsächliche Öffnungszeiten"
        ],
        "scale": "street",
        "geometryPrecision": "approximate",
        "sources": [
          {
            "url": "https://www.openstreetmap.org/way/383670292",
            "snapshotUrl": "https://overpass-api.de/api/interpreter",
            "title": "OpenStreetMap contributors",
            "publisher": "OpenStreetMap contributors",
            "locator": "way/383670292; tags.name, tags.shop",
            "retrievedAt": "2026-09-26T17:19:44.197Z",
            "sha256": "df7ea59d133b93f6c475c88d251a6d3c455ea234106e397ba0aa310807c048de",
            "snapshot": true,
            "licence": "ODbL 1.0",
            "reuse": "open_licence"
          }
        ],
        "extraction": {
          "method": "structured"
        },
        "reviewState": "candidate",
        "asOf": "2026-09-26T17:19:44.197Z"
      }
    },
    {
      "type": "Feature",
      "geometry": {
        "type": "Point",
        "coordinates": [
          7.3178966,
          51.5556078
        ]
      },
      "properties": {
        "id": "osm:way-403340299",
        "version": "e37ff91ebccf9e3d18480834490206fb86862b6daae0a828e5eade14870bd417",
        "cityId": "castrop-rauxel",
        "kind": "place",
        "category": "school",
        "title": "Wilhelmschule",
        "statement": "Wilhelmschule ist in OpenStreetMap als school eingetragen. Betrieb und Öffnungszeiten nicht geprüft.",
        "status": "OSM-Eintrag, nicht offiziell geprüft",
        "startDate": null,
        "endDate": null,
        "nextStep": "Aktuelle Angaben direkt beim Ort prüfen.",
        "unknowns": [
          "Aktueller Betrieb und tatsächliche Öffnungszeiten"
        ],
        "scale": "street",
        "geometryPrecision": "approximate",
        "sources": [
          {
            "url": "https://www.openstreetmap.org/way/403340299",
            "snapshotUrl": "https://overpass-api.de/api/interpreter",
            "title": "OpenStreetMap contributors",
            "publisher": "OpenStreetMap contributors",
            "locator": "way/403340299; tags.name, tags.amenity",
            "retrievedAt": "2026-09-26T17:19:44.197Z",
            "sha256": "df7ea59d133b93f6c475c88d251a6d3c455ea234106e397ba0aa310807c048de",
            "snapshot": true,
            "licence": "ODbL 1.0",
            "reuse": "open_licence"
          }
        ],
        "extraction": {
          "method": "structured"
        },
        "reviewState": "candidate",
        "asOf": "2026-09-26T17:19:44.197Z"
      }
    },
    {
      "type": "Feature",
      "geometry": {
        "type": "Point",
        "coordinates": [
          7.3109015,
          51.5983959
        ]
      },
      "properties": {
        "id": "osm:way-454500533",
        "version": "7a8012082d083f5d939e87ff42054402978461c472b315004dccbd0c6fb562db",
        "cityId": "castrop-rauxel",
        "kind": "place",
        "category": "supermarket",
        "title": "EDEKA",
        "statement": "EDEKA ist in OpenStreetMap als supermarket eingetragen. Öffnungszeiten in OSM eingetragen; nicht unabhängig bestätigt.",
        "status": "OSM-Eintrag, nicht offiziell geprüft",
        "startDate": null,
        "endDate": null,
        "nextStep": "Aktuelle Angaben direkt beim Ort prüfen.",
        "unknowns": [
          "Aktueller Betrieb und tatsächliche Öffnungszeiten"
        ],
        "scale": "street",
        "geometryPrecision": "approximate",
        "sources": [
          {
            "url": "https://www.openstreetmap.org/way/454500533",
            "snapshotUrl": "https://overpass-api.de/api/interpreter",
            "title": "OpenStreetMap contributors",
            "publisher": "OpenStreetMap contributors",
            "locator": "way/454500533; tags.name, tags.shop",
            "retrievedAt": "2026-09-26T17:19:44.197Z",
            "sha256": "df7ea59d133b93f6c475c88d251a6d3c455ea234106e397ba0aa310807c048de",
            "snapshot": true,
            "licence": "ODbL 1.0",
            "reuse": "open_licence"
          }
        ],
        "extraction": {
          "method": "structured"
        },
        "reviewState": "candidate",
        "asOf": "2026-09-26T17:19:44.197Z"
      }
    },
    {
      "type": "Feature",
      "geometry": {
        "type": "Point",
        "coordinates": [
          7.319859,
          51.5291983
        ]
      },
      "properties": {
        "id": "osm:way-49325570",
        "version": "7da9c2dfa97a2ce40d27ec21fde01781e50ce5e3af31141a4c8b83194de45258",
        "cityId": "castrop-rauxel",
        "kind": "place",
        "category": "community_centre",
        "title": "Begegnungszentrum Harkortschule Merklinde",
        "statement": "Begegnungszentrum Harkortschule Merklinde ist in OpenStreetMap als community_centre eingetragen. Betrieb und Öffnungszeiten nicht geprüft.",
        "status": "OSM-Eintrag, nicht offiziell geprüft",
        "startDate": null,
        "endDate": null,
        "nextStep": "Aktuelle Angaben direkt beim Ort prüfen.",
        "unknowns": [
          "Aktueller Betrieb und tatsächliche Öffnungszeiten"
        ],
        "scale": "street",
        "geometryPrecision": "approximate",
        "sources": [
          {
            "url": "https://www.openstreetmap.org/way/49325570",
            "snapshotUrl": "https://overpass-api.de/api/interpreter",
            "title": "OpenStreetMap contributors",
            "publisher": "OpenStreetMap contributors",
            "locator": "way/49325570; tags.name, tags.amenity",
            "retrievedAt": "2026-09-26T17:19:44.197Z",
            "sha256": "df7ea59d133b93f6c475c88d251a6d3c455ea234106e397ba0aa310807c048de",
            "snapshot": true,
            "licence": "ODbL 1.0",
            "reuse": "open_licence"
          }
        ],
        "extraction": {
          "method": "structured"
        },
        "reviewState": "candidate",
        "asOf": "2026-09-26T17:19:44.197Z"
      }
    },
    {
      "type": "Feature",
      "geometry": {
        "type": "Point",
        "coordinates": [
          7.3060444,
          51.552643
        ]
      },
      "properties": {
        "id": "osm:way-52734023",
        "version": "f7f813591256a4be6651e29e4f56fa8bdf58c1e5eead9df5d151002451a1c284",
        "cityId": "castrop-rauxel",
        "kind": "place",
        "category": "school",
        "title": "Grundschule Löwenherz",
        "statement": "Grundschule Löwenherz ist in OpenStreetMap als school eingetragen. Betrieb und Öffnungszeiten nicht geprüft.",
        "status": "OSM-Eintrag, nicht offiziell geprüft",
        "startDate": null,
        "endDate": null,
        "nextStep": "Aktuelle Angaben direkt beim Ort prüfen.",
        "unknowns": [
          "Aktueller Betrieb und tatsächliche Öffnungszeiten"
        ],
        "scale": "street",
        "geometryPrecision": "approximate",
        "sources": [
          {
            "url": "https://www.openstreetmap.org/way/52734023",
            "snapshotUrl": "https://overpass-api.de/api/interpreter",
            "title": "OpenStreetMap contributors",
            "publisher": "OpenStreetMap contributors",
            "locator": "way/52734023; tags.name, tags.amenity",
            "retrievedAt": "2026-09-26T17:19:44.197Z",
            "sha256": "df7ea59d133b93f6c475c88d251a6d3c455ea234106e397ba0aa310807c048de",
            "snapshot": true,
            "licence": "ODbL 1.0",
            "reuse": "open_licence"
          }
        ],
        "extraction": {
          "method": "structured"
        },
        "reviewState": "candidate",
        "asOf": "2026-09-26T17:19:44.197Z"
      }
    },
    {
      "type": "Feature",
      "geometry": {
        "type": "Point",
        "coordinates": [
          7.3504564,
          51.5617922
        ]
      },
      "properties": {
        "id": "osm:way-54168868",
        "version": "d8de21d70113aac76b3a4e75ab8bdc629188762d02d0315e758188853a2b172e",
        "cityId": "castrop-rauxel",
        "kind": "place",
        "category": "community_centre",
        "title": "Gemeindezentrum Dingen",
        "statement": "Gemeindezentrum Dingen ist in OpenStreetMap als community_centre eingetragen. Betrieb und Öffnungszeiten nicht geprüft.",
        "status": "OSM-Eintrag, nicht offiziell geprüft",
        "startDate": null,
        "endDate": null,
        "nextStep": "Aktuelle Angaben direkt beim Ort prüfen.",
        "unknowns": [
          "Aktueller Betrieb und tatsächliche Öffnungszeiten"
        ],
        "scale": "street",
        "geometryPrecision": "approximate",
        "sources": [
          {
            "url": "https://www.openstreetmap.org/way/54168868",
            "snapshotUrl": "https://overpass-api.de/api/interpreter",
            "title": "OpenStreetMap contributors",
            "publisher": "OpenStreetMap contributors",
            "locator": "way/54168868; tags.name, tags.amenity",
            "retrievedAt": "2026-09-26T17:19:44.197Z",
            "sha256": "df7ea59d133b93f6c475c88d251a6d3c455ea234106e397ba0aa310807c048de",
            "snapshot": true,
            "licence": "ODbL 1.0",
            "reuse": "open_licence"
          }
        ],
        "extraction": {
          "method": "structured"
        },
        "reviewState": "candidate",
        "asOf": "2026-09-26T17:19:44.197Z"
      }
    },
    {
      "type": "Feature",
      "geometry": {
        "type": "Point",
        "coordinates": [
          7.3404374,
          51.5429878
        ]
      },
      "properties": {
        "id": "osm:way-55821266",
        "version": "21375fe3f8c3faf06861c1e9d4d4f8e59026f1b4626b2c9d13ec066d9d0dfd66",
        "cityId": "castrop-rauxel",
        "kind": "place",
        "category": "soccer",
        "title": "Spielvereinigung Blau-Gelb Schwerin e.V.",
        "statement": "Spielvereinigung Blau-Gelb Schwerin e.V. ist in OpenStreetMap als soccer eingetragen. Betrieb und Öffnungszeiten nicht geprüft.",
        "status": "OSM-Eintrag, nicht offiziell geprüft",
        "startDate": null,
        "endDate": null,
        "nextStep": "Aktuelle Angaben direkt beim Ort prüfen.",
        "unknowns": [
          "Aktueller Betrieb und tatsächliche Öffnungszeiten"
        ],
        "scale": "street",
        "geometryPrecision": "approximate",
        "sources": [
          {
            "url": "https://www.openstreetmap.org/way/55821266",
            "snapshotUrl": "https://overpass-api.de/api/interpreter",
            "title": "OpenStreetMap contributors",
            "publisher": "OpenStreetMap contributors",
            "locator": "way/55821266; tags.name, tags.sport",
            "retrievedAt": "2026-09-26T17:19:44.197Z",
            "sha256": "df7ea59d133b93f6c475c88d251a6d3c455ea234106e397ba0aa310807c048de",
            "snapshot": true,
            "licence": "ODbL 1.0",
            "reuse": "open_licence"
          }
        ],
        "extraction": {
          "method": "structured"
        },
        "reviewState": "candidate",
        "asOf": "2026-09-26T17:19:44.197Z"
      }
    },
    {
      "type": "Feature",
      "geometry": {
        "type": "Point",
        "coordinates": [
          7.3073271,
          51.5789031
        ]
      },
      "properties": {
        "id": "osm:way-62051173",
        "version": "5b91445c637120b251d26159692d6be908a7ee8780272c74067ebf7b6a4a0d30",
        "cityId": "castrop-rauxel",
        "kind": "place",
        "category": "supermarket",
        "title": "Lidl",
        "statement": "Lidl ist in OpenStreetMap als supermarket eingetragen. Öffnungszeiten in OSM eingetragen; nicht unabhängig bestätigt.",
        "status": "OSM-Eintrag, nicht offiziell geprüft",
        "startDate": null,
        "endDate": null,
        "nextStep": "Aktuelle Angaben direkt beim Ort prüfen.",
        "unknowns": [
          "Aktueller Betrieb und tatsächliche Öffnungszeiten"
        ],
        "scale": "street",
        "geometryPrecision": "approximate",
        "sources": [
          {
            "url": "https://www.openstreetmap.org/way/62051173",
            "snapshotUrl": "https://overpass-api.de/api/interpreter",
            "title": "OpenStreetMap contributors",
            "publisher": "OpenStreetMap contributors",
            "locator": "way/62051173; tags.name, tags.shop",
            "retrievedAt": "2026-09-26T17:19:44.197Z",
            "sha256": "df7ea59d133b93f6c475c88d251a6d3c455ea234106e397ba0aa310807c048de",
            "snapshot": true,
            "licence": "ODbL 1.0",
            "reuse": "open_licence"
          }
        ],
        "extraction": {
          "method": "structured"
        },
        "reviewState": "candidate",
        "asOf": "2026-09-26T17:19:44.197Z"
      }
    },
    {
      "type": "Feature",
      "geometry": {
        "type": "Point",
        "coordinates": [
          7.2927844,
          51.5552318
        ]
      },
      "properties": {
        "id": "osm:way-627146635",
        "version": "41bf2d145873c76dc994871720134582760b58fca474b374bc85720d1eb62cff",
        "cityId": "castrop-rauxel",
        "kind": "place",
        "category": "supermarket",
        "title": "Aldi",
        "statement": "Aldi ist in OpenStreetMap als supermarket eingetragen. Öffnungszeiten in OSM eingetragen; nicht unabhängig bestätigt.",
        "status": "OSM-Eintrag, nicht offiziell geprüft",
        "startDate": null,
        "endDate": null,
        "nextStep": "Aktuelle Angaben direkt beim Ort prüfen.",
        "unknowns": [
          "Aktueller Betrieb und tatsächliche Öffnungszeiten"
        ],
        "scale": "street",
        "geometryPrecision": "approximate",
        "sources": [
          {
            "url": "https://www.openstreetmap.org/way/627146635",
            "snapshotUrl": "https://overpass-api.de/api/interpreter",
            "title": "OpenStreetMap contributors",
            "publisher": "OpenStreetMap contributors",
            "locator": "way/627146635; tags.name, tags.shop",
            "retrievedAt": "2026-09-26T17:19:44.197Z",
            "sha256": "df7ea59d133b93f6c475c88d251a6d3c455ea234106e397ba0aa310807c048de",
            "snapshot": true,
            "licence": "ODbL 1.0",
            "reuse": "open_licence"
          }
        ],
        "extraction": {
          "method": "structured"
        },
        "reviewState": "candidate",
        "asOf": "2026-09-26T17:19:44.197Z"
      }
    },
    {
      "type": "Feature",
      "geometry": {
        "type": "Point",
        "coordinates": [
          7.3473977,
          51.5929912
        ]
      },
      "properties": {
        "id": "osm:way-629920528",
        "version": "532c9df29f79a54e55beba5643bf78e36036d92ace2bc4187b9ba2cc29f9b9d5",
        "cityId": "castrop-rauxel",
        "kind": "place",
        "category": "school",
        "title": "Martin-Luther-King-Schule",
        "statement": "Martin-Luther-King-Schule ist in OpenStreetMap als school eingetragen. Betrieb und Öffnungszeiten nicht geprüft.",
        "status": "OSM-Eintrag, nicht offiziell geprüft",
        "startDate": null,
        "endDate": null,
        "nextStep": "Aktuelle Angaben direkt beim Ort prüfen.",
        "unknowns": [
          "Aktueller Betrieb und tatsächliche Öffnungszeiten"
        ],
        "scale": "street",
        "geometryPrecision": "approximate",
        "sources": [
          {
            "url": "https://www.openstreetmap.org/way/629920528",
            "snapshotUrl": "https://overpass-api.de/api/interpreter",
            "title": "OpenStreetMap contributors",
            "publisher": "OpenStreetMap contributors",
            "locator": "way/629920528; tags.name, tags.amenity",
            "retrievedAt": "2026-09-26T17:19:44.197Z",
            "sha256": "df7ea59d133b93f6c475c88d251a6d3c455ea234106e397ba0aa310807c048de",
            "snapshot": true,
            "licence": "ODbL 1.0",
            "reuse": "open_licence"
          }
        ],
        "extraction": {
          "method": "structured"
        },
        "reviewState": "candidate",
        "asOf": "2026-09-26T17:19:44.197Z"
      }
    },
    {
      "type": "Feature",
      "geometry": {
        "type": "Point",
        "coordinates": [
          7.3100024,
          51.6007425
        ]
      },
      "properties": {
        "id": "osm:way-762444758",
        "version": "0660ae489fa3d127f79b2ff086be39e0191d00d923d1c2a645cf12d7d4cb59ae",
        "cityId": "castrop-rauxel",
        "kind": "place",
        "category": "kindergarten",
        "title": "AWO Kindergarten Henrichenburg",
        "statement": "AWO Kindergarten Henrichenburg ist in OpenStreetMap als kindergarten eingetragen. Betrieb und Öffnungszeiten nicht geprüft.",
        "status": "OSM-Eintrag, nicht offiziell geprüft",
        "startDate": null,
        "endDate": null,
        "nextStep": "Aktuelle Angaben direkt beim Ort prüfen.",
        "unknowns": [
          "Aktueller Betrieb und tatsächliche Öffnungszeiten"
        ],
        "scale": "street",
        "geometryPrecision": "approximate",
        "sources": [
          {
            "url": "https://www.openstreetmap.org/way/762444758",
            "snapshotUrl": "https://overpass-api.de/api/interpreter",
            "title": "OpenStreetMap contributors",
            "publisher": "OpenStreetMap contributors",
            "locator": "way/762444758; tags.name, tags.amenity",
            "retrievedAt": "2026-09-26T17:19:44.197Z",
            "sha256": "df7ea59d133b93f6c475c88d251a6d3c455ea234106e397ba0aa310807c048de",
            "snapshot": true,
            "licence": "ODbL 1.0",
            "reuse": "open_licence"
          }
        ],
        "extraction": {
          "method": "structured"
        },
        "reviewState": "candidate",
        "asOf": "2026-09-26T17:19:44.197Z"
      }
    },
    {
      "type": "Feature",
      "geometry": {
        "type": "Point",
        "coordinates": [
          7.3159072,
          51.5468489
        ]
      },
      "properties": {
        "id": "osm:way-767846869",
        "version": "c180905170a48b7b8573db0ee72027174e9f4d77d23d77c0cf71b611004114b2",
        "cityId": "castrop-rauxel",
        "kind": "place",
        "category": "hospital",
        "title": "St. Rochus-Hospital",
        "statement": "St. Rochus-Hospital ist in OpenStreetMap als hospital eingetragen. Betrieb und Öffnungszeiten nicht geprüft.",
        "status": "OSM-Eintrag, nicht offiziell geprüft",
        "startDate": null,
        "endDate": null,
        "nextStep": "Aktuelle Angaben direkt beim Ort prüfen.",
        "unknowns": [
          "Aktueller Betrieb und tatsächliche Öffnungszeiten"
        ],
        "scale": "street",
        "geometryPrecision": "approximate",
        "sources": [
          {
            "url": "https://www.openstreetmap.org/way/767846869",
            "snapshotUrl": "https://overpass-api.de/api/interpreter",
            "title": "OpenStreetMap contributors",
            "publisher": "OpenStreetMap contributors",
            "locator": "way/767846869; tags.name, tags.amenity",
            "retrievedAt": "2026-09-26T17:19:44.197Z",
            "sha256": "df7ea59d133b93f6c475c88d251a6d3c455ea234106e397ba0aa310807c048de",
            "snapshot": true,
            "licence": "ODbL 1.0",
            "reuse": "open_licence"
          }
        ],
        "extraction": {
          "method": "structured"
        },
        "reviewState": "candidate",
        "asOf": "2026-09-26T17:19:44.197Z"
      }
    },
    {
      "type": "Feature",
      "geometry": {
        "type": "Point",
        "coordinates": [
          7.3200068,
          51.5673914
        ]
      },
      "properties": {
        "id": "osm:way-767846870",
        "version": "d51a8d95b3b93f999d4df9eb312aaaf93733f0abb5d7fca039f00716f7229a6b",
        "cityId": "castrop-rauxel",
        "kind": "place",
        "category": "hospital",
        "title": "Evangelisches Krankenhaus Castrop-Rauxel",
        "statement": "Evangelisches Krankenhaus Castrop-Rauxel ist in OpenStreetMap als hospital eingetragen. Betrieb und Öffnungszeiten nicht geprüft.",
        "status": "OSM-Eintrag, nicht offiziell geprüft",
        "startDate": null,
        "endDate": null,
        "nextStep": "Aktuelle Angaben direkt beim Ort prüfen.",
        "unknowns": [
          "Aktueller Betrieb und tatsächliche Öffnungszeiten"
        ],
        "scale": "street",
        "geometryPrecision": "approximate",
        "sources": [
          {
            "url": "https://www.openstreetmap.org/way/767846870",
            "snapshotUrl": "https://overpass-api.de/api/interpreter",
            "title": "OpenStreetMap contributors",
            "publisher": "OpenStreetMap contributors",
            "locator": "way/767846870; tags.name, tags.amenity",
            "retrievedAt": "2026-09-26T17:19:44.197Z",
            "sha256": "df7ea59d133b93f6c475c88d251a6d3c455ea234106e397ba0aa310807c048de",
            "snapshot": true,
            "licence": "ODbL 1.0",
            "reuse": "open_licence"
          }
        ],
        "extraction": {
          "method": "structured"
        },
        "reviewState": "candidate",
        "asOf": "2026-09-26T17:19:44.197Z"
      }
    },
    {
      "type": "Feature",
      "geometry": {
        "type": "Point",
        "coordinates": [
          7.322704,
          51.5598868
        ]
      },
      "properties": {
        "id": "osm:way-770515992",
        "version": "e01fdf301dc1a0b8430d0003cb5e6ffd49b66e14925cfa188206c4fc1f669360",
        "cityId": "castrop-rauxel",
        "kind": "place",
        "category": "supermarket",
        "title": "Netto Marken-Discount",
        "statement": "Netto Marken-Discount ist in OpenStreetMap als supermarket eingetragen. Öffnungszeiten in OSM eingetragen; nicht unabhängig bestätigt.",
        "status": "OSM-Eintrag, nicht offiziell geprüft",
        "startDate": null,
        "endDate": null,
        "nextStep": "Aktuelle Angaben direkt beim Ort prüfen.",
        "unknowns": [
          "Aktueller Betrieb und tatsächliche Öffnungszeiten"
        ],
        "scale": "street",
        "geometryPrecision": "approximate",
        "sources": [
          {
            "url": "https://www.openstreetmap.org/way/770515992",
            "snapshotUrl": "https://overpass-api.de/api/interpreter",
            "title": "OpenStreetMap contributors",
            "publisher": "OpenStreetMap contributors",
            "locator": "way/770515992; tags.name, tags.shop",
            "retrievedAt": "2026-09-26T17:19:44.197Z",
            "sha256": "df7ea59d133b93f6c475c88d251a6d3c455ea234106e397ba0aa310807c048de",
            "snapshot": true,
            "licence": "ODbL 1.0",
            "reuse": "open_licence"
          }
        ],
        "extraction": {
          "method": "structured"
        },
        "reviewState": "candidate",
        "asOf": "2026-09-26T17:19:44.197Z"
      }
    },
    {
      "type": "Feature",
      "geometry": {
        "type": "Point",
        "coordinates": [
          7.2937213,
          51.5504681
        ]
      },
      "properties": {
        "id": "osm:way-79023545",
        "version": "59f0ccd2a4c7934738a8f9a907ea2f723c2aba5be736dad2c79d17238bbce8ff",
        "cityId": "castrop-rauxel",
        "kind": "place",
        "category": "bakery",
        "title": "Geiping",
        "statement": "Geiping ist in OpenStreetMap als bakery eingetragen. Öffnungszeiten in OSM eingetragen; nicht unabhängig bestätigt.",
        "status": "OSM-Eintrag, nicht offiziell geprüft",
        "startDate": null,
        "endDate": null,
        "nextStep": "Aktuelle Angaben direkt beim Ort prüfen.",
        "unknowns": [
          "Aktueller Betrieb und tatsächliche Öffnungszeiten"
        ],
        "scale": "street",
        "geometryPrecision": "approximate",
        "sources": [
          {
            "url": "https://www.openstreetmap.org/way/79023545",
            "snapshotUrl": "https://overpass-api.de/api/interpreter",
            "title": "OpenStreetMap contributors",
            "publisher": "OpenStreetMap contributors",
            "locator": "way/79023545; tags.name, tags.shop",
            "retrievedAt": "2026-09-26T17:19:44.197Z",
            "sha256": "df7ea59d133b93f6c475c88d251a6d3c455ea234106e397ba0aa310807c048de",
            "snapshot": true,
            "licence": "ODbL 1.0",
            "reuse": "open_licence"
          }
        ],
        "extraction": {
          "method": "structured"
        },
        "reviewState": "candidate",
        "asOf": "2026-09-26T17:19:44.197Z"
      }
    },
    {
      "type": "Feature",
      "geometry": {
        "type": "Point",
        "coordinates": [
          7.303315,
          51.5430495
        ]
      },
      "properties": {
        "id": "osm:way-79273348",
        "version": "28e1d3a7d19a10a267914c99bf14f0dd8f738c2b26b997bb63492f9f79d36d7c",
        "cityId": "castrop-rauxel",
        "kind": "place",
        "category": "soccer",
        "title": "Sv Wacker Obercastrop e.V.",
        "statement": "Sv Wacker Obercastrop e.V. ist in OpenStreetMap als soccer eingetragen. Betrieb und Öffnungszeiten nicht geprüft.",
        "status": "OSM-Eintrag, nicht offiziell geprüft",
        "startDate": null,
        "endDate": null,
        "nextStep": "Aktuelle Angaben direkt beim Ort prüfen.",
        "unknowns": [
          "Aktueller Betrieb und tatsächliche Öffnungszeiten"
        ],
        "scale": "street",
        "geometryPrecision": "approximate",
        "sources": [
          {
            "url": "https://www.openstreetmap.org/way/79273348",
            "snapshotUrl": "https://overpass-api.de/api/interpreter",
            "title": "OpenStreetMap contributors",
            "publisher": "OpenStreetMap contributors",
            "locator": "way/79273348; tags.name, tags.sport",
            "retrievedAt": "2026-09-26T17:19:44.197Z",
            "sha256": "df7ea59d133b93f6c475c88d251a6d3c455ea234106e397ba0aa310807c048de",
            "snapshot": true,
            "licence": "ODbL 1.0",
            "reuse": "open_licence"
          }
        ],
        "extraction": {
          "method": "structured"
        },
        "reviewState": "candidate",
        "asOf": "2026-09-26T17:19:44.197Z"
      }
    },
    {
      "type": "Feature",
      "geometry": {
        "type": "Point",
        "coordinates": [
          7.3030293,
          51.5432151
        ]
      },
      "properties": {
        "id": "osm:way-79273349",
        "version": "97e6c0156893ad42992dc8f877611eccb3af6ec8fd56d586975da0da8d2074f0",
        "cityId": "castrop-rauxel",
        "kind": "place",
        "category": "soccer",
        "title": "Sv Wacker Obercastrop e.V.",
        "statement": "Sv Wacker Obercastrop e.V. ist in OpenStreetMap als soccer eingetragen. Betrieb und Öffnungszeiten nicht geprüft.",
        "status": "OSM-Eintrag, nicht offiziell geprüft",
        "startDate": null,
        "endDate": null,
        "nextStep": "Aktuelle Angaben direkt beim Ort prüfen.",
        "unknowns": [
          "Aktueller Betrieb und tatsächliche Öffnungszeiten"
        ],
        "scale": "street",
        "geometryPrecision": "approximate",
        "sources": [
          {
            "url": "https://www.openstreetmap.org/way/79273349",
            "snapshotUrl": "https://overpass-api.de/api/interpreter",
            "title": "OpenStreetMap contributors",
            "publisher": "OpenStreetMap contributors",
            "locator": "way/79273349; tags.name, tags.sport",
            "retrievedAt": "2026-09-26T17:19:44.197Z",
            "sha256": "df7ea59d133b93f6c475c88d251a6d3c455ea234106e397ba0aa310807c048de",
            "snapshot": true,
            "licence": "ODbL 1.0",
            "reuse": "open_licence"
          }
        ],
        "extraction": {
          "method": "structured"
        },
        "reviewState": "candidate",
        "asOf": "2026-09-26T17:19:44.197Z"
      }
    },
    {
      "type": "Feature",
      "geometry": {
        "type": "Point",
        "coordinates": [
          7.2996827,
          51.5852341
        ]
      },
      "properties": {
        "id": "osm:way-810454684",
        "version": "6cb7beaa48d8c02a1920b64f542a55abe66b128db7f5dbd249209a541c7e3bbd",
        "cityId": "castrop-rauxel",
        "kind": "place",
        "category": "sport",
        "title": "TBR",
        "statement": "TBR ist in OpenStreetMap als sport eingetragen. Betrieb und Öffnungszeiten nicht geprüft.",
        "status": "OSM-Eintrag, nicht offiziell geprüft",
        "startDate": null,
        "endDate": null,
        "nextStep": "Aktuelle Angaben direkt beim Ort prüfen.",
        "unknowns": [
          "Aktueller Betrieb und tatsächliche Öffnungszeiten"
        ],
        "scale": "street",
        "geometryPrecision": "approximate",
        "sources": [
          {
            "url": "https://www.openstreetmap.org/way/810454684",
            "snapshotUrl": "https://overpass-api.de/api/interpreter",
            "title": "OpenStreetMap contributors",
            "publisher": "OpenStreetMap contributors",
            "locator": "way/810454684; tags.name, tags.club",
            "retrievedAt": "2026-09-26T17:19:44.197Z",
            "sha256": "df7ea59d133b93f6c475c88d251a6d3c455ea234106e397ba0aa310807c048de",
            "snapshot": true,
            "licence": "ODbL 1.0",
            "reuse": "open_licence"
          }
        ],
        "extraction": {
          "method": "structured"
        },
        "reviewState": "candidate",
        "asOf": "2026-09-26T17:19:44.197Z"
      }
    },
    {
      "type": "Feature",
      "geometry": {
        "type": "Point",
        "coordinates": [
          7.3171676,
          51.6012389
        ]
      },
      "properties": {
        "id": "osm:way-88145086",
        "version": "b743f037dff2e18bbee5ad58909eb9e9b8c161e0e42c0e351a46d4650f90134d",
        "cityId": "castrop-rauxel",
        "kind": "place",
        "category": "school",
        "title": "Grundschule Alter Garten",
        "statement": "Grundschule Alter Garten ist in OpenStreetMap als school eingetragen. Betrieb und Öffnungszeiten nicht geprüft.",
        "status": "OSM-Eintrag, nicht offiziell geprüft",
        "startDate": null,
        "endDate": null,
        "nextStep": "Aktuelle Angaben direkt beim Ort prüfen.",
        "unknowns": [
          "Aktueller Betrieb und tatsächliche Öffnungszeiten"
        ],
        "scale": "street",
        "geometryPrecision": "approximate",
        "sources": [
          {
            "url": "https://www.openstreetmap.org/way/88145086",
            "snapshotUrl": "https://overpass-api.de/api/interpreter",
            "title": "OpenStreetMap contributors",
            "publisher": "OpenStreetMap contributors",
            "locator": "way/88145086; tags.name, tags.amenity",
            "retrievedAt": "2026-09-26T17:19:44.197Z",
            "sha256": "df7ea59d133b93f6c475c88d251a6d3c455ea234106e397ba0aa310807c048de",
            "snapshot": true,
            "licence": "ODbL 1.0",
            "reuse": "open_licence"
          }
        ],
        "extraction": {
          "method": "structured"
        },
        "reviewState": "candidate",
        "asOf": "2026-09-26T17:19:44.197Z"
      }
    },
    {
      "type": "Feature",
      "geometry": {
        "type": "Point",
        "coordinates": [
          7.3316471,
          51.5989962
        ]
      },
      "properties": {
        "id": "osm:way-88145087",
        "version": "ad04889697a2fac41abb5b1714c5a5987e9061864731fe1da0738a44490ff045",
        "cityId": "castrop-rauxel",
        "kind": "place",
        "category": "school",
        "title": "Neue Gesamtschule Ickern",
        "statement": "Neue Gesamtschule Ickern ist in OpenStreetMap als school eingetragen. Betrieb und Öffnungszeiten nicht geprüft.",
        "status": "OSM-Eintrag, nicht offiziell geprüft",
        "startDate": null,
        "endDate": null,
        "nextStep": "Aktuelle Angaben direkt beim Ort prüfen.",
        "unknowns": [
          "Aktueller Betrieb und tatsächliche Öffnungszeiten"
        ],
        "scale": "street",
        "geometryPrecision": "approximate",
        "sources": [
          {
            "url": "https://www.openstreetmap.org/way/88145087",
            "snapshotUrl": "https://overpass-api.de/api/interpreter",
            "title": "OpenStreetMap contributors",
            "publisher": "OpenStreetMap contributors",
            "locator": "way/88145087; tags.name, tags.amenity",
            "retrievedAt": "2026-09-26T17:19:44.197Z",
            "sha256": "df7ea59d133b93f6c475c88d251a6d3c455ea234106e397ba0aa310807c048de",
            "snapshot": true,
            "licence": "ODbL 1.0",
            "reuse": "open_licence"
          }
        ],
        "extraction": {
          "method": "structured"
        },
        "reviewState": "candidate",
        "asOf": "2026-09-26T17:19:44.197Z"
      }
    },
    {
      "type": "Feature",
      "geometry": {
        "type": "Point",
        "coordinates": [
          7.3204594,
          51.5969334
        ]
      },
      "properties": {
        "id": "osm:way-88147450",
        "version": "7cb3e38c63174f5313ebd1671e2e5665c2d349ead1f223bd0e5ef59c7afa8b89",
        "cityId": "castrop-rauxel",
        "kind": "place",
        "category": "kindergarten",
        "title": "Stephanuskindergarten",
        "statement": "Stephanuskindergarten ist in OpenStreetMap als kindergarten eingetragen. Betrieb und Öffnungszeiten nicht geprüft.",
        "status": "OSM-Eintrag, nicht offiziell geprüft",
        "startDate": null,
        "endDate": null,
        "nextStep": "Aktuelle Angaben direkt beim Ort prüfen.",
        "unknowns": [
          "Aktueller Betrieb und tatsächliche Öffnungszeiten"
        ],
        "scale": "street",
        "geometryPrecision": "approximate",
        "sources": [
          {
            "url": "https://www.openstreetmap.org/way/88147450",
            "snapshotUrl": "https://overpass-api.de/api/interpreter",
            "title": "OpenStreetMap contributors",
            "publisher": "OpenStreetMap contributors",
            "locator": "way/88147450; tags.name, tags.amenity",
            "retrievedAt": "2026-09-26T17:19:44.197Z",
            "sha256": "df7ea59d133b93f6c475c88d251a6d3c455ea234106e397ba0aa310807c048de",
            "snapshot": true,
            "licence": "ODbL 1.0",
            "reuse": "open_licence"
          }
        ],
        "extraction": {
          "method": "structured"
        },
        "reviewState": "candidate",
        "asOf": "2026-09-26T17:19:44.197Z"
      }
    },
    {
      "type": "Feature",
      "geometry": {
        "type": "Point",
        "coordinates": [
          7.306778,
          51.564761
        ]
      },
      "properties": {
        "id": "osm:way-88204681",
        "version": "9ccfc07c8f4ff133165ec5fa2b8405656ee5a7d462f1e7f234224ee2913056e1",
        "cityId": "castrop-rauxel",
        "kind": "place",
        "category": "swimming",
        "title": "Hallenbad",
        "statement": "Hallenbad ist in OpenStreetMap als swimming eingetragen. Öffnungszeiten in OSM eingetragen; nicht unabhängig bestätigt.",
        "status": "OSM-Eintrag, nicht offiziell geprüft",
        "startDate": null,
        "endDate": null,
        "nextStep": "Aktuelle Angaben direkt beim Ort prüfen.",
        "unknowns": [
          "Aktueller Betrieb und tatsächliche Öffnungszeiten"
        ],
        "scale": "street",
        "geometryPrecision": "approximate",
        "sources": [
          {
            "url": "https://www.openstreetmap.org/way/88204681",
            "snapshotUrl": "https://overpass-api.de/api/interpreter",
            "title": "OpenStreetMap contributors",
            "publisher": "OpenStreetMap contributors",
            "locator": "way/88204681; tags.name, tags.sport",
            "retrievedAt": "2026-09-26T17:19:44.197Z",
            "sha256": "df7ea59d133b93f6c475c88d251a6d3c455ea234106e397ba0aa310807c048de",
            "snapshot": true,
            "licence": "ODbL 1.0",
            "reuse": "open_licence"
          }
        ],
        "extraction": {
          "method": "structured"
        },
        "reviewState": "candidate",
        "asOf": "2026-09-26T17:19:44.197Z"
      }
    },
    {
      "type": "Feature",
      "geometry": {
        "type": "Point",
        "coordinates": [
          7.3103238,
          51.5628856
        ]
      },
      "properties": {
        "id": "osm:way-88204720",
        "version": "07ff6987684eab86b9fa90a3e5e9bc64e7dd514e486a66186a7da576de75cc36",
        "cityId": "castrop-rauxel",
        "kind": "place",
        "category": "school",
        "title": "Willy-Brandt-Gesamtschule",
        "statement": "Willy-Brandt-Gesamtschule ist in OpenStreetMap als school eingetragen. Betrieb und Öffnungszeiten nicht geprüft.",
        "status": "OSM-Eintrag, nicht offiziell geprüft",
        "startDate": null,
        "endDate": null,
        "nextStep": "Aktuelle Angaben direkt beim Ort prüfen.",
        "unknowns": [
          "Aktueller Betrieb und tatsächliche Öffnungszeiten"
        ],
        "scale": "street",
        "geometryPrecision": "approximate",
        "sources": [
          {
            "url": "https://www.openstreetmap.org/way/88204720",
            "snapshotUrl": "https://overpass-api.de/api/interpreter",
            "title": "OpenStreetMap contributors",
            "publisher": "OpenStreetMap contributors",
            "locator": "way/88204720; tags.name, tags.amenity",
            "retrievedAt": "2026-09-26T17:19:44.197Z",
            "sha256": "df7ea59d133b93f6c475c88d251a6d3c455ea234106e397ba0aa310807c048de",
            "snapshot": true,
            "licence": "ODbL 1.0",
            "reuse": "open_licence"
          }
        ],
        "extraction": {
          "method": "structured"
        },
        "reviewState": "candidate",
        "asOf": "2026-09-26T17:19:44.197Z"
      }
    },
    {
      "type": "Feature",
      "geometry": {
        "type": "Point",
        "coordinates": [
          7.3114466,
          51.565439
        ]
      },
      "properties": {
        "id": "osm:way-88204765",
        "version": "29bcaf5b2f170ebcd2fe3ea9e8501437bf44bd9e5c79a7aeb6e756b17f70cbca",
        "cityId": "castrop-rauxel",
        "kind": "place",
        "category": "townhall",
        "title": "Rathaus Castrop-Rauxel",
        "statement": "Rathaus Castrop-Rauxel ist in OpenStreetMap als townhall eingetragen. Betrieb und Öffnungszeiten nicht geprüft.",
        "status": "OSM-Eintrag, nicht offiziell geprüft",
        "startDate": null,
        "endDate": null,
        "nextStep": "Aktuelle Angaben direkt beim Ort prüfen.",
        "unknowns": [
          "Aktueller Betrieb und tatsächliche Öffnungszeiten"
        ],
        "scale": "street",
        "geometryPrecision": "approximate",
        "sources": [
          {
            "url": "https://www.openstreetmap.org/way/88204765",
            "snapshotUrl": "https://overpass-api.de/api/interpreter",
            "title": "OpenStreetMap contributors",
            "publisher": "OpenStreetMap contributors",
            "locator": "way/88204765; tags.name, tags.amenity",
            "retrievedAt": "2026-09-26T17:19:44.197Z",
            "sha256": "df7ea59d133b93f6c475c88d251a6d3c455ea234106e397ba0aa310807c048de",
            "snapshot": true,
            "licence": "ODbL 1.0",
            "reuse": "open_licence"
          }
        ],
        "extraction": {
          "method": "structured"
        },
        "reviewState": "candidate",
        "asOf": "2026-09-26T17:19:44.197Z"
      }
    },
    {
      "type": "Feature",
      "geometry": {
        "type": "Point",
        "coordinates": [
          7.3107757,
          51.5461701
        ]
      },
      "properties": {
        "id": "osm:way-88267877",
        "version": "c4b4e3a2913c18b4c396f2f6cd76216071ff2bccef4269fe8d36365367186e90",
        "cityId": "castrop-rauxel",
        "kind": "place",
        "category": "school",
        "title": "Altes Gabäude/SV",
        "statement": "Altes Gabäude/SV ist in OpenStreetMap als school eingetragen. Betrieb und Öffnungszeiten nicht geprüft.",
        "status": "OSM-Eintrag, nicht offiziell geprüft",
        "startDate": null,
        "endDate": null,
        "nextStep": "Aktuelle Angaben direkt beim Ort prüfen.",
        "unknowns": [
          "Aktueller Betrieb und tatsächliche Öffnungszeiten"
        ],
        "scale": "street",
        "geometryPrecision": "approximate",
        "sources": [
          {
            "url": "https://www.openstreetmap.org/way/88267877",
            "snapshotUrl": "https://overpass-api.de/api/interpreter",
            "title": "OpenStreetMap contributors",
            "publisher": "OpenStreetMap contributors",
            "locator": "way/88267877; tags.name, tags.amenity",
            "retrievedAt": "2026-09-26T17:19:44.197Z",
            "sha256": "df7ea59d133b93f6c475c88d251a6d3c455ea234106e397ba0aa310807c048de",
            "snapshot": true,
            "licence": "ODbL 1.0",
            "reuse": "open_licence"
          }
        ],
        "extraction": {
          "method": "structured"
        },
        "reviewState": "candidate",
        "asOf": "2026-09-26T17:19:44.197Z"
      }
    },
    {
      "type": "Feature",
      "geometry": {
        "type": "Point",
        "coordinates": [
          7.3109294,
          51.5463685
        ]
      },
      "properties": {
        "id": "osm:way-88267883",
        "version": "f0ce3f3372d8c25fd1c51dc7e19f55d8c1a6c469c2f014f7828052c5a171f220",
        "cityId": "castrop-rauxel",
        "kind": "place",
        "category": "school",
        "title": "Oberstufengebäude",
        "statement": "Oberstufengebäude ist in OpenStreetMap als school eingetragen. Betrieb und Öffnungszeiten nicht geprüft.",
        "status": "OSM-Eintrag, nicht offiziell geprüft",
        "startDate": null,
        "endDate": null,
        "nextStep": "Aktuelle Angaben direkt beim Ort prüfen.",
        "unknowns": [
          "Aktueller Betrieb und tatsächliche Öffnungszeiten"
        ],
        "scale": "street",
        "geometryPrecision": "approximate",
        "sources": [
          {
            "url": "https://www.openstreetmap.org/way/88267883",
            "snapshotUrl": "https://overpass-api.de/api/interpreter",
            "title": "OpenStreetMap contributors",
            "publisher": "OpenStreetMap contributors",
            "locator": "way/88267883; tags.name, tags.amenity",
            "retrievedAt": "2026-09-26T17:19:44.197Z",
            "sha256": "df7ea59d133b93f6c475c88d251a6d3c455ea234106e397ba0aa310807c048de",
            "snapshot": true,
            "licence": "ODbL 1.0",
            "reuse": "open_licence"
          }
        ],
        "extraction": {
          "method": "structured"
        },
        "reviewState": "candidate",
        "asOf": "2026-09-26T17:19:44.197Z"
      }
    },
    {
      "type": "Feature",
      "geometry": {
        "type": "Point",
        "coordinates": [
          7.3093297,
          51.5456877
        ]
      },
      "properties": {
        "id": "osm:way-88267884",
        "version": "43fbb727b59f810803a4bdf10406a0db4f879e74cec17c8df1816647172e67f4",
        "cityId": "castrop-rauxel",
        "kind": "place",
        "category": "school",
        "title": "Adalbert-Stifter-Gymnasium/Cafeteria",
        "statement": "Adalbert-Stifter-Gymnasium/Cafeteria ist in OpenStreetMap als school eingetragen. Betrieb und Öffnungszeiten nicht geprüft.",
        "status": "OSM-Eintrag, nicht offiziell geprüft",
        "startDate": null,
        "endDate": null,
        "nextStep": "Aktuelle Angaben direkt beim Ort prüfen.",
        "unknowns": [
          "Aktueller Betrieb und tatsächliche Öffnungszeiten"
        ],
        "scale": "street",
        "geometryPrecision": "approximate",
        "sources": [
          {
            "url": "https://www.openstreetmap.org/way/88267884",
            "snapshotUrl": "https://overpass-api.de/api/interpreter",
            "title": "OpenStreetMap contributors",
            "publisher": "OpenStreetMap contributors",
            "locator": "way/88267884; tags.name, tags.amenity",
            "retrievedAt": "2026-09-26T17:19:44.197Z",
            "sha256": "df7ea59d133b93f6c475c88d251a6d3c455ea234106e397ba0aa310807c048de",
            "snapshot": true,
            "licence": "ODbL 1.0",
            "reuse": "open_licence"
          }
        ],
        "extraction": {
          "method": "structured"
        },
        "reviewState": "candidate",
        "asOf": "2026-09-26T17:19:44.197Z"
      }
    },
    {
      "type": "Feature",
      "geometry": {
        "type": "Point",
        "coordinates": [
          7.3097293,
          51.5462641
        ]
      },
      "properties": {
        "id": "osm:way-88267888",
        "version": "7ad4ca917ffe34de87965b2f435d65825bfe66cb1ad9bec7bb6e2485ed05a0d1",
        "cityId": "castrop-rauxel",
        "kind": "place",
        "category": "school",
        "title": "Adalbert-Stifter-Gymnasium",
        "statement": "Adalbert-Stifter-Gymnasium ist in OpenStreetMap als school eingetragen. Betrieb und Öffnungszeiten nicht geprüft.",
        "status": "OSM-Eintrag, nicht offiziell geprüft",
        "startDate": null,
        "endDate": null,
        "nextStep": "Aktuelle Angaben direkt beim Ort prüfen.",
        "unknowns": [
          "Aktueller Betrieb und tatsächliche Öffnungszeiten"
        ],
        "scale": "street",
        "geometryPrecision": "approximate",
        "sources": [
          {
            "url": "https://www.openstreetmap.org/way/88267888",
            "snapshotUrl": "https://overpass-api.de/api/interpreter",
            "title": "OpenStreetMap contributors",
            "publisher": "OpenStreetMap contributors",
            "locator": "way/88267888; tags.name, tags.amenity",
            "retrievedAt": "2026-09-26T17:19:44.197Z",
            "sha256": "df7ea59d133b93f6c475c88d251a6d3c455ea234106e397ba0aa310807c048de",
            "snapshot": true,
            "licence": "ODbL 1.0",
            "reuse": "open_licence"
          }
        ],
        "extraction": {
          "method": "structured"
        },
        "reviewState": "candidate",
        "asOf": "2026-09-26T17:19:44.197Z"
      }
    },
    {
      "type": "Feature",
      "geometry": {
        "type": "Point",
        "coordinates": [
          7.3291681,
          51.5658098
        ]
      },
      "properties": {
        "id": "osm:way-887735577",
        "version": "0bdf6c5e6687d8cf7e1d7b5b18f75cc918b7d271770166419fb82927d82dadc0",
        "cityId": "castrop-rauxel",
        "kind": "place",
        "category": "kindergarten",
        "title": "Kindertageseinrichtung und Familienzentrum Wittenberger Straße",
        "statement": "Kindertageseinrichtung und Familienzentrum Wittenberger Straße ist in OpenStreetMap als kindergarten eingetragen. Betrieb und Öffnungszeiten nicht geprüft.",
        "status": "OSM-Eintrag, nicht offiziell geprüft",
        "startDate": null,
        "endDate": null,
        "nextStep": "Aktuelle Angaben direkt beim Ort prüfen.",
        "unknowns": [
          "Aktueller Betrieb und tatsächliche Öffnungszeiten"
        ],
        "scale": "street",
        "geometryPrecision": "approximate",
        "sources": [
          {
            "url": "https://www.openstreetmap.org/way/887735577",
            "snapshotUrl": "https://overpass-api.de/api/interpreter",
            "title": "OpenStreetMap contributors",
            "publisher": "OpenStreetMap contributors",
            "locator": "way/887735577; tags.name, tags.amenity",
            "retrievedAt": "2026-09-26T17:19:44.197Z",
            "sha256": "df7ea59d133b93f6c475c88d251a6d3c455ea234106e397ba0aa310807c048de",
            "snapshot": true,
            "licence": "ODbL 1.0",
            "reuse": "open_licence"
          }
        ],
        "extraction": {
          "method": "structured"
        },
        "reviewState": "candidate",
        "asOf": "2026-09-26T17:19:44.197Z"
      }
    },
    {
      "type": "Feature",
      "geometry": {
        "type": "Point",
        "coordinates": [
          7.3023371,
          51.5679332
        ]
      },
      "properties": {
        "id": "osm:way-887741609",
        "version": "436bcf97e511f7c4f45bb8384640ed247fce35b774082274c8af21c2a7af3f81",
        "cityId": "castrop-rauxel",
        "kind": "place",
        "category": "school",
        "title": "Waldschule",
        "statement": "Waldschule ist in OpenStreetMap als school eingetragen. Betrieb und Öffnungszeiten nicht geprüft.",
        "status": "OSM-Eintrag, nicht offiziell geprüft",
        "startDate": null,
        "endDate": null,
        "nextStep": "Aktuelle Angaben direkt beim Ort prüfen.",
        "unknowns": [
          "Aktueller Betrieb und tatsächliche Öffnungszeiten"
        ],
        "scale": "street",
        "geometryPrecision": "approximate",
        "sources": [
          {
            "url": "https://www.openstreetmap.org/way/887741609",
            "snapshotUrl": "https://overpass-api.de/api/interpreter",
            "title": "OpenStreetMap contributors",
            "publisher": "OpenStreetMap contributors",
            "locator": "way/887741609; tags.name, tags.amenity",
            "retrievedAt": "2026-09-26T17:19:44.197Z",
            "sha256": "df7ea59d133b93f6c475c88d251a6d3c455ea234106e397ba0aa310807c048de",
            "snapshot": true,
            "licence": "ODbL 1.0",
            "reuse": "open_licence"
          }
        ],
        "extraction": {
          "method": "structured"
        },
        "reviewState": "candidate",
        "asOf": "2026-09-26T17:19:44.197Z"
      }
    },
    {
      "type": "Feature",
      "geometry": {
        "type": "Point",
        "coordinates": [
          7.3030765,
          51.5672469
        ]
      },
      "properties": {
        "id": "osm:way-887741610",
        "version": "d60c16c1f1b7f4d8fd866bbe5066a2ac8196426c3a7060a796f51f837918796c",
        "cityId": "castrop-rauxel",
        "kind": "place",
        "category": "kindergarten",
        "title": "Kita am Wald",
        "statement": "Kita am Wald ist in OpenStreetMap als kindergarten eingetragen. Betrieb und Öffnungszeiten nicht geprüft.",
        "status": "OSM-Eintrag, nicht offiziell geprüft",
        "startDate": null,
        "endDate": null,
        "nextStep": "Aktuelle Angaben direkt beim Ort prüfen.",
        "unknowns": [
          "Aktueller Betrieb und tatsächliche Öffnungszeiten"
        ],
        "scale": "street",
        "geometryPrecision": "approximate",
        "sources": [
          {
            "url": "https://www.openstreetmap.org/way/887741610",
            "snapshotUrl": "https://overpass-api.de/api/interpreter",
            "title": "OpenStreetMap contributors",
            "publisher": "OpenStreetMap contributors",
            "locator": "way/887741610; tags.name, tags.amenity",
            "retrievedAt": "2026-09-26T17:19:44.197Z",
            "sha256": "df7ea59d133b93f6c475c88d251a6d3c455ea234106e397ba0aa310807c048de",
            "snapshot": true,
            "licence": "ODbL 1.0",
            "reuse": "open_licence"
          }
        ],
        "extraction": {
          "method": "structured"
        },
        "reviewState": "candidate",
        "asOf": "2026-09-26T17:19:44.197Z"
      }
    },
    {
      "type": "Feature",
      "geometry": {
        "type": "Point",
        "coordinates": [
          7.3122413,
          51.5599158
        ]
      },
      "properties": {
        "id": "osm:way-95564460",
        "version": "c52239b3c087cc4aba54aef696a6c7e8fb399eb9b8f899cd5bcafbe48cd78376",
        "cityId": "castrop-rauxel",
        "kind": "place",
        "category": "school",
        "title": "Ernst-Barlach-Gymnasium",
        "statement": "Ernst-Barlach-Gymnasium ist in OpenStreetMap als school eingetragen. Betrieb und Öffnungszeiten nicht geprüft.",
        "status": "OSM-Eintrag, nicht offiziell geprüft",
        "startDate": null,
        "endDate": null,
        "nextStep": "Aktuelle Angaben direkt beim Ort prüfen.",
        "unknowns": [
          "Aktueller Betrieb und tatsächliche Öffnungszeiten"
        ],
        "scale": "street",
        "geometryPrecision": "approximate",
        "sources": [
          {
            "url": "https://www.openstreetmap.org/way/95564460",
            "snapshotUrl": "https://overpass-api.de/api/interpreter",
            "title": "OpenStreetMap contributors",
            "publisher": "OpenStreetMap contributors",
            "locator": "way/95564460; tags.name, tags.amenity",
            "retrievedAt": "2026-09-26T17:19:44.197Z",
            "sha256": "df7ea59d133b93f6c475c88d251a6d3c455ea234106e397ba0aa310807c048de",
            "snapshot": true,
            "licence": "ODbL 1.0",
            "reuse": "open_licence"
          }
        ],
        "extraction": {
          "method": "structured"
        },
        "reviewState": "candidate",
        "asOf": "2026-09-26T17:19:44.197Z"
      }
    },
    {
      "type": "Feature",
      "geometry": {
        "type": "Point",
        "coordinates": [
          7.3041173,
          51.5520092
        ]
      },
      "properties": {
        "id": "osm:way-95856602",
        "version": "0a80201ab2cc9b62ea00d843edd14a96dae950af43035d92f8836716339b1be8",
        "cityId": "castrop-rauxel",
        "kind": "place",
        "category": "school",
        "title": "Löwenherz Grundschule",
        "statement": "Löwenherz Grundschule ist in OpenStreetMap als school eingetragen. Betrieb und Öffnungszeiten nicht geprüft.",
        "status": "OSM-Eintrag, nicht offiziell geprüft",
        "startDate": null,
        "endDate": null,
        "nextStep": "Aktuelle Angaben direkt beim Ort prüfen.",
        "unknowns": [
          "Aktueller Betrieb und tatsächliche Öffnungszeiten"
        ],
        "scale": "street",
        "geometryPrecision": "approximate",
        "sources": [
          {
            "url": "https://www.openstreetmap.org/way/95856602",
            "snapshotUrl": "https://overpass-api.de/api/interpreter",
            "title": "OpenStreetMap contributors",
            "publisher": "OpenStreetMap contributors",
            "locator": "way/95856602; tags.name, tags.amenity",
            "retrievedAt": "2026-09-26T17:19:44.197Z",
            "sha256": "df7ea59d133b93f6c475c88d251a6d3c455ea234106e397ba0aa310807c048de",
            "snapshot": true,
            "licence": "ODbL 1.0",
            "reuse": "open_licence"
          }
        ],
        "extraction": {
          "method": "structured"
        },
        "reviewState": "candidate",
        "asOf": "2026-09-26T17:19:44.197Z"
      }
    }
  ]
}
