{"type":"FeatureCollection","features":[{"type":"Feature","geometry":{"type":"LineString","coordinates":[[7.52193,47.70136],[7.53401,47.71236]]},"properties":{"id":"autobahn:2025-062919--vi-bs.2026-04-26_05-00-00-000.devi-zus.2026-04-19_20-00-00-000.de1","version":"f65ac49375c304c615728ec441560e6ad323d31ec4906a557a5a5e6e06b1fc60","cityId":"freiburg","kind":"roadworks","category":"Autobahn-Baustelle","title":"A5 | Efringen-Kirchen - Bad Bellingen","statement":"A5 | Efringen-Kirchen - Bad Bellingen: eine Baustelle ist im Autobahn-Verkehrsdienst verzeichnet. A5: Basel -> Karlsruhe, zwischen 2.7 km hinter AS Efringen-Kirchen und 3.2 km vor Bad Bellingen Die Lage kann auch eine Pendelstrecke außerhalb des Stadtgebiets betreffen.","status":"im Verkehrsdienst geführt","startDate":"2026-04-26","endDate":"2026-11-06","nextStep":"Aktuelle Verkehrs- und Sperrinformationen beim Betreiber prüfen.","scale":"district","geometryPrecision":"approximate","reviewState":"candidate","asOf":"2026-09-27T10:06:36.200Z","sourceCount":1,"primarySource":{"url":"https://verkehr.autobahn.de/o/autobahn/A5/services/roadworks","title":"Autobahn A5 roadworks","publisher":"Autobahn GmbH","licence":"unknown","reuse":"unknown"}}},{"type":"Feature","geometry":{"type":"LineString","coordinates":[[7.74603,48.19607],[7.75422,48.23962]]},"properties":{"id":"autobahn:2026-001477--vi-bs.2026-07-20_07-00-00-000.devi-zus.2026-02-02_00-00-00-000_002.de15","version":"a0e8e7319ebb48609351e860961d9def1b4d525a798debde7e5b89904da6eac0","cityId":"freiburg","kind":"roadworks","category":"Autobahn-Baustelle","title":"A5 | Riegel - Rust","statement":"A5 | Riegel - Rust: eine Baustelle ist im Autobahn-Verkehrsdienst verzeichnet. A5: Basel -> Karlsruhe, zwischen 4.8 km hinter AS Riegel und 1.5 km vor AS Rust Die Lage kann auch eine Pendelstrecke außerhalb des Stadtgebiets betreffen.","status":"im Verkehrsdienst geführt","startDate":"2026-07-20","endDate":"2026-11-27","nextStep":"Aktuelle Verkehrs- und Sperrinformationen beim Betreiber prüfen.","scale":"district","geometryPrecision":"approximate","reviewState":"candidate","asOf":"2026-09-27T10:06:36.200Z","sourceCount":1,"primarySource":{"url":"https://verkehr.autobahn.de/o/autobahn/A5/services/roadworks","title":"Autobahn A5 roadworks","publisher":"Autobahn GmbH","licence":"unknown","reuse":"unknown"}}},{"type":"Feature","geometry":{"type":"LineString","coordinates":[[7.75405,48.23965],[7.74583,48.19607]]},"properties":{"id":"autobahn:2026-001477--vi-bs.2026-07-20_07-00-00-000.devi-zus.2026-02-02_00-00-00-000_002.de17","version":"52dbe347d864183f8f5e083f71236e1987e144dc2b69c1ee6c1d3eeb0608071c","cityId":"freiburg","kind":"roadworks","category":"Autobahn-Baustelle","title":"A5 | Rust - Riegel","statement":"A5 | Rust - Riegel: eine Baustelle ist im Autobahn-Verkehrsdienst verzeichnet. A5: Karlsruhe -> Basel, zwischen 1.5 km hinter AS Rust und 4.8 km vor AS Riegel Die Lage kann auch eine Pendelstrecke außerhalb des Stadtgebiets betreffen.","status":"im Verkehrsdienst geführt","startDate":"2026-07-20","endDate":"2026-11-27","nextStep":"Aktuelle Verkehrs- und Sperrinformationen beim Betreiber prüfen.","scale":"district","geometryPrecision":"approximate","reviewState":"candidate","asOf":"2026-09-27T10:06:36.200Z","sourceCount":1,"primarySource":{"url":"https://verkehr.autobahn.de/o/autobahn/A5/services/roadworks","title":"Autobahn A5 roadworks","publisher":"Autobahn GmbH","licence":"unknown","reuse":"unknown"}}},{"type":"Feature","geometry":{"type":"LineString","coordinates":[[7.7494,48.22692],[7.75142,48.22782]]},"properties":{"id":"autobahn:2026-001477--vi-fbm.2026-10-05_00-00-00-000.devi-zus.2026-02-02_00-00-00-000_002.de19","version":"bd8787ae0895e377cbcb73d33d82575ec38e2215f6832db5df5c987afd5ad2e6","cityId":"freiburg","kind":"roadworks","category":"Sperrung","title":"A5 von Rust (AS) nach Riegel (AS) Erneuerung der Fahrbahn","statement":"A5 von Rust (AS) nach Riegel (AS) Erneuerung der Fahrbahn: eine Sperrung ist im Autobahn-Verkehrsdienst verzeichnet. Von A5: Basel -> Karlsruhe, zwischen 8.2 km hinter AS Riegel und AS Rust nach Abfahrt von der A5: AS Herbolzheim (aus Richtung Riegel) Die Lage kann auch eine Pendelstrecke außerhalb des Stadtgebiets betreffen.","status":"angekündigt","startDate":"2026-10-05","endDate":"2026-11-27","nextStep":"Aktuelle Verkehrs- und Sperrinformationen beim Betreiber prüfen.","scale":"district","geometryPrecision":"approximate","reviewState":"candidate","asOf":"2026-09-27T10:06:36.239Z","sourceCount":1,"primarySource":{"url":"https://verkehr.autobahn.de/o/autobahn/A5/services/closure","title":"Autobahn A5 closure","publisher":"Autobahn GmbH","licence":"unknown","reuse":"unknown"}}},{"type":"Feature","geometry":{"type":"LineString","coordinates":[[7.75156,48.22804],[7.75101,48.23179]]},"properties":{"id":"autobahn:2026-001477--vi-fbm.2026-10-05_00-00-00-000.devi-zus.2026-02-02_00-00-00-000_002.de20","version":"4545712196022321861c2e68eb01bb136e2dabb461188b444f7e0fc2d88f9889","cityId":"freiburg","kind":"roadworks","category":"Sperrung","title":"A5 von Rust (AS) nach Riegel (AS) Erneuerung der Fahrbahn","statement":"A5 von Rust (AS) nach Riegel (AS) Erneuerung der Fahrbahn: eine Sperrung ist im Autobahn-Verkehrsdienst verzeichnet. A5 von Rust (AS) nach Riegel (AS) Erneuerung der Fahrbahn Die Lage kann auch eine Pendelstrecke außerhalb des Stadtgebiets betreffen.","status":"angekündigt","startDate":"2026-10-05","endDate":"2026-11-27","nextStep":"Aktuelle Verkehrs- und Sperrinformationen beim Betreiber prüfen.","scale":"district","geometryPrecision":"approximate","reviewState":"candidate","asOf":"2026-09-27T10:06:36.239Z","sourceCount":1,"primarySource":{"url":"https://verkehr.autobahn.de/o/autobahn/A5/services/closure","title":"Autobahn A5 closure","publisher":"Autobahn GmbH","licence":"unknown","reuse":"unknown"}}},{"type":"Feature","geometry":{"type":"LineString","coordinates":[[7.79566,48.0925],[7.78844,48.11352]]},"properties":{"id":"autobahn:2026-019244--vi-bs.2026-09-15_00-00-00-000.devi-zus.2026-07-06_00-00-00-000_004.de149","version":"e2085cb49cd7f382eb8d511e112faf8e535db333074c5c19d76b8d81d1ce7b4d","cityId":"freiburg","kind":"roadworks","category":"Autobahn-Baustelle","title":"A5 | Freiburg-Nord - Teningen","statement":"A5 | Freiburg-Nord - Teningen: eine Baustelle ist im Autobahn-Verkehrsdienst verzeichnet. A5: Basel -> Karlsruhe, zwischen 3.7 km hinter AS Freiburg-Nord und 0.2 km vor AS Teningen Die Lage kann auch eine Pendelstrecke außerhalb des Stadtgebiets betreffen.","status":"im Verkehrsdienst geführt","startDate":"2026-09-15","endDate":"2028-01-29","nextStep":"Aktuelle Verkehrs- und Sperrinformationen beim Betreiber prüfen.","scale":"district","geometryPrecision":"approximate","reviewState":"candidate","asOf":"2026-09-27T10:06:36.200Z","sourceCount":1,"primarySource":{"url":"https://verkehr.autobahn.de/o/autobahn/A5/services/roadworks","title":"Autobahn A5 roadworks","publisher":"Autobahn GmbH","licence":"unknown","reuse":"unknown"}}},{"type":"Feature","geometry":{"type":"LineString","coordinates":[[7.78828,48.1135],[7.7955,48.09246]]},"properties":{"id":"autobahn:2026-019244--vi-bs.2026-09-15_00-00-00-000.devi-zus.2026-07-06_00-00-00-000_004.de151","version":"27a84f3a7ad7ba9943e74052c5a5c0fc59748edfac3b885c413160af4197d84a","cityId":"freiburg","kind":"roadworks","category":"Autobahn-Baustelle","title":"A5 | Teningen - Freiburg-Nord","statement":"A5 | Teningen - Freiburg-Nord: eine Baustelle ist im Autobahn-Verkehrsdienst verzeichnet. A5: Karlsruhe -> Basel, zwischen 0.2 km hinter AS Teningen und 3.7 km vor AS Freiburg-Nord Die Lage kann auch eine Pendelstrecke außerhalb des Stadtgebiets betreffen.","status":"im Verkehrsdienst geführt","startDate":"2026-09-15","endDate":"2028-01-29","nextStep":"Aktuelle Verkehrs- und Sperrinformationen beim Betreiber prüfen.","scale":"district","geometryPrecision":"approximate","reviewState":"candidate","asOf":"2026-09-27T10:06:36.200Z","sourceCount":1,"primarySource":{"url":"https://verkehr.autobahn.de/o/autobahn/A5/services/roadworks","title":"Autobahn A5 roadworks","publisher":"Autobahn GmbH","licence":"unknown","reuse":"unknown"}}},{"type":"Feature","geometry":{"type":"LineString","coordinates":[[7.73662,47.98203],[7.73115,47.97812]]},"properties":{"id":"autobahn:2026-023785--vi-bs.2026-08-14_19-00-00-000.devi-zus.2026-08-10_00-00-00-000_001.de3","version":"8584295e7b62188d63055bc5510616d62d88d8bdc4c2c036e076852d8b0f506a","cityId":"freiburg","kind":"roadworks","category":"Autobahn-Baustelle","title":"A5 | Moos - Breisgau","statement":"A5 | Moos - Breisgau: eine Baustelle ist im Autobahn-Verkehrsdienst verzeichnet. A5: Karlsruhe -> Basel, zwischen 0.9 km hinter Moos und 1.1 km vor Breisgau Die Lage kann auch eine Pendelstrecke außerhalb des Stadtgebiets betreffen.","status":"im Verkehrsdienst geführt","startDate":"2026-08-14","endDate":"2026-12-24","nextStep":"Aktuelle Verkehrs- und Sperrinformationen beim Betreiber prüfen.","scale":"district","geometryPrecision":"approximate","reviewState":"candidate","asOf":"2026-09-27T10:06:36.200Z","sourceCount":1,"primarySource":{"url":"https://verkehr.autobahn.de/o/autobahn/A5/services/roadworks","title":"Autobahn A5 roadworks","publisher":"Autobahn GmbH","licence":"unknown","reuse":"unknown"}}},{"type":"Feature","geometry":{"type":"LineString","coordinates":[[7.73176,47.97835],[7.73766,47.98262]]},"properties":{"id":"autobahn:2026-023785--vi-bs.2026-08-14_19-00-00-000.devi-zus.2026-08-10_00-00-00-000_001.de5","version":"9246e6eb0d69b97878adaeb5d9eab5feb7c9faf9349118c33e3c5584c7e86817","cityId":"freiburg","kind":"roadworks","category":"Autobahn-Baustelle","title":"A5 | Breisgau - Moos","statement":"A5 | Breisgau - Moos: eine Baustelle ist im Autobahn-Verkehrsdienst verzeichnet. A5: Basel -> Karlsruhe, zwischen 1.2 km hinter Breisgau und 0.8 km vor Moos Die Lage kann auch eine Pendelstrecke außerhalb des Stadtgebiets betreffen.","status":"im Verkehrsdienst geführt","startDate":"2026-08-14","endDate":"2026-12-24","nextStep":"Aktuelle Verkehrs- und Sperrinformationen beim Betreiber prüfen.","scale":"district","geometryPrecision":"approximate","reviewState":"candidate","asOf":"2026-09-27T10:06:36.200Z","sourceCount":1,"primarySource":{"url":"https://verkehr.autobahn.de/o/autobahn/A5/services/roadworks","title":"Autobahn A5 roadworks","publisher":"Autobahn GmbH","licence":"unknown","reuse":"unknown"}}},{"type":"Feature","geometry":{"type":"LineString","coordinates":[[7.73286,47.98054],[7.73277,47.97924]]},"properties":{"id":"autobahn:2026-023785--vi-fbm.2026-08-14_19-00-00-000.devi-zus.2026-08-10_00-00-00-000_001.de1","version":"28f8de92c149a596a59636c34970c3c9395490ab43b74b02f33dfb6a9d234e06","cityId":"freiburg","kind":"roadworks","category":"Sperrung","title":"A5 Bereich (AS) Freiburg-Süd - Nachrüstung Anprallschutz","statement":"A5 Bereich (AS) Freiburg-Süd - Nachrüstung Anprallschutz: eine Sperrung ist im Autobahn-Verkehrsdienst verzeichnet. Von Auffahrt auf die A5: AS Freiburg-Süd (aus Richtung Moos) nach A5: Karlsruhe -> Basel, zwischen Moos und 1.3 km vor Breisgau Die Lage kann auch eine Pendelstrecke außerhalb des Stadtgebiets betreffen.","status":"im Verkehrsdienst geführt","startDate":"2026-08-14","endDate":"2026-12-24","nextStep":"Aktuelle Verkehrs- und Sperrinformationen beim Betreiber prüfen.","scale":"district","geometryPrecision":"approximate","reviewState":"candidate","asOf":"2026-09-27T10:06:36.239Z","sourceCount":1,"primarySource":{"url":"https://verkehr.autobahn.de/o/autobahn/A5/services/closure","title":"Autobahn A5 closure","publisher":"Autobahn GmbH","licence":"unknown","reuse":"unknown"}}},{"type":"Feature","geometry":{"type":"LineString","coordinates":[[7.73572,47.98003],[7.73579,47.98123]]},"properties":{"id":"autobahn:2026-023785--vi-fbm.2026-08-14_19-00-00-000.devi-zus.2026-08-10_00-00-00-000_001.de2","version":"64fc3dd2fe5643200e30ad8e74ad6d9d26fe39c44893cb217833d1401f3ea292","cityId":"freiburg","kind":"roadworks","category":"Sperrung","title":"A5 Bereich (AS) Freiburg-Süd - Nachrüstung Anprallschutz","statement":"A5 Bereich (AS) Freiburg-Süd - Nachrüstung Anprallschutz: eine Sperrung ist im Autobahn-Verkehrsdienst verzeichnet. Von Auffahrt auf die A5: AS Freiburg-Süd (aus Richtung Breisgau) nach A5: Basel -> Karlsruhe, zwischen Breisgau und 1.0 km vor Moos Die Lage kann auch eine Pendelstrecke außerhalb des Stadtgebiets betreffen.","status":"im Verkehrsdienst geführt","startDate":"2026-08-14","endDate":"2026-12-24","nextStep":"Aktuelle Verkehrs- und Sperrinformationen beim Betreiber prüfen.","scale":"district","geometryPrecision":"approximate","reviewState":"candidate","asOf":"2026-09-27T10:06:36.239Z","sourceCount":1,"primarySource":{"url":"https://verkehr.autobahn.de/o/autobahn/A5/services/closure","title":"Autobahn A5 closure","publisher":"Autobahn GmbH","licence":"unknown","reuse":"unknown"}}},{"type":"Feature","geometry":{"type":"LineString","coordinates":[[7.67271,47.95201],[7.58805,47.9058]]},"properties":{"id":"autobahn:2026-024342--vi-bs.2026-10-12_00-00-00-000.devi-zus.2026-09-21_19-00-00-000_005.de1","version":"a6c5d31f01e74719f1ae55c3908a51640d46a579eff2ae541e324407083057bf","cityId":"freiburg","kind":"roadworks","category":"Autobahn-Baustelle","title":"A5 | Breisgau - Köpfle","statement":"A5 | Breisgau - Köpfle: eine Baustelle ist im Autobahn-Verkehrsdienst verzeichnet. A5: Karlsruhe -> Basel, zwischen 4.2 km hinter Breisgau und 3.7 km vor Köpfle Die Lage kann auch eine Pendelstrecke außerhalb des Stadtgebiets betreffen.","status":"angekündigt","startDate":"2026-10-12","endDate":"2027-04-28","nextStep":"Aktuelle Verkehrs- und Sperrinformationen beim Betreiber prüfen.","scale":"district","geometryPrecision":"approximate","reviewState":"candidate","asOf":"2026-09-27T10:06:36.200Z","sourceCount":1,"primarySource":{"url":"https://verkehr.autobahn.de/o/autobahn/A5/services/roadworks","title":"Autobahn A5 roadworks","publisher":"Autobahn GmbH","licence":"unknown","reuse":"unknown"}}},{"type":"Feature","geometry":{"type":"LineString","coordinates":[[7.58835,47.90575],[7.67276,47.95188]]},"properties":{"id":"autobahn:2026-024342--vi-bs.2026-10-12_00-00-00-000.devi-zus.2026-09-21_19-00-00-000_005.de3","version":"6e62447dafb56b7ebf549eafab403daae0ad35caf7f0b42a27f80d34d4b1d026","cityId":"freiburg","kind":"roadworks","category":"Autobahn-Baustelle","title":"A5 | Köpfle - Breisgau","statement":"A5 | Köpfle - Breisgau: eine Baustelle ist im Autobahn-Verkehrsdienst verzeichnet. A5: Basel -> Karlsruhe, zwischen 3.7 km hinter Köpfle und 4.2 km vor Breisgau Die Lage kann auch eine Pendelstrecke außerhalb des Stadtgebiets betreffen.","status":"angekündigt","startDate":"2026-10-12","endDate":"2027-04-28","nextStep":"Aktuelle Verkehrs- und Sperrinformationen beim Betreiber prüfen.","scale":"district","geometryPrecision":"approximate","reviewState":"candidate","asOf":"2026-09-27T10:06:36.200Z","sourceCount":1,"primarySource":{"url":"https://verkehr.autobahn.de/o/autobahn/A5/services/roadworks","title":"Autobahn A5 roadworks","publisher":"Autobahn GmbH","licence":"unknown","reuse":"unknown"}}},{"type":"Feature","geometry":{"type":"LineString","coordinates":[[7.53582,47.78065],[7.53681,47.77056]]},"properties":{"id":"autobahn:2026-048657--vi-bs.2026-09-22_06-00-00-000.de0","version":"eedb0702ee349285d2d41dcb20212538892eb4bb2206319b81cc53e8b9b0787a","cityId":"freiburg","kind":"roadworks","category":"Autobahn-Baustelle","title":"A5 | Blauenblick - Galgenloch","statement":"A5 | Blauenblick - Galgenloch: eine Baustelle ist im Autobahn-Verkehrsdienst verzeichnet. 05.10.26 von 00:00 bis 10:00 Uhr Die Lage kann auch eine Pendelstrecke außerhalb des Stadtgebiets betreffen.","status":"im Verkehrsdienst geführt; 05.10.26 von 00:00 bis 10:00 Uhr","startDate":"2026-09-27","endDate":"2026-10-05","nextStep":"Aktuelle Verkehrs- und Sperrinformationen beim Betreiber prüfen.","scale":"district","geometryPrecision":"approximate","reviewState":"candidate","asOf":"2026-09-27T10:06:36.200Z","sourceCount":1,"primarySource":{"url":"https://verkehr.autobahn.de/o/autobahn/A5/services/roadworks","title":"Autobahn A5 roadworks","publisher":"Autobahn GmbH","licence":"unknown","reuse":"unknown"}}},{"type":"Feature","geometry":{"type":"LineString","coordinates":[[7.55824,47.8215],[7.55768,47.82068]]},"properties":{"id":"autobahn:2026-048673--vi-bs.2026-09-28_08-00-00-000.devi-zus.2026-09-28_08-00-00-000_016.de1","version":"117cdf9e8c3602d3c4e53415a3afd19addf43ca765058c634cb94d731ee2f762","cityId":"freiburg","kind":"roadworks","category":"Autobahn-Baustelle","title":"A5 | Neuenburg - Müllheim/Neuenburg","statement":"A5 | Neuenburg - Müllheim/Neuenburg: eine Baustelle ist im Autobahn-Verkehrsdienst verzeichnet. 28.09.26 von 08:00 bis 18:00 Uhr Die Lage kann auch eine Pendelstrecke außerhalb des Stadtgebiets betreffen.","status":"angekündigt; 28.09.26 von 08:00 bis 18:00 Uhr","startDate":"2026-09-28","endDate":"2026-09-28","nextStep":"Aktuelle Verkehrs- und Sperrinformationen beim Betreiber prüfen.","scale":"district","geometryPrecision":"approximate","reviewState":"candidate","asOf":"2026-09-27T10:06:36.200Z","sourceCount":1,"primarySource":{"url":"https://verkehr.autobahn.de/o/autobahn/A5/services/roadworks","title":"Autobahn A5 roadworks","publisher":"Autobahn GmbH","licence":"unknown","reuse":"unknown"}}},{"type":"Feature","geometry":{"type":"LineString","coordinates":[[7.53283,47.7119],[7.53177,47.71135]]},"properties":{"id":"autobahn:2026-048673--vi-bs.2026-09-28_08-00-00-000.devi-zus.2026-09-28_08-00-00-000_016.de11","version":"25d153e2ccbe03ebd6a1b20d2f0b195fc2ca3445e0f927bd05894d5267defb56","cityId":"freiburg","kind":"roadworks","category":"Autobahn-Baustelle","title":"A5 | Bad Bellingen - Fischergrund","statement":"A5 | Bad Bellingen - Fischergrund: eine Baustelle ist im Autobahn-Verkehrsdienst verzeichnet. 28.09.26 von 08:00 bis 18:00 Uhr Die Lage kann auch eine Pendelstrecke außerhalb des Stadtgebiets betreffen.","status":"angekündigt; 28.09.26 von 08:00 bis 18:00 Uhr","startDate":"2026-09-28","endDate":"2026-09-28","nextStep":"Aktuelle Verkehrs- und Sperrinformationen beim Betreiber prüfen.","scale":"district","geometryPrecision":"approximate","reviewState":"candidate","asOf":"2026-09-27T10:06:36.200Z","sourceCount":1,"primarySource":{"url":"https://verkehr.autobahn.de/o/autobahn/A5/services/roadworks","title":"Autobahn A5 roadworks","publisher":"Autobahn GmbH","licence":"unknown","reuse":"unknown"}}},{"type":"Feature","geometry":{"type":"LineString","coordinates":[[7.54317,47.79966],[7.54267,47.7988]]},"properties":{"id":"autobahn:2026-048673--vi-bs.2026-09-28_08-00-00-000.devi-zus.2026-09-28_08-00-00-000_016.de3","version":"84007b84e0b0ec79f1640831712a168a34f407531d65f9f2d2a6415ba5a0f96f","cityId":"freiburg","kind":"roadworks","category":"Autobahn-Baustelle","title":"A5 | Müllheim/Neuenburg - Weidengrien","statement":"A5 | Müllheim/Neuenburg - Weidengrien: eine Baustelle ist im Autobahn-Verkehrsdienst verzeichnet. 28.09.26 von 08:00 bis 18:00 Uhr Die Lage kann auch eine Pendelstrecke außerhalb des Stadtgebiets betreffen.","status":"angekündigt; 28.09.26 von 08:00 bis 18:00 Uhr","startDate":"2026-09-28","endDate":"2026-09-28","nextStep":"Aktuelle Verkehrs- und Sperrinformationen beim Betreiber prüfen.","scale":"district","geometryPrecision":"approximate","reviewState":"candidate","asOf":"2026-09-27T10:06:36.200Z","sourceCount":1,"primarySource":{"url":"https://verkehr.autobahn.de/o/autobahn/A5/services/roadworks","title":"Autobahn A5 roadworks","publisher":"Autobahn GmbH","licence":"unknown","reuse":"unknown"}}},{"type":"Feature","geometry":{"type":"LineString","coordinates":[[7.54317,47.79966],[7.54267,47.7988]]},"properties":{"id":"autobahn:2026-048673--vi-bs.2026-09-28_08-00-00-000.devi-zus.2026-09-28_08-00-00-000_016.de5","version":"c1dd36425a14ad0f0bb1bb44dae5aeeccf42323dd5f959f8911b3cee3fa59491","cityId":"freiburg","kind":"roadworks","category":"Autobahn-Baustelle","title":"A5 | Müllheim/Neuenburg - Weidengrien","statement":"A5 | Müllheim/Neuenburg - Weidengrien: eine Baustelle ist im Autobahn-Verkehrsdienst verzeichnet. 28.09.26 von 08:00 bis 18:00 Uhr Die Lage kann auch eine Pendelstrecke außerhalb des Stadtgebiets betreffen.","status":"angekündigt; 28.09.26 von 08:00 bis 18:00 Uhr","startDate":"2026-09-28","endDate":"2026-09-28","nextStep":"Aktuelle Verkehrs- und Sperrinformationen beim Betreiber prüfen.","scale":"district","geometryPrecision":"approximate","reviewState":"candidate","asOf":"2026-09-27T10:06:36.200Z","sourceCount":1,"primarySource":{"url":"https://verkehr.autobahn.de/o/autobahn/A5/services/roadworks","title":"Autobahn A5 roadworks","publisher":"Autobahn GmbH","licence":"unknown","reuse":"unknown"}}},{"type":"Feature","geometry":{"type":"LineString","coordinates":[[7.5463,47.80472],[7.54575,47.80388]]},"properties":{"id":"autobahn:2026-048673--vi-bs.2026-09-28_08-00-00-000.devi-zus.2026-09-28_08-00-00-000_016.de7","version":"b77cd1311046508fbf050b897b8650b428a375524841c95cba8269923b7a3a0a","cityId":"freiburg","kind":"roadworks","category":"Autobahn-Baustelle","title":"A5 | Müllheim/Neuenburg - Weidengrien","statement":"A5 | Müllheim/Neuenburg - Weidengrien: eine Baustelle ist im Autobahn-Verkehrsdienst verzeichnet. 28.09.26 von 08:00 bis 18:00 Uhr Die Lage kann auch eine Pendelstrecke außerhalb des Stadtgebiets betreffen.","status":"angekündigt; 28.09.26 von 08:00 bis 18:00 Uhr","startDate":"2026-09-28","endDate":"2026-09-28","nextStep":"Aktuelle Verkehrs- und Sperrinformationen beim Betreiber prüfen.","scale":"district","geometryPrecision":"approximate","reviewState":"candidate","asOf":"2026-09-27T10:06:36.200Z","sourceCount":1,"primarySource":{"url":"https://verkehr.autobahn.de/o/autobahn/A5/services/roadworks","title":"Autobahn A5 roadworks","publisher":"Autobahn GmbH","licence":"unknown","reuse":"unknown"}}},{"type":"Feature","geometry":{"type":"LineString","coordinates":[[7.54982,47.72867],[7.54942,47.72781]]},"properties":{"id":"autobahn:2026-048673--vi-bs.2026-09-28_08-00-00-000.devi-zus.2026-09-28_08-00-00-000_016.de9","version":"74596c35bb2d84a100861385ecb66f18a53e6994e2169def9285cab8e5ec7709","cityId":"freiburg","kind":"roadworks","category":"Autobahn-Baustelle","title":"A5 | Bad Bellingen - Fischergrund","statement":"A5 | Bad Bellingen - Fischergrund: eine Baustelle ist im Autobahn-Verkehrsdienst verzeichnet. 28.09.26 von 08:00 bis 18:00 Uhr Die Lage kann auch eine Pendelstrecke außerhalb des Stadtgebiets betreffen.","status":"angekündigt; 28.09.26 von 08:00 bis 18:00 Uhr","startDate":"2026-09-28","endDate":"2026-09-28","nextStep":"Aktuelle Verkehrs- und Sperrinformationen beim Betreiber prüfen.","scale":"district","geometryPrecision":"approximate","reviewState":"candidate","asOf":"2026-09-27T10:06:36.200Z","sourceCount":1,"primarySource":{"url":"https://verkehr.autobahn.de/o/autobahn/A5/services/roadworks","title":"Autobahn A5 roadworks","publisher":"Autobahn GmbH","licence":"unknown","reuse":"unknown"}}},{"type":"Feature","geometry":{"type":"LineString","coordinates":[[7.54425,47.72002],[7.54495,47.72078]]},"properties":{"id":"autobahn:2026-048712--vi-bs.2026-10-01_08-00-00-000.devi-zus.2026-10-01_08-00-00-000_001.de11","version":"473178bac1b5481dfd399c473dc1de4a3dcf4c76deec94c469118a0a6b0d4909","cityId":"freiburg","kind":"roadworks","category":"Autobahn-Baustelle","title":"A5 | Fischergrund - Bad Bellingen","statement":"A5 | Fischergrund - Bad Bellingen: eine Baustelle ist im Autobahn-Verkehrsdienst verzeichnet. 01.10.26 von 08:00 bis 18:00 Uhr Die Lage kann auch eine Pendelstrecke außerhalb des Stadtgebiets betreffen.","status":"angekündigt; 01.10.26 von 08:00 bis 18:00 Uhr","startDate":"2026-10-01","endDate":"2026-10-01","nextStep":"Aktuelle Verkehrs- und Sperrinformationen beim Betreiber prüfen.","scale":"district","geometryPrecision":"approximate","reviewState":"candidate","asOf":"2026-09-27T10:06:36.200Z","sourceCount":1,"primarySource":{"url":"https://verkehr.autobahn.de/o/autobahn/A5/services/roadworks","title":"Autobahn A5 roadworks","publisher":"Autobahn GmbH","licence":"unknown","reuse":"unknown"}}},{"type":"Feature","geometry":{"type":"LineString","coordinates":[[7.55242,47.74105],[7.55205,47.74284]]},"properties":{"id":"autobahn:2026-048712--vi-bs.2026-10-01_08-00-00-000.devi-zus.2026-10-01_08-00-00-000_001.de9","version":"39e1a6331e00b88d97592db3ac45e362833b75c8de597849abe1905fa0435987","cityId":"freiburg","kind":"roadworks","category":"Autobahn-Baustelle","title":"A5 | Bad Bellingen - Galgenloch","statement":"A5 | Bad Bellingen - Galgenloch: eine Baustelle ist im Autobahn-Verkehrsdienst verzeichnet. 01.10.26 von 08:00 bis 18:00 Uhr Die Lage kann auch eine Pendelstrecke außerhalb des Stadtgebiets betreffen.","status":"angekündigt; 01.10.26 von 08:00 bis 18:00 Uhr","startDate":"2026-10-01","endDate":"2026-10-01","nextStep":"Aktuelle Verkehrs- und Sperrinformationen beim Betreiber prüfen.","scale":"district","geometryPrecision":"approximate","reviewState":"candidate","asOf":"2026-09-27T10:06:36.200Z","sourceCount":1,"primarySource":{"url":"https://verkehr.autobahn.de/o/autobahn/A5/services/roadworks","title":"Autobahn A5 roadworks","publisher":"Autobahn GmbH","licence":"unknown","reuse":"unknown"}}},{"type":"Feature","geometry":{"type":"LineString","coordinates":[[7.53214,47.77575],[7.53259,47.77582]]},"properties":{"id":"autobahn:2026-048771--vi-bs.2026-09-28_08-00-00-000.devi-zus.2026-09-28_08-00-00-000_005.de1","version":"c7a0fa9c1aa20ded54fcb6220529bd1de3dfe94bdb53c3aa910f2df1332e90ca","cityId":"freiburg","kind":"roadworks","category":"Autobahn-Baustelle","title":"A5 Arbeiten an Schutzeinrichtungen","statement":"A5 Arbeiten an Schutzeinrichtungen: eine Baustelle ist im Autobahn-Verkehrsdienst verzeichnet. 28.09.26 von 08:00 bis 18:00 Uhr Die Lage kann auch eine Pendelstrecke außerhalb des Stadtgebiets betreffen.","status":"angekündigt; 28.09.26 von 08:00 bis 18:00 Uhr","startDate":"2026-09-28","endDate":"2026-10-02","nextStep":"Aktuelle Verkehrs- und Sperrinformationen beim Betreiber prüfen.","scale":"district","geometryPrecision":"approximate","reviewState":"candidate","asOf":"2026-09-27T10:06:36.200Z","sourceCount":1,"primarySource":{"url":"https://verkehr.autobahn.de/o/autobahn/A5/services/roadworks","title":"Autobahn A5 roadworks","publisher":"Autobahn GmbH","licence":"unknown","reuse":"unknown"}}},{"type":"Feature","geometry":{"type":"LineString","coordinates":[[7.53284,47.77582],[7.53293,47.77582]]},"properties":{"id":"autobahn:2026-048771--vi-bs.2026-09-28_08-00-00-000.devi-zus.2026-09-28_08-00-00-000_005.de3","version":"08e8a11fc0aa05479ffcb5240628bf1cbed121eb634299ebdfcc1b3065eca79b","cityId":"freiburg","kind":"roadworks","category":"Autobahn-Baustelle","title":"A5 Arbeiten an Schutzeinrichtungen","statement":"A5 Arbeiten an Schutzeinrichtungen: eine Baustelle ist im Autobahn-Verkehrsdienst verzeichnet. 28.09.26 von 08:00 bis 18:00 Uhr Die Lage kann auch eine Pendelstrecke außerhalb des Stadtgebiets betreffen.","status":"angekündigt; 28.09.26 von 08:00 bis 18:00 Uhr","startDate":"2026-09-28","endDate":"2026-10-02","nextStep":"Aktuelle Verkehrs- und Sperrinformationen beim Betreiber prüfen.","scale":"district","geometryPrecision":"approximate","reviewState":"candidate","asOf":"2026-09-27T10:06:36.200Z","sourceCount":1,"primarySource":{"url":"https://verkehr.autobahn.de/o/autobahn/A5/services/roadworks","title":"Autobahn A5 roadworks","publisher":"Autobahn GmbH","licence":"unknown","reuse":"unknown"}}},{"type":"Feature","geometry":{"type":"LineString","coordinates":[[7.53693,47.77082],[7.53628,47.78289]]},"properties":{"id":"autobahn:2026-049216--vi-bs.2026-09-30_19-00-00-000.devi-bs.2026-09-28_19-00-00-000_006.de5","version":"2251c609c0b4b55d2fa4f269bb76c56bf1510fee4861d6df7960d111a045214c","cityId":"freiburg","kind":"roadworks","category":"Autobahn-Baustelle","title":"A5 | Galgenloch - Blauenblick","statement":"A5 | Galgenloch - Blauenblick: eine Baustelle ist im Autobahn-Verkehrsdienst verzeichnet. A5: Basel -> Karlsruhe, zwischen 3.0 km hinter Galgenloch und 0.6 km vor Blauenblick Die Lage kann auch eine Pendelstrecke außerhalb des Stadtgebiets betreffen.","status":"angekündigt","startDate":"2026-09-30","endDate":"2026-10-01","nextStep":"Aktuelle Verkehrs- und Sperrinformationen beim Betreiber prüfen.","scale":"district","geometryPrecision":"approximate","reviewState":"candidate","asOf":"2026-09-27T10:06:36.200Z","sourceCount":1,"primarySource":{"url":"https://verkehr.autobahn.de/o/autobahn/A5/services/roadworks","title":"Autobahn A5 roadworks","publisher":"Autobahn GmbH","licence":"unknown","reuse":"unknown"}}},{"type":"Feature","geometry":null,"properties":{"id":"council:https%3A%2F%2Fris.freiburg.de%2Foparl%2Fmeeting%2Fni_2026-HFA-119","version":"b1b2e4ea09a37ca7ff5c72c9daab2b883d8e16f47746c4aa4d1f7303704be9ce","cityId":"freiburg","kind":"council_meeting","category":"Sitzung","title":"10. Sitzung des Haupt- und Finanzausschusses","statement":"Eine Sitzung mit dem Titel „10. Sitzung des Haupt- und Finanzausschusses“ ist für 2026-09-21T16:06:00+02:00 im Ratsinformationssystem verzeichnet. Tagesordnung und Beschlüsse sind anhand des Eintrags zu prüfen.","status":"Sitzung verzeichnet","startDate":"2026-09-21T16:06:00+02:00","endDate":"2026-09-21T16:59:00+02:00","nextStep":"Aktuelle Tagesordnung und Beschlüsse im Ratsinformationssystem prüfen.","scale":"city","geometryPrecision":"none","reviewState":"candidate","asOf":"2026-09-25T00:00:00+02:00","sourceCount":1,"primarySource":{"url":"https://ris.freiburg.de/oparl/meeting/ni_2026-HFA-119","title":"OParl Sitzung","publisher":"Freiburg","licence":"unknown","reuse":"facts_with_attribution"}}},{"type":"Feature","geometry":null,"properties":{"id":"council:https%3A%2F%2Fris.freiburg.de%2Foparl%2Fmeeting%2Fni_2026-OR_HD-250","version":"3c64309396e0495cf295a4d25df4e5bda5f635fe8993c3fa1b24f44070aefebe","cityId":"freiburg","kind":"council_meeting","category":"Sitzung","title":"8. Sitzung des Ortschaftsrates Hochdorf","statement":"Eine Sitzung mit dem Titel „8. Sitzung des Ortschaftsrates Hochdorf“ ist für 2026-09-21T19:30:00+02:00 im Ratsinformationssystem verzeichnet. Tagesordnung und Beschlüsse sind anhand des Eintrags zu prüfen.","status":"Sitzung verzeichnet","startDate":"2026-09-21T19:30:00+02:00","endDate":"2026-09-21T20:55:00+02:00","nextStep":"Aktuelle Tagesordnung und Beschlüsse im Ratsinformationssystem prüfen.","scale":"city","geometryPrecision":"none","reviewState":"candidate","asOf":"2026-09-25T00:00:00+02:00","sourceCount":1,"primarySource":{"url":"https://ris.freiburg.de/oparl/meeting/ni_2026-OR_HD-250","title":"OParl Sitzung","publisher":"Freiburg","licence":"unknown","reuse":"facts_with_attribution"}}},{"type":"Feature","geometry":null,"properties":{"id":"council:https%3A%2F%2Fris.freiburg.de%2Foparl%2Fmeeting%2Fni_2026-OR_HD-264","version":"d5c12871995cab562c1b6a946a39bf202d39c10800f25f379c1436b0a7faec69","cityId":"freiburg","kind":"council_meeting","category":"Sitzung","title":"7. Sitzung des Bauausschusses des Ortschaftsrates Hochdorf","statement":"Eine Sitzung mit dem Titel „7. Sitzung des Bauausschusses des Ortschaftsrates Hochdorf“ ist für 2026-08-26T19:30:00+02:00 im Ratsinformationssystem verzeichnet. Tagesordnung und Beschlüsse sind anhand des Eintrags zu prüfen.","status":"Sitzung verzeichnet","startDate":"2026-08-26T19:30:00+02:00","endDate":"2026-08-26T19:55:00+02:00","nextStep":"Aktuelle Tagesordnung und Beschlüsse im Ratsinformationssystem prüfen.","scale":"city","geometryPrecision":"none","reviewState":"candidate","asOf":"2026-09-25T00:00:00+02:00","sourceCount":1,"primarySource":{"url":"https://ris.freiburg.de/oparl/meeting/ni_2026-OR_HD-264","title":"OParl Sitzung","publisher":"Freiburg","licence":"unknown","reuse":"facts_with_attribution"}}},{"type":"Feature","geometry":null,"properties":{"id":"council:https%3A%2F%2Fris.freiburg.de%2Foparl%2Fmeeting%2Fni_2026-OR_HD-265","version":"65aabe9ba2d61d8c16b00ede3809de097434effd1743be77d5b00f88bb5ede34","cityId":"freiburg","kind":"council_meeting","category":"Sitzung","title":"8. Sitzung des Bauausschusses des Ortschaftsrates Hochdorf","statement":"Eine Sitzung mit dem Titel „8. Sitzung des Bauausschusses des Ortschaftsrates Hochdorf“ ist für 2026-09-21T19:00:00+02:00 im Ratsinformationssystem verzeichnet. Tagesordnung und Beschlüsse sind anhand des Eintrags zu prüfen.","status":"Sitzung verzeichnet","startDate":"2026-09-21T19:00:00+02:00","endDate":"2026-09-21T19:17:00+02:00","nextStep":"Aktuelle Tagesordnung und Beschlüsse im Ratsinformationssystem prüfen.","scale":"city","geometryPrecision":"none","reviewState":"candidate","asOf":"2026-09-25T00:00:00+02:00","sourceCount":1,"primarySource":{"url":"https://ris.freiburg.de/oparl/meeting/ni_2026-OR_HD-265","title":"OParl Sitzung","publisher":"Freiburg","licence":"unknown","reuse":"facts_with_attribution"}}},{"type":"Feature","geometry":null,"properties":{"id":"council:https%3A%2F%2Fris.freiburg.de%2Foparl%2Fmeeting%2Fni_2026-OR_LE-137","version":"3f421962a73d300bb80710b81c1357eca7eae51399f003100f1889e37411557c","cityId":"freiburg","kind":"council_meeting","category":"Sitzung","title":"8. Sitzung des Ortschaftsrates Lehen","statement":"Eine Sitzung mit dem Titel „8. Sitzung des Ortschaftsrates Lehen“ ist für 2026-09-23T18:30:00+02:00 im Ratsinformationssystem verzeichnet. Tagesordnung und Beschlüsse sind anhand des Eintrags zu prüfen.","status":"Sitzung verzeichnet","startDate":"2026-09-23T18:30:00+02:00","endDate":"2026-09-23T20:45:00+02:00","nextStep":"Aktuelle Tagesordnung und Beschlüsse im Ratsinformationssystem prüfen.","scale":"city","geometryPrecision":"none","reviewState":"candidate","asOf":"2026-09-25T00:00:00+02:00","sourceCount":1,"primarySource":{"url":"https://ris.freiburg.de/oparl/meeting/ni_2026-OR_LE-137","title":"OParl Sitzung","publisher":"Freiburg","licence":"unknown","reuse":"facts_with_attribution"}}},{"type":"Feature","geometry":null,"properties":{"id":"council:https%3A%2F%2Fris.freiburg.de%2Foparl%2Fmeeting%2Fni_2026-OR_MU-120","version":"1172ce450be3c91f7381cf68b09a4e4c8062f4865db4c06698c9173c99130e8c","cityId":"freiburg","kind":"council_meeting","category":"Sitzung","title":"Sitzung des Ortschaftsrates Munzingen","statement":"Eine Sitzung mit dem Titel „Sitzung des Ortschaftsrates Munzingen“ ist für 2026-09-16T19:30:00+02:00 im Ratsinformationssystem verzeichnet. Tagesordnung und Beschlüsse sind anhand des Eintrags zu prüfen.","status":"Sitzung verzeichnet","startDate":"2026-09-16T19:30:00+02:00","endDate":"2026-09-16T21:00:00+02:00","nextStep":"Aktuelle Tagesordnung und Beschlüsse im Ratsinformationssystem prüfen.","scale":"city","geometryPrecision":"none","reviewState":"candidate","asOf":"2026-09-25T00:00:00+02:00","sourceCount":1,"primarySource":{"url":"https://ris.freiburg.de/oparl/meeting/ni_2026-OR_MU-120","title":"OParl Sitzung","publisher":"Freiburg","licence":"unknown","reuse":"facts_with_attribution"}}},{"type":"Feature","geometry":null,"properties":{"id":"council:https%3A%2F%2Fris.freiburg.de%2Foparl%2Fmeeting%2Fni_2026-OR_OPF-126","version":"30e7e34bf8a16b11d84b1661ab73860b8132268f099bcdfcccc1b68203444ea9","cityId":"freiburg","kind":"council_meeting","category":"Sitzung","title":"8. Sitzung des Ortschaftsrates Opfingen","statement":"Eine Sitzung mit dem Titel „8. Sitzung des Ortschaftsrates Opfingen“ ist für 2026-09-14T20:00:00+02:00 im Ratsinformationssystem verzeichnet. Tagesordnung und Beschlüsse sind anhand des Eintrags zu prüfen.","status":"Sitzung verzeichnet","startDate":"2026-09-14T20:00:00+02:00","endDate":"2026-09-14T22:00:00+02:00","nextStep":"Aktuelle Tagesordnung und Beschlüsse im Ratsinformationssystem prüfen.","scale":"city","geometryPrecision":"none","reviewState":"candidate","asOf":"2026-09-25T00:00:00+02:00","sourceCount":1,"primarySource":{"url":"https://ris.freiburg.de/oparl/meeting/ni_2026-OR_OPF-126","title":"OParl Sitzung","publisher":"Freiburg","licence":"unknown","reuse":"facts_with_attribution"}}},{"type":"Feature","geometry":null,"properties":{"id":"council:https%3A%2F%2Fris.freiburg.de%2Foparl%2Fmeeting%2Fni_2026-OR_TI-143","version":"da9e505f0a59c156cb08f971afe516b4446f2d9200adee5d3f5ea31aaf7e6644","cityId":"freiburg","kind":"council_meeting","category":"Sitzung","title":"8. Sitzung des Ortschaftsrates Tiengen (Zusatz)","statement":"Eine Sitzung mit dem Titel „8. Sitzung des Ortschaftsrates Tiengen (Zusatz)“ ist für 2026-08-18T19:00:00+02:00 im Ratsinformationssystem verzeichnet. Tagesordnung und Beschlüsse sind anhand des Eintrags zu prüfen.","status":"Sitzung verzeichnet","startDate":"2026-08-18T19:00:00+02:00","endDate":"2026-08-18T19:17:00+02:00","nextStep":"Aktuelle Tagesordnung und Beschlüsse im Ratsinformationssystem prüfen.","scale":"city","geometryPrecision":"none","reviewState":"candidate","asOf":"2026-09-25T00:00:00+02:00","sourceCount":1,"primarySource":{"url":"https://ris.freiburg.de/oparl/meeting/ni_2026-OR_TI-143","title":"OParl Sitzung","publisher":"Freiburg","licence":"unknown","reuse":"facts_with_attribution"}}},{"type":"Feature","geometry":{"type":"Point","coordinates":[7.85464,48.01709]},"properties":{"id":"osm:node-10003156787","version":"a88d5183341d8208881b8112779f9318571d7439a19556009d7e7b4cd29b924c","cityId":"freiburg","kind":"place","category":"community_centre","title":"DPSG Stamm Tilly","statement":"DPSG Stamm Tilly ist in OpenStreetMap als community_centre eingetragen. Betrieb und Öffnungszeiten nicht geprüft.","status":"OSM-Eintrag, nicht offiziell geprüft","startDate":null,"endDate":null,"nextStep":"Aktuelle Angaben direkt beim Ort prüfen.","scale":"street","geometryPrecision":"exact","reviewState":"candidate","asOf":"2026-09-26T17:22:08.637Z","sourceCount":1,"primarySource":{"url":"https://www.openstreetmap.org/node/10003156787","title":"OpenStreetMap contributors","publisher":"OpenStreetMap contributors","licence":"ODbL 1.0","reuse":"open_licence"}}},{"type":"Feature","geometry":{"type":"Point","coordinates":[7.82758,48.00625]},"properties":{"id":"osm:node-10018967987","version":"d6593334512198860e754c26e92e7738ec6e8641557fcf6f0c5b1ade171b7d47","cityId":"freiburg","kind":"place","category":"kindergarten","title":"Katholischer Kindergarten St. Josef in den Westarkaden","statement":"Katholischer Kindergarten St. Josef in den Westarkaden ist in OpenStreetMap als kindergarten eingetragen. Öffnungszeiten in OSM eingetragen; nicht unabhängig bestätigt.","status":"OSM-Eintrag, nicht offiziell geprüft","startDate":null,"endDate":null,"nextStep":"Aktuelle Angaben direkt beim Ort prüfen.","scale":"street","geometryPrecision":"exact","reviewState":"candidate","asOf":"2026-09-26T17:22:08.637Z","sourceCount":1,"primarySource":{"url":"https://www.openstreetmap.org/node/10018967987","title":"OpenStreetMap contributors","publisher":"OpenStreetMap contributors","licence":"ODbL 1.0","reuse":"open_licence"}}},{"type":"Feature","geometry":{"type":"Point","coordinates":[7.80635,47.99786]},"properties":{"id":"osm:node-10044351113","version":"3523293528963b3132d29e8a0c17ddf3fad6ed232424a1cb43bde0e19748a02f","cityId":"freiburg","kind":"place","category":"supermarket","title":"Beckesepp","statement":"Beckesepp ist in OpenStreetMap als supermarket eingetragen. Öffnungszeiten in OSM eingetragen; nicht unabhängig bestätigt.","status":"OSM-Eintrag, nicht offiziell geprüft","startDate":null,"endDate":null,"nextStep":"Aktuelle Angaben direkt beim Ort prüfen.","scale":"street","geometryPrecision":"exact","reviewState":"candidate","asOf":"2026-09-26T17:22:08.637Z","sourceCount":1,"primarySource":{"url":"https://www.openstreetmap.org/node/10044351113","title":"OpenStreetMap contributors","publisher":"OpenStreetMap contributors","licence":"ODbL 1.0","reuse":"open_licence"}}},{"type":"Feature","geometry":{"type":"Point","coordinates":[7.82898,48.00686]},"properties":{"id":"osm:node-10098638169","version":"c9747e0f855df147c828b757fb22bad9d9d315ded81dd71eb33ba1278113f904","cityId":"freiburg","kind":"place","category":"supermarket","title":"Aldi Süd","statement":"Aldi Süd ist in OpenStreetMap als supermarket eingetragen. Öffnungszeiten in OSM eingetragen; nicht unabhängig bestätigt.","status":"OSM-Eintrag, nicht offiziell geprüft","startDate":null,"endDate":null,"nextStep":"Aktuelle Angaben direkt beim Ort prüfen.","scale":"street","geometryPrecision":"exact","reviewState":"candidate","asOf":"2026-09-26T17:22:08.637Z","sourceCount":1,"primarySource":{"url":"https://www.openstreetmap.org/node/10098638169","title":"OpenStreetMap contributors","publisher":"OpenStreetMap contributors","licence":"ODbL 1.0","reuse":"open_licence"}}},{"type":"Feature","geometry":{"type":"Point","coordinates":[7.84783,47.98637]},"properties":{"id":"osm:node-10109257685","version":"d03575b5740e19fe6729fb64f56859fbe95284980ccd3d7b24551b7f96ad4ed6","cityId":"freiburg","kind":"place","category":"doctors","title":"Praxis Dr. med. Katharina Brüstle","statement":"Praxis Dr. med. Katharina Brüstle ist in OpenStreetMap als doctors eingetragen. Öffnungszeiten in OSM eingetragen; nicht unabhängig bestätigt.","status":"OSM-Eintrag, nicht offiziell geprüft","startDate":null,"endDate":null,"nextStep":"Aktuelle Angaben direkt beim Ort prüfen.","scale":"street","geometryPrecision":"exact","reviewState":"candidate","asOf":"2026-09-26T17:22:08.637Z","sourceCount":1,"primarySource":{"url":"https://www.openstreetmap.org/node/10109257685","title":"OpenStreetMap contributors","publisher":"OpenStreetMap contributors","licence":"ODbL 1.0","reuse":"open_licence"}}},{"type":"Feature","geometry":{"type":"Point","coordinates":[7.83696,47.98868]},"properties":{"id":"osm:node-10154729749","version":"042ac834bbbe41ee5f5d86f6d50c609799d5180bff99ee16f714e3e5f31dda05","cityId":"freiburg","kind":"place","category":"doctors","title":"OrthoZentrum Freiburg","statement":"OrthoZentrum Freiburg ist in OpenStreetMap als doctors eingetragen. Öffnungszeiten in OSM eingetragen; nicht unabhängig bestätigt.","status":"OSM-Eintrag, nicht offiziell geprüft","startDate":null,"endDate":null,"nextStep":"Aktuelle Angaben direkt beim Ort prüfen.","scale":"street","geometryPrecision":"exact","reviewState":"candidate","asOf":"2026-09-26T17:22:08.637Z","sourceCount":1,"primarySource":{"url":"https://www.openstreetmap.org/node/10154729749","title":"OpenStreetMap contributors","publisher":"OpenStreetMap contributors","licence":"ODbL 1.0","reuse":"open_licence"}}},{"type":"Feature","geometry":{"type":"Point","coordinates":[7.8612,48.00583]},"properties":{"id":"osm:node-10212776291","version":"98c4ca47743cd7f9223f844c7aae2b21181f78d728d3ebce005f8995ae8d226e","cityId":"freiburg","kind":"place","category":"community_centre","title":"Jugendforum Herdern e.V.","statement":"Jugendforum Herdern e.V. ist in OpenStreetMap als community_centre eingetragen. Betrieb und Öffnungszeiten nicht geprüft.","status":"OSM-Eintrag, nicht offiziell geprüft","startDate":null,"endDate":null,"nextStep":"Aktuelle Angaben direkt beim Ort prüfen.","scale":"street","geometryPrecision":"exact","reviewState":"candidate","asOf":"2026-09-26T17:22:08.637Z","sourceCount":1,"primarySource":{"url":"https://www.openstreetmap.org/node/10212776291","title":"OpenStreetMap contributors","publisher":"OpenStreetMap contributors","licence":"ODbL 1.0","reuse":"open_licence"}}},{"type":"Feature","geometry":{"type":"Point","coordinates":[7.84946,47.99724]},"properties":{"id":"osm:node-10212827377","version":"2ace994445f8e4f12cc7b401494d775d49771f70c25f40ca386cefbf7b8ce939","cityId":"freiburg","kind":"place","category":"doctors","title":"Eckart Rupp - Allgemeinmediziner","statement":"Eckart Rupp - Allgemeinmediziner ist in OpenStreetMap als doctors eingetragen. Öffnungszeiten in OSM eingetragen; nicht unabhängig bestätigt.","status":"OSM-Eintrag, nicht offiziell geprüft","startDate":null,"endDate":null,"nextStep":"Aktuelle Angaben direkt beim Ort prüfen.","scale":"street","geometryPrecision":"exact","reviewState":"candidate","asOf":"2026-09-26T17:22:08.637Z","sourceCount":1,"primarySource":{"url":"https://www.openstreetmap.org/node/10212827377","title":"OpenStreetMap contributors","publisher":"OpenStreetMap contributors","licence":"ODbL 1.0","reuse":"open_licence"}}},{"type":"Feature","geometry":{"type":"Point","coordinates":[7.85317,47.99495]},"properties":{"id":"osm:node-10220515273","version":"692261c45e9770ce48d6baf855a7c70281a0102b8ed0ac3bd1e34b464925eca5","cityId":"freiburg","kind":"place","category":"culture","title":"Kuratorium Freiburger Schlossberg e.V.","statement":"Kuratorium Freiburger Schlossberg e.V. ist in OpenStreetMap als culture eingetragen. Betrieb und Öffnungszeiten nicht geprüft.","status":"OSM-Eintrag, nicht offiziell geprüft","startDate":null,"endDate":null,"nextStep":"Aktuelle Angaben direkt beim Ort prüfen.","scale":"street","geometryPrecision":"exact","reviewState":"candidate","asOf":"2026-09-26T17:22:08.637Z","sourceCount":1,"primarySource":{"url":"https://www.openstreetmap.org/node/10220515273","title":"OpenStreetMap contributors","publisher":"OpenStreetMap contributors","licence":"ODbL 1.0","reuse":"open_licence"}}},{"type":"Feature","geometry":{"type":"Point","coordinates":[7.852,48.00185]},"properties":{"id":"osm:node-10220526508","version":"9c3719ef191cc4dcb89cd18ff2d97a63f093d38479c4ea77ea530be0673831ca","cityId":"freiburg","kind":"place","category":"doctors","title":"Praxis für Nuklearmedizin Dr. S. Merk","statement":"Praxis für Nuklearmedizin Dr. S. Merk ist in OpenStreetMap als doctors eingetragen. Betrieb und Öffnungszeiten nicht geprüft.","status":"OSM-Eintrag, nicht offiziell geprüft","startDate":null,"endDate":null,"nextStep":"Aktuelle Angaben direkt beim Ort prüfen.","scale":"street","geometryPrecision":"exact","reviewState":"candidate","asOf":"2026-09-26T17:22:08.637Z","sourceCount":1,"primarySource":{"url":"https://www.openstreetmap.org/node/10220526508","title":"OpenStreetMap contributors","publisher":"OpenStreetMap contributors","licence":"ODbL 1.0","reuse":"open_licence"}}},{"type":"Feature","geometry":{"type":"Point","coordinates":[7.81094,47.99454]},"properties":{"id":"osm:node-10221597662","version":"edb07fa6ef40f96d4cda55f581c44c59229b394cc3c35a91107e994f574ce48e","cityId":"freiburg","kind":"place","category":"supermarket","title":"Mix Markt","statement":"Mix Markt ist in OpenStreetMap als supermarket eingetragen. Öffnungszeiten in OSM eingetragen; nicht unabhängig bestätigt.","status":"OSM-Eintrag, nicht offiziell geprüft","startDate":null,"endDate":null,"nextStep":"Aktuelle Angaben direkt beim Ort prüfen.","scale":"street","geometryPrecision":"exact","reviewState":"candidate","asOf":"2026-09-26T17:22:08.637Z","sourceCount":1,"primarySource":{"url":"https://www.openstreetmap.org/node/10221597662","title":"OpenStreetMap contributors","publisher":"OpenStreetMap contributors","licence":"ODbL 1.0","reuse":"open_licence"}}},{"type":"Feature","geometry":{"type":"Point","coordinates":[7.84835,47.98902]},"properties":{"id":"osm:node-10257838403","version":"7007d59125087f8320121d3e0e05e119ec728d423e0c5209059c8e3fd4ff200f","cityId":"freiburg","kind":"place","category":"doctors","title":"Fußchirurgie Freiburg","statement":"Fußchirurgie Freiburg ist in OpenStreetMap als doctors eingetragen. Öffnungszeiten in OSM eingetragen; nicht unabhängig bestätigt.","status":"OSM-Eintrag, nicht offiziell geprüft","startDate":null,"endDate":null,"nextStep":"Aktuelle Angaben direkt beim Ort prüfen.","scale":"street","geometryPrecision":"exact","reviewState":"candidate","asOf":"2026-09-26T17:22:08.637Z","sourceCount":1,"primarySource":{"url":"https://www.openstreetmap.org/node/10257838403","title":"OpenStreetMap contributors","publisher":"OpenStreetMap contributors","licence":"ODbL 1.0","reuse":"open_licence"}}},{"type":"Feature","geometry":{"type":"Point","coordinates":[7.86164,48.00304]},"properties":{"id":"osm:node-10257880558","version":"3ea0f6b0acc932de887e40d2a021186db21829f2f550b4085d7268fff1ada367","cityId":"freiburg","kind":"place","category":"doctors","title":"Dr. med. Eva Dieckmann","statement":"Dr. med. Eva Dieckmann ist in OpenStreetMap als doctors eingetragen. Betrieb und Öffnungszeiten nicht geprüft.","status":"OSM-Eintrag, nicht offiziell geprüft","startDate":null,"endDate":null,"nextStep":"Aktuelle Angaben direkt beim Ort prüfen.","scale":"street","geometryPrecision":"exact","reviewState":"candidate","asOf":"2026-09-26T17:22:08.637Z","sourceCount":1,"primarySource":{"url":"https://www.openstreetmap.org/node/10257880558","title":"OpenStreetMap contributors","publisher":"OpenStreetMap contributors","licence":"ODbL 1.0","reuse":"open_licence"}}},{"type":"Feature","geometry":{"type":"Point","coordinates":[7.85728,48.00288]},"properties":{"id":"osm:node-10269791964","version":"02564dab1b76906e6c0ee4dd4f0ba6437de40e60aa396301da2cc69e74f0d32e","cityId":"freiburg","kind":"place","category":"doctors","title":"Dr. med. Klawitter / Dr. med. Meinicke","statement":"Dr. med. Klawitter / Dr. med. Meinicke ist in OpenStreetMap als doctors eingetragen. Öffnungszeiten in OSM eingetragen; nicht unabhängig bestätigt.","status":"OSM-Eintrag, nicht offiziell geprüft","startDate":null,"endDate":null,"nextStep":"Aktuelle Angaben direkt beim Ort prüfen.","scale":"street","geometryPrecision":"exact","reviewState":"candidate","asOf":"2026-09-26T17:22:08.637Z","sourceCount":1,"primarySource":{"url":"https://www.openstreetmap.org/node/10269791964","title":"OpenStreetMap contributors","publisher":"OpenStreetMap contributors","licence":"ODbL 1.0","reuse":"open_licence"}}},{"type":"Feature","geometry":{"type":"Point","coordinates":[7.83797,47.98692]},"properties":{"id":"osm:node-10271417934","version":"d59f8f5eea9b8291eddfdb21288eae70d5b3505cb44a118e8f360e36701ae1cc","cityId":"freiburg","kind":"place","category":"doctors","title":"Dr. med. Haag-Wildi","statement":"Dr. med. Haag-Wildi ist in OpenStreetMap als doctors eingetragen. Betrieb und Öffnungszeiten nicht geprüft.","status":"OSM-Eintrag, nicht offiziell geprüft","startDate":null,"endDate":null,"nextStep":"Aktuelle Angaben direkt beim Ort prüfen.","scale":"street","geometryPrecision":"exact","reviewState":"candidate","asOf":"2026-09-26T17:22:08.637Z","sourceCount":1,"primarySource":{"url":"https://www.openstreetmap.org/node/10271417934","title":"OpenStreetMap contributors","publisher":"OpenStreetMap contributors","licence":"ODbL 1.0","reuse":"open_licence"}}},{"type":"Feature","geometry":{"type":"Point","coordinates":[7.8428,48.00149]},"properties":{"id":"osm:node-10298229010","version":"b3b2ade76429f511e7444772c13d0ff52d08a42998d0163890ba11aefc6132af","cityId":"freiburg","kind":"place","category":"bakery","title":"Balkan Bäckerei","statement":"Balkan Bäckerei ist in OpenStreetMap als bakery eingetragen. Betrieb und Öffnungszeiten nicht geprüft.","status":"OSM-Eintrag, nicht offiziell geprüft","startDate":null,"endDate":null,"nextStep":"Aktuelle Angaben direkt beim Ort prüfen.","scale":"street","geometryPrecision":"exact","reviewState":"candidate","asOf":"2026-09-26T17:22:08.637Z","sourceCount":1,"primarySource":{"url":"https://www.openstreetmap.org/node/10298229010","title":"OpenStreetMap contributors","publisher":"OpenStreetMap contributors","licence":"ODbL 1.0","reuse":"open_licence"}}},{"type":"Feature","geometry":{"type":"Point","coordinates":[7.84223,48.00205]},"properties":{"id":"osm:node-10298236310","version":"31e18170d6063bd2a74c4185dd4425172059c3f8433a5ec38aaf49bbdaf87851","cityId":"freiburg","kind":"place","category":"doctors","title":"Martin Güss","statement":"Martin Güss ist in OpenStreetMap als doctors eingetragen. Öffnungszeiten in OSM eingetragen; nicht unabhängig bestätigt.","status":"OSM-Eintrag, nicht offiziell geprüft","startDate":null,"endDate":null,"nextStep":"Aktuelle Angaben direkt beim Ort prüfen.","scale":"street","geometryPrecision":"exact","reviewState":"candidate","asOf":"2026-09-26T17:22:08.637Z","sourceCount":1,"primarySource":{"url":"https://www.openstreetmap.org/node/10298236310","title":"OpenStreetMap contributors","publisher":"OpenStreetMap contributors","licence":"ODbL 1.0","reuse":"open_licence"}}},{"type":"Feature","geometry":{"type":"Point","coordinates":[7.87384,48.00706]},"properties":{"id":"osm:node-10298381025","version":"ed7d773c19f8a4599f2f27015a674613dcec1dfc431f485c950f0e2e2393b2d5","cityId":"freiburg","kind":"place","category":"kindergarten","title":"Die kleinen Hobbits","statement":"Die kleinen Hobbits ist in OpenStreetMap als kindergarten eingetragen. Betrieb und Öffnungszeiten nicht geprüft.","status":"OSM-Eintrag, nicht offiziell geprüft","startDate":null,"endDate":null,"nextStep":"Aktuelle Angaben direkt beim Ort prüfen.","scale":"street","geometryPrecision":"exact","reviewState":"candidate","asOf":"2026-09-26T17:22:08.637Z","sourceCount":1,"primarySource":{"url":"https://www.openstreetmap.org/node/10298381025","title":"OpenStreetMap contributors","publisher":"OpenStreetMap contributors","licence":"ODbL 1.0","reuse":"open_licence"}}},{"type":"Feature","geometry":{"type":"Point","coordinates":[7.84152,47.99739]},"properties":{"id":"osm:node-1030444931","version":"f2ad75e85904db114b8598c83251d2bef5b68d0fd40622f33ad50aedb196b38c","cityId":"freiburg","kind":"place","category":"bakery","title":"back Werk express","statement":"back Werk express ist in OpenStreetMap als bakery eingetragen. Öffnungszeiten in OSM eingetragen; nicht unabhängig bestätigt.","status":"OSM-Eintrag, nicht offiziell geprüft","startDate":null,"endDate":null,"nextStep":"Aktuelle Angaben direkt beim Ort prüfen.","scale":"street","geometryPrecision":"exact","reviewState":"candidate","asOf":"2026-09-26T17:22:08.637Z","sourceCount":1,"primarySource":{"url":"https://www.openstreetmap.org/node/1030444931","title":"OpenStreetMap contributors","publisher":"OpenStreetMap contributors","licence":"ODbL 1.0","reuse":"open_licence"}}},{"type":"Feature","geometry":{"type":"Point","coordinates":[7.83798,47.99838]},"properties":{"id":"osm:node-10308640709","version":"edf9f9ed32bbb37a72b312caa33c19e94b6fd61d25416c4041ddffd4a542437d","cityId":"freiburg","kind":"place","category":"bakery","title":"Backstüble Da Quirino","statement":"Backstüble Da Quirino ist in OpenStreetMap als bakery eingetragen. Öffnungszeiten in OSM eingetragen; nicht unabhängig bestätigt.","status":"OSM-Eintrag, nicht offiziell geprüft","startDate":null,"endDate":null,"nextStep":"Aktuelle Angaben direkt beim Ort prüfen.","scale":"street","geometryPrecision":"exact","reviewState":"candidate","asOf":"2026-09-26T17:22:08.637Z","sourceCount":1,"primarySource":{"url":"https://www.openstreetmap.org/node/10308640709","title":"OpenStreetMap contributors","publisher":"OpenStreetMap contributors","licence":"ODbL 1.0","reuse":"open_licence"}}},{"type":"Feature","geometry":{"type":"Point","coordinates":[7.84069,47.99302]},"properties":{"id":"osm:node-1038108010","version":"466e603bfc49eeeaf3279bec1ce644f1b60b06cba00f99725db56dd5ff16251f","cityId":"freiburg","kind":"place","category":"kindergarten","title":"Kita LagerIni","statement":"Kita LagerIni ist in OpenStreetMap als kindergarten eingetragen. Öffnungszeiten in OSM eingetragen; nicht unabhängig bestätigt.","status":"OSM-Eintrag, nicht offiziell geprüft","startDate":null,"endDate":null,"nextStep":"Aktuelle Angaben direkt beim Ort prüfen.","scale":"street","geometryPrecision":"exact","reviewState":"candidate","asOf":"2026-09-26T17:22:08.637Z","sourceCount":1,"primarySource":{"url":"https://www.openstreetmap.org/node/1038108010","title":"OpenStreetMap contributors","publisher":"OpenStreetMap contributors","licence":"ODbL 1.0","reuse":"open_licence"}}},{"type":"Feature","geometry":{"type":"Point","coordinates":[7.84213,47.99776]},"properties":{"id":"osm:node-1041216984","version":"c1f6ef178e0ef123caa5eab63d6e005ca09dc297f7494aa167acb6259ccfe98b","cityId":"freiburg","kind":"place","category":"bakery","title":"Beckesepp","statement":"Beckesepp ist in OpenStreetMap als bakery eingetragen. Betrieb und Öffnungszeiten nicht geprüft.","status":"OSM-Eintrag, nicht offiziell geprüft","startDate":null,"endDate":null,"nextStep":"Aktuelle Angaben direkt beim Ort prüfen.","scale":"street","geometryPrecision":"exact","reviewState":"candidate","asOf":"2026-09-26T17:22:08.637Z","sourceCount":1,"primarySource":{"url":"https://www.openstreetmap.org/node/1041216984","title":"OpenStreetMap contributors","publisher":"OpenStreetMap contributors","licence":"ODbL 1.0","reuse":"open_licence"}}},{"type":"Feature","geometry":{"type":"Point","coordinates":[7.82157,48.01318]},"properties":{"id":"osm:node-10549068840","version":"17f01299d6c95f7f0c188e717cfd74e914f2ffbc373f5be4c6958774b3ad8e01","cityId":"freiburg","kind":"place","category":"kindergarten","title":"Markuskindergarten","statement":"Markuskindergarten ist in OpenStreetMap als kindergarten eingetragen. Betrieb und Öffnungszeiten nicht geprüft.","status":"OSM-Eintrag, nicht offiziell geprüft","startDate":null,"endDate":null,"nextStep":"Aktuelle Angaben direkt beim Ort prüfen.","scale":"street","geometryPrecision":"exact","reviewState":"candidate","asOf":"2026-09-26T17:22:08.637Z","sourceCount":1,"primarySource":{"url":"https://www.openstreetmap.org/node/10549068840","title":"OpenStreetMap contributors","publisher":"OpenStreetMap contributors","licence":"ODbL 1.0","reuse":"open_licence"}}},{"type":"Feature","geometry":{"type":"Point","coordinates":[7.79298,47.98985]},"properties":{"id":"osm:node-10658467920","version":"fc7f74bf8b4eb098b112e44f63c5cebcd0e6f2ee3a9c112e775ac76266f6dd16","cityId":"freiburg","kind":"place","category":"bakery","title":"Dreher","statement":"Dreher ist in OpenStreetMap als bakery eingetragen. Öffnungszeiten in OSM eingetragen; nicht unabhängig bestätigt.","status":"OSM-Eintrag, nicht offiziell geprüft","startDate":null,"endDate":null,"nextStep":"Aktuelle Angaben direkt beim Ort prüfen.","scale":"street","geometryPrecision":"exact","reviewState":"candidate","asOf":"2026-09-26T17:22:08.637Z","sourceCount":1,"primarySource":{"url":"https://www.openstreetmap.org/node/10658467920","title":"OpenStreetMap contributors","publisher":"OpenStreetMap contributors","licence":"ODbL 1.0","reuse":"open_licence"}}},{"type":"Feature","geometry":{"type":"Point","coordinates":[7.85349,47.99916]},"properties":{"id":"osm:node-10689226387","version":"f734646e6ebc9b12595627d13dd702fe9f9b74984c0fad18f71af959a6a093ab","cityId":"freiburg","kind":"place","category":"doctors","title":"Dr. Grolik & Dr. Schäper","statement":"Dr. Grolik & Dr. Schäper ist in OpenStreetMap als doctors eingetragen. Betrieb und Öffnungszeiten nicht geprüft.","status":"OSM-Eintrag, nicht offiziell geprüft","startDate":null,"endDate":null,"nextStep":"Aktuelle Angaben direkt beim Ort prüfen.","scale":"street","geometryPrecision":"exact","reviewState":"candidate","asOf":"2026-09-26T17:22:08.637Z","sourceCount":1,"primarySource":{"url":"https://www.openstreetmap.org/node/10689226387","title":"OpenStreetMap contributors","publisher":"OpenStreetMap contributors","licence":"ODbL 1.0","reuse":"open_licence"}}},{"type":"Feature","geometry":{"type":"Point","coordinates":[7.84733,47.98473]},"properties":{"id":"osm:node-1070565448","version":"56e79a734f4351a27b75e8f6746c1782daaff2970b2b5e7a8b74fc7ee303cb54","cityId":"freiburg","kind":"place","category":"bakery","title":"Strecker","statement":"Strecker ist in OpenStreetMap als bakery eingetragen. Öffnungszeiten in OSM eingetragen; nicht unabhängig bestätigt.","status":"OSM-Eintrag, nicht offiziell geprüft","startDate":null,"endDate":null,"nextStep":"Aktuelle Angaben direkt beim Ort prüfen.","scale":"street","geometryPrecision":"exact","reviewState":"candidate","asOf":"2026-09-26T17:22:08.637Z","sourceCount":1,"primarySource":{"url":"https://www.openstreetmap.org/node/1070565448","title":"OpenStreetMap contributors","publisher":"OpenStreetMap contributors","licence":"ODbL 1.0","reuse":"open_licence"}}},{"type":"Feature","geometry":{"type":"Point","coordinates":[7.8524,47.98843]},"properties":{"id":"osm:node-1071701619","version":"c38a0010e553c14c3d218ab9534383da6f84a1c7307a23f001b9c4665c1e2894","cityId":"freiburg","kind":"place","category":"bakery","title":"Pfeifle","statement":"Pfeifle ist in OpenStreetMap als bakery eingetragen. Öffnungszeiten in OSM eingetragen; nicht unabhängig bestätigt.","status":"OSM-Eintrag, nicht offiziell geprüft","startDate":null,"endDate":null,"nextStep":"Aktuelle Angaben direkt beim Ort prüfen.","scale":"street","geometryPrecision":"exact","reviewState":"candidate","asOf":"2026-09-26T17:22:08.637Z","sourceCount":1,"primarySource":{"url":"https://www.openstreetmap.org/node/1071701619","title":"OpenStreetMap contributors","publisher":"OpenStreetMap contributors","licence":"ODbL 1.0","reuse":"open_licence"}}},{"type":"Feature","geometry":{"type":"Point","coordinates":[7.83915,47.99381]},"properties":{"id":"osm:node-10720594906","version":"dea68f23690740cf716cb2375cf8fef8d8c7779fec6db18765426d26096f3ec5","cityId":"freiburg","kind":"place","category":"doctors","title":"Care Vision","statement":"Care Vision ist in OpenStreetMap als doctors eingetragen. Öffnungszeiten in OSM eingetragen; nicht unabhängig bestätigt.","status":"OSM-Eintrag, nicht offiziell geprüft","startDate":null,"endDate":null,"nextStep":"Aktuelle Angaben direkt beim Ort prüfen.","scale":"street","geometryPrecision":"exact","reviewState":"candidate","asOf":"2026-09-26T17:22:08.637Z","sourceCount":1,"primarySource":{"url":"https://www.openstreetmap.org/node/10720594906","title":"OpenStreetMap contributors","publisher":"OpenStreetMap contributors","licence":"ODbL 1.0","reuse":"open_licence"}}},{"type":"Feature","geometry":{"type":"Point","coordinates":[7.85556,47.99187]},"properties":{"id":"osm:node-10740032111","version":"5b8bc4b36864493ef9c736c8d0611ed5845f1db31b87d3a672c31513aa182558","cityId":"freiburg","kind":"place","category":"pilates","title":"Dynamic Arts","statement":"Dynamic Arts ist in OpenStreetMap als pilates eingetragen. Betrieb und Öffnungszeiten nicht geprüft.","status":"OSM-Eintrag, nicht offiziell geprüft","startDate":null,"endDate":null,"nextStep":"Aktuelle Angaben direkt beim Ort prüfen.","scale":"street","geometryPrecision":"exact","reviewState":"candidate","asOf":"2026-09-26T17:22:08.637Z","sourceCount":1,"primarySource":{"url":"https://www.openstreetmap.org/node/10740032111","title":"OpenStreetMap contributors","publisher":"OpenStreetMap contributors","licence":"ODbL 1.0","reuse":"open_licence"}}},{"type":"Feature","geometry":{"type":"Point","coordinates":[7.84939,48.01311]},"properties":{"id":"osm:node-10742935376","version":"ecb7f59a860b01b4c93cd3a45022f10b395fcf9ad6765185e375369cb22b8dd6","cityId":"freiburg","kind":"place","category":"supermarket","title":"Edeka Rees","statement":"Edeka Rees ist in OpenStreetMap als supermarket eingetragen. Öffnungszeiten in OSM eingetragen; nicht unabhängig bestätigt.","status":"OSM-Eintrag, nicht offiziell geprüft","startDate":null,"endDate":null,"nextStep":"Aktuelle Angaben direkt beim Ort prüfen.","scale":"street","geometryPrecision":"exact","reviewState":"candidate","asOf":"2026-09-26T17:22:08.637Z","sourceCount":1,"primarySource":{"url":"https://www.openstreetmap.org/node/10742935376","title":"OpenStreetMap contributors","publisher":"OpenStreetMap contributors","licence":"ODbL 1.0","reuse":"open_licence"}}},{"type":"Feature","geometry":{"type":"Point","coordinates":[7.81109,47.9788]},"properties":{"id":"osm:node-10754637609","version":"e27d5a585e7fdc85910f24bff950dc9de2c49e289c7d136ff96c5ce15634d195","cityId":"freiburg","kind":"place","category":"bakery","title":"Backhaus der Vielfalt","statement":"Backhaus der Vielfalt ist in OpenStreetMap als bakery eingetragen. Betrieb und Öffnungszeiten nicht geprüft.","status":"OSM-Eintrag, nicht offiziell geprüft","startDate":null,"endDate":null,"nextStep":"Aktuelle Angaben direkt beim Ort prüfen.","scale":"street","geometryPrecision":"exact","reviewState":"candidate","asOf":"2026-09-26T17:22:08.637Z","sourceCount":1,"primarySource":{"url":"https://www.openstreetmap.org/node/10754637609","title":"OpenStreetMap contributors","publisher":"OpenStreetMap contributors","licence":"ODbL 1.0","reuse":"open_licence"}}},{"type":"Feature","geometry":{"type":"Point","coordinates":[7.86316,48.0239]},"properties":{"id":"osm:node-1076172893","version":"e1219165e84586579ce5699463bddaa6bb89aa7a756b9598933ac90b340f980d","cityId":"freiburg","kind":"place","category":"bakery","title":"Zähringer Bäckerei","statement":"Zähringer Bäckerei ist in OpenStreetMap als bakery eingetragen. Öffnungszeiten in OSM eingetragen; nicht unabhängig bestätigt.","status":"OSM-Eintrag, nicht offiziell geprüft","startDate":null,"endDate":null,"nextStep":"Aktuelle Angaben direkt beim Ort prüfen.","scale":"street","geometryPrecision":"exact","reviewState":"candidate","asOf":"2026-09-26T17:22:08.637Z","sourceCount":1,"primarySource":{"url":"https://www.openstreetmap.org/node/1076172893","title":"OpenStreetMap contributors","publisher":"OpenStreetMap contributors","licence":"ODbL 1.0","reuse":"open_licence"}}},{"type":"Feature","geometry":{"type":"Point","coordinates":[7.83776,48.00109]},"properties":{"id":"osm:node-10781612654","version":"fd729e59ef39de1959396cdb41d0b845b723045224d440c5921df8dec05ca2cd","cityId":"freiburg","kind":"place","category":"community_centre","title":"Kultur im Stühlinger Souterrain","statement":"Kultur im Stühlinger Souterrain ist in OpenStreetMap als community_centre eingetragen. Öffnungszeiten in OSM eingetragen; nicht unabhängig bestätigt.","status":"OSM-Eintrag, nicht offiziell geprüft","startDate":null,"endDate":null,"nextStep":"Aktuelle Angaben direkt beim Ort prüfen.","scale":"street","geometryPrecision":"exact","reviewState":"candidate","asOf":"2026-09-26T17:22:08.637Z","sourceCount":1,"primarySource":{"url":"https://www.openstreetmap.org/node/10781612654","title":"OpenStreetMap contributors","publisher":"OpenStreetMap contributors","licence":"ODbL 1.0","reuse":"open_licence"}}},{"type":"Feature","geometry":{"type":"Point","coordinates":[7.86637,47.98777]},"properties":{"id":"osm:node-1081268312","version":"e4f54167c2db5513387a2eb4dc5f7eb5d842a41e9e951e3bd0a32abebe9d8c5d","cityId":"freiburg","kind":"place","category":"kindergarten","title":"Maria-Hilf","statement":"Maria-Hilf ist in OpenStreetMap als kindergarten eingetragen. Betrieb und Öffnungszeiten nicht geprüft.","status":"OSM-Eintrag, nicht offiziell geprüft","startDate":null,"endDate":null,"nextStep":"Aktuelle Angaben direkt beim Ort prüfen.","scale":"street","geometryPrecision":"exact","reviewState":"candidate","asOf":"2026-09-26T17:22:08.637Z","sourceCount":1,"primarySource":{"url":"https://www.openstreetmap.org/node/1081268312","title":"OpenStreetMap contributors","publisher":"OpenStreetMap contributors","licence":"ODbL 1.0","reuse":"open_licence"}}},{"type":"Feature","geometry":{"type":"Point","coordinates":[7.83798,47.99837]},"properties":{"id":"osm:node-10871172128","version":"763473210b2151c623f5b50b376641a7fa1060c7f5f76b62cfe6c213106832ff","cityId":"freiburg","kind":"place","category":"bakery","title":"Backstüble Da Quirino","statement":"Backstüble Da Quirino ist in OpenStreetMap als bakery eingetragen. Öffnungszeiten in OSM eingetragen; nicht unabhängig bestätigt.","status":"OSM-Eintrag, nicht offiziell geprüft","startDate":null,"endDate":null,"nextStep":"Aktuelle Angaben direkt beim Ort prüfen.","scale":"street","geometryPrecision":"exact","reviewState":"candidate","asOf":"2026-09-26T17:22:08.637Z","sourceCount":1,"primarySource":{"url":"https://www.openstreetmap.org/node/10871172128","title":"OpenStreetMap contributors","publisher":"OpenStreetMap contributors","licence":"ODbL 1.0","reuse":"open_licence"}}},{"type":"Feature","geometry":{"type":"Point","coordinates":[7.84095,48.003]},"properties":{"id":"osm:node-10918090450","version":"2779c33074118109bbc4dc6ef4d4110ed09a38cbdfd883445d240244f3f1571d","cityId":"freiburg","kind":"place","category":"bakery","title":"Contrast","statement":"Contrast ist in OpenStreetMap als bakery eingetragen. Öffnungszeiten in OSM eingetragen; nicht unabhängig bestätigt.","status":"OSM-Eintrag, nicht offiziell geprüft","startDate":null,"endDate":null,"nextStep":"Aktuelle Angaben direkt beim Ort prüfen.","scale":"street","geometryPrecision":"exact","reviewState":"candidate","asOf":"2026-09-26T17:22:08.637Z","sourceCount":1,"primarySource":{"url":"https://www.openstreetmap.org/node/10918090450","title":"OpenStreetMap contributors","publisher":"OpenStreetMap contributors","licence":"ODbL 1.0","reuse":"open_licence"}}},{"type":"Feature","geometry":{"type":"Point","coordinates":[7.81271,47.98293]},"properties":{"id":"osm:node-11007303968","version":"249e2e7866027d29690dff3aa10409e4e19376d7bd82bdae3b8352e2971e6ab8","cityId":"freiburg","kind":"place","category":"beachvolleyball","title":"Beachverein Freiburg - Palme","statement":"Beachverein Freiburg - Palme ist in OpenStreetMap als beachvolleyball eingetragen. Betrieb und Öffnungszeiten nicht geprüft.","status":"OSM-Eintrag, nicht offiziell geprüft","startDate":null,"endDate":null,"nextStep":"Aktuelle Angaben direkt beim Ort prüfen.","scale":"street","geometryPrecision":"exact","reviewState":"candidate","asOf":"2026-09-26T17:22:08.637Z","sourceCount":1,"primarySource":{"url":"https://www.openstreetmap.org/node/11007303968","title":"OpenStreetMap contributors","publisher":"OpenStreetMap contributors","licence":"ODbL 1.0","reuse":"open_licence"}}},{"type":"Feature","geometry":{"type":"Point","coordinates":[7.84731,47.98494]},"properties":{"id":"osm:node-1104358246","version":"a8477618a5ebb9a74a876bac3837d47a1e1a411ed90f78d0fa9822f9db98e372","cityId":"freiburg","kind":"place","category":"pharmacy","title":"Loretto-Apotheke","statement":"Loretto-Apotheke ist in OpenStreetMap als pharmacy eingetragen. Öffnungszeiten in OSM eingetragen; nicht unabhängig bestätigt.","status":"OSM-Eintrag, nicht offiziell geprüft","startDate":null,"endDate":null,"nextStep":"Aktuelle Angaben direkt beim Ort prüfen.","scale":"street","geometryPrecision":"exact","reviewState":"candidate","asOf":"2026-09-26T17:22:08.637Z","sourceCount":1,"primarySource":{"url":"https://www.openstreetmap.org/node/1104358246","title":"OpenStreetMap contributors","publisher":"OpenStreetMap contributors","licence":"ODbL 1.0","reuse":"open_licence"}}},{"type":"Feature","geometry":{"type":"Point","coordinates":[7.84873,47.98875]},"properties":{"id":"osm:node-11045341508","version":"466119cbf618963ba718b817eb50d387f9d08915b60e738aa78c4e38d7e7d159","cityId":"freiburg","kind":"place","category":"bakery","title":"Eat Happy","statement":"Eat Happy ist in OpenStreetMap als bakery eingetragen. Öffnungszeiten in OSM eingetragen; nicht unabhängig bestätigt.","status":"OSM-Eintrag, nicht offiziell geprüft","startDate":null,"endDate":null,"nextStep":"Aktuelle Angaben direkt beim Ort prüfen.","scale":"street","geometryPrecision":"exact","reviewState":"candidate","asOf":"2026-09-26T17:22:08.637Z","sourceCount":1,"primarySource":{"url":"https://www.openstreetmap.org/node/11045341508","title":"OpenStreetMap contributors","publisher":"OpenStreetMap contributors","licence":"ODbL 1.0","reuse":"open_licence"}}},{"type":"Feature","geometry":{"type":"Point","coordinates":[7.83626,47.98868]},"properties":{"id":"osm:node-11073262303","version":"351105d8f23c2118a46b9d5d8698dad427a5bf80dedccc94bffda274b3bd5326","cityId":"freiburg","kind":"place","category":"cycling","title":"GENVELO GmbH","statement":"GENVELO GmbH ist in OpenStreetMap als cycling eingetragen. Öffnungszeiten in OSM eingetragen; nicht unabhängig bestätigt.","status":"OSM-Eintrag, nicht offiziell geprüft","startDate":null,"endDate":null,"nextStep":"Aktuelle Angaben direkt beim Ort prüfen.","scale":"street","geometryPrecision":"exact","reviewState":"candidate","asOf":"2026-09-26T17:22:08.637Z","sourceCount":1,"primarySource":{"url":"https://www.openstreetmap.org/node/11073262303","title":"OpenStreetMap contributors","publisher":"OpenStreetMap contributors","licence":"ODbL 1.0","reuse":"open_licence"}}},{"type":"Feature","geometry":{"type":"Point","coordinates":[7.78744,48.00537]},"properties":{"id":"osm:node-11099926283","version":"3a19da96526177d6b06fb0478578a8b2b40f766bd30e1e86b2865ae5e6e3167d","cityId":"freiburg","kind":"place","category":"kindergarten","title":"Waldkinderkrippe im Rieselfeld","statement":"Waldkinderkrippe im Rieselfeld ist in OpenStreetMap als kindergarten eingetragen. Betrieb und Öffnungszeiten nicht geprüft.","status":"OSM-Eintrag, nicht offiziell geprüft","startDate":null,"endDate":null,"nextStep":"Aktuelle Angaben direkt beim Ort prüfen.","scale":"street","geometryPrecision":"exact","reviewState":"candidate","asOf":"2026-09-26T17:22:08.637Z","sourceCount":1,"primarySource":{"url":"https://www.openstreetmap.org/node/11099926283","title":"OpenStreetMap contributors","publisher":"OpenStreetMap contributors","licence":"ODbL 1.0","reuse":"open_licence"}}},{"type":"Feature","geometry":{"type":"Point","coordinates":[7.82319,47.98182]},"properties":{"id":"osm:node-11166310394","version":"a88df0a4fb4cec30ca9ee936a310da80d5625c5f33da2d4292400d5cda1de930","cityId":"freiburg","kind":"place","category":"doctors","title":"Nuklearmedizin Südbaden","statement":"Nuklearmedizin Südbaden ist in OpenStreetMap als doctors eingetragen. Öffnungszeiten in OSM eingetragen; nicht unabhängig bestätigt.","status":"OSM-Eintrag, nicht offiziell geprüft","startDate":null,"endDate":null,"nextStep":"Aktuelle Angaben direkt beim Ort prüfen.","scale":"street","geometryPrecision":"exact","reviewState":"candidate","asOf":"2026-09-26T17:22:08.637Z","sourceCount":1,"primarySource":{"url":"https://www.openstreetmap.org/node/11166310394","title":"OpenStreetMap contributors","publisher":"OpenStreetMap contributors","licence":"ODbL 1.0","reuse":"open_licence"}}},{"type":"Feature","geometry":{"type":"Point","coordinates":[7.84984,47.97216]},"properties":{"id":"osm:node-1116659851","version":"e40e44aa0160d641dcfef4c7223ed274f5129e4e7701518101c5abbdbd11e34d","cityId":"freiburg","kind":"place","category":"kindergarten","title":"Waldkinder e.V.","statement":"Waldkinder e.V. ist in OpenStreetMap als kindergarten eingetragen. Betrieb und Öffnungszeiten nicht geprüft.","status":"OSM-Eintrag, nicht offiziell geprüft","startDate":null,"endDate":null,"nextStep":"Aktuelle Angaben direkt beim Ort prüfen.","scale":"street","geometryPrecision":"exact","reviewState":"candidate","asOf":"2026-09-26T17:22:08.637Z","sourceCount":1,"primarySource":{"url":"https://www.openstreetmap.org/node/1116659851","title":"OpenStreetMap contributors","publisher":"OpenStreetMap contributors","licence":"ODbL 1.0","reuse":"open_licence"}}},{"type":"Feature","geometry":{"type":"Point","coordinates":[7.82124,47.98103]},"properties":{"id":"osm:node-11169861252","version":"33febd183597cd109a325c9a37bd1b8cfe86e329c73b80a931c3441870c67ef4","cityId":"freiburg","kind":"place","category":"bakery","title":"Milch trifft Mehl","statement":"Milch trifft Mehl ist in OpenStreetMap als bakery eingetragen. Betrieb und Öffnungszeiten nicht geprüft.","status":"OSM-Eintrag, nicht offiziell geprüft","startDate":null,"endDate":null,"nextStep":"Aktuelle Angaben direkt beim Ort prüfen.","scale":"street","geometryPrecision":"exact","reviewState":"candidate","asOf":"2026-09-26T17:22:08.637Z","sourceCount":1,"primarySource":{"url":"https://www.openstreetmap.org/node/11169861252","title":"OpenStreetMap contributors","publisher":"OpenStreetMap contributors","licence":"ODbL 1.0","reuse":"open_licence"}}},{"type":"Feature","geometry":{"type":"Point","coordinates":[7.7949,47.99775]},"properties":{"id":"osm:node-11196477038","version":"3f146657d0c289dcf016da260ca90b9bd6db62f5f3d2d829cdb3b6695f864540","cityId":"freiburg","kind":"place","category":"post_office","title":"DPD Station im Kabul","statement":"DPD Station im Kabul ist in OpenStreetMap als post_office eingetragen. Öffnungszeiten in OSM eingetragen; nicht unabhängig bestätigt.","status":"OSM-Eintrag, nicht offiziell geprüft","startDate":null,"endDate":null,"nextStep":"Aktuelle Angaben direkt beim Ort prüfen.","scale":"street","geometryPrecision":"exact","reviewState":"candidate","asOf":"2026-09-26T17:22:08.637Z","sourceCount":1,"primarySource":{"url":"https://www.openstreetmap.org/node/11196477038","title":"OpenStreetMap contributors","publisher":"OpenStreetMap contributors","licence":"ODbL 1.0","reuse":"open_licence"}}},{"type":"Feature","geometry":{"type":"Point","coordinates":[7.83612,48.00017]},"properties":{"id":"osm:node-11209860869","version":"e67f87457f3129fb1d67a0388c61dc975a64efef8fdfff5502df1ae9a4b383a5","cityId":"freiburg","kind":"place","category":"supermarket","title":"Aldi Süd","statement":"Aldi Süd ist in OpenStreetMap als supermarket eingetragen. Öffnungszeiten in OSM eingetragen; nicht unabhängig bestätigt.","status":"OSM-Eintrag, nicht offiziell geprüft","startDate":null,"endDate":null,"nextStep":"Aktuelle Angaben direkt beim Ort prüfen.","scale":"street","geometryPrecision":"exact","reviewState":"candidate","asOf":"2026-09-26T17:22:08.637Z","sourceCount":1,"primarySource":{"url":"https://www.openstreetmap.org/node/11209860869","title":"OpenStreetMap contributors","publisher":"OpenStreetMap contributors","licence":"ODbL 1.0","reuse":"open_licence"}}},{"type":"Feature","geometry":{"type":"Point","coordinates":[7.71709,48.00027]},"properties":{"id":"osm:node-11269056977","version":"d850d44253afd784bbf0fa7ac6cc0c8228310a7c7e19e7c4e6a4e96c465474d7","cityId":"freiburg","kind":"place","category":"doctors","title":"Hausärzte in Opfingen","statement":"Hausärzte in Opfingen ist in OpenStreetMap als doctors eingetragen. Betrieb und Öffnungszeiten nicht geprüft.","status":"OSM-Eintrag, nicht offiziell geprüft","startDate":null,"endDate":null,"nextStep":"Aktuelle Angaben direkt beim Ort prüfen.","scale":"street","geometryPrecision":"exact","reviewState":"candidate","asOf":"2026-09-26T17:22:08.637Z","sourceCount":1,"primarySource":{"url":"https://www.openstreetmap.org/node/11269056977","title":"OpenStreetMap contributors","publisher":"OpenStreetMap contributors","licence":"ODbL 1.0","reuse":"open_licence"}}},{"type":"Feature","geometry":{"type":"Point","coordinates":[7.83054,48.00821]},"properties":{"id":"osm:node-11292850726","version":"46b733738340837f2e779384bc1e464fc9021a58cf6bac4c846d8c061367ecd5","cityId":"freiburg","kind":"place","category":"doctors","title":"Vergiftungs-Informations-Zentrale","statement":"Vergiftungs-Informations-Zentrale ist in OpenStreetMap als doctors eingetragen. Betrieb und Öffnungszeiten nicht geprüft.","status":"OSM-Eintrag, nicht offiziell geprüft","startDate":null,"endDate":null,"nextStep":"Aktuelle Angaben direkt beim Ort prüfen.","scale":"street","geometryPrecision":"exact","reviewState":"candidate","asOf":"2026-09-26T17:22:08.637Z","sourceCount":1,"primarySource":{"url":"https://www.openstreetmap.org/node/11292850726","title":"OpenStreetMap contributors","publisher":"OpenStreetMap contributors","licence":"ODbL 1.0","reuse":"open_licence"}}},{"type":"Feature","geometry":{"type":"Point","coordinates":[7.83078,48.00806]},"properties":{"id":"osm:node-11292850731","version":"0b8caeda6fcc336fc4d78a18823325f13934f199d29a8047d27cb18bd0f59cf4","cityId":"freiburg","kind":"place","category":"doctors","title":"Betriebsärztlicher Dienst","statement":"Betriebsärztlicher Dienst ist in OpenStreetMap als doctors eingetragen. Betrieb und Öffnungszeiten nicht geprüft.","status":"OSM-Eintrag, nicht offiziell geprüft","startDate":null,"endDate":null,"nextStep":"Aktuelle Angaben direkt beim Ort prüfen.","scale":"street","geometryPrecision":"exact","reviewState":"candidate","asOf":"2026-09-26T17:22:08.637Z","sourceCount":1,"primarySource":{"url":"https://www.openstreetmap.org/node/11292850731","title":"OpenStreetMap contributors","publisher":"OpenStreetMap contributors","licence":"ODbL 1.0","reuse":"open_licence"}}},{"type":"Feature","geometry":{"type":"Point","coordinates":[7.86193,47.99117]},"properties":{"id":"osm:node-11295246082","version":"6b67d73790f41c3750991b31555abc63cd6f4a9364e3b0b58f3fa9df3df072a8","cityId":"freiburg","kind":"place","category":"yes","title":"balkon.solar e.V.","statement":"balkon.solar e.V. ist in OpenStreetMap als yes eingetragen. Betrieb und Öffnungszeiten nicht geprüft.","status":"OSM-Eintrag, nicht offiziell geprüft","startDate":null,"endDate":null,"nextStep":"Aktuelle Angaben direkt beim Ort prüfen.","scale":"street","geometryPrecision":"exact","reviewState":"candidate","asOf":"2026-09-26T17:22:08.637Z","sourceCount":1,"primarySource":{"url":"https://www.openstreetmap.org/node/11295246082","title":"OpenStreetMap contributors","publisher":"OpenStreetMap contributors","licence":"ODbL 1.0","reuse":"open_licence"}}},{"type":"Feature","geometry":{"type":"Point","coordinates":[7.84693,48.00558]},"properties":{"id":"osm:node-11356977558","version":"c54238d30bb94364d870eed6d31b9ce2019b03a1467535da1ed37c3048e443d1","cityId":"freiburg","kind":"place","category":"community_centre","title":"Stadtteiltreff Brühl","statement":"Stadtteiltreff Brühl ist in OpenStreetMap als community_centre eingetragen. Betrieb und Öffnungszeiten nicht geprüft.","status":"OSM-Eintrag, nicht offiziell geprüft","startDate":null,"endDate":null,"nextStep":"Aktuelle Angaben direkt beim Ort prüfen.","scale":"street","geometryPrecision":"exact","reviewState":"candidate","asOf":"2026-09-26T17:22:08.637Z","sourceCount":1,"primarySource":{"url":"https://www.openstreetmap.org/node/11356977558","title":"OpenStreetMap contributors","publisher":"OpenStreetMap contributors","licence":"ODbL 1.0","reuse":"open_licence"}}},{"type":"Feature","geometry":{"type":"Point","coordinates":[7.84353,48.00278]},"properties":{"id":"osm:node-11369452697","version":"6afd5265bae4055c898c70a11d68a7d4e14446cbb97f306facde006c98207694","cityId":"freiburg","kind":"place","category":"clinic","title":"Sozialpädiatrisches Zentrum","statement":"Sozialpädiatrisches Zentrum ist in OpenStreetMap als clinic eingetragen. Betrieb und Öffnungszeiten nicht geprüft.","status":"OSM-Eintrag, nicht offiziell geprüft","startDate":null,"endDate":null,"nextStep":"Aktuelle Angaben direkt beim Ort prüfen.","scale":"street","geometryPrecision":"exact","reviewState":"candidate","asOf":"2026-09-26T17:22:08.637Z","sourceCount":1,"primarySource":{"url":"https://www.openstreetmap.org/node/11369452697","title":"OpenStreetMap contributors","publisher":"OpenStreetMap contributors","licence":"ODbL 1.0","reuse":"open_licence"}}},{"type":"Feature","geometry":{"type":"Point","coordinates":[7.85773,48.02387]},"properties":{"id":"osm:node-11406383578","version":"872ae2d99b3e89ae0bf0322dc2e42fb73dd40f104d189e720943327e293921bc","cityId":"freiburg","kind":"place","category":"doctors","title":"Praxis für Kinder und Jugendliche Dr. Julia Vry Dr. Anne Hammer","statement":"Praxis für Kinder und Jugendliche Dr. Julia Vry Dr. Anne Hammer ist in OpenStreetMap als doctors eingetragen. Betrieb und Öffnungszeiten nicht geprüft.","status":"OSM-Eintrag, nicht offiziell geprüft","startDate":null,"endDate":null,"nextStep":"Aktuelle Angaben direkt beim Ort prüfen.","scale":"street","geometryPrecision":"exact","reviewState":"candidate","asOf":"2026-09-26T17:22:08.637Z","sourceCount":1,"primarySource":{"url":"https://www.openstreetmap.org/node/11406383578","title":"OpenStreetMap contributors","publisher":"OpenStreetMap contributors","licence":"ODbL 1.0","reuse":"open_licence"}}},{"type":"Feature","geometry":{"type":"Point","coordinates":[7.84016,47.99297]},"properties":{"id":"osm:node-1144623726","version":"8ea606dba3deef00c67d72350ad90416412d501835fd3256b6758646343173b7","cityId":"freiburg","kind":"place","category":"kindergarten","title":"Kita Glacisweg e. V.","statement":"Kita Glacisweg e. V. ist in OpenStreetMap als kindergarten eingetragen. Betrieb und Öffnungszeiten nicht geprüft.","status":"OSM-Eintrag, nicht offiziell geprüft","startDate":null,"endDate":null,"nextStep":"Aktuelle Angaben direkt beim Ort prüfen.","scale":"street","geometryPrecision":"exact","reviewState":"candidate","asOf":"2026-09-26T17:22:08.637Z","sourceCount":1,"primarySource":{"url":"https://www.openstreetmap.org/node/1144623726","title":"OpenStreetMap contributors","publisher":"OpenStreetMap contributors","licence":"ODbL 1.0","reuse":"open_licence"}}},{"type":"Feature","geometry":{"type":"Point","coordinates":[7.85478,48.01521]},"properties":{"id":"osm:node-11539593856","version":"304a8929952c70977ff0fba429457891964f964d56d307a6d9069b0703d9186c","cityId":"freiburg","kind":"place","category":"doctors","title":"Praxis Kerstin Hertz","statement":"Praxis Kerstin Hertz ist in OpenStreetMap als doctors eingetragen. Öffnungszeiten in OSM eingetragen; nicht unabhängig bestätigt.","status":"OSM-Eintrag, nicht offiziell geprüft","startDate":null,"endDate":null,"nextStep":"Aktuelle Angaben direkt beim Ort prüfen.","scale":"street","geometryPrecision":"exact","reviewState":"candidate","asOf":"2026-09-26T17:22:08.637Z","sourceCount":1,"primarySource":{"url":"https://www.openstreetmap.org/node/11539593856","title":"OpenStreetMap contributors","publisher":"OpenStreetMap contributors","licence":"ODbL 1.0","reuse":"open_licence"}}},{"type":"Feature","geometry":{"type":"Point","coordinates":[7.8692,47.98755]},"properties":{"id":"osm:node-1154579940","version":"8686d1c916147034465bdee57a5d31d00bb554106a2dae2098d562e145aed694","cityId":"freiburg","kind":"place","category":"doctors","title":"Kinder- und Jugendarztpraxis Dorn & Zeller","statement":"Kinder- und Jugendarztpraxis Dorn & Zeller ist in OpenStreetMap als doctors eingetragen. Betrieb und Öffnungszeiten nicht geprüft.","status":"OSM-Eintrag, nicht offiziell geprüft","startDate":null,"endDate":null,"nextStep":"Aktuelle Angaben direkt beim Ort prüfen.","scale":"street","geometryPrecision":"exact","reviewState":"candidate","asOf":"2026-09-26T17:22:08.637Z","sourceCount":1,"primarySource":{"url":"https://www.openstreetmap.org/node/1154579940","title":"OpenStreetMap contributors","publisher":"OpenStreetMap contributors","licence":"ODbL 1.0","reuse":"open_licence"}}},{"type":"Feature","geometry":{"type":"Point","coordinates":[7.80672,48.02383]},"properties":{"id":"osm:node-1158024363","version":"409b7c0b7e4e5d7cbaff5bbc5036ab9e5e18919819797ff9880e0e53a8a5cd02","cityId":"freiburg","kind":"place","category":"school","title":"Albert-Schweitzer-Grundschule","statement":"Albert-Schweitzer-Grundschule ist in OpenStreetMap als school eingetragen. Betrieb und Öffnungszeiten nicht geprüft.","status":"OSM-Eintrag, nicht offiziell geprüft","startDate":null,"endDate":null,"nextStep":"Aktuelle Angaben direkt beim Ort prüfen.","scale":"street","geometryPrecision":"exact","reviewState":"candidate","asOf":"2026-09-26T17:22:08.637Z","sourceCount":1,"primarySource":{"url":"https://www.openstreetmap.org/node/1158024363","title":"OpenStreetMap contributors","publisher":"OpenStreetMap contributors","licence":"ODbL 1.0","reuse":"open_licence"}}},{"type":"Feature","geometry":{"type":"Point","coordinates":[7.85836,47.98905]},"properties":{"id":"osm:node-11581934312","version":"7671a8d4e1535d63d8174802a49258584e3aa53e7513650fc71e6b2e5491d35b","cityId":"freiburg","kind":"place","category":"doctors","title":"Gemeinschaftspraxis für Frauenheilkunde und Geburtshilfe","statement":"Gemeinschaftspraxis für Frauenheilkunde und Geburtshilfe ist in OpenStreetMap als doctors eingetragen. Öffnungszeiten in OSM eingetragen; nicht unabhängig bestätigt.","status":"OSM-Eintrag, nicht offiziell geprüft","startDate":null,"endDate":null,"nextStep":"Aktuelle Angaben direkt beim Ort prüfen.","scale":"street","geometryPrecision":"exact","reviewState":"candidate","asOf":"2026-09-26T17:22:08.637Z","sourceCount":1,"primarySource":{"url":"https://www.openstreetmap.org/node/11581934312","title":"OpenStreetMap contributors","publisher":"OpenStreetMap contributors","licence":"ODbL 1.0","reuse":"open_licence"}}},{"type":"Feature","geometry":{"type":"Point","coordinates":[7.81522,48.02513]},"properties":{"id":"osm:node-11606187307","version":"c7a1a8fbf1bcfa94e9a5918f9f3a60e1fb9fab6036fdae13d393911c7413f6b9","cityId":"freiburg","kind":"place","category":"pharmacy","title":"Apotheke an der Diakonie","statement":"Apotheke an der Diakonie ist in OpenStreetMap als pharmacy eingetragen. Betrieb und Öffnungszeiten nicht geprüft.","status":"OSM-Eintrag, nicht offiziell geprüft","startDate":null,"endDate":null,"nextStep":"Aktuelle Angaben direkt beim Ort prüfen.","scale":"street","geometryPrecision":"exact","reviewState":"candidate","asOf":"2026-09-26T17:22:08.637Z","sourceCount":1,"primarySource":{"url":"https://www.openstreetmap.org/node/11606187307","title":"OpenStreetMap contributors","publisher":"OpenStreetMap contributors","licence":"ODbL 1.0","reuse":"open_licence"}}},{"type":"Feature","geometry":{"type":"Point","coordinates":[7.81296,48.01028]},"properties":{"id":"osm:node-11606203229","version":"94d59f56f5acce6876594db0a775d5e4e764f9fb083bfeada5a0c25b0f91f660","cityId":"freiburg","kind":"place","category":"doctors","title":"Hautpraxis am Seepark","statement":"Hautpraxis am Seepark ist in OpenStreetMap als doctors eingetragen. Betrieb und Öffnungszeiten nicht geprüft.","status":"OSM-Eintrag, nicht offiziell geprüft","startDate":null,"endDate":null,"nextStep":"Aktuelle Angaben direkt beim Ort prüfen.","scale":"street","geometryPrecision":"exact","reviewState":"candidate","asOf":"2026-09-26T17:22:08.637Z","sourceCount":1,"primarySource":{"url":"https://www.openstreetmap.org/node/11606203229","title":"OpenStreetMap contributors","publisher":"OpenStreetMap contributors","licence":"ODbL 1.0","reuse":"open_licence"}}},{"type":"Feature","geometry":{"type":"Point","coordinates":[7.81246,48.01051]},"properties":{"id":"osm:node-11606203232","version":"8f0afe81980f982bbe3ccee034b23e4b701b8d8c92b4a70880e84bacc8c8d170","cityId":"freiburg","kind":"place","category":"supermarket","title":"Amina Markt","statement":"Amina Markt ist in OpenStreetMap als supermarket eingetragen. Öffnungszeiten in OSM eingetragen; nicht unabhängig bestätigt.","status":"OSM-Eintrag, nicht offiziell geprüft","startDate":null,"endDate":null,"nextStep":"Aktuelle Angaben direkt beim Ort prüfen.","scale":"street","geometryPrecision":"exact","reviewState":"candidate","asOf":"2026-09-26T17:22:08.637Z","sourceCount":1,"primarySource":{"url":"https://www.openstreetmap.org/node/11606203232","title":"OpenStreetMap contributors","publisher":"OpenStreetMap contributors","licence":"ODbL 1.0","reuse":"open_licence"}}},{"type":"Feature","geometry":{"type":"Point","coordinates":[7.80892,48.02428]},"properties":{"id":"osm:node-11606222846","version":"a06547eb68494a9877d5ead21ac1d3f6a0d01e4ce3fc80cc2ef2e417550c5c4f","cityId":"freiburg","kind":"place","category":"kindergarten","title":"Zachäus Kindergarten","statement":"Zachäus Kindergarten ist in OpenStreetMap als kindergarten eingetragen. Betrieb und Öffnungszeiten nicht geprüft.","status":"OSM-Eintrag, nicht offiziell geprüft","startDate":null,"endDate":null,"nextStep":"Aktuelle Angaben direkt beim Ort prüfen.","scale":"street","geometryPrecision":"exact","reviewState":"candidate","asOf":"2026-09-26T17:22:08.637Z","sourceCount":1,"primarySource":{"url":"https://www.openstreetmap.org/node/11606222846","title":"OpenStreetMap contributors","publisher":"OpenStreetMap contributors","licence":"ODbL 1.0","reuse":"open_licence"}}},{"type":"Feature","geometry":{"type":"Point","coordinates":[7.80807,48.02301]},"properties":{"id":"osm:node-11606225473","version":"b83c2e18c193f7cf6b65736c6e53d65372417d8ce774696f51b85d0a832d94bb","cityId":"freiburg","kind":"place","category":"kindergarten","title":"Katholischer Kindergarten St. Petrus Canisius","statement":"Katholischer Kindergarten St. Petrus Canisius ist in OpenStreetMap als kindergarten eingetragen. Betrieb und Öffnungszeiten nicht geprüft.","status":"OSM-Eintrag, nicht offiziell geprüft","startDate":null,"endDate":null,"nextStep":"Aktuelle Angaben direkt beim Ort prüfen.","scale":"street","geometryPrecision":"exact","reviewState":"candidate","asOf":"2026-09-26T17:22:08.637Z","sourceCount":1,"primarySource":{"url":"https://www.openstreetmap.org/node/11606225473","title":"OpenStreetMap contributors","publisher":"OpenStreetMap contributors","licence":"ODbL 1.0","reuse":"open_licence"}}},{"type":"Feature","geometry":{"type":"Point","coordinates":[7.82175,47.99337]},"properties":{"id":"osm:node-11607527464","version":"86e4cee66d679da1816c3ce4a024a7000ca01500eed936147529a30550937ce8","cityId":"freiburg","kind":"place","category":"doctors","title":"Praxis Bellert, Helas, Hüther, Senn","statement":"Praxis Bellert, Helas, Hüther, Senn ist in OpenStreetMap als doctors eingetragen. Betrieb und Öffnungszeiten nicht geprüft.","status":"OSM-Eintrag, nicht offiziell geprüft","startDate":null,"endDate":null,"nextStep":"Aktuelle Angaben direkt beim Ort prüfen.","scale":"street","geometryPrecision":"exact","reviewState":"candidate","asOf":"2026-09-26T17:22:08.637Z","sourceCount":1,"primarySource":{"url":"https://www.openstreetmap.org/node/11607527464","title":"OpenStreetMap contributors","publisher":"OpenStreetMap contributors","licence":"ODbL 1.0","reuse":"open_licence"}}},{"type":"Feature","geometry":{"type":"Point","coordinates":[7.72056,47.99991]},"properties":{"id":"osm:node-11681691970","version":"820a8d8aeb3dafb0f6bca042efd7a09cd0556bae67bd065a5eb2d7fd715715d3","cityId":"freiburg","kind":"place","category":"community_centre","title":"Begegnungsraum am Mühlbach","statement":"Begegnungsraum am Mühlbach ist in OpenStreetMap als community_centre eingetragen. Betrieb und Öffnungszeiten nicht geprüft.","status":"OSM-Eintrag, nicht offiziell geprüft","startDate":null,"endDate":null,"nextStep":"Aktuelle Angaben direkt beim Ort prüfen.","scale":"street","geometryPrecision":"exact","reviewState":"candidate","asOf":"2026-09-26T17:22:08.637Z","sourceCount":1,"primarySource":{"url":"https://www.openstreetmap.org/node/11681691970","title":"OpenStreetMap contributors","publisher":"OpenStreetMap contributors","licence":"ODbL 1.0","reuse":"open_licence"}}},{"type":"Feature","geometry":{"type":"Point","coordinates":[7.84748,47.99418]},"properties":{"id":"osm:node-11703668029","version":"eb3fd47c59a2d74fbbb0c53c2b12b3af57c8cad84fe5dbc2c3c20db4a167f2cb","cityId":"freiburg","kind":"place","category":"library","title":"Bibliothek des Deutschen Seminars","statement":"Bibliothek des Deutschen Seminars ist in OpenStreetMap als library eingetragen. Öffnungszeiten in OSM eingetragen; nicht unabhängig bestätigt.","status":"OSM-Eintrag, nicht offiziell geprüft","startDate":null,"endDate":null,"nextStep":"Aktuelle Angaben direkt beim Ort prüfen.","scale":"street","geometryPrecision":"exact","reviewState":"candidate","asOf":"2026-09-26T17:22:08.637Z","sourceCount":1,"primarySource":{"url":"https://www.openstreetmap.org/node/11703668029","title":"OpenStreetMap contributors","publisher":"OpenStreetMap contributors","licence":"ODbL 1.0","reuse":"open_licence"}}},{"type":"Feature","geometry":{"type":"Point","coordinates":[7.84545,48.01333]},"properties":{"id":"osm:node-11737069992","version":"f74b351f95344dc7ada130bb56cd686321d0e53f43fed4ac98718e02e42e89e5","cityId":"freiburg","kind":"place","category":"kindergarten","title":"Kindertagesstätte Nesthäkchen","statement":"Kindertagesstätte Nesthäkchen ist in OpenStreetMap als kindergarten eingetragen. Betrieb und Öffnungszeiten nicht geprüft.","status":"OSM-Eintrag, nicht offiziell geprüft","startDate":null,"endDate":null,"nextStep":"Aktuelle Angaben direkt beim Ort prüfen.","scale":"street","geometryPrecision":"exact","reviewState":"candidate","asOf":"2026-09-26T17:22:08.637Z","sourceCount":1,"primarySource":{"url":"https://www.openstreetmap.org/node/11737069992","title":"OpenStreetMap contributors","publisher":"OpenStreetMap contributors","licence":"ODbL 1.0","reuse":"open_licence"}}},{"type":"Feature","geometry":{"type":"Point","coordinates":[7.83179,48.01494]},"properties":{"id":"osm:node-11737069993","version":"6e7bc1b0b9566e765f3a98a6a947b30c3962ab68421f03b3073bac8a9137cf00","cityId":"freiburg","kind":"place","category":"kindergarten","title":"JHW - Kita Wolkengarten","statement":"JHW - Kita Wolkengarten ist in OpenStreetMap als kindergarten eingetragen. Betrieb und Öffnungszeiten nicht geprüft.","status":"OSM-Eintrag, nicht offiziell geprüft","startDate":null,"endDate":null,"nextStep":"Aktuelle Angaben direkt beim Ort prüfen.","scale":"street","geometryPrecision":"exact","reviewState":"candidate","asOf":"2026-09-26T17:22:08.637Z","sourceCount":1,"primarySource":{"url":"https://www.openstreetmap.org/node/11737069993","title":"OpenStreetMap contributors","publisher":"OpenStreetMap contributors","licence":"ODbL 1.0","reuse":"open_licence"}}},{"type":"Feature","geometry":{"type":"Point","coordinates":[7.8163,47.99174]},"properties":{"id":"osm:node-1175010307","version":"deb806b7d011c894d9ae1bce2543980d4c8deb4eb7bab1bb091c91a0ae70637a","cityId":"freiburg","kind":"place","category":"bakery","title":"Schöpflin's Backhaus","statement":"Schöpflin's Backhaus ist in OpenStreetMap als bakery eingetragen. Öffnungszeiten in OSM eingetragen; nicht unabhängig bestätigt.","status":"OSM-Eintrag, nicht offiziell geprüft","startDate":null,"endDate":null,"nextStep":"Aktuelle Angaben direkt beim Ort prüfen.","scale":"street","geometryPrecision":"exact","reviewState":"candidate","asOf":"2026-09-26T17:22:08.637Z","sourceCount":1,"primarySource":{"url":"https://www.openstreetmap.org/node/1175010307","title":"OpenStreetMap contributors","publisher":"OpenStreetMap contributors","licence":"ODbL 1.0","reuse":"open_licence"}}},{"type":"Feature","geometry":{"type":"Point","coordinates":[7.8068,47.99142]},"properties":{"id":"osm:node-11778603428","version":"5b3370c5a342d9c8120bd0800f8c806c661125c1c70ab1cf5012f4bf1af5a164","cityId":"freiburg","kind":"place","category":"bakery","title":"Balkan Bäckerei","statement":"Balkan Bäckerei ist in OpenStreetMap als bakery eingetragen. Öffnungszeiten in OSM eingetragen; nicht unabhängig bestätigt.","status":"OSM-Eintrag, nicht offiziell geprüft","startDate":null,"endDate":null,"nextStep":"Aktuelle Angaben direkt beim Ort prüfen.","scale":"street","geometryPrecision":"exact","reviewState":"candidate","asOf":"2026-09-26T17:22:08.637Z","sourceCount":1,"primarySource":{"url":"https://www.openstreetmap.org/node/11778603428","title":"OpenStreetMap contributors","publisher":"OpenStreetMap contributors","licence":"ODbL 1.0","reuse":"open_licence"}}},{"type":"Feature","geometry":{"type":"Point","coordinates":[7.85015,48.01358]},"properties":{"id":"osm:node-11778919953","version":"0d86fc41438ed9a2fac377b68922c4a1d3a0b60700228313bc0d426f9e54576d","cityId":"freiburg","kind":"place","category":"kindergarten","title":"AWO Kita am Güterbahnhof","statement":"AWO Kita am Güterbahnhof ist in OpenStreetMap als kindergarten eingetragen. Öffnungszeiten in OSM eingetragen; nicht unabhängig bestätigt.","status":"OSM-Eintrag, nicht offiziell geprüft","startDate":null,"endDate":null,"nextStep":"Aktuelle Angaben direkt beim Ort prüfen.","scale":"street","geometryPrecision":"exact","reviewState":"candidate","asOf":"2026-09-26T17:22:08.637Z","sourceCount":1,"primarySource":{"url":"https://www.openstreetmap.org/node/11778919953","title":"OpenStreetMap contributors","publisher":"OpenStreetMap contributors","licence":"ODbL 1.0","reuse":"open_licence"}}},{"type":"Feature","geometry":{"type":"Point","coordinates":[7.8523,47.99112]},"properties":{"id":"osm:node-11802426572","version":"2fd0a5e76832e94671ce0cc66d7f0ae1a3243de5e8365f80c7134b7572612753","cityId":"freiburg","kind":"place","category":"doctors","title":"Hausarztpraxis Dres. Werner Hassert-Caselli und Brigitte Buchtela","statement":"Hausarztpraxis Dres. Werner Hassert-Caselli und Brigitte Buchtela ist in OpenStreetMap als doctors eingetragen. Betrieb und Öffnungszeiten nicht geprüft.","status":"OSM-Eintrag, nicht offiziell geprüft","startDate":null,"endDate":null,"nextStep":"Aktuelle Angaben direkt beim Ort prüfen.","scale":"street","geometryPrecision":"exact","reviewState":"candidate","asOf":"2026-09-26T17:22:08.637Z","sourceCount":1,"primarySource":{"url":"https://www.openstreetmap.org/node/11802426572","title":"OpenStreetMap contributors","publisher":"OpenStreetMap contributors","licence":"ODbL 1.0","reuse":"open_licence"}}},{"type":"Feature","geometry":{"type":"Point","coordinates":[7.85121,47.98532]},"properties":{"id":"osm:node-11837066133","version":"6f277f11f160fd75b6668ac9090a24aaf7a30eb87f0e0452857e3b7b272a1994","cityId":"freiburg","kind":"place","category":"doctors","title":"Kinderarzt am Alten Wiehrebahnhof","statement":"Kinderarzt am Alten Wiehrebahnhof ist in OpenStreetMap als doctors eingetragen. Betrieb und Öffnungszeiten nicht geprüft.","status":"OSM-Eintrag, nicht offiziell geprüft","startDate":null,"endDate":null,"nextStep":"Aktuelle Angaben direkt beim Ort prüfen.","scale":"street","geometryPrecision":"exact","reviewState":"candidate","asOf":"2026-09-26T17:22:08.637Z","sourceCount":1,"primarySource":{"url":"https://www.openstreetmap.org/node/11837066133","title":"OpenStreetMap contributors","publisher":"OpenStreetMap contributors","licence":"ODbL 1.0","reuse":"open_licence"}}},{"type":"Feature","geometry":{"type":"Point","coordinates":[7.85858,48.01973]},"properties":{"id":"osm:node-11881072676","version":"14988e09420b9baf5171cf7b92e1026604a5ff90259aaf9cf44a3e79a1a33c4d","cityId":"freiburg","kind":"place","category":"community_centre","title":"JATZ","statement":"JATZ ist in OpenStreetMap als community_centre eingetragen. Betrieb und Öffnungszeiten nicht geprüft.","status":"OSM-Eintrag, nicht offiziell geprüft","startDate":null,"endDate":null,"nextStep":"Aktuelle Angaben direkt beim Ort prüfen.","scale":"street","geometryPrecision":"exact","reviewState":"candidate","asOf":"2026-09-26T17:22:08.637Z","sourceCount":1,"primarySource":{"url":"https://www.openstreetmap.org/node/11881072676","title":"OpenStreetMap contributors","publisher":"OpenStreetMap contributors","licence":"ODbL 1.0","reuse":"open_licence"}}},{"type":"Feature","geometry":{"type":"Point","coordinates":[7.8704,47.988]},"properties":{"id":"osm:node-1188801603","version":"e32f2b9ac214a5d6b907a4f1c262ab4edfe9131ffa298f02df28dd71f8cb02f9","cityId":"freiburg","kind":"place","category":"bakery","title":"Armbruster","statement":"Armbruster ist in OpenStreetMap als bakery eingetragen. Betrieb und Öffnungszeiten nicht geprüft.","status":"OSM-Eintrag, nicht offiziell geprüft","startDate":null,"endDate":null,"nextStep":"Aktuelle Angaben direkt beim Ort prüfen.","scale":"street","geometryPrecision":"exact","reviewState":"candidate","asOf":"2026-09-26T17:22:08.637Z","sourceCount":1,"primarySource":{"url":"https://www.openstreetmap.org/node/1188801603","title":"OpenStreetMap contributors","publisher":"OpenStreetMap contributors","licence":"ODbL 1.0","reuse":"open_licence"}}},{"type":"Feature","geometry":{"type":"Point","coordinates":[7.83232,48.00458]},"properties":{"id":"osm:node-11889784106","version":"f8389df924e15f211082885fa93dedebecd6654321d60341bed6522583a76f35","cityId":"freiburg","kind":"place","category":"clinic","title":"Interdisziplinäres Schmerzzentrum","statement":"Interdisziplinäres Schmerzzentrum ist in OpenStreetMap als clinic eingetragen. Betrieb und Öffnungszeiten nicht geprüft.","status":"OSM-Eintrag, nicht offiziell geprüft","startDate":null,"endDate":null,"nextStep":"Aktuelle Angaben direkt beim Ort prüfen.","scale":"street","geometryPrecision":"exact","reviewState":"candidate","asOf":"2026-09-26T17:22:08.637Z","sourceCount":1,"primarySource":{"url":"https://www.openstreetmap.org/node/11889784106","title":"OpenStreetMap contributors","publisher":"OpenStreetMap contributors","licence":"ODbL 1.0","reuse":"open_licence"}}},{"type":"Feature","geometry":{"type":"Point","coordinates":[7.8356,47.99807]},"properties":{"id":"osm:node-11891914188","version":"6d21f8375b9b6a8d80fcd200c1c994c00adc43db4c24560e6563c8e7b63e5cb0","cityId":"freiburg","kind":"place","category":"post_office","title":"Deutsche Post Filiale 409","statement":"Deutsche Post Filiale 409 ist in OpenStreetMap als post_office eingetragen. Öffnungszeiten in OSM eingetragen; nicht unabhängig bestätigt.","status":"OSM-Eintrag, nicht offiziell geprüft","startDate":null,"endDate":null,"nextStep":"Aktuelle Angaben direkt beim Ort prüfen.","scale":"street","geometryPrecision":"exact","reviewState":"candidate","asOf":"2026-09-26T17:22:08.637Z","sourceCount":1,"primarySource":{"url":"https://www.openstreetmap.org/node/11891914188","title":"OpenStreetMap contributors","publisher":"OpenStreetMap contributors","licence":"ODbL 1.0","reuse":"open_licence"}}},{"type":"Feature","geometry":{"type":"Point","coordinates":[7.85235,47.98808]},"properties":{"id":"osm:node-11968699378","version":"70892fa5d9b8a84b2835e60cc0d1bf8631ae8d7cc65f97c6e7307e79c94fe37c","cityId":"freiburg","kind":"place","category":"doctors","title":"Praxisgemeinschaft f. Naturheilkunde","statement":"Praxisgemeinschaft f. Naturheilkunde ist in OpenStreetMap als doctors eingetragen. Öffnungszeiten in OSM eingetragen; nicht unabhängig bestätigt.","status":"OSM-Eintrag, nicht offiziell geprüft","startDate":null,"endDate":null,"nextStep":"Aktuelle Angaben direkt beim Ort prüfen.","scale":"street","geometryPrecision":"exact","reviewState":"candidate","asOf":"2026-09-26T17:22:08.637Z","sourceCount":1,"primarySource":{"url":"https://www.openstreetmap.org/node/11968699378","title":"OpenStreetMap contributors","publisher":"OpenStreetMap contributors","licence":"ODbL 1.0","reuse":"open_licence"}}},{"type":"Feature","geometry":{"type":"Point","coordinates":[7.87086,47.98784]},"properties":{"id":"osm:node-1198044728","version":"1f7b24c6fcfed606815059848ae3fc48c7ed0ada69342b22895555082531e5f5","cityId":"freiburg","kind":"place","category":"fitness","title":"Rückgrat","statement":"Rückgrat ist in OpenStreetMap als fitness eingetragen. Betrieb und Öffnungszeiten nicht geprüft.","status":"OSM-Eintrag, nicht offiziell geprüft","startDate":null,"endDate":null,"nextStep":"Aktuelle Angaben direkt beim Ort prüfen.","scale":"street","geometryPrecision":"exact","reviewState":"candidate","asOf":"2026-09-26T17:22:08.637Z","sourceCount":1,"primarySource":{"url":"https://www.openstreetmap.org/node/1198044728","title":"OpenStreetMap contributors","publisher":"OpenStreetMap contributors","licence":"ODbL 1.0","reuse":"open_licence"}}},{"type":"Feature","geometry":{"type":"Point","coordinates":[7.80153,48.01596]},"properties":{"id":"osm:node-1198064141","version":"dbf9edbb107629e6b336dbcce4b55f52a9baa1f7637d121ba0e88da4a030c647","cityId":"freiburg","kind":"place","category":"doctors","title":"Arztpraxis Dr. med. Ralf Becker","statement":"Arztpraxis Dr. med. Ralf Becker ist in OpenStreetMap als doctors eingetragen. Öffnungszeiten in OSM eingetragen; nicht unabhängig bestätigt.","status":"OSM-Eintrag, nicht offiziell geprüft","startDate":null,"endDate":null,"nextStep":"Aktuelle Angaben direkt beim Ort prüfen.","scale":"street","geometryPrecision":"exact","reviewState":"candidate","asOf":"2026-09-26T17:22:08.637Z","sourceCount":1,"primarySource":{"url":"https://www.openstreetmap.org/node/1198064141","title":"OpenStreetMap contributors","publisher":"OpenStreetMap contributors","licence":"ODbL 1.0","reuse":"open_licence"}}},{"type":"Feature","geometry":{"type":"Point","coordinates":[7.80512,48.01752]},"properties":{"id":"osm:node-1198126956","version":"7d5e7e97ba6aa1cdef5bb870b09ed18661fa703eb9f5db20d18bca4721fba48b","cityId":"freiburg","kind":"place","category":"townhall","title":"Ortsverwaltung Lehen","statement":"Ortsverwaltung Lehen ist in OpenStreetMap als townhall eingetragen. Betrieb und Öffnungszeiten nicht geprüft.","status":"OSM-Eintrag, nicht offiziell geprüft","startDate":null,"endDate":null,"nextStep":"Aktuelle Angaben direkt beim Ort prüfen.","scale":"street","geometryPrecision":"exact","reviewState":"candidate","asOf":"2026-09-26T17:22:08.637Z","sourceCount":1,"primarySource":{"url":"https://www.openstreetmap.org/node/1198126956","title":"OpenStreetMap contributors","publisher":"OpenStreetMap contributors","licence":"ODbL 1.0","reuse":"open_licence"}}},{"type":"Feature","geometry":{"type":"Point","coordinates":[7.83408,47.99496]},"properties":{"id":"osm:node-12000403067","version":"658ed5003422c8dd8f3c2c96ca652afb190684f4a4213194a3dcd5a5dc67a88a","cityId":"freiburg","kind":"place","category":"skiing;snowboard","title":"Valhalla Ski","statement":"Valhalla Ski ist in OpenStreetMap als skiing;snowboard eingetragen. Betrieb und Öffnungszeiten nicht geprüft.","status":"OSM-Eintrag, nicht offiziell geprüft","startDate":null,"endDate":null,"nextStep":"Aktuelle Angaben direkt beim Ort prüfen.","scale":"street","geometryPrecision":"exact","reviewState":"candidate","asOf":"2026-09-26T17:22:08.637Z","sourceCount":1,"primarySource":{"url":"https://www.openstreetmap.org/node/12000403067","title":"OpenStreetMap contributors","publisher":"OpenStreetMap contributors","licence":"ODbL 1.0","reuse":"open_licence"}}},{"type":"Feature","geometry":{"type":"Point","coordinates":[7.85836,48.02204]},"properties":{"id":"osm:node-12036054989","version":"696032a8ec8b978b04ab232f242575624e4224004548a451fdae6b148205a61a","cityId":"freiburg","kind":"place","category":"doctors","title":"Annika Lay & Max Lay","statement":"Annika Lay & Max Lay ist in OpenStreetMap als doctors eingetragen. Öffnungszeiten in OSM eingetragen; nicht unabhängig bestätigt.","status":"OSM-Eintrag, nicht offiziell geprüft","startDate":null,"endDate":null,"nextStep":"Aktuelle Angaben direkt beim Ort prüfen.","scale":"street","geometryPrecision":"exact","reviewState":"candidate","asOf":"2026-09-26T17:22:08.637Z","sourceCount":1,"primarySource":{"url":"https://www.openstreetmap.org/node/12036054989","title":"OpenStreetMap contributors","publisher":"OpenStreetMap contributors","licence":"ODbL 1.0","reuse":"open_licence"}}},{"type":"Feature","geometry":{"type":"Point","coordinates":[7.85518,48.02024]},"properties":{"id":"osm:node-12111602710","version":"99bd0738238b42c82de461c203b4bca7b1137f26595e541e98bc0b6520711a73","cityId":"freiburg","kind":"place","category":"kindergarten","title":"Thomaskindergarten","statement":"Thomaskindergarten ist in OpenStreetMap als kindergarten eingetragen. Betrieb und Öffnungszeiten nicht geprüft.","status":"OSM-Eintrag, nicht offiziell geprüft","startDate":null,"endDate":null,"nextStep":"Aktuelle Angaben direkt beim Ort prüfen.","scale":"street","geometryPrecision":"exact","reviewState":"candidate","asOf":"2026-09-26T17:22:08.637Z","sourceCount":1,"primarySource":{"url":"https://www.openstreetmap.org/node/12111602710","title":"OpenStreetMap contributors","publisher":"OpenStreetMap contributors","licence":"ODbL 1.0","reuse":"open_licence"}}},{"type":"Feature","geometry":{"type":"Point","coordinates":[7.80972,48.02372]},"properties":{"id":"osm:node-12132228809","version":"0c832e5e97da413e0d6203d6d44ba39dccc7f0b84f126529069b4045e0af3686","cityId":"freiburg","kind":"place","category":"supermarket","title":"REWE","statement":"REWE ist in OpenStreetMap als supermarket eingetragen. Öffnungszeiten in OSM eingetragen; nicht unabhängig bestätigt.","status":"OSM-Eintrag, nicht offiziell geprüft","startDate":null,"endDate":null,"nextStep":"Aktuelle Angaben direkt beim Ort prüfen.","scale":"street","geometryPrecision":"exact","reviewState":"candidate","asOf":"2026-09-26T17:22:08.637Z","sourceCount":1,"primarySource":{"url":"https://www.openstreetmap.org/node/12132228809","title":"OpenStreetMap contributors","publisher":"OpenStreetMap contributors","licence":"ODbL 1.0","reuse":"open_licence"}}},{"type":"Feature","geometry":{"type":"Point","coordinates":[7.80904,48.02371]},"properties":{"id":"osm:node-12132228810","version":"8dc74b28922fcdc30cd055fe754c430399b0606ecdb1f32fb3717d5309995c0b","cityId":"freiburg","kind":"place","category":"supermarket","title":"Lidl","statement":"Lidl ist in OpenStreetMap als supermarket eingetragen. Öffnungszeiten in OSM eingetragen; nicht unabhängig bestätigt.","status":"OSM-Eintrag, nicht offiziell geprüft","startDate":null,"endDate":null,"nextStep":"Aktuelle Angaben direkt beim Ort prüfen.","scale":"street","geometryPrecision":"exact","reviewState":"candidate","asOf":"2026-09-26T17:22:08.637Z","sourceCount":1,"primarySource":{"url":"https://www.openstreetmap.org/node/12132228810","title":"OpenStreetMap contributors","publisher":"OpenStreetMap contributors","licence":"ODbL 1.0","reuse":"open_licence"}}},{"type":"Feature","geometry":{"type":"Point","coordinates":[7.81,48.02365]},"properties":{"id":"osm:node-12132228813","version":"4d04531a610822c158e623809a1a5f6da6f1c0be9cc821498d3a525cf4ac9cf4","cityId":"freiburg","kind":"place","category":"bakery","title":"Bäckerei Dreher Auwaldstraße","statement":"Bäckerei Dreher Auwaldstraße ist in OpenStreetMap als bakery eingetragen. Öffnungszeiten in OSM eingetragen; nicht unabhängig bestätigt.","status":"OSM-Eintrag, nicht offiziell geprüft","startDate":null,"endDate":null,"nextStep":"Aktuelle Angaben direkt beim Ort prüfen.","scale":"street","geometryPrecision":"exact","reviewState":"candidate","asOf":"2026-09-26T17:22:08.637Z","sourceCount":1,"primarySource":{"url":"https://www.openstreetmap.org/node/12132228813","title":"OpenStreetMap contributors","publisher":"OpenStreetMap contributors","licence":"ODbL 1.0","reuse":"open_licence"}}},{"type":"Feature","geometry":{"type":"Point","coordinates":[7.81011,48.02329]},"properties":{"id":"osm:node-12132228815","version":"bf1c6c66846cd42c96144ea61ed3790c2273f1e43cd04c385c3de30519730c02","cityId":"freiburg","kind":"place","category":"doctors","title":"Hausärztliche Praxisgemeinschaft Landwasser","statement":"Hausärztliche Praxisgemeinschaft Landwasser ist in OpenStreetMap als doctors eingetragen. Öffnungszeiten in OSM eingetragen; nicht unabhängig bestätigt.","status":"OSM-Eintrag, nicht offiziell geprüft","startDate":null,"endDate":null,"nextStep":"Aktuelle Angaben direkt beim Ort prüfen.","scale":"street","geometryPrecision":"exact","reviewState":"candidate","asOf":"2026-09-26T17:22:08.637Z","sourceCount":1,"primarySource":{"url":"https://www.openstreetmap.org/node/12132228815","title":"OpenStreetMap contributors","publisher":"OpenStreetMap contributors","licence":"ODbL 1.0","reuse":"open_licence"}}},{"type":"Feature","geometry":{"type":"Point","coordinates":[7.84783,47.98688]},"properties":{"id":"osm:node-12153285329","version":"a15624c8a4501d794ceccce7393a15f30f171421037faec0bf2c497ef41ef183","cityId":"freiburg","kind":"place","category":"doctors","title":"Praxis Drs Germeroth, Seeber und Böttler","statement":"Praxis Drs Germeroth, Seeber und Böttler ist in OpenStreetMap als doctors eingetragen. Öffnungszeiten in OSM eingetragen; nicht unabhängig bestätigt.","status":"OSM-Eintrag, nicht offiziell geprüft","startDate":null,"endDate":null,"nextStep":"Aktuelle Angaben direkt beim Ort prüfen.","scale":"street","geometryPrecision":"exact","reviewState":"candidate","asOf":"2026-09-26T17:22:08.637Z","sourceCount":1,"primarySource":{"url":"https://www.openstreetmap.org/node/12153285329","title":"OpenStreetMap contributors","publisher":"OpenStreetMap contributors","licence":"ODbL 1.0","reuse":"open_licence"}}},{"type":"Feature","geometry":{"type":"Point","coordinates":[7.84937,47.9865]},"properties":{"id":"osm:node-12153285347","version":"7de1698f3dba1877f09f3da1791f503d7102f2eb73cf63a2f28fdc5c259ee9b2","cityId":"freiburg","kind":"place","category":"kindergarten","title":"Kita Weltentdecker","statement":"Kita Weltentdecker ist in OpenStreetMap als kindergarten eingetragen. Betrieb und Öffnungszeiten nicht geprüft.","status":"OSM-Eintrag, nicht offiziell geprüft","startDate":null,"endDate":null,"nextStep":"Aktuelle Angaben direkt beim Ort prüfen.","scale":"street","geometryPrecision":"exact","reviewState":"candidate","asOf":"2026-09-26T17:22:08.637Z","sourceCount":1,"primarySource":{"url":"https://www.openstreetmap.org/node/12153285347","title":"OpenStreetMap contributors","publisher":"OpenStreetMap contributors","licence":"ODbL 1.0","reuse":"open_licence"}}},{"type":"Feature","geometry":{"type":"Point","coordinates":[7.88457,47.99702]},"properties":{"id":"osm:node-12199051701","version":"476604c7e66d079f9fec5978f9a80a78368fbddd9d66ad3a8e5d46bdce5479da","cityId":"freiburg","kind":"place","category":"fitness","title":"Calisthenics Park","statement":"Calisthenics Park ist in OpenStreetMap als fitness eingetragen. Betrieb und Öffnungszeiten nicht geprüft.","status":"OSM-Eintrag, nicht offiziell geprüft","startDate":null,"endDate":null,"nextStep":"Aktuelle Angaben direkt beim Ort prüfen.","scale":"street","geometryPrecision":"exact","reviewState":"candidate","asOf":"2026-09-26T17:22:08.637Z","sourceCount":1,"primarySource":{"url":"https://www.openstreetmap.org/node/12199051701","title":"OpenStreetMap contributors","publisher":"OpenStreetMap contributors","licence":"ODbL 1.0","reuse":"open_licence"}}},{"type":"Feature","geometry":{"type":"Point","coordinates":[7.81503,48.02526]},"properties":{"id":"osm:node-12211301956","version":"32a6f9364e1d43c078c332596aa51341540872075ca9323c0c4bef9537f31b12","cityId":"freiburg","kind":"place","category":"doctors","title":"Orthopaedicum Freiburg","statement":"Orthopaedicum Freiburg ist in OpenStreetMap als doctors eingetragen. Betrieb und Öffnungszeiten nicht geprüft.","status":"OSM-Eintrag, nicht offiziell geprüft","startDate":null,"endDate":null,"nextStep":"Aktuelle Angaben direkt beim Ort prüfen.","scale":"street","geometryPrecision":"exact","reviewState":"candidate","asOf":"2026-09-26T17:22:08.637Z","sourceCount":1,"primarySource":{"url":"https://www.openstreetmap.org/node/12211301956","title":"OpenStreetMap contributors","publisher":"OpenStreetMap contributors","licence":"ODbL 1.0","reuse":"open_licence"}}},{"type":"Feature","geometry":{"type":"Point","coordinates":[7.84351,48.01201]},"properties":{"id":"osm:node-12212678334","version":"27bd7ce8e36f6f97cc82585fcc03b06610ba1b24e623c3e691fce59f50a48e7f","cityId":"freiburg","kind":"place","category":"doctors","title":"Ärzte am alten Zollhof","statement":"Ärzte am alten Zollhof ist in OpenStreetMap als doctors eingetragen. Betrieb und Öffnungszeiten nicht geprüft.","status":"OSM-Eintrag, nicht offiziell geprüft","startDate":null,"endDate":null,"nextStep":"Aktuelle Angaben direkt beim Ort prüfen.","scale":"street","geometryPrecision":"exact","reviewState":"candidate","asOf":"2026-09-26T17:22:08.637Z","sourceCount":1,"primarySource":{"url":"https://www.openstreetmap.org/node/12212678334","title":"OpenStreetMap contributors","publisher":"OpenStreetMap contributors","licence":"ODbL 1.0","reuse":"open_licence"}}},{"type":"Feature","geometry":{"type":"Point","coordinates":[7.84348,48.01203]},"properties":{"id":"osm:node-12212678335","version":"e1d8668699994e00beaec0e4f1813e601825d2f6b6b9ef1f1494b220abe34adc","cityId":"freiburg","kind":"place","category":"doctors","title":"Dermestique","statement":"Dermestique ist in OpenStreetMap als doctors eingetragen. Betrieb und Öffnungszeiten nicht geprüft.","status":"OSM-Eintrag, nicht offiziell geprüft","startDate":null,"endDate":null,"nextStep":"Aktuelle Angaben direkt beim Ort prüfen.","scale":"street","geometryPrecision":"exact","reviewState":"candidate","asOf":"2026-09-26T17:22:08.637Z","sourceCount":1,"primarySource":{"url":"https://www.openstreetmap.org/node/12212678335","title":"OpenStreetMap contributors","publisher":"OpenStreetMap contributors","licence":"ODbL 1.0","reuse":"open_licence"}}},{"type":"Feature","geometry":{"type":"Point","coordinates":[7.84355,48.01199]},"properties":{"id":"osm:node-12212678337","version":"0c1c9e88190928fad36e035cc6a0ab044d41516ba19742b88d98ebb464838afa","cityId":"freiburg","kind":"place","category":"doctors","title":"Becker Betz Institute","statement":"Becker Betz Institute ist in OpenStreetMap als doctors eingetragen. Betrieb und Öffnungszeiten nicht geprüft.","status":"OSM-Eintrag, nicht offiziell geprüft","startDate":null,"endDate":null,"nextStep":"Aktuelle Angaben direkt beim Ort prüfen.","scale":"street","geometryPrecision":"exact","reviewState":"candidate","asOf":"2026-09-26T17:22:08.637Z","sourceCount":1,"primarySource":{"url":"https://www.openstreetmap.org/node/12212678337","title":"OpenStreetMap contributors","publisher":"OpenStreetMap contributors","licence":"ODbL 1.0","reuse":"open_licence"}}},{"type":"Feature","geometry":{"type":"Point","coordinates":[7.86137,48.02873]},"properties":{"id":"osm:node-12218717425","version":"8ca0dddbcd027f6250e60225297ef691c0ede3e83c6f3cc608322a9a8922d460","cityId":"freiburg","kind":"place","category":"clinic","title":"Gelenk-Klinik OP-Zentrum","statement":"Gelenk-Klinik OP-Zentrum ist in OpenStreetMap als clinic eingetragen. Betrieb und Öffnungszeiten nicht geprüft.","status":"OSM-Eintrag, nicht offiziell geprüft","startDate":null,"endDate":null,"nextStep":"Aktuelle Angaben direkt beim Ort prüfen.","scale":"street","geometryPrecision":"exact","reviewState":"candidate","asOf":"2026-09-26T17:22:08.637Z","sourceCount":1,"primarySource":{"url":"https://www.openstreetmap.org/node/12218717425","title":"OpenStreetMap contributors","publisher":"OpenStreetMap contributors","licence":"ODbL 1.0","reuse":"open_licence"}}},{"type":"Feature","geometry":{"type":"Point","coordinates":[7.82815,47.97394]},"properties":{"id":"osm:node-12230209167","version":"812242f2bb9e05e4b3f1ce90d2915789239aa6a5c8c512947d84ab8866a77cb6","cityId":"freiburg","kind":"place","category":"doctors","title":"Praxis Vauban","statement":"Praxis Vauban ist in OpenStreetMap als doctors eingetragen. Öffnungszeiten in OSM eingetragen; nicht unabhängig bestätigt.","status":"OSM-Eintrag, nicht offiziell geprüft","startDate":null,"endDate":null,"nextStep":"Aktuelle Angaben direkt beim Ort prüfen.","scale":"street","geometryPrecision":"exact","reviewState":"candidate","asOf":"2026-09-26T17:22:08.637Z","sourceCount":1,"primarySource":{"url":"https://www.openstreetmap.org/node/12230209167","title":"OpenStreetMap contributors","publisher":"OpenStreetMap contributors","licence":"ODbL 1.0","reuse":"open_licence"}}},{"type":"Feature","geometry":{"type":"Point","coordinates":[7.89574,47.97819]},"properties":{"id":"osm:node-12250717517","version":"dbdfd33f3a1f6f5caa131d202e0184fb78f7382e78ac92e85fdb4d66c5d999f5","cityId":"freiburg","kind":"place","category":"doctors","title":"Dr. Martin Gerner","statement":"Dr. Martin Gerner ist in OpenStreetMap als doctors eingetragen. Öffnungszeiten in OSM eingetragen; nicht unabhängig bestätigt.","status":"OSM-Eintrag, nicht offiziell geprüft","startDate":null,"endDate":null,"nextStep":"Aktuelle Angaben direkt beim Ort prüfen.","scale":"street","geometryPrecision":"exact","reviewState":"candidate","asOf":"2026-09-26T17:22:08.637Z","sourceCount":1,"primarySource":{"url":"https://www.openstreetmap.org/node/12250717517","title":"OpenStreetMap contributors","publisher":"OpenStreetMap contributors","licence":"ODbL 1.0","reuse":"open_licence"}}},{"type":"Feature","geometry":{"type":"Point","coordinates":[7.90134,47.97822]},"properties":{"id":"osm:node-12250725854","version":"a99a08be02ca2983e39f67bcaa93bd694d8ce59b26ea7df8c8ea26f0b741aef6","cityId":"freiburg","kind":"place","category":"doctors","title":"Dr. Schlosser; Dr. Fehlings","statement":"Dr. Schlosser; Dr. Fehlings ist in OpenStreetMap als doctors eingetragen. Öffnungszeiten in OSM eingetragen; nicht unabhängig bestätigt.","status":"OSM-Eintrag, nicht offiziell geprüft","startDate":null,"endDate":null,"nextStep":"Aktuelle Angaben direkt beim Ort prüfen.","scale":"street","geometryPrecision":"exact","reviewState":"candidate","asOf":"2026-09-26T17:22:08.637Z","sourceCount":1,"primarySource":{"url":"https://www.openstreetmap.org/node/12250725854","title":"OpenStreetMap contributors","publisher":"OpenStreetMap contributors","licence":"ODbL 1.0","reuse":"open_licence"}}},{"type":"Feature","geometry":{"type":"Point","coordinates":[7.8529,47.99734]},"properties":{"id":"osm:node-12258154663","version":"8663d1cb7046e79f7aa97cae1801d8a543f52588d29dc469a07a26f0c1f31efb","cityId":"freiburg","kind":"place","category":"doctors","title":"Hautzentrum Südbaden","statement":"Hautzentrum Südbaden ist in OpenStreetMap als doctors eingetragen. Betrieb und Öffnungszeiten nicht geprüft.","status":"OSM-Eintrag, nicht offiziell geprüft","startDate":null,"endDate":null,"nextStep":"Aktuelle Angaben direkt beim Ort prüfen.","scale":"street","geometryPrecision":"exact","reviewState":"candidate","asOf":"2026-09-26T17:22:08.637Z","sourceCount":1,"primarySource":{"url":"https://www.openstreetmap.org/node/12258154663","title":"OpenStreetMap contributors","publisher":"OpenStreetMap contributors","licence":"ODbL 1.0","reuse":"open_licence"}}},{"type":"Feature","geometry":{"type":"Point","coordinates":[7.83274,47.98993]},"properties":{"id":"osm:node-12288146936","version":"9a7e22db4815478999a9a53a25de16de4906c81e67c8edabbfd360b020e38650","cityId":"freiburg","kind":"place","category":"allotments","title":"Gartenfreunde Freiburg Süd e.V.","statement":"Gartenfreunde Freiburg Süd e.V. ist in OpenStreetMap als allotments eingetragen. Betrieb und Öffnungszeiten nicht geprüft.","status":"OSM-Eintrag, nicht offiziell geprüft","startDate":null,"endDate":null,"nextStep":"Aktuelle Angaben direkt beim Ort prüfen.","scale":"street","geometryPrecision":"exact","reviewState":"candidate","asOf":"2026-09-26T17:22:08.637Z","sourceCount":1,"primarySource":{"url":"https://www.openstreetmap.org/node/12288146936","title":"OpenStreetMap contributors","publisher":"OpenStreetMap contributors","licence":"ODbL 1.0","reuse":"open_licence"}}},{"type":"Feature","geometry":{"type":"Point","coordinates":[7.87013,47.98812]},"properties":{"id":"osm:node-12311534863","version":"e2ae01b8ac4c98fbca4034e7fdf1c9d316ac3afcdb0d66476b036c849ebac2af","cityId":"freiburg","kind":"place","category":"doctors","title":"Zentrum für Orthopädie Freiburg","statement":"Zentrum für Orthopädie Freiburg ist in OpenStreetMap als doctors eingetragen. Öffnungszeiten in OSM eingetragen; nicht unabhängig bestätigt.","status":"OSM-Eintrag, nicht offiziell geprüft","startDate":null,"endDate":null,"nextStep":"Aktuelle Angaben direkt beim Ort prüfen.","scale":"street","geometryPrecision":"exact","reviewState":"candidate","asOf":"2026-09-26T17:22:08.637Z","sourceCount":1,"primarySource":{"url":"https://www.openstreetmap.org/node/12311534863","title":"OpenStreetMap contributors","publisher":"OpenStreetMap contributors","licence":"ODbL 1.0","reuse":"open_licence"}}},{"type":"Feature","geometry":{"type":"Point","coordinates":[7.87012,47.98807]},"properties":{"id":"osm:node-12311534864","version":"7ffbedb95c52d59e323e04510058cfcf830bf114c64cd1f7fd4b37f404694c8d","cityId":"freiburg","kind":"place","category":"doctors","title":"Gerrit Merkel","statement":"Gerrit Merkel ist in OpenStreetMap als doctors eingetragen. Betrieb und Öffnungszeiten nicht geprüft.","status":"OSM-Eintrag, nicht offiziell geprüft","startDate":null,"endDate":null,"nextStep":"Aktuelle Angaben direkt beim Ort prüfen.","scale":"street","geometryPrecision":"exact","reviewState":"candidate","asOf":"2026-09-26T17:22:08.637Z","sourceCount":1,"primarySource":{"url":"https://www.openstreetmap.org/node/12311534864","title":"OpenStreetMap contributors","publisher":"OpenStreetMap contributors","licence":"ODbL 1.0","reuse":"open_licence"}}},{"type":"Feature","geometry":{"type":"Point","coordinates":[7.85546,48.01477]},"properties":{"id":"osm:node-12316372684","version":"f868f0e5b1ed2164119b61a1b438a063bdbc7be29a57a700a1ec93c8c10c33e0","cityId":"freiburg","kind":"place","category":"doctors","title":"Dr. med. Brigitte König Hausarztpraxis","statement":"Dr. med. Brigitte König Hausarztpraxis ist in OpenStreetMap als doctors eingetragen. Betrieb und Öffnungszeiten nicht geprüft.","status":"OSM-Eintrag, nicht offiziell geprüft","startDate":null,"endDate":null,"nextStep":"Aktuelle Angaben direkt beim Ort prüfen.","scale":"street","geometryPrecision":"exact","reviewState":"candidate","asOf":"2026-09-26T17:22:08.637Z","sourceCount":1,"primarySource":{"url":"https://www.openstreetmap.org/node/12316372684","title":"OpenStreetMap contributors","publisher":"OpenStreetMap contributors","licence":"ODbL 1.0","reuse":"open_licence"}}},{"type":"Feature","geometry":{"type":"Point","coordinates":[7.83474,48.00312]},"properties":{"id":"osm:node-1236455349","version":"96fed57185589dd7f337e75d7743c20121247832f90ef71bb12f289b0bfe6357","cityId":"freiburg","kind":"place","category":"kindergarten","title":"Kindergruppe im Klinikum e.V. - KiK","statement":"Kindergruppe im Klinikum e.V. - KiK ist in OpenStreetMap als kindergarten eingetragen. Betrieb und Öffnungszeiten nicht geprüft.","status":"OSM-Eintrag, nicht offiziell geprüft","startDate":null,"endDate":null,"nextStep":"Aktuelle Angaben direkt beim Ort prüfen.","scale":"street","geometryPrecision":"exact","reviewState":"candidate","asOf":"2026-09-26T17:22:08.637Z","sourceCount":1,"primarySource":{"url":"https://www.openstreetmap.org/node/1236455349","title":"OpenStreetMap contributors","publisher":"OpenStreetMap contributors","licence":"ODbL 1.0","reuse":"open_licence"}}},{"type":"Feature","geometry":{"type":"Point","coordinates":[7.84854,47.99802]},"properties":{"id":"osm:node-1240334659","version":"70259077dcd1ccc3cece4f8b7fbdb1e3561728dcba041a44e718032d2faba285","cityId":"freiburg","kind":"place","category":"supermarket","title":"Go Asia","statement":"Go Asia ist in OpenStreetMap als supermarket eingetragen. Öffnungszeiten in OSM eingetragen; nicht unabhängig bestätigt.","status":"OSM-Eintrag, nicht offiziell geprüft","startDate":null,"endDate":null,"nextStep":"Aktuelle Angaben direkt beim Ort prüfen.","scale":"street","geometryPrecision":"exact","reviewState":"candidate","asOf":"2026-09-26T17:22:08.637Z","sourceCount":1,"primarySource":{"url":"https://www.openstreetmap.org/node/1240334659","title":"OpenStreetMap contributors","publisher":"OpenStreetMap contributors","licence":"ODbL 1.0","reuse":"open_licence"}}},{"type":"Feature","geometry":{"type":"Point","coordinates":[7.84847,47.99788]},"properties":{"id":"osm:node-1240334664","version":"bed2ad31668759bf9a7b6581e570a4bd10ddd30eb28e4b4e1f6c5e5a0e859bd3","cityId":"freiburg","kind":"place","category":"supermarket","title":"Alnatura Super Natur Markt","statement":"Alnatura Super Natur Markt ist in OpenStreetMap als supermarket eingetragen. Öffnungszeiten in OSM eingetragen; nicht unabhängig bestätigt.","status":"OSM-Eintrag, nicht offiziell geprüft","startDate":null,"endDate":null,"nextStep":"Aktuelle Angaben direkt beim Ort prüfen.","scale":"street","geometryPrecision":"exact","reviewState":"candidate","asOf":"2026-09-26T17:22:08.637Z","sourceCount":1,"primarySource":{"url":"https://www.openstreetmap.org/node/1240334664","title":"OpenStreetMap contributors","publisher":"OpenStreetMap contributors","licence":"ODbL 1.0","reuse":"open_licence"}}},{"type":"Feature","geometry":{"type":"Point","coordinates":[7.85112,47.99885]},"properties":{"id":"osm:node-1240334669","version":"e54fe230ba5e71d83399fee31c31f59a8fefbada999a01fe3967156ed1afc593","cityId":"freiburg","kind":"place","category":"kindergarten","title":"St. Martin","statement":"St. Martin ist in OpenStreetMap als kindergarten eingetragen. Betrieb und Öffnungszeiten nicht geprüft.","status":"OSM-Eintrag, nicht offiziell geprüft","startDate":null,"endDate":null,"nextStep":"Aktuelle Angaben direkt beim Ort prüfen.","scale":"street","geometryPrecision":"exact","reviewState":"candidate","asOf":"2026-09-26T17:22:08.637Z","sourceCount":1,"primarySource":{"url":"https://www.openstreetmap.org/node/1240334669","title":"OpenStreetMap contributors","publisher":"OpenStreetMap contributors","licence":"ODbL 1.0","reuse":"open_licence"}}},{"type":"Feature","geometry":{"type":"Point","coordinates":[7.85026,47.99892]},"properties":{"id":"osm:node-1240334670","version":"0cd23f7d118af4bc15a6c7cf98585c7b31963251a9914dd6a684c17121f21620","cityId":"freiburg","kind":"place","category":"kindergarten","title":"Hello Kiddies","statement":"Hello Kiddies ist in OpenStreetMap als kindergarten eingetragen. Betrieb und Öffnungszeiten nicht geprüft.","status":"OSM-Eintrag, nicht offiziell geprüft","startDate":null,"endDate":null,"nextStep":"Aktuelle Angaben direkt beim Ort prüfen.","scale":"street","geometryPrecision":"exact","reviewState":"candidate","asOf":"2026-09-26T17:22:08.637Z","sourceCount":1,"primarySource":{"url":"https://www.openstreetmap.org/node/1240334670","title":"OpenStreetMap contributors","publisher":"OpenStreetMap contributors","licence":"ODbL 1.0","reuse":"open_licence"}}},{"type":"Feature","geometry":{"type":"Point","coordinates":[7.83866,48.00341]},"properties":{"id":"osm:node-12437623548","version":"4e2c35a9c7d1c6ccc7d250231679057bd5bd94a4d87fbf08224aeb14d232f589","cityId":"freiburg","kind":"place","category":"community_centre","title":"Familienzentrum Klara e.V.","statement":"Familienzentrum Klara e.V. ist in OpenStreetMap als community_centre eingetragen. Betrieb und Öffnungszeiten nicht geprüft.","status":"OSM-Eintrag, nicht offiziell geprüft","startDate":null,"endDate":null,"nextStep":"Aktuelle Angaben direkt beim Ort prüfen.","scale":"street","geometryPrecision":"exact","reviewState":"candidate","asOf":"2026-09-26T17:22:08.637Z","sourceCount":1,"primarySource":{"url":"https://www.openstreetmap.org/node/12437623548","title":"OpenStreetMap contributors","publisher":"OpenStreetMap contributors","licence":"ODbL 1.0","reuse":"open_licence"}}},{"type":"Feature","geometry":{"type":"Point","coordinates":[7.83719,47.99795]},"properties":{"id":"osm:node-1244906119","version":"ac64f6c19324cca9ce3cc436f527dd756981bd0f093573769bf6aace63a60335","cityId":"freiburg","kind":"place","category":"bakery","title":"Platzer's Bäckerei","statement":"Platzer's Bäckerei ist in OpenStreetMap als bakery eingetragen. Öffnungszeiten in OSM eingetragen; nicht unabhängig bestätigt.","status":"OSM-Eintrag, nicht offiziell geprüft","startDate":null,"endDate":null,"nextStep":"Aktuelle Angaben direkt beim Ort prüfen.","scale":"street","geometryPrecision":"exact","reviewState":"candidate","asOf":"2026-09-26T17:22:08.637Z","sourceCount":1,"primarySource":{"url":"https://www.openstreetmap.org/node/1244906119","title":"OpenStreetMap contributors","publisher":"OpenStreetMap contributors","licence":"ODbL 1.0","reuse":"open_licence"}}},{"type":"Feature","geometry":{"type":"Point","coordinates":[7.80294,47.97908]},"properties":{"id":"osm:node-12484653349","version":"db423a7ddccb0e76aa5019421db6022d2fe61a587caa25d1a39cba78e1f9373a","cityId":"freiburg","kind":"place","category":"library","title":"Bücherscheune","statement":"Bücherscheune ist in OpenStreetMap als library eingetragen. Öffnungszeiten in OSM eingetragen; nicht unabhängig bestätigt.","status":"OSM-Eintrag, nicht offiziell geprüft","startDate":null,"endDate":null,"nextStep":"Aktuelle Angaben direkt beim Ort prüfen.","scale":"street","geometryPrecision":"exact","reviewState":"candidate","asOf":"2026-09-26T17:22:08.637Z","sourceCount":1,"primarySource":{"url":"https://www.openstreetmap.org/node/12484653349","title":"OpenStreetMap contributors","publisher":"OpenStreetMap contributors","licence":"ODbL 1.0","reuse":"open_licence"}}},{"type":"Feature","geometry":{"type":"Point","coordinates":[7.80426,47.97875]},"properties":{"id":"osm:node-12485146593","version":"b3db8ea0f9b8a32a55c8ee794096300bbda3f84e9908e2390ecfbbebaed724d7","cityId":"freiburg","kind":"place","category":"doctors","title":"Katja Durst","statement":"Katja Durst ist in OpenStreetMap als doctors eingetragen. Öffnungszeiten in OSM eingetragen; nicht unabhängig bestätigt.","status":"OSM-Eintrag, nicht offiziell geprüft","startDate":null,"endDate":null,"nextStep":"Aktuelle Angaben direkt beim Ort prüfen.","scale":"street","geometryPrecision":"exact","reviewState":"candidate","asOf":"2026-09-26T17:22:08.637Z","sourceCount":1,"primarySource":{"url":"https://www.openstreetmap.org/node/12485146593","title":"OpenStreetMap contributors","publisher":"OpenStreetMap contributors","licence":"ODbL 1.0","reuse":"open_licence"}}},{"type":"Feature","geometry":{"type":"Point","coordinates":[7.89697,47.97989]},"properties":{"id":"osm:node-12495631701","version":"05636f3f0921ae7698e22e50d77d14352372005094baaefad7daed2f475630c5","cityId":"freiburg","kind":"place","category":"library","title":"Bücherei St. Barbara","statement":"Bücherei St. Barbara ist in OpenStreetMap als library eingetragen. Öffnungszeiten in OSM eingetragen; nicht unabhängig bestätigt.","status":"OSM-Eintrag, nicht offiziell geprüft","startDate":null,"endDate":null,"nextStep":"Aktuelle Angaben direkt beim Ort prüfen.","scale":"street","geometryPrecision":"exact","reviewState":"candidate","asOf":"2026-09-26T17:22:08.637Z","sourceCount":1,"primarySource":{"url":"https://www.openstreetmap.org/node/12495631701","title":"OpenStreetMap contributors","publisher":"OpenStreetMap contributors","licence":"ODbL 1.0","reuse":"open_licence"}}},{"type":"Feature","geometry":{"type":"Point","coordinates":[7.81194,48.01083]},"properties":{"id":"osm:node-1250707490","version":"0d38526cff76aa23869fe9fc8f9b96a4ac7540b7bc0f3b0243bf18e03606874e","cityId":"freiburg","kind":"place","category":"bakery","title":"Heitzmann","statement":"Heitzmann ist in OpenStreetMap als bakery eingetragen. Öffnungszeiten in OSM eingetragen; nicht unabhängig bestätigt.","status":"OSM-Eintrag, nicht offiziell geprüft","startDate":null,"endDate":null,"nextStep":"Aktuelle Angaben direkt beim Ort prüfen.","scale":"street","geometryPrecision":"exact","reviewState":"candidate","asOf":"2026-09-26T17:22:08.637Z","sourceCount":1,"primarySource":{"url":"https://www.openstreetmap.org/node/1250707490","title":"OpenStreetMap contributors","publisher":"OpenStreetMap contributors","licence":"ODbL 1.0","reuse":"open_licence"}}},{"type":"Feature","geometry":{"type":"Point","coordinates":[7.83757,47.99818]},"properties":{"id":"osm:node-12552128111","version":"5f72f47765b5f631ac9a0920afc16904be18f14378a1fd768b8da8189d316b98","cityId":"freiburg","kind":"place","category":"aikido","title":"Aikido-Dojo Freiburg","statement":"Aikido-Dojo Freiburg ist in OpenStreetMap als aikido eingetragen. Öffnungszeiten in OSM eingetragen; nicht unabhängig bestätigt.","status":"OSM-Eintrag, nicht offiziell geprüft","startDate":null,"endDate":null,"nextStep":"Aktuelle Angaben direkt beim Ort prüfen.","scale":"street","geometryPrecision":"exact","reviewState":"candidate","asOf":"2026-09-26T17:22:08.637Z","sourceCount":1,"primarySource":{"url":"https://www.openstreetmap.org/node/12552128111","title":"OpenStreetMap contributors","publisher":"OpenStreetMap contributors","licence":"ODbL 1.0","reuse":"open_licence"}}},{"type":"Feature","geometry":{"type":"Point","coordinates":[7.83943,48.00396]},"properties":{"id":"osm:node-12552128147","version":"ffd9120ee551467305ff4424acbee8072412a6efa8791a250a4c557e5f2dd342","cityId":"freiburg","kind":"place","category":"kindergarten","title":"BiBaButzeKinder","statement":"BiBaButzeKinder ist in OpenStreetMap als kindergarten eingetragen. Öffnungszeiten in OSM eingetragen; nicht unabhängig bestätigt.","status":"OSM-Eintrag, nicht offiziell geprüft","startDate":null,"endDate":null,"nextStep":"Aktuelle Angaben direkt beim Ort prüfen.","scale":"street","geometryPrecision":"exact","reviewState":"candidate","asOf":"2026-09-26T17:22:08.637Z","sourceCount":1,"primarySource":{"url":"https://www.openstreetmap.org/node/12552128147","title":"OpenStreetMap contributors","publisher":"OpenStreetMap contributors","licence":"ODbL 1.0","reuse":"open_licence"}}},{"type":"Feature","geometry":{"type":"Point","coordinates":[7.84429,47.99454]},"properties":{"id":"osm:node-12570536930","version":"cf0cb89f73d3974cb271d6cffff8c649f0ebad7b824e170be1a7be809a077f29","cityId":"freiburg","kind":"place","category":"wing_tsun","title":"Wing Tsun Schule Sven Moosmann","statement":"Wing Tsun Schule Sven Moosmann ist in OpenStreetMap als wing_tsun eingetragen. Betrieb und Öffnungszeiten nicht geprüft.","status":"OSM-Eintrag, nicht offiziell geprüft","startDate":null,"endDate":null,"nextStep":"Aktuelle Angaben direkt beim Ort prüfen.","scale":"street","geometryPrecision":"exact","reviewState":"candidate","asOf":"2026-09-26T17:22:08.637Z","sourceCount":1,"primarySource":{"url":"https://www.openstreetmap.org/node/12570536930","title":"OpenStreetMap contributors","publisher":"OpenStreetMap contributors","licence":"ODbL 1.0","reuse":"open_licence"}}},{"type":"Feature","geometry":{"type":"Point","coordinates":[7.90162,47.97796]},"properties":{"id":"osm:node-1260168852","version":"d6346fcfdb6f45a1e9f964a14062d55681550eb968294cf4cf86827d0bd2a476","cityId":"freiburg","kind":"place","category":"bakery","title":"Aroma F&B Bäckerei","statement":"Aroma F&B Bäckerei ist in OpenStreetMap als bakery eingetragen. Öffnungszeiten in OSM eingetragen; nicht unabhängig bestätigt.","status":"OSM-Eintrag, nicht offiziell geprüft","startDate":null,"endDate":null,"nextStep":"Aktuelle Angaben direkt beim Ort prüfen.","scale":"street","geometryPrecision":"exact","reviewState":"candidate","asOf":"2026-09-26T17:22:08.637Z","sourceCount":1,"primarySource":{"url":"https://www.openstreetmap.org/node/1260168852","title":"OpenStreetMap contributors","publisher":"OpenStreetMap contributors","licence":"ODbL 1.0","reuse":"open_licence"}}},{"type":"Feature","geometry":{"type":"Point","coordinates":[7.88338,47.99077]},"properties":{"id":"osm:node-12613421933","version":"0bbd20518a1e46ffd4e6a3d3541f6c4afc56fce0fde64ab0b2c2ee684a7848f2","cityId":"freiburg","kind":"place","category":"fitness;weightlifting","title":"Fitness- & Gesundheitszentrum","statement":"Fitness- & Gesundheitszentrum ist in OpenStreetMap als fitness;weightlifting eingetragen. Öffnungszeiten in OSM eingetragen; nicht unabhängig bestätigt.","status":"OSM-Eintrag, nicht offiziell geprüft","startDate":null,"endDate":null,"nextStep":"Aktuelle Angaben direkt beim Ort prüfen.","scale":"street","geometryPrecision":"exact","reviewState":"candidate","asOf":"2026-09-26T17:22:08.637Z","sourceCount":1,"primarySource":{"url":"https://www.openstreetmap.org/node/12613421933","title":"OpenStreetMap contributors","publisher":"OpenStreetMap contributors","licence":"ODbL 1.0","reuse":"open_licence"}}},{"type":"Feature","geometry":{"type":"Point","coordinates":[7.85701,48.01028]},"properties":{"id":"osm:node-12640349231","version":"48eb6ff45ce8291485210a75c866201e2c4552ec1db1cf6a29f2270e1e4c2cd1","cityId":"freiburg","kind":"place","category":"library","title":"Fakultätsbibliothek Biologie 2/3","statement":"Fakultätsbibliothek Biologie 2/3 ist in OpenStreetMap als library eingetragen. Öffnungszeiten in OSM eingetragen; nicht unabhängig bestätigt.","status":"OSM-Eintrag, nicht offiziell geprüft","startDate":null,"endDate":null,"nextStep":"Aktuelle Angaben direkt beim Ort prüfen.","scale":"street","geometryPrecision":"exact","reviewState":"candidate","asOf":"2026-09-26T17:22:08.637Z","sourceCount":1,"primarySource":{"url":"https://www.openstreetmap.org/node/12640349231","title":"OpenStreetMap contributors","publisher":"OpenStreetMap contributors","licence":"ODbL 1.0","reuse":"open_licence"}}},{"type":"Feature","geometry":{"type":"Point","coordinates":[7.86088,48.03044]},"properties":{"id":"osm:node-12731586224","version":"50e29a4c5f756e7b67d41b6bb836ff4bb55d68b7bade5cc63df3192da2ea8431","cityId":"freiburg","kind":"place","category":"post_office","title":"BOX im Marktkauf","statement":"BOX im Marktkauf ist in OpenStreetMap als post_office eingetragen. Betrieb und Öffnungszeiten nicht geprüft.","status":"OSM-Eintrag, nicht offiziell geprüft","startDate":null,"endDate":null,"nextStep":"Aktuelle Angaben direkt beim Ort prüfen.","scale":"street","geometryPrecision":"exact","reviewState":"candidate","asOf":"2026-09-26T17:22:08.637Z","sourceCount":1,"primarySource":{"url":"https://www.openstreetmap.org/node/12731586224","title":"OpenStreetMap contributors","publisher":"OpenStreetMap contributors","licence":"ODbL 1.0","reuse":"open_licence"}}},{"type":"Feature","geometry":{"type":"Point","coordinates":[7.86049,48.03052]},"properties":{"id":"osm:node-12731586227","version":"88b92373b9618c78301dcec0022a55fe540d3fa81ad9d1b9f0670d722718594a","cityId":"freiburg","kind":"place","category":"bakery","title":"Markt-Bäckerei","statement":"Markt-Bäckerei ist in OpenStreetMap als bakery eingetragen. Betrieb und Öffnungszeiten nicht geprüft.","status":"OSM-Eintrag, nicht offiziell geprüft","startDate":null,"endDate":null,"nextStep":"Aktuelle Angaben direkt beim Ort prüfen.","scale":"street","geometryPrecision":"exact","reviewState":"candidate","asOf":"2026-09-26T17:22:08.637Z","sourceCount":1,"primarySource":{"url":"https://www.openstreetmap.org/node/12731586227","title":"OpenStreetMap contributors","publisher":"OpenStreetMap contributors","licence":"ODbL 1.0","reuse":"open_licence"}}},{"type":"Feature","geometry":{"type":"Point","coordinates":[7.85476,48.01521]},"properties":{"id":"osm:node-12754241596","version":"c316bab520004d19d5eed5de91d9d65ed784200030405b66babc15fcb562a536","cityId":"freiburg","kind":"place","category":"doctors","title":"Dr. Matthias Hummel & Dr.Stefan Munder","statement":"Dr. Matthias Hummel & Dr.Stefan Munder ist in OpenStreetMap als doctors eingetragen. Öffnungszeiten in OSM eingetragen; nicht unabhängig bestätigt.","status":"OSM-Eintrag, nicht offiziell geprüft","startDate":null,"endDate":null,"nextStep":"Aktuelle Angaben direkt beim Ort prüfen.","scale":"street","geometryPrecision":"exact","reviewState":"candidate","asOf":"2026-09-26T17:22:08.637Z","sourceCount":1,"primarySource":{"url":"https://www.openstreetmap.org/node/12754241596","title":"OpenStreetMap contributors","publisher":"OpenStreetMap contributors","licence":"ODbL 1.0","reuse":"open_licence"}}},{"type":"Feature","geometry":{"type":"Point","coordinates":[7.82313,47.98134]},"properties":{"id":"osm:node-12755410380","version":"5e1a5813aaf3240b62d5ffc21669f931c1b3ccb4473bab33dbdbd3447d802b5c","cityId":"freiburg","kind":"place","category":"social","title":"Bike Bridge","statement":"Bike Bridge ist in OpenStreetMap als social eingetragen. Betrieb und Öffnungszeiten nicht geprüft.","status":"OSM-Eintrag, nicht offiziell geprüft","startDate":null,"endDate":null,"nextStep":"Aktuelle Angaben direkt beim Ort prüfen.","scale":"street","geometryPrecision":"exact","reviewState":"candidate","asOf":"2026-09-26T17:22:08.637Z","sourceCount":1,"primarySource":{"url":"https://www.openstreetmap.org/node/12755410380","title":"OpenStreetMap contributors","publisher":"OpenStreetMap contributors","licence":"ODbL 1.0","reuse":"open_licence"}}},{"type":"Feature","geometry":{"type":"Point","coordinates":[7.83947,48.00559]},"properties":{"id":"osm:node-1280377548","version":"a7bcaf97f536dedcad280f320421c9ff8074e45a2e338aed7cb466aeb5bab4e8","cityId":"freiburg","kind":"place","category":"pharmacy","title":"Apotheke des Universitätsklinikums","statement":"Apotheke des Universitätsklinikums ist in OpenStreetMap als pharmacy eingetragen. Öffnungszeiten in OSM eingetragen; nicht unabhängig bestätigt.","status":"OSM-Eintrag, nicht offiziell geprüft","startDate":null,"endDate":null,"nextStep":"Aktuelle Angaben direkt beim Ort prüfen.","scale":"street","geometryPrecision":"exact","reviewState":"candidate","asOf":"2026-09-26T17:22:08.637Z","sourceCount":1,"primarySource":{"url":"https://www.openstreetmap.org/node/1280377548","title":"OpenStreetMap contributors","publisher":"OpenStreetMap contributors","licence":"ODbL 1.0","reuse":"open_licence"}}},{"type":"Feature","geometry":{"type":"Point","coordinates":[7.8357,48.0059]},"properties":{"id":"osm:node-1280377702","version":"c079d8c6064cbbd46a95664a9577042326905d3769b4bd0bb2ae36a63dbf9eb4","cityId":"freiburg","kind":"place","category":"bakery","title":"Reiß Beck","statement":"Reiß Beck ist in OpenStreetMap als bakery eingetragen. Öffnungszeiten in OSM eingetragen; nicht unabhängig bestätigt.","status":"OSM-Eintrag, nicht offiziell geprüft","startDate":null,"endDate":null,"nextStep":"Aktuelle Angaben direkt beim Ort prüfen.","scale":"street","geometryPrecision":"exact","reviewState":"candidate","asOf":"2026-09-26T17:22:08.637Z","sourceCount":1,"primarySource":{"url":"https://www.openstreetmap.org/node/1280377702","title":"OpenStreetMap contributors","publisher":"OpenStreetMap contributors","licence":"ODbL 1.0","reuse":"open_licence"}}},{"type":"Feature","geometry":{"type":"Point","coordinates":[7.90957,47.97051]},"properties":{"id":"osm:node-1288926245","version":"5d9a4d7bbab586a170afd04a6828ac65bf02c3d5a444ceb6bbb1e16dce4f207c","cityId":"freiburg","kind":"place","category":"pharmacy","title":"Bären-Apotheke","statement":"Bären-Apotheke ist in OpenStreetMap als pharmacy eingetragen. Betrieb und Öffnungszeiten nicht geprüft.","status":"OSM-Eintrag, nicht offiziell geprüft","startDate":null,"endDate":null,"nextStep":"Aktuelle Angaben direkt beim Ort prüfen.","scale":"street","geometryPrecision":"exact","reviewState":"candidate","asOf":"2026-09-26T17:22:08.637Z","sourceCount":1,"primarySource":{"url":"https://www.openstreetmap.org/node/1288926245","title":"OpenStreetMap contributors","publisher":"OpenStreetMap contributors","licence":"ODbL 1.0","reuse":"open_licence"}}},{"type":"Feature","geometry":{"type":"Point","coordinates":[7.9104,47.9709]},"properties":{"id":"osm:node-1290246523","version":"8a355d6503a616fcaca7ab3e03de2119fc2f8b54fdda6fa1713cc4a96f35e62c","cityId":"freiburg","kind":"place","category":"fire_station","title":"Freiwillige Feuerwehr Freiburg | Abteilung 16 Kappel","statement":"Freiwillige Feuerwehr Freiburg | Abteilung 16 Kappel ist in OpenStreetMap als fire_station eingetragen. Betrieb und Öffnungszeiten nicht geprüft.","status":"OSM-Eintrag, nicht offiziell geprüft","startDate":null,"endDate":null,"nextStep":"Aktuelle Angaben direkt beim Ort prüfen.","scale":"street","geometryPrecision":"exact","reviewState":"candidate","asOf":"2026-09-26T17:22:08.637Z","sourceCount":1,"primarySource":{"url":"https://www.openstreetmap.org/node/1290246523","title":"OpenStreetMap contributors","publisher":"OpenStreetMap contributors","licence":"ODbL 1.0","reuse":"open_licence"}}},{"type":"Feature","geometry":{"type":"Point","coordinates":[7.79846,47.98689]},"properties":{"id":"osm:node-12918200265","version":"175a7ef2dc02833f5ab3822f7443ce73f036696a663d4cfa47a0caa513acd8d9","cityId":"freiburg","kind":"place","category":"bakery","title":"Bäckerei Yildirim","statement":"Bäckerei Yildirim ist in OpenStreetMap als bakery eingetragen. Öffnungszeiten in OSM eingetragen; nicht unabhängig bestätigt.","status":"OSM-Eintrag, nicht offiziell geprüft","startDate":null,"endDate":null,"nextStep":"Aktuelle Angaben direkt beim Ort prüfen.","scale":"street","geometryPrecision":"exact","reviewState":"candidate","asOf":"2026-09-26T17:22:08.637Z","sourceCount":1,"primarySource":{"url":"https://www.openstreetmap.org/node/12918200265","title":"OpenStreetMap contributors","publisher":"OpenStreetMap contributors","licence":"ODbL 1.0","reuse":"open_licence"}}},{"type":"Feature","geometry":{"type":"Point","coordinates":[7.83633,47.98653]},"properties":{"id":"osm:node-12961127137","version":"b6d5a1c4f5185d9b4d6cad079bb4edaaf22900a02db7fd94fbfb44d97164ff64","cityId":"freiburg","kind":"place","category":"doctors","title":"Orthotheam Freiburg","statement":"Orthotheam Freiburg ist in OpenStreetMap als doctors eingetragen. Betrieb und Öffnungszeiten nicht geprüft.","status":"OSM-Eintrag, nicht offiziell geprüft","startDate":null,"endDate":null,"nextStep":"Aktuelle Angaben direkt beim Ort prüfen.","scale":"street","geometryPrecision":"exact","reviewState":"candidate","asOf":"2026-09-26T17:22:08.637Z","sourceCount":1,"primarySource":{"url":"https://www.openstreetmap.org/node/12961127137","title":"OpenStreetMap contributors","publisher":"OpenStreetMap contributors","licence":"ODbL 1.0","reuse":"open_licence"}}},{"type":"Feature","geometry":{"type":"Point","coordinates":[7.81423,48.02375]},"properties":{"id":"osm:node-12965432868","version":"02422cd65ac07b198d54dc9393ffb253dc81bdf7a57207334c16827faea7f9c8","cityId":"freiburg","kind":"place","category":"doctors","title":"Mammographie-Screening-Südbaden","statement":"Mammographie-Screening-Südbaden ist in OpenStreetMap als doctors eingetragen. Betrieb und Öffnungszeiten nicht geprüft.","status":"OSM-Eintrag, nicht offiziell geprüft","startDate":null,"endDate":null,"nextStep":"Aktuelle Angaben direkt beim Ort prüfen.","scale":"street","geometryPrecision":"exact","reviewState":"candidate","asOf":"2026-09-26T17:22:08.637Z","sourceCount":1,"primarySource":{"url":"https://www.openstreetmap.org/node/12965432868","title":"OpenStreetMap contributors","publisher":"OpenStreetMap contributors","licence":"ODbL 1.0","reuse":"open_licence"}}},{"type":"Feature","geometry":{"type":"Point","coordinates":[7.81442,48.02389]},"properties":{"id":"osm:node-12965432869","version":"47a110d74eb134e0f60593a0bc4bac4dfc9179a5cb8219f70f1db3b5c1a5119b","cityId":"freiburg","kind":"place","category":"hospital","title":"Praxisklinik 2000","statement":"Praxisklinik 2000 ist in OpenStreetMap als hospital eingetragen. Öffnungszeiten in OSM eingetragen; nicht unabhängig bestätigt.","status":"OSM-Eintrag, nicht offiziell geprüft","startDate":null,"endDate":null,"nextStep":"Aktuelle Angaben direkt beim Ort prüfen.","scale":"street","geometryPrecision":"exact","reviewState":"candidate","asOf":"2026-09-26T17:22:08.637Z","sourceCount":1,"primarySource":{"url":"https://www.openstreetmap.org/node/12965432869","title":"OpenStreetMap contributors","publisher":"OpenStreetMap contributors","licence":"ODbL 1.0","reuse":"open_licence"}}},{"type":"Feature","geometry":{"type":"Point","coordinates":[7.84645,47.98575]},"properties":{"id":"osm:node-12972942868","version":"9b7aa5e86ca682e30a3aa28311f4a9a6620dfba4adc53f9fa0d061542556f321","cityId":"freiburg","kind":"place","category":"kindergarten","title":"Simsalabim","statement":"Simsalabim ist in OpenStreetMap als kindergarten eingetragen. Betrieb und Öffnungszeiten nicht geprüft.","status":"OSM-Eintrag, nicht offiziell geprüft","startDate":null,"endDate":null,"nextStep":"Aktuelle Angaben direkt beim Ort prüfen.","scale":"street","geometryPrecision":"exact","reviewState":"candidate","asOf":"2026-09-26T17:22:08.637Z","sourceCount":1,"primarySource":{"url":"https://www.openstreetmap.org/node/12972942868","title":"OpenStreetMap contributors","publisher":"OpenStreetMap contributors","licence":"ODbL 1.0","reuse":"open_licence"}}},{"type":"Feature","geometry":{"type":"Point","coordinates":[7.81462,47.99048]},"properties":{"id":"osm:node-12982945021","version":"23d4f62d5a5b4fd57ba4dd07936c8a862e70b2a715a3531a4f5ff29a02369465","cityId":"freiburg","kind":"place","category":"bakery","title":"Denaj's Backshop","statement":"Denaj's Backshop ist in OpenStreetMap als bakery eingetragen. Öffnungszeiten in OSM eingetragen; nicht unabhängig bestätigt.","status":"OSM-Eintrag, nicht offiziell geprüft","startDate":null,"endDate":null,"nextStep":"Aktuelle Angaben direkt beim Ort prüfen.","scale":"street","geometryPrecision":"exact","reviewState":"candidate","asOf":"2026-09-26T17:22:08.637Z","sourceCount":1,"primarySource":{"url":"https://www.openstreetmap.org/node/12982945021","title":"OpenStreetMap contributors","publisher":"OpenStreetMap contributors","licence":"ODbL 1.0","reuse":"open_licence"}}},{"type":"Feature","geometry":{"type":"Point","coordinates":[7.85232,48.01323]},"properties":{"id":"osm:node-12988113477","version":"59d221de057d2dfb6394232cd0a0ee68992ed1e8b30a690c1183a490eb24ea4a","cityId":"freiburg","kind":"place","category":"bakery","title":"Stadtbäckerei Dreher","statement":"Stadtbäckerei Dreher ist in OpenStreetMap als bakery eingetragen. Öffnungszeiten in OSM eingetragen; nicht unabhängig bestätigt.","status":"OSM-Eintrag, nicht offiziell geprüft","startDate":null,"endDate":null,"nextStep":"Aktuelle Angaben direkt beim Ort prüfen.","scale":"street","geometryPrecision":"exact","reviewState":"candidate","asOf":"2026-09-26T17:22:08.637Z","sourceCount":1,"primarySource":{"url":"https://www.openstreetmap.org/node/12988113477","title":"OpenStreetMap contributors","publisher":"OpenStreetMap contributors","licence":"ODbL 1.0","reuse":"open_licence"}}},{"type":"Feature","geometry":{"type":"Point","coordinates":[7.85421,47.9922]},"properties":{"id":"osm:node-12995813096","version":"7626b25857227006dbc4a6368ea8e7cbab0ee0e3ca629d0fa92124e21804c2e9","cityId":"freiburg","kind":"place","category":"social","title":"Haus des Engagements (HdE) - Schwabentor","statement":"Haus des Engagements (HdE) - Schwabentor ist in OpenStreetMap als social eingetragen. Betrieb und Öffnungszeiten nicht geprüft.","status":"OSM-Eintrag, nicht offiziell geprüft","startDate":null,"endDate":null,"nextStep":"Aktuelle Angaben direkt beim Ort prüfen.","scale":"street","geometryPrecision":"exact","reviewState":"candidate","asOf":"2026-09-26T17:22:08.637Z","sourceCount":1,"primarySource":{"url":"https://www.openstreetmap.org/node/12995813096","title":"OpenStreetMap contributors","publisher":"OpenStreetMap contributors","licence":"ODbL 1.0","reuse":"open_licence"}}},{"type":"Feature","geometry":{"type":"Point","coordinates":[7.84984,47.99461]},"properties":{"id":"osm:node-13074174877","version":"adca28e7b701056ac993294cffcf6402ed22a1be509009548a06d9127668bd5d","cityId":"freiburg","kind":"place","category":"bakery","title":"Kajo Backshop","statement":"Kajo Backshop ist in OpenStreetMap als bakery eingetragen. Öffnungszeiten in OSM eingetragen; nicht unabhängig bestätigt.","status":"OSM-Eintrag, nicht offiziell geprüft","startDate":null,"endDate":null,"nextStep":"Aktuelle Angaben direkt beim Ort prüfen.","scale":"street","geometryPrecision":"exact","reviewState":"candidate","asOf":"2026-09-26T17:22:08.637Z","sourceCount":1,"primarySource":{"url":"https://www.openstreetmap.org/node/13074174877","title":"OpenStreetMap contributors","publisher":"OpenStreetMap contributors","licence":"ODbL 1.0","reuse":"open_licence"}}},{"type":"Feature","geometry":{"type":"Point","coordinates":[7.72796,48.02343]},"properties":{"id":"osm:node-13093937654","version":"ce682c1a3492a851b1f8e76bec890413855c9b46d37b2b936aa91706fe5c0b2b","cityId":"freiburg","kind":"place","category":"supermarket","title":"Beckesepp","statement":"Beckesepp ist in OpenStreetMap als supermarket eingetragen. Öffnungszeiten in OSM eingetragen; nicht unabhängig bestätigt.","status":"OSM-Eintrag, nicht offiziell geprüft","startDate":null,"endDate":null,"nextStep":"Aktuelle Angaben direkt beim Ort prüfen.","scale":"street","geometryPrecision":"exact","reviewState":"candidate","asOf":"2026-09-26T17:22:08.637Z","sourceCount":1,"primarySource":{"url":"https://www.openstreetmap.org/node/13093937654","title":"OpenStreetMap contributors","publisher":"OpenStreetMap contributors","licence":"ODbL 1.0","reuse":"open_licence"}}},{"type":"Feature","geometry":{"type":"Point","coordinates":[7.86139,48.03094]},"properties":{"id":"osm:node-13093970172","version":"f6126dce81fed4960b9f75a46fb980223ddb0eacd22a0091c8e3124e6e7a344c","cityId":"freiburg","kind":"place","category":"supermarket","title":"E-Center Kohler","statement":"E-Center Kohler ist in OpenStreetMap als supermarket eingetragen. Öffnungszeiten in OSM eingetragen; nicht unabhängig bestätigt.","status":"OSM-Eintrag, nicht offiziell geprüft","startDate":null,"endDate":null,"nextStep":"Aktuelle Angaben direkt beim Ort prüfen.","scale":"street","geometryPrecision":"exact","reviewState":"candidate","asOf":"2026-09-26T17:22:08.637Z","sourceCount":1,"primarySource":{"url":"https://www.openstreetmap.org/node/13093970172","title":"OpenStreetMap contributors","publisher":"OpenStreetMap contributors","licence":"ODbL 1.0","reuse":"open_licence"}}},{"type":"Feature","geometry":{"type":"Point","coordinates":[7.84944,47.99724]},"properties":{"id":"osm:node-1310092496","version":"2a00d6d7e21831b2405f3334ce08df9ee302642cce5958b3bdd4883a2f87d848","cityId":"freiburg","kind":"place","category":"pharmacy","title":"Unterlinden Apotheke","statement":"Unterlinden Apotheke ist in OpenStreetMap als pharmacy eingetragen. Öffnungszeiten in OSM eingetragen; nicht unabhängig bestätigt.","status":"OSM-Eintrag, nicht offiziell geprüft","startDate":null,"endDate":null,"nextStep":"Aktuelle Angaben direkt beim Ort prüfen.","scale":"street","geometryPrecision":"exact","reviewState":"candidate","asOf":"2026-09-26T17:22:08.637Z","sourceCount":1,"primarySource":{"url":"https://www.openstreetmap.org/node/1310092496","title":"OpenStreetMap contributors","publisher":"OpenStreetMap contributors","licence":"ODbL 1.0","reuse":"open_licence"}}},{"type":"Feature","geometry":{"type":"Point","coordinates":[7.8504,47.99717]},"properties":{"id":"osm:node-1310092497","version":"c5cf389f5e6519fae9adb76c8f90e7f2d621458c13b6f091ac8cca3d4e1b7206","cityId":"freiburg","kind":"place","category":"pharmacy","title":"City-Apotheke","statement":"City-Apotheke ist in OpenStreetMap als pharmacy eingetragen. Öffnungszeiten in OSM eingetragen; nicht unabhängig bestätigt.","status":"OSM-Eintrag, nicht offiziell geprüft","startDate":null,"endDate":null,"nextStep":"Aktuelle Angaben direkt beim Ort prüfen.","scale":"street","geometryPrecision":"exact","reviewState":"candidate","asOf":"2026-09-26T17:22:08.637Z","sourceCount":1,"primarySource":{"url":"https://www.openstreetmap.org/node/1310092497","title":"OpenStreetMap contributors","publisher":"OpenStreetMap contributors","licence":"ODbL 1.0","reuse":"open_licence"}}},{"type":"Feature","geometry":{"type":"Point","coordinates":[7.84219,47.99783]},"properties":{"id":"osm:node-13128168910","version":"3dc8441a1d79e624bd9479f40ba881fee8296c6e66a5a36d6ab470516ccdf7c8","cityId":"freiburg","kind":"place","category":"bakery","title":"Backhaus Café Schöpflin","statement":"Backhaus Café Schöpflin ist in OpenStreetMap als bakery eingetragen. Betrieb und Öffnungszeiten nicht geprüft.","status":"OSM-Eintrag, nicht offiziell geprüft","startDate":null,"endDate":null,"nextStep":"Aktuelle Angaben direkt beim Ort prüfen.","scale":"street","geometryPrecision":"exact","reviewState":"candidate","asOf":"2026-09-26T17:22:08.637Z","sourceCount":1,"primarySource":{"url":"https://www.openstreetmap.org/node/13128168910","title":"OpenStreetMap contributors","publisher":"OpenStreetMap contributors","licence":"ODbL 1.0","reuse":"open_licence"}}},{"type":"Feature","geometry":{"type":"Point","coordinates":[7.80432,47.97857]},"properties":{"id":"osm:node-1315355263","version":"afcdda3cd0435bb7c092c951cfdceab8f7ec7a8494dd305671a00430d324aa96","cityId":"freiburg","kind":"place","category":"pharmacy","title":"Vogtshof Apotheke","statement":"Vogtshof Apotheke ist in OpenStreetMap als pharmacy eingetragen. Öffnungszeiten in OSM eingetragen; nicht unabhängig bestätigt.","status":"OSM-Eintrag, nicht offiziell geprüft","startDate":null,"endDate":null,"nextStep":"Aktuelle Angaben direkt beim Ort prüfen.","scale":"street","geometryPrecision":"exact","reviewState":"candidate","asOf":"2026-09-26T17:22:08.637Z","sourceCount":1,"primarySource":{"url":"https://www.openstreetmap.org/node/1315355263","title":"OpenStreetMap contributors","publisher":"OpenStreetMap contributors","licence":"ODbL 1.0","reuse":"open_licence"}}},{"type":"Feature","geometry":{"type":"Point","coordinates":[7.8523,47.98533]},"properties":{"id":"osm:node-13168293824","version":"1d3302daf517ae924a02e43da3efce1f7cea5ee742535a719b0c9bf7eb22c991","cityId":"freiburg","kind":"place","category":"doctors","title":"Orthopaedicum Freiburg-Wiehre","statement":"Orthopaedicum Freiburg-Wiehre ist in OpenStreetMap als doctors eingetragen. Betrieb und Öffnungszeiten nicht geprüft.","status":"OSM-Eintrag, nicht offiziell geprüft","startDate":null,"endDate":null,"nextStep":"Aktuelle Angaben direkt beim Ort prüfen.","scale":"street","geometryPrecision":"exact","reviewState":"candidate","asOf":"2026-09-26T17:22:08.637Z","sourceCount":1,"primarySource":{"url":"https://www.openstreetmap.org/node/13168293824","title":"OpenStreetMap contributors","publisher":"OpenStreetMap contributors","licence":"ODbL 1.0","reuse":"open_licence"}}},{"type":"Feature","geometry":{"type":"Point","coordinates":[7.90886,47.96393]},"properties":{"id":"osm:node-13178713901","version":"c864e68eec54ecafe9bdff80cb0e40cace3643c7bb717bf26d8f8be0f1b6dc87","cityId":"freiburg","kind":"place","category":"post_office","title":"Postfiliale 607","statement":"Postfiliale 607 ist in OpenStreetMap als post_office eingetragen. Öffnungszeiten in OSM eingetragen; nicht unabhängig bestätigt.","status":"OSM-Eintrag, nicht offiziell geprüft","startDate":null,"endDate":null,"nextStep":"Aktuelle Angaben direkt beim Ort prüfen.","scale":"street","geometryPrecision":"exact","reviewState":"candidate","asOf":"2026-09-26T17:22:08.637Z","sourceCount":1,"primarySource":{"url":"https://www.openstreetmap.org/node/13178713901","title":"OpenStreetMap contributors","publisher":"OpenStreetMap contributors","licence":"ODbL 1.0","reuse":"open_licence"}}},{"type":"Feature","geometry":{"type":"Point","coordinates":[7.84893,47.99502]},"properties":{"id":"osm:node-13264586702","version":"147c7240ed77c446462ea903da8f4bd8472c86646f950bbe322d4f7718ee4f5d","cityId":"freiburg","kind":"place","category":"clinic","title":"Nuklearmedizin Südbaden","statement":"Nuklearmedizin Südbaden ist in OpenStreetMap als clinic eingetragen. Betrieb und Öffnungszeiten nicht geprüft.","status":"OSM-Eintrag, nicht offiziell geprüft","startDate":null,"endDate":null,"nextStep":"Aktuelle Angaben direkt beim Ort prüfen.","scale":"street","geometryPrecision":"exact","reviewState":"candidate","asOf":"2026-09-26T17:22:08.637Z","sourceCount":1,"primarySource":{"url":"https://www.openstreetmap.org/node/13264586702","title":"OpenStreetMap contributors","publisher":"OpenStreetMap contributors","licence":"ODbL 1.0","reuse":"open_licence"}}},{"type":"Feature","geometry":{"type":"Point","coordinates":[7.82995,48.00763]},"properties":{"id":"osm:node-13264586703","version":"73fec4716833ae80b7421e4a05a7f3502166c50e9609379978264e17cd1f3c3b","cityId":"freiburg","kind":"place","category":"clinic","title":"Die Kardiologen Freiburg","statement":"Die Kardiologen Freiburg ist in OpenStreetMap als clinic eingetragen. Betrieb und Öffnungszeiten nicht geprüft.","status":"OSM-Eintrag, nicht offiziell geprüft","startDate":null,"endDate":null,"nextStep":"Aktuelle Angaben direkt beim Ort prüfen.","scale":"street","geometryPrecision":"exact","reviewState":"candidate","asOf":"2026-09-26T17:22:08.637Z","sourceCount":1,"primarySource":{"url":"https://www.openstreetmap.org/node/13264586703","title":"OpenStreetMap contributors","publisher":"OpenStreetMap contributors","licence":"ODbL 1.0","reuse":"open_licence"}}},{"type":"Feature","geometry":{"type":"Point","coordinates":[7.84951,48.0131]},"properties":{"id":"osm:node-13266655759","version":"585c6e46c49991335169d5edb75540807328a3bf24de52d015d0be1c023f3a31","cityId":"freiburg","kind":"place","category":"bakery","title":"Rees Backwaren","statement":"Rees Backwaren ist in OpenStreetMap als bakery eingetragen. Betrieb und Öffnungszeiten nicht geprüft.","status":"OSM-Eintrag, nicht offiziell geprüft","startDate":null,"endDate":null,"nextStep":"Aktuelle Angaben direkt beim Ort prüfen.","scale":"street","geometryPrecision":"exact","reviewState":"candidate","asOf":"2026-09-26T17:22:08.637Z","sourceCount":1,"primarySource":{"url":"https://www.openstreetmap.org/node/13266655759","title":"OpenStreetMap contributors","publisher":"OpenStreetMap contributors","licence":"ODbL 1.0","reuse":"open_licence"}}},{"type":"Feature","geometry":{"type":"Point","coordinates":[7.90632,47.96767]},"properties":{"id":"osm:node-13273758485","version":"cf487713be199d890ee74ca20a1374bad4a0462c974b2dde8f010d312f8e99b0","cityId":"freiburg","kind":"place","category":"kindergarten","title":"Waldkindergarten Fuchsbau","statement":"Waldkindergarten Fuchsbau ist in OpenStreetMap als kindergarten eingetragen. Betrieb und Öffnungszeiten nicht geprüft.","status":"OSM-Eintrag, nicht offiziell geprüft","startDate":null,"endDate":null,"nextStep":"Aktuelle Angaben direkt beim Ort prüfen.","scale":"street","geometryPrecision":"exact","reviewState":"candidate","asOf":"2026-09-26T17:22:08.637Z","sourceCount":1,"primarySource":{"url":"https://www.openstreetmap.org/node/13273758485","title":"OpenStreetMap contributors","publisher":"OpenStreetMap contributors","licence":"ODbL 1.0","reuse":"open_licence"}}},{"type":"Feature","geometry":{"type":"Point","coordinates":[7.84831,47.98897]},"properties":{"id":"osm:node-1328033000","version":"8968024372d1c7094b7c27a139cdadd963b2bd07361d1f0edd19e715b0958e33","cityId":"freiburg","kind":"place","category":"pharmacy","title":"Pinocchio Apotheke","statement":"Pinocchio Apotheke ist in OpenStreetMap als pharmacy eingetragen. Öffnungszeiten in OSM eingetragen; nicht unabhängig bestätigt.","status":"OSM-Eintrag, nicht offiziell geprüft","startDate":null,"endDate":null,"nextStep":"Aktuelle Angaben direkt beim Ort prüfen.","scale":"street","geometryPrecision":"exact","reviewState":"candidate","asOf":"2026-09-26T17:22:08.637Z","sourceCount":1,"primarySource":{"url":"https://www.openstreetmap.org/node/1328033000","title":"OpenStreetMap contributors","publisher":"OpenStreetMap contributors","licence":"ODbL 1.0","reuse":"open_licence"}}},{"type":"Feature","geometry":{"type":"Point","coordinates":[7.84997,47.99764]},"properties":{"id":"osm:node-13299532342","version":"75ef14c70fea12add7c65666c272eacd4077a36afdb6071f406f895267fdd629","cityId":"freiburg","kind":"place","category":"doctors","title":"Dr. med Sebastian Laschke, Dr. med Michael Filies","statement":"Dr. med Sebastian Laschke, Dr. med Michael Filies ist in OpenStreetMap als doctors eingetragen. Betrieb und Öffnungszeiten nicht geprüft.","status":"OSM-Eintrag, nicht offiziell geprüft","startDate":null,"endDate":null,"nextStep":"Aktuelle Angaben direkt beim Ort prüfen.","scale":"street","geometryPrecision":"exact","reviewState":"candidate","asOf":"2026-09-26T17:22:08.637Z","sourceCount":1,"primarySource":{"url":"https://www.openstreetmap.org/node/13299532342","title":"OpenStreetMap contributors","publisher":"OpenStreetMap contributors","licence":"ODbL 1.0","reuse":"open_licence"}}},{"type":"Feature","geometry":{"type":"Point","coordinates":[7.85819,48.02347]},"properties":{"id":"osm:node-13320070777","version":"47e08627db29cc76b3c1abc799022f6c0c88c85711c4a91c536046a61e4c0f70","cityId":"freiburg","kind":"place","category":"community_centre","title":"Quartiersarbeit Zähringen","statement":"Quartiersarbeit Zähringen ist in OpenStreetMap als community_centre eingetragen. Betrieb und Öffnungszeiten nicht geprüft.","status":"OSM-Eintrag, nicht offiziell geprüft","startDate":null,"endDate":null,"nextStep":"Aktuelle Angaben direkt beim Ort prüfen.","scale":"street","geometryPrecision":"exact","reviewState":"candidate","asOf":"2026-09-26T17:22:08.637Z","sourceCount":1,"primarySource":{"url":"https://www.openstreetmap.org/node/13320070777","title":"OpenStreetMap contributors","publisher":"OpenStreetMap contributors","licence":"ODbL 1.0","reuse":"open_licence"}}},{"type":"Feature","geometry":{"type":"Point","coordinates":[7.82489,47.9817]},"properties":{"id":"osm:node-1333688101","version":"6f4493a0f3ed23b9481371d0043495005b81c566c17b23ac0cbfe8682061e23e","cityId":"freiburg","kind":"place","category":"bakery","title":"Rees Backwaren","statement":"Rees Backwaren ist in OpenStreetMap als bakery eingetragen. Öffnungszeiten in OSM eingetragen; nicht unabhängig bestätigt.","status":"OSM-Eintrag, nicht offiziell geprüft","startDate":null,"endDate":null,"nextStep":"Aktuelle Angaben direkt beim Ort prüfen.","scale":"street","geometryPrecision":"exact","reviewState":"candidate","asOf":"2026-09-26T17:22:08.637Z","sourceCount":1,"primarySource":{"url":"https://www.openstreetmap.org/node/1333688101","title":"OpenStreetMap contributors","publisher":"OpenStreetMap contributors","licence":"ODbL 1.0","reuse":"open_licence"}}},{"type":"Feature","geometry":{"type":"Point","coordinates":[7.8585,48.01753]},"properties":{"id":"osm:node-13341275517","version":"f507fe12aac4de2ee13843b9dce7642d219796d06ba8c17a515ba9d7f639970d","cityId":"freiburg","kind":"place","category":"sport","title":"TSV Alemannia Zähringen e.V.","statement":"TSV Alemannia Zähringen e.V. ist in OpenStreetMap als sport eingetragen. Betrieb und Öffnungszeiten nicht geprüft.","status":"OSM-Eintrag, nicht offiziell geprüft","startDate":null,"endDate":null,"nextStep":"Aktuelle Angaben direkt beim Ort prüfen.","scale":"street","geometryPrecision":"exact","reviewState":"candidate","asOf":"2026-09-26T17:22:08.637Z","sourceCount":1,"primarySource":{"url":"https://www.openstreetmap.org/node/13341275517","title":"OpenStreetMap contributors","publisher":"OpenStreetMap contributors","licence":"ODbL 1.0","reuse":"open_licence"}}},{"type":"Feature","geometry":{"type":"Point","coordinates":[7.8108,48.01134]},"properties":{"id":"osm:node-13406623577","version":"2fa6110e15b9f1f3a29a1afaa09ce794c53d00cc92cb609f7054e08d03228e36","cityId":"freiburg","kind":"place","category":"bakery","title":"Yaralin Cafe & Bäckerei","statement":"Yaralin Cafe & Bäckerei ist in OpenStreetMap als bakery eingetragen. Betrieb und Öffnungszeiten nicht geprüft.","status":"OSM-Eintrag, nicht offiziell geprüft","startDate":null,"endDate":null,"nextStep":"Aktuelle Angaben direkt beim Ort prüfen.","scale":"street","geometryPrecision":"exact","reviewState":"candidate","asOf":"2026-09-26T17:22:08.637Z","sourceCount":1,"primarySource":{"url":"https://www.openstreetmap.org/node/13406623577","title":"OpenStreetMap contributors","publisher":"OpenStreetMap contributors","licence":"ODbL 1.0","reuse":"open_licence"}}},{"type":"Feature","geometry":{"type":"Point","coordinates":[7.79046,47.97951]},"properties":{"id":"osm:node-13432589145","version":"8d3031a7fa731179a807e8c10b4512e49bd026e9a396ce6a79849823f3ce8f18","cityId":"freiburg","kind":"place","category":"kindergarten","title":"Kita am Rebberg","statement":"Kita am Rebberg ist in OpenStreetMap als kindergarten eingetragen. Betrieb und Öffnungszeiten nicht geprüft.","status":"OSM-Eintrag, nicht offiziell geprüft","startDate":null,"endDate":null,"nextStep":"Aktuelle Angaben direkt beim Ort prüfen.","scale":"street","geometryPrecision":"exact","reviewState":"candidate","asOf":"2026-09-26T17:22:08.637Z","sourceCount":1,"primarySource":{"url":"https://www.openstreetmap.org/node/13432589145","title":"OpenStreetMap contributors","publisher":"OpenStreetMap contributors","licence":"ODbL 1.0","reuse":"open_licence"}}},{"type":"Feature","geometry":{"type":"Point","coordinates":[7.84998,47.99811]},"properties":{"id":"osm:node-13439552203","version":"0d0851841a40498d569514adc21cf8d84c01ad6595d9beb5a7479b0f2be968aa","cityId":"freiburg","kind":"place","category":"doctors","title":"Praxis 3","statement":"Praxis 3 ist in OpenStreetMap als doctors eingetragen. Öffnungszeiten in OSM eingetragen; nicht unabhängig bestätigt.","status":"OSM-Eintrag, nicht offiziell geprüft","startDate":null,"endDate":null,"nextStep":"Aktuelle Angaben direkt beim Ort prüfen.","scale":"street","geometryPrecision":"exact","reviewState":"candidate","asOf":"2026-09-26T17:22:08.637Z","sourceCount":1,"primarySource":{"url":"https://www.openstreetmap.org/node/13439552203","title":"OpenStreetMap contributors","publisher":"OpenStreetMap contributors","licence":"ODbL 1.0","reuse":"open_licence"}}},{"type":"Feature","geometry":{"type":"Point","coordinates":[7.85117,47.99725]},"properties":{"id":"osm:node-13469212172","version":"48ce4e4a9322c77282039a588271b9a46777ccd23f26ab96d941fef6630bc128","cityId":"freiburg","kind":"place","category":"supermarket","title":"Lì Laí Asia Shop","statement":"Lì Laí Asia Shop ist in OpenStreetMap als supermarket eingetragen. Öffnungszeiten in OSM eingetragen; nicht unabhängig bestätigt.","status":"OSM-Eintrag, nicht offiziell geprüft","startDate":null,"endDate":null,"nextStep":"Aktuelle Angaben direkt beim Ort prüfen.","scale":"street","geometryPrecision":"exact","reviewState":"candidate","asOf":"2026-09-26T17:22:08.637Z","sourceCount":1,"primarySource":{"url":"https://www.openstreetmap.org/node/13469212172","title":"OpenStreetMap contributors","publisher":"OpenStreetMap contributors","licence":"ODbL 1.0","reuse":"open_licence"}}},{"type":"Feature","geometry":{"type":"Point","coordinates":[7.84645,47.99544]},"properties":{"id":"osm:node-13528916529","version":"c1ad981d76f5fc45a4027f929dbec0cedc89981d8c816991ed7e859a80c66237","cityId":"freiburg","kind":"place","category":"clinic","title":"Lungenfachärzte in der Bertoldstraße","statement":"Lungenfachärzte in der Bertoldstraße ist in OpenStreetMap als clinic eingetragen. Betrieb und Öffnungszeiten nicht geprüft.","status":"OSM-Eintrag, nicht offiziell geprüft","startDate":null,"endDate":null,"nextStep":"Aktuelle Angaben direkt beim Ort prüfen.","scale":"street","geometryPrecision":"exact","reviewState":"candidate","asOf":"2026-09-26T17:22:08.637Z","sourceCount":1,"primarySource":{"url":"https://www.openstreetmap.org/node/13528916529","title":"OpenStreetMap contributors","publisher":"OpenStreetMap contributors","licence":"ODbL 1.0","reuse":"open_licence"}}},{"type":"Feature","geometry":{"type":"Point","coordinates":[7.81141,48.01347]},"properties":{"id":"osm:node-13534235663","version":"5ec280df5021b03f11b0def09c1dae51bd8604b0f8bce84873c487d50c684075","cityId":"freiburg","kind":"place","category":"doctors","title":"Hausarztpraxis Brich & Munk-Schulenburg","statement":"Hausarztpraxis Brich & Munk-Schulenburg ist in OpenStreetMap als doctors eingetragen. Öffnungszeiten in OSM eingetragen; nicht unabhängig bestätigt.","status":"OSM-Eintrag, nicht offiziell geprüft","startDate":null,"endDate":null,"nextStep":"Aktuelle Angaben direkt beim Ort prüfen.","scale":"street","geometryPrecision":"exact","reviewState":"candidate","asOf":"2026-09-26T17:22:08.637Z","sourceCount":1,"primarySource":{"url":"https://www.openstreetmap.org/node/13534235663","title":"OpenStreetMap contributors","publisher":"OpenStreetMap contributors","licence":"ODbL 1.0","reuse":"open_licence"}}},{"type":"Feature","geometry":{"type":"Point","coordinates":[7.80406,48.0147]},"properties":{"id":"osm:node-13544552398","version":"12165d72a397af8f0609af9b379a3c7db24ab4c1a5ee6693179e7043bc8b66a8","cityId":"freiburg","kind":"place","category":"doctors","title":"Hausarzt Praxis Lehen","statement":"Hausarzt Praxis Lehen ist in OpenStreetMap als doctors eingetragen. Öffnungszeiten in OSM eingetragen; nicht unabhängig bestätigt.","status":"OSM-Eintrag, nicht offiziell geprüft","startDate":null,"endDate":null,"nextStep":"Aktuelle Angaben direkt beim Ort prüfen.","scale":"street","geometryPrecision":"exact","reviewState":"candidate","asOf":"2026-09-26T17:22:08.637Z","sourceCount":1,"primarySource":{"url":"https://www.openstreetmap.org/node/13544552398","title":"OpenStreetMap contributors","publisher":"OpenStreetMap contributors","licence":"ODbL 1.0","reuse":"open_licence"}}},{"type":"Feature","geometry":{"type":"Point","coordinates":[7.84825,47.99117]},"properties":{"id":"osm:node-13572627427","version":"458df1af781a206533dea70b97d2344ecf24e481d8975621716e72845cf6f1b8","cityId":"freiburg","kind":"place","category":"supermarket","title":"Asia Markt BAT DAT","statement":"Asia Markt BAT DAT ist in OpenStreetMap als supermarket eingetragen. Öffnungszeiten in OSM eingetragen; nicht unabhängig bestätigt.","status":"OSM-Eintrag, nicht offiziell geprüft","startDate":null,"endDate":null,"nextStep":"Aktuelle Angaben direkt beim Ort prüfen.","scale":"street","geometryPrecision":"exact","reviewState":"candidate","asOf":"2026-09-26T17:22:08.637Z","sourceCount":1,"primarySource":{"url":"https://www.openstreetmap.org/node/13572627427","title":"OpenStreetMap contributors","publisher":"OpenStreetMap contributors","licence":"ODbL 1.0","reuse":"open_licence"}}},{"type":"Feature","geometry":{"type":"Point","coordinates":[7.85134,47.99535]},"properties":{"id":"osm:node-1360476652","version":"9a5f048ef4fcc3cc4a27e8719fd3606b77028457961568651ac809d4f4b09a92","cityId":"freiburg","kind":"place","category":"bakery","title":"Zeit für Brot","statement":"Zeit für Brot ist in OpenStreetMap als bakery eingetragen. Öffnungszeiten in OSM eingetragen; nicht unabhängig bestätigt.","status":"OSM-Eintrag, nicht offiziell geprüft","startDate":null,"endDate":null,"nextStep":"Aktuelle Angaben direkt beim Ort prüfen.","scale":"street","geometryPrecision":"exact","reviewState":"candidate","asOf":"2026-09-26T17:22:08.637Z","sourceCount":1,"primarySource":{"url":"https://www.openstreetmap.org/node/1360476652","title":"OpenStreetMap contributors","publisher":"OpenStreetMap contributors","licence":"ODbL 1.0","reuse":"open_licence"}}},{"type":"Feature","geometry":{"type":"Point","coordinates":[7.79504,47.98969]},"properties":{"id":"osm:node-13610503601","version":"0a0a0b4515adc266a21b1b9c4edaef92fc4bd9f7546c670552dfbeddfad288ae","cityId":"freiburg","kind":"place","category":"fitness","title":"maxx! Gesundheitszentrum Freiburg","statement":"maxx! Gesundheitszentrum Freiburg ist in OpenStreetMap als fitness eingetragen. Betrieb und Öffnungszeiten nicht geprüft.","status":"OSM-Eintrag, nicht offiziell geprüft","startDate":null,"endDate":null,"nextStep":"Aktuelle Angaben direkt beim Ort prüfen.","scale":"street","geometryPrecision":"exact","reviewState":"candidate","asOf":"2026-09-26T17:22:08.637Z","sourceCount":1,"primarySource":{"url":"https://www.openstreetmap.org/node/13610503601","title":"OpenStreetMap contributors","publisher":"OpenStreetMap contributors","licence":"ODbL 1.0","reuse":"open_licence"}}},{"type":"Feature","geometry":{"type":"Point","coordinates":[7.86317,48.00669]},"properties":{"id":"osm:node-13625583205","version":"76980f3e8898545af4a0cb8303680c36b65cc2d35f9b0f28c9242ebb3a7523c5","cityId":"freiburg","kind":"place","category":"doctors","title":"Praxis Kubens","statement":"Praxis Kubens ist in OpenStreetMap als doctors eingetragen. Betrieb und Öffnungszeiten nicht geprüft.","status":"OSM-Eintrag, nicht offiziell geprüft","startDate":null,"endDate":null,"nextStep":"Aktuelle Angaben direkt beim Ort prüfen.","scale":"street","geometryPrecision":"exact","reviewState":"candidate","asOf":"2026-09-26T17:22:08.637Z","sourceCount":1,"primarySource":{"url":"https://www.openstreetmap.org/node/13625583205","title":"OpenStreetMap contributors","publisher":"OpenStreetMap contributors","licence":"ODbL 1.0","reuse":"open_licence"}}},{"type":"Feature","geometry":{"type":"Point","coordinates":[7.8529,48.00222]},"properties":{"id":"osm:node-13631058335","version":"04b550f1097db4cce8d56af12ef68de213aadfe19920da2e1018c63237b2c6f0","cityId":"freiburg","kind":"place","category":"doctors","title":"Praxis für Onkologie & Hämatologie","statement":"Praxis für Onkologie & Hämatologie ist in OpenStreetMap als doctors eingetragen. Betrieb und Öffnungszeiten nicht geprüft.","status":"OSM-Eintrag, nicht offiziell geprüft","startDate":null,"endDate":null,"nextStep":"Aktuelle Angaben direkt beim Ort prüfen.","scale":"street","geometryPrecision":"exact","reviewState":"candidate","asOf":"2026-09-26T17:22:08.637Z","sourceCount":1,"primarySource":{"url":"https://www.openstreetmap.org/node/13631058335","title":"OpenStreetMap contributors","publisher":"OpenStreetMap contributors","licence":"ODbL 1.0","reuse":"open_licence"}}},{"type":"Feature","geometry":{"type":"Point","coordinates":[7.8549,48.00884]},"properties":{"id":"osm:node-13645609383","version":"0222291dad02adb481df86ba60f9acc2e522a94c0cea3f820035218acff38e16","cityId":"freiburg","kind":"place","category":"doctors","title":"Dr. Vera Hartweg","statement":"Dr. Vera Hartweg ist in OpenStreetMap als doctors eingetragen. Betrieb und Öffnungszeiten nicht geprüft.","status":"OSM-Eintrag, nicht offiziell geprüft","startDate":null,"endDate":null,"nextStep":"Aktuelle Angaben direkt beim Ort prüfen.","scale":"street","geometryPrecision":"exact","reviewState":"candidate","asOf":"2026-09-26T17:22:08.637Z","sourceCount":1,"primarySource":{"url":"https://www.openstreetmap.org/node/13645609383","title":"OpenStreetMap contributors","publisher":"OpenStreetMap contributors","licence":"ODbL 1.0","reuse":"open_licence"}}},{"type":"Feature","geometry":{"type":"Point","coordinates":[7.83297,48.02683]},"properties":{"id":"osm:node-13646384590","version":"d55041990c22a38bcdcde71089d8c1a779dc2dde96e105ee2355b26fa573a886","cityId":"freiburg","kind":"place","category":"scout","title":"BdP Stamm der Raben","statement":"BdP Stamm der Raben ist in OpenStreetMap als scout eingetragen. Betrieb und Öffnungszeiten nicht geprüft.","status":"OSM-Eintrag, nicht offiziell geprüft","startDate":null,"endDate":null,"nextStep":"Aktuelle Angaben direkt beim Ort prüfen.","scale":"street","geometryPrecision":"exact","reviewState":"candidate","asOf":"2026-09-26T17:22:08.637Z","sourceCount":1,"primarySource":{"url":"https://www.openstreetmap.org/node/13646384590","title":"OpenStreetMap contributors","publisher":"OpenStreetMap contributors","licence":"ODbL 1.0","reuse":"open_licence"}}},{"type":"Feature","geometry":{"type":"Point","coordinates":[7.85947,47.99948]},"properties":{"id":"osm:node-13656213313","version":"67370e5642b10dfad581c6b094bfe33a93c549700237bc7f79e85c453ccc2d35","cityId":"freiburg","kind":"place","category":"doctors","title":"Dr. Federschmidt","statement":"Dr. Federschmidt ist in OpenStreetMap als doctors eingetragen. Betrieb und Öffnungszeiten nicht geprüft.","status":"OSM-Eintrag, nicht offiziell geprüft","startDate":null,"endDate":null,"nextStep":"Aktuelle Angaben direkt beim Ort prüfen.","scale":"street","geometryPrecision":"exact","reviewState":"candidate","asOf":"2026-09-26T17:22:08.637Z","sourceCount":1,"primarySource":{"url":"https://www.openstreetmap.org/node/13656213313","title":"OpenStreetMap contributors","publisher":"OpenStreetMap contributors","licence":"ODbL 1.0","reuse":"open_licence"}}},{"type":"Feature","geometry":{"type":"Point","coordinates":[7.85121,47.9972]},"properties":{"id":"osm:node-13661041309","version":"07782e5b2786d980dda54ed61afff04b6acfb7de1de36d51279285204385f064","cityId":"freiburg","kind":"place","category":"fitness","title":"Fitness-Loft Schwarzwaldcity","statement":"Fitness-Loft Schwarzwaldcity ist in OpenStreetMap als fitness eingetragen. Öffnungszeiten in OSM eingetragen; nicht unabhängig bestätigt.","status":"OSM-Eintrag, nicht offiziell geprüft","startDate":null,"endDate":null,"nextStep":"Aktuelle Angaben direkt beim Ort prüfen.","scale":"street","geometryPrecision":"exact","reviewState":"candidate","asOf":"2026-09-26T17:22:08.637Z","sourceCount":1,"primarySource":{"url":"https://www.openstreetmap.org/node/13661041309","title":"OpenStreetMap contributors","publisher":"OpenStreetMap contributors","licence":"ODbL 1.0","reuse":"open_licence"}}},{"type":"Feature","geometry":{"type":"Point","coordinates":[7.81806,48.0058]},"properties":{"id":"osm:node-13686346783","version":"cafc1e1269fc5b34de9b82247aa7be4b327c5d397a81e5154dbdfac0cf9f28a7","cityId":"freiburg","kind":"place","category":"community_centre","title":"Stadtteiltreff Betzenhausen-Bischofslinde","statement":"Stadtteiltreff Betzenhausen-Bischofslinde ist in OpenStreetMap als community_centre eingetragen. Betrieb und Öffnungszeiten nicht geprüft.","status":"OSM-Eintrag, nicht offiziell geprüft","startDate":null,"endDate":null,"nextStep":"Aktuelle Angaben direkt beim Ort prüfen.","scale":"street","geometryPrecision":"exact","reviewState":"candidate","asOf":"2026-09-26T17:22:08.637Z","sourceCount":1,"primarySource":{"url":"https://www.openstreetmap.org/node/13686346783","title":"OpenStreetMap contributors","publisher":"OpenStreetMap contributors","licence":"ODbL 1.0","reuse":"open_licence"}}},{"type":"Feature","geometry":{"type":"Point","coordinates":[7.79555,47.9762]},"properties":{"id":"osm:node-13764917082","version":"a8e1293e0610d319d6fe0698775d618ff080f71209dde6755ee38aaf8753d55a","cityId":"freiburg","kind":"place","category":"doctors","title":"Dr. med. Rainer Schanz","statement":"Dr. med. Rainer Schanz ist in OpenStreetMap als doctors eingetragen. Betrieb und Öffnungszeiten nicht geprüft.","status":"OSM-Eintrag, nicht offiziell geprüft","startDate":null,"endDate":null,"nextStep":"Aktuelle Angaben direkt beim Ort prüfen.","scale":"street","geometryPrecision":"exact","reviewState":"candidate","asOf":"2026-09-26T17:22:08.637Z","sourceCount":1,"primarySource":{"url":"https://www.openstreetmap.org/node/13764917082","title":"OpenStreetMap contributors","publisher":"OpenStreetMap contributors","licence":"ODbL 1.0","reuse":"open_licence"}}},{"type":"Feature","geometry":{"type":"Point","coordinates":[7.80609,47.99765]},"properties":{"id":"osm:node-13805588607","version":"f34f3d4c5c4a4363bc11a01830fa5f656eddbdb7ef48923a61b4d48acd3657ad","cityId":"freiburg","kind":"place","category":"doctors","title":"Praxis Dr-Med Hans Walter Volk Arzt für Allgemeinmedizin","statement":"Praxis Dr-Med Hans Walter Volk Arzt für Allgemeinmedizin ist in OpenStreetMap als doctors eingetragen. Öffnungszeiten in OSM eingetragen; nicht unabhängig bestätigt.","status":"OSM-Eintrag, nicht offiziell geprüft","startDate":null,"endDate":null,"nextStep":"Aktuelle Angaben direkt beim Ort prüfen.","scale":"street","geometryPrecision":"exact","reviewState":"candidate","asOf":"2026-09-26T17:22:08.637Z","sourceCount":1,"primarySource":{"url":"https://www.openstreetmap.org/node/13805588607","title":"OpenStreetMap contributors","publisher":"OpenStreetMap contributors","licence":"ODbL 1.0","reuse":"open_licence"}}},{"type":"Feature","geometry":{"type":"Point","coordinates":[7.85428,47.99637]},"properties":{"id":"osm:node-13817646801","version":"97beb3adf0d73988dd692a84c2eb70a5687beb3e3b00f9b83d50a51c5aa65343","cityId":"freiburg","kind":"place","category":"doctors","title":"Praxis für Allgemeinmedizin - Dr. Johannes Götz Freiburg","statement":"Praxis für Allgemeinmedizin - Dr. Johannes Götz Freiburg ist in OpenStreetMap als doctors eingetragen. Betrieb und Öffnungszeiten nicht geprüft.","status":"OSM-Eintrag, nicht offiziell geprüft","startDate":null,"endDate":null,"nextStep":"Aktuelle Angaben direkt beim Ort prüfen.","scale":"street","geometryPrecision":"exact","reviewState":"candidate","asOf":"2026-09-26T17:22:08.637Z","sourceCount":1,"primarySource":{"url":"https://www.openstreetmap.org/node/13817646801","title":"OpenStreetMap contributors","publisher":"OpenStreetMap contributors","licence":"ODbL 1.0","reuse":"open_licence"}}},{"type":"Feature","geometry":{"type":"Point","coordinates":[7.84665,48.00603]},"properties":{"id":"osm:node-13823794530","version":"0be44eddc75663120d93a6bca6662dc21f2bce0eed5a1885f8844208aa58f8cb","cityId":"freiburg","kind":"place","category":"doctors","title":"Praxis Dr. med. Maria Koukou","statement":"Praxis Dr. med. Maria Koukou ist in OpenStreetMap als doctors eingetragen. Betrieb und Öffnungszeiten nicht geprüft.","status":"OSM-Eintrag, nicht offiziell geprüft","startDate":null,"endDate":null,"nextStep":"Aktuelle Angaben direkt beim Ort prüfen.","scale":"street","geometryPrecision":"exact","reviewState":"candidate","asOf":"2026-09-26T17:22:08.637Z","sourceCount":1,"primarySource":{"url":"https://www.openstreetmap.org/node/13823794530","title":"OpenStreetMap contributors","publisher":"OpenStreetMap contributors","licence":"ODbL 1.0","reuse":"open_licence"}}},{"type":"Feature","geometry":{"type":"Point","coordinates":[7.8521,47.99738]},"properties":{"id":"osm:node-13829769001","version":"e29e4c9ea0ebdd4fba4e641fd6a1cdc7451321af1f5d8384aa00a1226eaa9c7c","cityId":"freiburg","kind":"place","category":"doctors","title":"Orthopädie Freiburg Mitte - Dr. Ferdinand Kloos & Dr. David Fürst-Meroth","statement":"Orthopädie Freiburg Mitte - Dr. Ferdinand Kloos & Dr. David Fürst-Meroth ist in OpenStreetMap als doctors eingetragen. Öffnungszeiten in OSM eingetragen; nicht unabhängig bestätigt.","status":"OSM-Eintrag, nicht offiziell geprüft","startDate":null,"endDate":null,"nextStep":"Aktuelle Angaben direkt beim Ort prüfen.","scale":"street","geometryPrecision":"exact","reviewState":"candidate","asOf":"2026-09-26T17:22:08.637Z","sourceCount":1,"primarySource":{"url":"https://www.openstreetmap.org/node/13829769001","title":"OpenStreetMap contributors","publisher":"OpenStreetMap contributors","licence":"ODbL 1.0","reuse":"open_licence"}}},{"type":"Feature","geometry":{"type":"Point","coordinates":[7.84547,48.00038]},"properties":{"id":"osm:node-13836551426","version":"c2c4b56543a5a212c33b23aff9ddd66b84092d069f0c5c28c473193401558cb0","cityId":"freiburg","kind":"place","category":"doctors","title":"Schwerpunktpraxis Dr. Gellert","statement":"Schwerpunktpraxis Dr. Gellert ist in OpenStreetMap als doctors eingetragen. Öffnungszeiten in OSM eingetragen; nicht unabhängig bestätigt.","status":"OSM-Eintrag, nicht offiziell geprüft","startDate":null,"endDate":null,"nextStep":"Aktuelle Angaben direkt beim Ort prüfen.","scale":"street","geometryPrecision":"exact","reviewState":"candidate","asOf":"2026-09-26T17:22:08.637Z","sourceCount":1,"primarySource":{"url":"https://www.openstreetmap.org/node/13836551426","title":"OpenStreetMap contributors","publisher":"OpenStreetMap contributors","licence":"ODbL 1.0","reuse":"open_licence"}}},{"type":"Feature","geometry":{"type":"Point","coordinates":[7.83503,48.01274]},"properties":{"id":"osm:node-13890991199","version":"1bd694d909545ad74fcf2c5771a3a5f21182e4acdc49544cba154a82cc00a82e","cityId":"freiburg","kind":"place","category":"library","title":"Bibliothek der Technischen Fakultät","statement":"Bibliothek der Technischen Fakultät ist in OpenStreetMap als library eingetragen. Öffnungszeiten in OSM eingetragen; nicht unabhängig bestätigt.","status":"OSM-Eintrag, nicht offiziell geprüft","startDate":null,"endDate":null,"nextStep":"Aktuelle Angaben direkt beim Ort prüfen.","scale":"street","geometryPrecision":"exact","reviewState":"candidate","asOf":"2026-09-26T17:22:08.637Z","sourceCount":1,"primarySource":{"url":"https://www.openstreetmap.org/node/13890991199","title":"OpenStreetMap contributors","publisher":"OpenStreetMap contributors","licence":"ODbL 1.0","reuse":"open_licence"}}},{"type":"Feature","geometry":{"type":"Point","coordinates":[7.85377,47.99448]},"properties":{"id":"osm:node-13894874101","version":"10b883f46665596d2f082b36800a264df370359cc70eaefaa1dfd83abc039e83","cityId":"freiburg","kind":"place","category":"doctors","title":"Osteopathie - Dagmar Reiser","statement":"Osteopathie - Dagmar Reiser ist in OpenStreetMap als doctors eingetragen. Betrieb und Öffnungszeiten nicht geprüft.","status":"OSM-Eintrag, nicht offiziell geprüft","startDate":null,"endDate":null,"nextStep":"Aktuelle Angaben direkt beim Ort prüfen.","scale":"street","geometryPrecision":"exact","reviewState":"candidate","asOf":"2026-09-26T17:22:08.637Z","sourceCount":1,"primarySource":{"url":"https://www.openstreetmap.org/node/13894874101","title":"OpenStreetMap contributors","publisher":"OpenStreetMap contributors","licence":"ODbL 1.0","reuse":"open_licence"}}},{"type":"Feature","geometry":{"type":"Point","coordinates":[7.85638,47.98873]},"properties":{"id":"osm:node-1392597183","version":"f505fa539fe80d8a4a40f29723bca131331275d3a52be086e4991004bc65d4aa","cityId":"freiburg","kind":"place","category":"supermarket","title":"Edeka Strecker","statement":"Edeka Strecker ist in OpenStreetMap als supermarket eingetragen. Öffnungszeiten in OSM eingetragen; nicht unabhängig bestätigt.","status":"OSM-Eintrag, nicht offiziell geprüft","startDate":null,"endDate":null,"nextStep":"Aktuelle Angaben direkt beim Ort prüfen.","scale":"street","geometryPrecision":"exact","reviewState":"candidate","asOf":"2026-09-26T17:22:08.637Z","sourceCount":1,"primarySource":{"url":"https://www.openstreetmap.org/node/1392597183","title":"OpenStreetMap contributors","publisher":"OpenStreetMap contributors","licence":"ODbL 1.0","reuse":"open_licence"}}},{"type":"Feature","geometry":{"type":"Point","coordinates":[7.81182,48.01023]},"properties":{"id":"osm:node-14008469632","version":"f21c462ce16530b6de4b3c51f617aa23f3bd327fa1be6d772cb20ebd2a0cf9a4","cityId":"freiburg","kind":"place","category":"doctors","title":"Hausarztpraxis am Torplatz","statement":"Hausarztpraxis am Torplatz ist in OpenStreetMap als doctors eingetragen. Öffnungszeiten in OSM eingetragen; nicht unabhängig bestätigt.","status":"OSM-Eintrag, nicht offiziell geprüft","startDate":null,"endDate":null,"nextStep":"Aktuelle Angaben direkt beim Ort prüfen.","scale":"street","geometryPrecision":"exact","reviewState":"candidate","asOf":"2026-09-26T17:22:08.637Z","sourceCount":1,"primarySource":{"url":"https://www.openstreetmap.org/node/14008469632","title":"OpenStreetMap contributors","publisher":"OpenStreetMap contributors","licence":"ODbL 1.0","reuse":"open_licence"}}},{"type":"Feature","geometry":{"type":"Point","coordinates":[7.84319,47.97353]},"properties":{"id":"osm:node-14065006497","version":"5d701b2e5720a8bb191f1a16a6f0d600be857b8f1310e3fa31d729c5505f96da","cityId":"freiburg","kind":"place","category":"kindergarten","title":"Natur Kita Wonnhalde","statement":"Natur Kita Wonnhalde ist in OpenStreetMap als kindergarten eingetragen. Betrieb und Öffnungszeiten nicht geprüft.","status":"OSM-Eintrag, nicht offiziell geprüft","startDate":null,"endDate":null,"nextStep":"Aktuelle Angaben direkt beim Ort prüfen.","scale":"street","geometryPrecision":"exact","reviewState":"candidate","asOf":"2026-09-26T17:22:08.637Z","sourceCount":1,"primarySource":{"url":"https://www.openstreetmap.org/node/14065006497","title":"OpenStreetMap contributors","publisher":"OpenStreetMap contributors","licence":"ODbL 1.0","reuse":"open_licence"}}},{"type":"Feature","geometry":{"type":"Point","coordinates":[7.84246,47.99795]},"properties":{"id":"osm:node-14143212202","version":"f95cb7d8061fcd5dfa78fd4cbb0f09a4af377a76989378d0f5b8702e3f488a95","cityId":"freiburg","kind":"place","category":"doctors","title":"360° Cardio Freiburg","statement":"360° Cardio Freiburg ist in OpenStreetMap als doctors eingetragen. Betrieb und Öffnungszeiten nicht geprüft.","status":"OSM-Eintrag, nicht offiziell geprüft","startDate":null,"endDate":null,"nextStep":"Aktuelle Angaben direkt beim Ort prüfen.","scale":"street","geometryPrecision":"exact","reviewState":"candidate","asOf":"2026-09-26T17:22:08.637Z","sourceCount":1,"primarySource":{"url":"https://www.openstreetmap.org/node/14143212202","title":"OpenStreetMap contributors","publisher":"OpenStreetMap contributors","licence":"ODbL 1.0","reuse":"open_licence"}}},{"type":"Feature","geometry":{"type":"Point","coordinates":[7.88444,47.99024]},"properties":{"id":"osm:node-14206302893","version":"54d5a8fdbd6901834965d27541ede7378fda5ee72bfa16869e6d8204ef437ec7","cityId":"freiburg","kind":"place","category":"sport","title":"Mountainbike Freiburg e.V.","statement":"Mountainbike Freiburg e.V. ist in OpenStreetMap als sport eingetragen. Öffnungszeiten in OSM eingetragen; nicht unabhängig bestätigt.","status":"OSM-Eintrag, nicht offiziell geprüft","startDate":null,"endDate":null,"nextStep":"Aktuelle Angaben direkt beim Ort prüfen.","scale":"street","geometryPrecision":"exact","reviewState":"candidate","asOf":"2026-09-26T17:22:08.637Z","sourceCount":1,"primarySource":{"url":"https://www.openstreetmap.org/node/14206302893","title":"OpenStreetMap contributors","publisher":"OpenStreetMap contributors","licence":"ODbL 1.0","reuse":"open_licence"}}},{"type":"Feature","geometry":{"type":"Point","coordinates":[7.81397,48.00957]},"properties":{"id":"osm:node-14214461092","version":"06aa834fb04d748b2965927e7f2dd2313bb688264c54a4d5bae44fc10e937d30","cityId":"freiburg","kind":"place","category":"doctors","title":"Chirurgie, Orthopädie Dr. med. Susann Borgwardt","statement":"Chirurgie, Orthopädie Dr. med. Susann Borgwardt ist in OpenStreetMap als doctors eingetragen. Betrieb und Öffnungszeiten nicht geprüft.","status":"OSM-Eintrag, nicht offiziell geprüft","startDate":null,"endDate":null,"nextStep":"Aktuelle Angaben direkt beim Ort prüfen.","scale":"street","geometryPrecision":"exact","reviewState":"candidate","asOf":"2026-09-26T17:22:08.637Z","sourceCount":1,"primarySource":{"url":"https://www.openstreetmap.org/node/14214461092","title":"OpenStreetMap contributors","publisher":"OpenStreetMap contributors","licence":"ODbL 1.0","reuse":"open_licence"}}},{"type":"Feature","geometry":{"type":"Point","coordinates":[7.8131,48.00953]},"properties":{"id":"osm:node-14216416364","version":"82fdaf501cf0538dca0f0ca5f15d16cf9fb363561bad9529aa0b4c5711a8f4e2","cityId":"freiburg","kind":"place","category":"yoga","title":"Tao Zentrum","statement":"Tao Zentrum ist in OpenStreetMap als yoga eingetragen. Betrieb und Öffnungszeiten nicht geprüft.","status":"OSM-Eintrag, nicht offiziell geprüft","startDate":null,"endDate":null,"nextStep":"Aktuelle Angaben direkt beim Ort prüfen.","scale":"street","geometryPrecision":"exact","reviewState":"candidate","asOf":"2026-09-26T17:22:08.637Z","sourceCount":1,"primarySource":{"url":"https://www.openstreetmap.org/node/14216416364","title":"OpenStreetMap contributors","publisher":"OpenStreetMap contributors","licence":"ODbL 1.0","reuse":"open_licence"}}},{"type":"Feature","geometry":{"type":"Point","coordinates":[7.84933,47.99814]},"properties":{"id":"osm:node-1422251519","version":"8e794508788c720535e81f48b0d7def4e6e3a9a0eb855d0d4c17dc7cd58aa829","cityId":"freiburg","kind":"place","category":"running","title":"CitySport","statement":"CitySport ist in OpenStreetMap als running eingetragen. Öffnungszeiten in OSM eingetragen; nicht unabhängig bestätigt.","status":"OSM-Eintrag, nicht offiziell geprüft","startDate":null,"endDate":null,"nextStep":"Aktuelle Angaben direkt beim Ort prüfen.","scale":"street","geometryPrecision":"exact","reviewState":"candidate","asOf":"2026-09-26T17:22:08.637Z","sourceCount":1,"primarySource":{"url":"https://www.openstreetmap.org/node/1422251519","title":"OpenStreetMap contributors","publisher":"OpenStreetMap contributors","licence":"ODbL 1.0","reuse":"open_licence"}}},{"type":"Feature","geometry":{"type":"Point","coordinates":[7.85008,47.99458]},"properties":{"id":"osm:node-1424179719","version":"be78d9aa00f8b564ed6750dbba632c37ed81bed1d06362cc9f4ed9bbc412fe11","cityId":"freiburg","kind":"place","category":"bakery","title":"Heitzmann","statement":"Heitzmann ist in OpenStreetMap als bakery eingetragen. Öffnungszeiten in OSM eingetragen; nicht unabhängig bestätigt.","status":"OSM-Eintrag, nicht offiziell geprüft","startDate":null,"endDate":null,"nextStep":"Aktuelle Angaben direkt beim Ort prüfen.","scale":"street","geometryPrecision":"exact","reviewState":"candidate","asOf":"2026-09-26T17:22:08.637Z","sourceCount":1,"primarySource":{"url":"https://www.openstreetmap.org/node/1424179719","title":"OpenStreetMap contributors","publisher":"OpenStreetMap contributors","licence":"ODbL 1.0","reuse":"open_licence"}}},{"type":"Feature","geometry":{"type":"Point","coordinates":[7.86312,48.02405]},"properties":{"id":"osm:node-1460526218","version":"2da1e92a0e8a255ac825542d9bcb5e722d3dc58eb34cb1cbc1078cb4021f0710","cityId":"freiburg","kind":"place","category":"kindergarten","title":"Montessori Kinderhaus Freiburg","statement":"Montessori Kinderhaus Freiburg ist in OpenStreetMap als kindergarten eingetragen. Betrieb und Öffnungszeiten nicht geprüft.","status":"OSM-Eintrag, nicht offiziell geprüft","startDate":null,"endDate":null,"nextStep":"Aktuelle Angaben direkt beim Ort prüfen.","scale":"street","geometryPrecision":"exact","reviewState":"candidate","asOf":"2026-09-26T17:22:08.637Z","sourceCount":1,"primarySource":{"url":"https://www.openstreetmap.org/node/1460526218","title":"OpenStreetMap contributors","publisher":"OpenStreetMap contributors","licence":"ODbL 1.0","reuse":"open_licence"}}},{"type":"Feature","geometry":{"type":"Point","coordinates":[7.86216,48.02211]},"properties":{"id":"osm:node-1460526225","version":"23a9eedd0c5cf66fbbcc27b7b95dd89ae8b2c44ff5ee3fec08c29890015815b0","cityId":"freiburg","kind":"place","category":"kindergarten","title":"Sankt Blasius","statement":"Sankt Blasius ist in OpenStreetMap als kindergarten eingetragen. Betrieb und Öffnungszeiten nicht geprüft.","status":"OSM-Eintrag, nicht offiziell geprüft","startDate":null,"endDate":null,"nextStep":"Aktuelle Angaben direkt beim Ort prüfen.","scale":"street","geometryPrecision":"exact","reviewState":"candidate","asOf":"2026-09-26T17:22:08.637Z","sourceCount":1,"primarySource":{"url":"https://www.openstreetmap.org/node/1460526225","title":"OpenStreetMap contributors","publisher":"OpenStreetMap contributors","licence":"ODbL 1.0","reuse":"open_licence"}}},{"type":"Feature","geometry":{"type":"Point","coordinates":[7.84841,47.9922]},"properties":{"id":"osm:node-1484653061","version":"8708d4c82572329b6c3509d80c24089bb14301c35c3c7c7a0cf9998b3f9424ea","cityId":"freiburg","kind":"place","category":"bakery","title":"Beckesepp","statement":"Beckesepp ist in OpenStreetMap als bakery eingetragen. Öffnungszeiten in OSM eingetragen; nicht unabhängig bestätigt.","status":"OSM-Eintrag, nicht offiziell geprüft","startDate":null,"endDate":null,"nextStep":"Aktuelle Angaben direkt beim Ort prüfen.","scale":"street","geometryPrecision":"exact","reviewState":"candidate","asOf":"2026-09-26T17:22:08.637Z","sourceCount":1,"primarySource":{"url":"https://www.openstreetmap.org/node/1484653061","title":"OpenStreetMap contributors","publisher":"OpenStreetMap contributors","licence":"ODbL 1.0","reuse":"open_licence"}}},{"type":"Feature","geometry":{"type":"Point","coordinates":[7.85462,47.98019]},"properties":{"id":"osm:node-1574431067","version":"6a28f9bcbdee4be9d173b59cce67fe748774caea90f48ef454ab852f34e7d8a6","cityId":"freiburg","kind":"place","category":"gymnastics","title":"Bauchmuskeltraining","statement":"Bauchmuskeltraining ist in OpenStreetMap als gymnastics eingetragen. Betrieb und Öffnungszeiten nicht geprüft.","status":"OSM-Eintrag, nicht offiziell geprüft","startDate":null,"endDate":null,"nextStep":"Aktuelle Angaben direkt beim Ort prüfen.","scale":"street","geometryPrecision":"exact","reviewState":"candidate","asOf":"2026-09-26T17:22:08.637Z","sourceCount":1,"primarySource":{"url":"https://www.openstreetmap.org/node/1574431067","title":"OpenStreetMap contributors","publisher":"OpenStreetMap contributors","licence":"ODbL 1.0","reuse":"open_licence"}}},{"type":"Feature","geometry":{"type":"Point","coordinates":[7.81596,47.99115]},"properties":{"id":"osm:node-1582636070","version":"b702dc655f9d05072f10011dc826aaa4a26ce9f8cbdde292d117a1633dc424cd","cityId":"freiburg","kind":"place","category":"pharmacy","title":"Hirsch Apotheke","statement":"Hirsch Apotheke ist in OpenStreetMap als pharmacy eingetragen. Öffnungszeiten in OSM eingetragen; nicht unabhängig bestätigt.","status":"OSM-Eintrag, nicht offiziell geprüft","startDate":null,"endDate":null,"nextStep":"Aktuelle Angaben direkt beim Ort prüfen.","scale":"street","geometryPrecision":"exact","reviewState":"candidate","asOf":"2026-09-26T17:22:08.637Z","sourceCount":1,"primarySource":{"url":"https://www.openstreetmap.org/node/1582636070","title":"OpenStreetMap contributors","publisher":"OpenStreetMap contributors","licence":"ODbL 1.0","reuse":"open_licence"}}},{"type":"Feature","geometry":{"type":"Point","coordinates":[7.82896,47.97488]},"properties":{"id":"osm:node-1583811870","version":"0b2646d3f6b852626c9c7e25d347186dd3999fded18a03920a2cfdae9bac82c7","cityId":"freiburg","kind":"place","category":"supermarket","title":"Alnatura Super Natur Markt","statement":"Alnatura Super Natur Markt ist in OpenStreetMap als supermarket eingetragen. Öffnungszeiten in OSM eingetragen; nicht unabhängig bestätigt.","status":"OSM-Eintrag, nicht offiziell geprüft","startDate":null,"endDate":null,"nextStep":"Aktuelle Angaben direkt beim Ort prüfen.","scale":"street","geometryPrecision":"exact","reviewState":"candidate","asOf":"2026-09-26T17:22:08.637Z","sourceCount":1,"primarySource":{"url":"https://www.openstreetmap.org/node/1583811870","title":"OpenStreetMap contributors","publisher":"OpenStreetMap contributors","licence":"ODbL 1.0","reuse":"open_licence"}}},{"type":"Feature","geometry":{"type":"Point","coordinates":[7.82232,47.99389]},"properties":{"id":"osm:node-1585541516","version":"be7218a14ed967adb2023fc23d55388ba6ebfc5e83ca6142c7de1cf070558a17","cityId":"freiburg","kind":"place","category":"pharmacy","title":"Markgrafen Apotheke","statement":"Markgrafen Apotheke ist in OpenStreetMap als pharmacy eingetragen. Öffnungszeiten in OSM eingetragen; nicht unabhängig bestätigt.","status":"OSM-Eintrag, nicht offiziell geprüft","startDate":null,"endDate":null,"nextStep":"Aktuelle Angaben direkt beim Ort prüfen.","scale":"street","geometryPrecision":"exact","reviewState":"candidate","asOf":"2026-09-26T17:22:08.637Z","sourceCount":1,"primarySource":{"url":"https://www.openstreetmap.org/node/1585541516","title":"OpenStreetMap contributors","publisher":"OpenStreetMap contributors","licence":"ODbL 1.0","reuse":"open_licence"}}},{"type":"Feature","geometry":{"type":"Point","coordinates":[7.82232,47.9943]},"properties":{"id":"osm:node-1585549467","version":"2bd34d601c6e26320f8c810a0b3dbfb56abfcd73b9f0bd9bfa6f5b591f474e2e","cityId":"freiburg","kind":"place","category":"bakery","title":"Bäckerei Pfeifle","statement":"Bäckerei Pfeifle ist in OpenStreetMap als bakery eingetragen. Öffnungszeiten in OSM eingetragen; nicht unabhängig bestätigt.","status":"OSM-Eintrag, nicht offiziell geprüft","startDate":null,"endDate":null,"nextStep":"Aktuelle Angaben direkt beim Ort prüfen.","scale":"street","geometryPrecision":"exact","reviewState":"candidate","asOf":"2026-09-26T17:22:08.637Z","sourceCount":1,"primarySource":{"url":"https://www.openstreetmap.org/node/1585549467","title":"OpenStreetMap contributors","publisher":"OpenStreetMap contributors","licence":"ODbL 1.0","reuse":"open_licence"}}},{"type":"Feature","geometry":{"type":"Point","coordinates":[7.83545,48.00326]},"properties":{"id":"osm:node-1585808003","version":"bb9a377ddd3a343f1011ed74e545488de116b779feb777905a3f446b7eb80fff","cityId":"freiburg","kind":"place","category":"kindergarten","title":"Kindertagesstätte des Universitätsklinikums","statement":"Kindertagesstätte des Universitätsklinikums ist in OpenStreetMap als kindergarten eingetragen. Betrieb und Öffnungszeiten nicht geprüft.","status":"OSM-Eintrag, nicht offiziell geprüft","startDate":null,"endDate":null,"nextStep":"Aktuelle Angaben direkt beim Ort prüfen.","scale":"street","geometryPrecision":"exact","reviewState":"candidate","asOf":"2026-09-26T17:22:08.637Z","sourceCount":1,"primarySource":{"url":"https://www.openstreetmap.org/node/1585808003","title":"OpenStreetMap contributors","publisher":"OpenStreetMap contributors","licence":"ODbL 1.0","reuse":"open_licence"}}},{"type":"Feature","geometry":{"type":"Point","coordinates":[7.831,47.98607]},"properties":{"id":"osm:node-1585816424","version":"378c1388fc1a87e955bdbd97ae1fa81c49803520565d9e48514b0772658e4c22","cityId":"freiburg","kind":"place","category":"community_centre","title":"KTS","statement":"KTS ist in OpenStreetMap als community_centre eingetragen. Betrieb und Öffnungszeiten nicht geprüft.","status":"OSM-Eintrag, nicht offiziell geprüft","startDate":null,"endDate":null,"nextStep":"Aktuelle Angaben direkt beim Ort prüfen.","scale":"street","geometryPrecision":"exact","reviewState":"candidate","asOf":"2026-09-26T17:22:08.637Z","sourceCount":1,"primarySource":{"url":"https://www.openstreetmap.org/node/1585816424","title":"OpenStreetMap contributors","publisher":"OpenStreetMap contributors","licence":"ODbL 1.0","reuse":"open_licence"}}},{"type":"Feature","geometry":{"type":"Point","coordinates":[7.82496,47.9953]},"properties":{"id":"osm:node-1585816953","version":"bfc57160f58c0ebf1a3e749cbbfd05f04b4b4b80622d238bb49d915af3af462b","cityId":"freiburg","kind":"place","category":"supermarket","title":"Netto City","statement":"Netto City ist in OpenStreetMap als supermarket eingetragen. Öffnungszeiten in OSM eingetragen; nicht unabhängig bestätigt.","status":"OSM-Eintrag, nicht offiziell geprüft","startDate":null,"endDate":null,"nextStep":"Aktuelle Angaben direkt beim Ort prüfen.","scale":"street","geometryPrecision":"exact","reviewState":"candidate","asOf":"2026-09-26T17:22:08.637Z","sourceCount":1,"primarySource":{"url":"https://www.openstreetmap.org/node/1585816953","title":"OpenStreetMap contributors","publisher":"OpenStreetMap contributors","licence":"ODbL 1.0","reuse":"open_licence"}}},{"type":"Feature","geometry":{"type":"Point","coordinates":[7.71456,47.99857]},"properties":{"id":"osm:node-1594524037","version":"54e1aeb45e0d40d8dcd6d99cb996dd0c04e5fb5b806426ce295cf1e435a89ee0","cityId":"freiburg","kind":"place","category":"bakery","title":"Bäckerei & Café Second Sandwich Schlesische Wurstspezialitäten","statement":"Bäckerei & Café Second Sandwich Schlesische Wurstspezialitäten ist in OpenStreetMap als bakery eingetragen. Betrieb und Öffnungszeiten nicht geprüft.","status":"OSM-Eintrag, nicht offiziell geprüft","startDate":null,"endDate":null,"nextStep":"Aktuelle Angaben direkt beim Ort prüfen.","scale":"street","geometryPrecision":"exact","reviewState":"candidate","asOf":"2026-09-26T17:22:08.637Z","sourceCount":1,"primarySource":{"url":"https://www.openstreetmap.org/node/1594524037","title":"OpenStreetMap contributors","publisher":"OpenStreetMap contributors","licence":"ODbL 1.0","reuse":"open_licence"}}},{"type":"Feature","geometry":{"type":"Point","coordinates":[7.72062,48.00047]},"properties":{"id":"osm:node-1594638887","version":"590833eeca79a8a629367c81d45929948af2f3b090fefe43a5d489a0f1da9f22","cityId":"freiburg","kind":"place","category":"kindergarten","title":"Kita \"Am Mühlbach\"","statement":"Kita \"Am Mühlbach\" ist in OpenStreetMap als kindergarten eingetragen. Betrieb und Öffnungszeiten nicht geprüft.","status":"OSM-Eintrag, nicht offiziell geprüft","startDate":null,"endDate":null,"nextStep":"Aktuelle Angaben direkt beim Ort prüfen.","scale":"street","geometryPrecision":"exact","reviewState":"candidate","asOf":"2026-09-26T17:22:08.637Z","sourceCount":1,"primarySource":{"url":"https://www.openstreetmap.org/node/1594638887","title":"OpenStreetMap contributors","publisher":"OpenStreetMap contributors","licence":"ODbL 1.0","reuse":"open_licence"}}},{"type":"Feature","geometry":{"type":"Point","coordinates":[7.71608,48.00022]},"properties":{"id":"osm:node-1594647024","version":"50ae7557ff2b389b231aeab5def86901b3712981fde3b03046bcdebb621c2d52","cityId":"freiburg","kind":"place","category":"post_office","title":"Filiale 423","statement":"Filiale 423 ist in OpenStreetMap als post_office eingetragen. Betrieb und Öffnungszeiten nicht geprüft.","status":"OSM-Eintrag, nicht offiziell geprüft","startDate":null,"endDate":null,"nextStep":"Aktuelle Angaben direkt beim Ort prüfen.","scale":"street","geometryPrecision":"exact","reviewState":"candidate","asOf":"2026-09-26T17:22:08.637Z","sourceCount":1,"primarySource":{"url":"https://www.openstreetmap.org/node/1594647024","title":"OpenStreetMap contributors","publisher":"OpenStreetMap contributors","licence":"ODbL 1.0","reuse":"open_licence"}}},{"type":"Feature","geometry":{"type":"Point","coordinates":[7.85502,48.00707]},"properties":{"id":"osm:node-1595219691","version":"dbbb5e8b6b094e0c03d9da646399767d00d1dd1b696463bd88e06b16c35d59b6","cityId":"freiburg","kind":"place","category":"supermarket","title":"Edeka Barwig","statement":"Edeka Barwig ist in OpenStreetMap als supermarket eingetragen. Öffnungszeiten in OSM eingetragen; nicht unabhängig bestätigt.","status":"OSM-Eintrag, nicht offiziell geprüft","startDate":null,"endDate":null,"nextStep":"Aktuelle Angaben direkt beim Ort prüfen.","scale":"street","geometryPrecision":"exact","reviewState":"candidate","asOf":"2026-09-26T17:22:08.637Z","sourceCount":1,"primarySource":{"url":"https://www.openstreetmap.org/node/1595219691","title":"OpenStreetMap contributors","publisher":"OpenStreetMap contributors","licence":"ODbL 1.0","reuse":"open_licence"}}},{"type":"Feature","geometry":{"type":"Point","coordinates":[7.86357,48.00678]},"properties":{"id":"osm:node-1595595550","version":"9aa645cf8ff853506874121f02f772f1b9672a895e084394c64ce569e98d4737","cityId":"freiburg","kind":"place","category":"bakery","title":"Reiß Beck","statement":"Reiß Beck ist in OpenStreetMap als bakery eingetragen. Öffnungszeiten in OSM eingetragen; nicht unabhängig bestätigt.","status":"OSM-Eintrag, nicht offiziell geprüft","startDate":null,"endDate":null,"nextStep":"Aktuelle Angaben direkt beim Ort prüfen.","scale":"street","geometryPrecision":"exact","reviewState":"candidate","asOf":"2026-09-26T17:22:08.637Z","sourceCount":1,"primarySource":{"url":"https://www.openstreetmap.org/node/1595595550","title":"OpenStreetMap contributors","publisher":"OpenStreetMap contributors","licence":"ODbL 1.0","reuse":"open_licence"}}},{"type":"Feature","geometry":{"type":"Point","coordinates":[7.80134,47.97395]},"properties":{"id":"osm:node-1640722670","version":"4bb787dee7f19b42b4d82607f05f19e14101da842a99303fb2b31c6528b4a749","cityId":"freiburg","kind":"place","category":"kindergarten","title":"Waldorf Kindergarten","statement":"Waldorf Kindergarten ist in OpenStreetMap als kindergarten eingetragen. Betrieb und Öffnungszeiten nicht geprüft.","status":"OSM-Eintrag, nicht offiziell geprüft","startDate":null,"endDate":null,"nextStep":"Aktuelle Angaben direkt beim Ort prüfen.","scale":"street","geometryPrecision":"exact","reviewState":"candidate","asOf":"2026-09-26T17:22:08.637Z","sourceCount":1,"primarySource":{"url":"https://www.openstreetmap.org/node/1640722670","title":"OpenStreetMap contributors","publisher":"OpenStreetMap contributors","licence":"ODbL 1.0","reuse":"open_licence"}}},{"type":"Feature","geometry":{"type":"Point","coordinates":[7.81776,47.98429]},"properties":{"id":"osm:node-1642226034","version":"7e0257ff6915c3974fd6474be0a33d3760c76afe7bb38f1ae933afe2aedfddec","cityId":"freiburg","kind":"place","category":"police","title":"Polizeiposten Haslach","statement":"Polizeiposten Haslach ist in OpenStreetMap als police eingetragen. Betrieb und Öffnungszeiten nicht geprüft.","status":"OSM-Eintrag, nicht offiziell geprüft","startDate":null,"endDate":null,"nextStep":"Aktuelle Angaben direkt beim Ort prüfen.","scale":"street","geometryPrecision":"exact","reviewState":"candidate","asOf":"2026-09-26T17:22:08.637Z","sourceCount":1,"primarySource":{"url":"https://www.openstreetmap.org/node/1642226034","title":"OpenStreetMap contributors","publisher":"OpenStreetMap contributors","licence":"ODbL 1.0","reuse":"open_licence"}}},{"type":"Feature","geometry":{"type":"Point","coordinates":[7.79379,47.98045]},"properties":{"id":"osm:node-1642964987","version":"88e30592c83b55c28587cf4b1295794cc50352e241de4f99c4e058add7b0b92c","cityId":"freiburg","kind":"place","category":"doctors","title":"Dr. med Johannes Latzel","statement":"Dr. med Johannes Latzel ist in OpenStreetMap als doctors eingetragen. Betrieb und Öffnungszeiten nicht geprüft.","status":"OSM-Eintrag, nicht offiziell geprüft","startDate":null,"endDate":null,"nextStep":"Aktuelle Angaben direkt beim Ort prüfen.","scale":"street","geometryPrecision":"exact","reviewState":"candidate","asOf":"2026-09-26T17:22:08.637Z","sourceCount":1,"primarySource":{"url":"https://www.openstreetmap.org/node/1642964987","title":"OpenStreetMap contributors","publisher":"OpenStreetMap contributors","licence":"ODbL 1.0","reuse":"open_licence"}}},{"type":"Feature","geometry":{"type":"Point","coordinates":[7.79753,47.98679]},"properties":{"id":"osm:node-1686128486","version":"fd2caffd72a08745242fbbefdf24e369edf79b905bfce53d8dd593a99068320b","cityId":"freiburg","kind":"place","category":"supermarket","title":"Kaufland","statement":"Kaufland ist in OpenStreetMap als supermarket eingetragen. Öffnungszeiten in OSM eingetragen; nicht unabhängig bestätigt.","status":"OSM-Eintrag, nicht offiziell geprüft","startDate":null,"endDate":null,"nextStep":"Aktuelle Angaben direkt beim Ort prüfen.","scale":"street","geometryPrecision":"exact","reviewState":"candidate","asOf":"2026-09-26T17:22:08.637Z","sourceCount":1,"primarySource":{"url":"https://www.openstreetmap.org/node/1686128486","title":"OpenStreetMap contributors","publisher":"OpenStreetMap contributors","licence":"ODbL 1.0","reuse":"open_licence"}}},{"type":"Feature","geometry":{"type":"Point","coordinates":[7.85667,48.00965]},"properties":{"id":"osm:node-1693558889","version":"ada7337a0875e649e6de23ceb981c50505d340775f9cf939ebf6f0b8fb15ca4a","cityId":"freiburg","kind":"place","category":"kindergarten","title":"Kita Blütengarten","statement":"Kita Blütengarten ist in OpenStreetMap als kindergarten eingetragen. Betrieb und Öffnungszeiten nicht geprüft.","status":"OSM-Eintrag, nicht offiziell geprüft","startDate":null,"endDate":null,"nextStep":"Aktuelle Angaben direkt beim Ort prüfen.","scale":"street","geometryPrecision":"exact","reviewState":"candidate","asOf":"2026-09-26T17:22:08.637Z","sourceCount":1,"primarySource":{"url":"https://www.openstreetmap.org/node/1693558889","title":"OpenStreetMap contributors","publisher":"OpenStreetMap contributors","licence":"ODbL 1.0","reuse":"open_licence"}}},{"type":"Feature","geometry":{"type":"Point","coordinates":[7.81361,48.03748]},"properties":{"id":"osm:node-1736927712","version":"be52155e9e90c7f9fbcd208626b68d97c418a50af48a066c286c9dd5e6f166b4","cityId":"freiburg","kind":"place","category":"fire_station","title":"Feuerwehrhaus Freiwillige Feuerwehr Freiburg Abteilung 14 - Hochdorf","statement":"Feuerwehrhaus Freiwillige Feuerwehr Freiburg Abteilung 14 - Hochdorf ist in OpenStreetMap als fire_station eingetragen. Betrieb und Öffnungszeiten nicht geprüft.","status":"OSM-Eintrag, nicht offiziell geprüft","startDate":null,"endDate":null,"nextStep":"Aktuelle Angaben direkt beim Ort prüfen.","scale":"street","geometryPrecision":"exact","reviewState":"candidate","asOf":"2026-09-26T17:22:08.637Z","sourceCount":1,"primarySource":{"url":"https://www.openstreetmap.org/node/1736927712","title":"OpenStreetMap contributors","publisher":"OpenStreetMap contributors","licence":"ODbL 1.0","reuse":"open_licence"}}},{"type":"Feature","geometry":{"type":"Point","coordinates":[7.83723,47.98903]},"properties":{"id":"osm:node-1776079424","version":"06de643cc7f7ab96195b3aa1b598e58c92dc56aa82c6ed598ff0a3a96aa9c1d9","cityId":"freiburg","kind":"place","category":"doctors","title":"Radiologie Freiburg","statement":"Radiologie Freiburg ist in OpenStreetMap als doctors eingetragen. Öffnungszeiten in OSM eingetragen; nicht unabhängig bestätigt.","status":"OSM-Eintrag, nicht offiziell geprüft","startDate":null,"endDate":null,"nextStep":"Aktuelle Angaben direkt beim Ort prüfen.","scale":"street","geometryPrecision":"exact","reviewState":"candidate","asOf":"2026-09-26T17:22:08.637Z","sourceCount":1,"primarySource":{"url":"https://www.openstreetmap.org/node/1776079424","title":"OpenStreetMap contributors","publisher":"OpenStreetMap contributors","licence":"ODbL 1.0","reuse":"open_licence"}}},{"type":"Feature","geometry":{"type":"Point","coordinates":[7.83774,47.98998]},"properties":{"id":"osm:node-1776112611","version":"75ce363a73c7f865ccea52ed477915795f8399d1e58cc85c46cd618e201107e5","cityId":"freiburg","kind":"place","category":"bakery","title":"Kaisers Gute Backstube","statement":"Kaisers Gute Backstube ist in OpenStreetMap als bakery eingetragen. Öffnungszeiten in OSM eingetragen; nicht unabhängig bestätigt.","status":"OSM-Eintrag, nicht offiziell geprüft","startDate":null,"endDate":null,"nextStep":"Aktuelle Angaben direkt beim Ort prüfen.","scale":"street","geometryPrecision":"exact","reviewState":"candidate","asOf":"2026-09-26T17:22:08.637Z","sourceCount":1,"primarySource":{"url":"https://www.openstreetmap.org/node/1776112611","title":"OpenStreetMap contributors","publisher":"OpenStreetMap contributors","licence":"ODbL 1.0","reuse":"open_licence"}}},{"type":"Feature","geometry":{"type":"Point","coordinates":[7.90897,47.96726]},"properties":{"id":"osm:node-1780163604","version":"d6a78773de1d731066bb4b1af387a42a119816cb08cf55844bd5a2a7d65f3dcc","cityId":"freiburg","kind":"place","category":"kindergarten","title":"Kindergarten St. Barbara, Freiburg- Kappel","statement":"Kindergarten St. Barbara, Freiburg- Kappel ist in OpenStreetMap als kindergarten eingetragen. Betrieb und Öffnungszeiten nicht geprüft.","status":"OSM-Eintrag, nicht offiziell geprüft","startDate":null,"endDate":null,"nextStep":"Aktuelle Angaben direkt beim Ort prüfen.","scale":"street","geometryPrecision":"exact","reviewState":"candidate","asOf":"2026-09-26T17:22:08.637Z","sourceCount":1,"primarySource":{"url":"https://www.openstreetmap.org/node/1780163604","title":"OpenStreetMap contributors","publisher":"OpenStreetMap contributors","licence":"ODbL 1.0","reuse":"open_licence"}}},{"type":"Feature","geometry":{"type":"Point","coordinates":[7.81051,47.99454]},"properties":{"id":"osm:node-1788534711","version":"d7b992b5f8b81f9106fb8eaad669dd8d9599b6a65f5dad70f5c4bdee87424902","cityId":"freiburg","kind":"place","category":"pharmacy","title":"weingarten apotheke","statement":"weingarten apotheke ist in OpenStreetMap als pharmacy eingetragen. Öffnungszeiten in OSM eingetragen; nicht unabhängig bestätigt.","status":"OSM-Eintrag, nicht offiziell geprüft","startDate":null,"endDate":null,"nextStep":"Aktuelle Angaben direkt beim Ort prüfen.","scale":"street","geometryPrecision":"exact","reviewState":"candidate","asOf":"2026-09-26T17:22:08.637Z","sourceCount":1,"primarySource":{"url":"https://www.openstreetmap.org/node/1788534711","title":"OpenStreetMap contributors","publisher":"OpenStreetMap contributors","licence":"ODbL 1.0","reuse":"open_licence"}}},{"type":"Feature","geometry":{"type":"Point","coordinates":[7.8245,48.03185]},"properties":{"id":"osm:node-1800923529","version":"e07f93a03e5b06bc5ca7f69a9313dae495de9776498a88fa97bf7e02f4df2b8b","cityId":"freiburg","kind":"place","category":"athletics","title":"Klimmzugstangen","statement":"Klimmzugstangen ist in OpenStreetMap als athletics eingetragen. Betrieb und Öffnungszeiten nicht geprüft.","status":"OSM-Eintrag, nicht offiziell geprüft","startDate":null,"endDate":null,"nextStep":"Aktuelle Angaben direkt beim Ort prüfen.","scale":"street","geometryPrecision":"exact","reviewState":"candidate","asOf":"2026-09-26T17:22:08.637Z","sourceCount":1,"primarySource":{"url":"https://www.openstreetmap.org/node/1800923529","title":"OpenStreetMap contributors","publisher":"OpenStreetMap contributors","licence":"ODbL 1.0","reuse":"open_licence"}}},{"type":"Feature","geometry":{"type":"Point","coordinates":[7.79598,47.98145]},"properties":{"id":"osm:node-1863908331","version":"4ba3a1b2fd5997f97bdcf6aff5d48b47bfa4b5e921eba4d04ac739971885a257","cityId":"freiburg","kind":"place","category":"bakery","title":"Maritas Bäckerlädele","statement":"Maritas Bäckerlädele ist in OpenStreetMap als bakery eingetragen. Öffnungszeiten in OSM eingetragen; nicht unabhängig bestätigt.","status":"OSM-Eintrag, nicht offiziell geprüft","startDate":null,"endDate":null,"nextStep":"Aktuelle Angaben direkt beim Ort prüfen.","scale":"street","geometryPrecision":"exact","reviewState":"candidate","asOf":"2026-09-26T17:22:08.637Z","sourceCount":1,"primarySource":{"url":"https://www.openstreetmap.org/node/1863908331","title":"OpenStreetMap contributors","publisher":"OpenStreetMap contributors","licence":"ODbL 1.0","reuse":"open_licence"}}},{"type":"Feature","geometry":{"type":"Point","coordinates":[7.80885,47.98336]},"properties":{"id":"osm:node-1871766616","version":"c8775efc93894ce2dffe3850a1502525971b4c4bf3032ca80ed0a84f17af986a","cityId":"freiburg","kind":"place","category":"doctors","title":"Murray","statement":"Murray ist in OpenStreetMap als doctors eingetragen. Öffnungszeiten in OSM eingetragen; nicht unabhängig bestätigt.","status":"OSM-Eintrag, nicht offiziell geprüft","startDate":null,"endDate":null,"nextStep":"Aktuelle Angaben direkt beim Ort prüfen.","scale":"street","geometryPrecision":"exact","reviewState":"candidate","asOf":"2026-09-26T17:22:08.637Z","sourceCount":1,"primarySource":{"url":"https://www.openstreetmap.org/node/1871766616","title":"OpenStreetMap contributors","publisher":"OpenStreetMap contributors","licence":"ODbL 1.0","reuse":"open_licence"}}},{"type":"Feature","geometry":{"type":"Point","coordinates":[7.82134,47.98504]},"properties":{"id":"osm:node-1871766687","version":"86f30c3bd44b5f1a9bd383a656eed05feb906cf2b47fb111c475433b87c5c3ff","cityId":"freiburg","kind":"place","category":"fitness","title":"McFit","statement":"McFit ist in OpenStreetMap als fitness eingetragen. Betrieb und Öffnungszeiten nicht geprüft.","status":"OSM-Eintrag, nicht offiziell geprüft","startDate":null,"endDate":null,"nextStep":"Aktuelle Angaben direkt beim Ort prüfen.","scale":"street","geometryPrecision":"exact","reviewState":"candidate","asOf":"2026-09-26T17:22:08.637Z","sourceCount":1,"primarySource":{"url":"https://www.openstreetmap.org/node/1871766687","title":"OpenStreetMap contributors","publisher":"OpenStreetMap contributors","licence":"ODbL 1.0","reuse":"open_licence"}}},{"type":"Feature","geometry":{"type":"Point","coordinates":[7.79021,47.99949]},"properties":{"id":"osm:node-1882623188","version":"c72174d925da77f7cfe37233017ba6ce260d331a58108196735887c325629e34","cityId":"freiburg","kind":"place","category":"supermarket","title":"Edeka","statement":"Edeka ist in OpenStreetMap als supermarket eingetragen. Öffnungszeiten in OSM eingetragen; nicht unabhängig bestätigt.","status":"OSM-Eintrag, nicht offiziell geprüft","startDate":null,"endDate":null,"nextStep":"Aktuelle Angaben direkt beim Ort prüfen.","scale":"street","geometryPrecision":"exact","reviewState":"candidate","asOf":"2026-09-26T17:22:08.637Z","sourceCount":1,"primarySource":{"url":"https://www.openstreetmap.org/node/1882623188","title":"OpenStreetMap contributors","publisher":"OpenStreetMap contributors","licence":"ODbL 1.0","reuse":"open_licence"}}},{"type":"Feature","geometry":{"type":"Point","coordinates":[7.8197,48.00511]},"properties":{"id":"osm:node-1884598511","version":"c65e6075078b92b2657b42cf27bc2932ffe32a772fa6d97207643eb0905763f2","cityId":"freiburg","kind":"place","category":"kindergarten","title":"Kindergarten St. Albert","statement":"Kindergarten St. Albert ist in OpenStreetMap als kindergarten eingetragen. Betrieb und Öffnungszeiten nicht geprüft.","status":"OSM-Eintrag, nicht offiziell geprüft","startDate":null,"endDate":null,"nextStep":"Aktuelle Angaben direkt beim Ort prüfen.","scale":"street","geometryPrecision":"exact","reviewState":"candidate","asOf":"2026-09-26T17:22:08.637Z","sourceCount":1,"primarySource":{"url":"https://www.openstreetmap.org/node/1884598511","title":"OpenStreetMap contributors","publisher":"OpenStreetMap contributors","licence":"ODbL 1.0","reuse":"open_licence"}}},{"type":"Feature","geometry":{"type":"Point","coordinates":[7.80361,47.98335]},"properties":{"id":"osm:node-1890169642","version":"87ec442426df34595fcbfa5d143a0ca081cad666465d5bfb18cadb831c8f17a9","cityId":"freiburg","kind":"place","category":"bakery","title":"Rees Backwaren","statement":"Rees Backwaren ist in OpenStreetMap als bakery eingetragen. Öffnungszeiten in OSM eingetragen; nicht unabhängig bestätigt.","status":"OSM-Eintrag, nicht offiziell geprüft","startDate":null,"endDate":null,"nextStep":"Aktuelle Angaben direkt beim Ort prüfen.","scale":"street","geometryPrecision":"exact","reviewState":"candidate","asOf":"2026-09-26T17:22:08.637Z","sourceCount":1,"primarySource":{"url":"https://www.openstreetmap.org/node/1890169642","title":"OpenStreetMap contributors","publisher":"OpenStreetMap contributors","licence":"ODbL 1.0","reuse":"open_licence"}}},{"type":"Feature","geometry":{"type":"Point","coordinates":[7.69513,47.96787]},"properties":{"id":"osm:node-1928707417","version":"d228373a865e553234b056b35cd3ac0f8d48b177353b7e40263ffa2d9a814d4d","cityId":"freiburg","kind":"place","category":"fire_station","title":"Freiwillige Feuerwehr Freiburg | Abteilung 13 Munzingen","statement":"Freiwillige Feuerwehr Freiburg | Abteilung 13 Munzingen ist in OpenStreetMap als fire_station eingetragen. Betrieb und Öffnungszeiten nicht geprüft.","status":"OSM-Eintrag, nicht offiziell geprüft","startDate":null,"endDate":null,"nextStep":"Aktuelle Angaben direkt beim Ort prüfen.","scale":"street","geometryPrecision":"exact","reviewState":"candidate","asOf":"2026-09-26T17:22:08.637Z","sourceCount":1,"primarySource":{"url":"https://www.openstreetmap.org/node/1928707417","title":"OpenStreetMap contributors","publisher":"OpenStreetMap contributors","licence":"ODbL 1.0","reuse":"open_licence"}}},{"type":"Feature","geometry":{"type":"Point","coordinates":[7.79038,47.99983]},"properties":{"id":"osm:node-1949545092","version":"646955ce38f2f78b9752bbf095e8445a8d9f3f71fa35054e4449c78a0116dc43","cityId":"freiburg","kind":"place","category":"supermarket","title":"Bio Marktladen","statement":"Bio Marktladen ist in OpenStreetMap als supermarket eingetragen. Öffnungszeiten in OSM eingetragen; nicht unabhängig bestätigt.","status":"OSM-Eintrag, nicht offiziell geprüft","startDate":null,"endDate":null,"nextStep":"Aktuelle Angaben direkt beim Ort prüfen.","scale":"street","geometryPrecision":"exact","reviewState":"candidate","asOf":"2026-09-26T17:22:08.637Z","sourceCount":1,"primarySource":{"url":"https://www.openstreetmap.org/node/1949545092","title":"OpenStreetMap contributors","publisher":"OpenStreetMap contributors","licence":"ODbL 1.0","reuse":"open_licence"}}},{"type":"Feature","geometry":{"type":"Point","coordinates":[7.85482,48.01499]},"properties":{"id":"osm:node-1980778863","version":"1625da13ef7c22e580955317b5f9c23a8f64992d0a84a004f378c5a25ba191ff","cityId":"freiburg","kind":"place","category":"doctors","title":"Venenzentrum Freiburg","statement":"Venenzentrum Freiburg ist in OpenStreetMap als doctors eingetragen. Öffnungszeiten in OSM eingetragen; nicht unabhängig bestätigt.","status":"OSM-Eintrag, nicht offiziell geprüft","startDate":null,"endDate":null,"nextStep":"Aktuelle Angaben direkt beim Ort prüfen.","scale":"street","geometryPrecision":"exact","reviewState":"candidate","asOf":"2026-09-26T17:22:08.637Z","sourceCount":1,"primarySource":{"url":"https://www.openstreetmap.org/node/1980778863","title":"OpenStreetMap contributors","publisher":"OpenStreetMap contributors","licence":"ODbL 1.0","reuse":"open_licence"}}},{"type":"Feature","geometry":{"type":"Point","coordinates":[7.85444,47.99042]},"properties":{"id":"osm:node-1989010632","version":"a0fe0682347b1adbe125cafdf55ba6ad28b6a85c466fe537df0d9dda1541f758","cityId":"freiburg","kind":"place","category":"bakery","title":"Beckesepp","statement":"Beckesepp ist in OpenStreetMap als bakery eingetragen. Öffnungszeiten in OSM eingetragen; nicht unabhängig bestätigt.","status":"OSM-Eintrag, nicht offiziell geprüft","startDate":null,"endDate":null,"nextStep":"Aktuelle Angaben direkt beim Ort prüfen.","scale":"street","geometryPrecision":"exact","reviewState":"candidate","asOf":"2026-09-26T17:22:08.637Z","sourceCount":1,"primarySource":{"url":"https://www.openstreetmap.org/node/1989010632","title":"OpenStreetMap contributors","publisher":"OpenStreetMap contributors","licence":"ODbL 1.0","reuse":"open_licence"}}},{"type":"Feature","geometry":{"type":"Point","coordinates":[7.86008,48.02507]},"properties":{"id":"osm:node-1989684437","version":"bf9da841bb48d9e86b63f1a99f4d99bea7766d1fcbe04de1ce475f96f79667f2","cityId":"freiburg","kind":"place","category":"police","title":"Polizeiposten Freiburg-Zähringen","statement":"Polizeiposten Freiburg-Zähringen ist in OpenStreetMap als police eingetragen. Öffnungszeiten in OSM eingetragen; nicht unabhängig bestätigt.","status":"OSM-Eintrag, nicht offiziell geprüft","startDate":null,"endDate":null,"nextStep":"Aktuelle Angaben direkt beim Ort prüfen.","scale":"street","geometryPrecision":"exact","reviewState":"candidate","asOf":"2026-09-26T17:22:08.637Z","sourceCount":1,"primarySource":{"url":"https://www.openstreetmap.org/node/1989684437","title":"OpenStreetMap contributors","publisher":"OpenStreetMap contributors","licence":"ODbL 1.0","reuse":"open_licence"}}},{"type":"Feature","geometry":{"type":"Point","coordinates":[7.89397,47.98498]},"properties":{"id":"osm:node-1999067403","version":"a181d4983109e3a6930283eed061df98ae2fcc5d76cfb971cf76bde73bf7f2f1","cityId":"freiburg","kind":"place","category":"supermarket","title":"Die Flocke Naturkost","statement":"Die Flocke Naturkost ist in OpenStreetMap als supermarket eingetragen. Öffnungszeiten in OSM eingetragen; nicht unabhängig bestätigt.","status":"OSM-Eintrag, nicht offiziell geprüft","startDate":null,"endDate":null,"nextStep":"Aktuelle Angaben direkt beim Ort prüfen.","scale":"street","geometryPrecision":"exact","reviewState":"candidate","asOf":"2026-09-26T17:22:08.637Z","sourceCount":1,"primarySource":{"url":"https://www.openstreetmap.org/node/1999067403","title":"OpenStreetMap contributors","publisher":"OpenStreetMap contributors","licence":"ODbL 1.0","reuse":"open_licence"}}},{"type":"Feature","geometry":{"type":"Point","coordinates":[7.85049,48.03209]},"properties":{"id":"osm:node-2056203098","version":"4d670740189a4bfde2bd2c9c6921d846fc04481cf48be0f8078c8a8697d4f110","cityId":"freiburg","kind":"place","category":"supermarket","title":"Vita Biomarkt","statement":"Vita Biomarkt ist in OpenStreetMap als supermarket eingetragen. Öffnungszeiten in OSM eingetragen; nicht unabhängig bestätigt.","status":"OSM-Eintrag, nicht offiziell geprüft","startDate":null,"endDate":null,"nextStep":"Aktuelle Angaben direkt beim Ort prüfen.","scale":"street","geometryPrecision":"exact","reviewState":"candidate","asOf":"2026-09-26T17:22:08.637Z","sourceCount":1,"primarySource":{"url":"https://www.openstreetmap.org/node/2056203098","title":"OpenStreetMap contributors","publisher":"OpenStreetMap contributors","licence":"ODbL 1.0","reuse":"open_licence"}}},{"type":"Feature","geometry":{"type":"Point","coordinates":[7.83382,47.9926]},"properties":{"id":"osm:node-2074584314","version":"5f3a82ef203aa1a23a3b54f11bb93723703d687e3805e8995b68ce0bd8a11061","cityId":"freiburg","kind":"place","category":"culture","title":"Slow Club","statement":"Slow Club ist in OpenStreetMap als culture eingetragen. Betrieb und Öffnungszeiten nicht geprüft.","status":"OSM-Eintrag, nicht offiziell geprüft","startDate":null,"endDate":null,"nextStep":"Aktuelle Angaben direkt beim Ort prüfen.","scale":"street","geometryPrecision":"exact","reviewState":"candidate","asOf":"2026-09-26T17:22:08.637Z","sourceCount":1,"primarySource":{"url":"https://www.openstreetmap.org/node/2074584314","title":"OpenStreetMap contributors","publisher":"OpenStreetMap contributors","licence":"ODbL 1.0","reuse":"open_licence"}}},{"type":"Feature","geometry":{"type":"Point","coordinates":[7.89295,47.98523]},"properties":{"id":"osm:node-2078076935","version":"1718294e7cef4cb8624c376f6a7660aabf725cbed8b9c4edeaa70a9c4996191d","cityId":"freiburg","kind":"place","category":"bakery","title":"Heitzmann","statement":"Heitzmann ist in OpenStreetMap als bakery eingetragen. Öffnungszeiten in OSM eingetragen; nicht unabhängig bestätigt.","status":"OSM-Eintrag, nicht offiziell geprüft","startDate":null,"endDate":null,"nextStep":"Aktuelle Angaben direkt beim Ort prüfen.","scale":"street","geometryPrecision":"exact","reviewState":"candidate","asOf":"2026-09-26T17:22:08.637Z","sourceCount":1,"primarySource":{"url":"https://www.openstreetmap.org/node/2078076935","title":"OpenStreetMap contributors","publisher":"OpenStreetMap contributors","licence":"ODbL 1.0","reuse":"open_licence"}}},{"type":"Feature","geometry":{"type":"Point","coordinates":[7.8277,47.9742]},"properties":{"id":"osm:node-2091129966","version":"deab739d6c436998dc7e282a86bdfdd82a9f33852ba3f1c30e37db690ee4d210","cityId":"freiburg","kind":"place","category":"bakery","title":"Heitzmann","statement":"Heitzmann ist in OpenStreetMap als bakery eingetragen. Öffnungszeiten in OSM eingetragen; nicht unabhängig bestätigt.","status":"OSM-Eintrag, nicht offiziell geprüft","startDate":null,"endDate":null,"nextStep":"Aktuelle Angaben direkt beim Ort prüfen.","scale":"street","geometryPrecision":"exact","reviewState":"candidate","asOf":"2026-09-26T17:22:08.637Z","sourceCount":1,"primarySource":{"url":"https://www.openstreetmap.org/node/2091129966","title":"OpenStreetMap contributors","publisher":"OpenStreetMap contributors","licence":"ODbL 1.0","reuse":"open_licence"}}},{"type":"Feature","geometry":{"type":"Point","coordinates":[7.82253,48.01606]},"properties":{"id":"osm:node-2092619969","version":"4ab3d15cbc9fdbc174b1902acd5d5a2aa97a082e28adbfd814da8c505a24698a","cityId":"freiburg","kind":"place","category":"police","title":"Polizeistation Freiburg Weststadt","statement":"Polizeistation Freiburg Weststadt ist in OpenStreetMap als police eingetragen. Betrieb und Öffnungszeiten nicht geprüft.","status":"OSM-Eintrag, nicht offiziell geprüft","startDate":null,"endDate":null,"nextStep":"Aktuelle Angaben direkt beim Ort prüfen.","scale":"street","geometryPrecision":"exact","reviewState":"candidate","asOf":"2026-09-26T17:22:08.637Z","sourceCount":1,"primarySource":{"url":"https://www.openstreetmap.org/node/2092619969","title":"OpenStreetMap contributors","publisher":"OpenStreetMap contributors","licence":"ODbL 1.0","reuse":"open_licence"}}},{"type":"Feature","geometry":{"type":"Point","coordinates":[7.82704,48.00573]},"properties":{"id":"osm:node-2146265778","version":"4d3e0199f56a398e63dad8dde8c40d1cb5b2309108c3e273e2d3058e5134c58c","cityId":"freiburg","kind":"place","category":"supermarket","title":"REWE","statement":"REWE ist in OpenStreetMap als supermarket eingetragen. Öffnungszeiten in OSM eingetragen; nicht unabhängig bestätigt.","status":"OSM-Eintrag, nicht offiziell geprüft","startDate":null,"endDate":null,"nextStep":"Aktuelle Angaben direkt beim Ort prüfen.","scale":"street","geometryPrecision":"exact","reviewState":"candidate","asOf":"2026-09-26T17:22:08.637Z","sourceCount":1,"primarySource":{"url":"https://www.openstreetmap.org/node/2146265778","title":"OpenStreetMap contributors","publisher":"OpenStreetMap contributors","licence":"ODbL 1.0","reuse":"open_licence"}}},{"type":"Feature","geometry":{"type":"Point","coordinates":[7.85474,48.01522]},"properties":{"id":"osm:node-2163669082","version":"59677aaf9c1b9305e795d3dcf18e3a9c85e94236167c409d89e14ac5476ecfea","cityId":"freiburg","kind":"place","category":"bakery","title":"Reiß-Beck","statement":"Reiß-Beck ist in OpenStreetMap als bakery eingetragen. Öffnungszeiten in OSM eingetragen; nicht unabhängig bestätigt.","status":"OSM-Eintrag, nicht offiziell geprüft","startDate":null,"endDate":null,"nextStep":"Aktuelle Angaben direkt beim Ort prüfen.","scale":"street","geometryPrecision":"exact","reviewState":"candidate","asOf":"2026-09-26T17:22:08.637Z","sourceCount":1,"primarySource":{"url":"https://www.openstreetmap.org/node/2163669082","title":"OpenStreetMap contributors","publisher":"OpenStreetMap contributors","licence":"ODbL 1.0","reuse":"open_licence"}}},{"type":"Feature","geometry":{"type":"Point","coordinates":[7.85756,48.00469]},"properties":{"id":"osm:node-2193469780","version":"4ef6a6d533ca380c3cdef1ad9192ea1fbf2904df29241d4b7ddbcda57d3d8060","cityId":"freiburg","kind":"place","category":"kindergarten","title":"Kindergarten Jacobistraße","statement":"Kindergarten Jacobistraße ist in OpenStreetMap als kindergarten eingetragen. Betrieb und Öffnungszeiten nicht geprüft.","status":"OSM-Eintrag, nicht offiziell geprüft","startDate":null,"endDate":null,"nextStep":"Aktuelle Angaben direkt beim Ort prüfen.","scale":"street","geometryPrecision":"exact","reviewState":"candidate","asOf":"2026-09-26T17:22:08.637Z","sourceCount":1,"primarySource":{"url":"https://www.openstreetmap.org/node/2193469780","title":"OpenStreetMap contributors","publisher":"OpenStreetMap contributors","licence":"ODbL 1.0","reuse":"open_licence"}}},{"type":"Feature","geometry":{"type":"Point","coordinates":[7.86278,48.00384]},"properties":{"id":"osm:node-2257968842","version":"59c328edc56a3f1be56a0a18e72ba97ac44cce54710be4a1f8fc54029c525713","cityId":"freiburg","kind":"place","category":"doctors","title":"Dr. med. Andrea Weninger;Dr. med. Brigitte Betz","statement":"Dr. med. Andrea Weninger;Dr. med. Brigitte Betz ist in OpenStreetMap als doctors eingetragen. Betrieb und Öffnungszeiten nicht geprüft.","status":"OSM-Eintrag, nicht offiziell geprüft","startDate":null,"endDate":null,"nextStep":"Aktuelle Angaben direkt beim Ort prüfen.","scale":"street","geometryPrecision":"exact","reviewState":"candidate","asOf":"2026-09-26T17:22:08.637Z","sourceCount":1,"primarySource":{"url":"https://www.openstreetmap.org/node/2257968842","title":"OpenStreetMap contributors","publisher":"OpenStreetMap contributors","licence":"ODbL 1.0","reuse":"open_licence"}}},{"type":"Feature","geometry":{"type":"Point","coordinates":[7.90494,47.98675]},"properties":{"id":"osm:node-2273959093","version":"93c519d48964c96f95c8614bfc4a8cb8e19d482394afa3294a1efecb83165912","cityId":"freiburg","kind":"place","category":"post_office","title":"Postfiliale 586","statement":"Postfiliale 586 ist in OpenStreetMap als post_office eingetragen. Öffnungszeiten in OSM eingetragen; nicht unabhängig bestätigt.","status":"OSM-Eintrag, nicht offiziell geprüft","startDate":null,"endDate":null,"nextStep":"Aktuelle Angaben direkt beim Ort prüfen.","scale":"street","geometryPrecision":"exact","reviewState":"candidate","asOf":"2026-09-26T17:22:08.637Z","sourceCount":1,"primarySource":{"url":"https://www.openstreetmap.org/node/2273959093","title":"OpenStreetMap contributors","publisher":"OpenStreetMap contributors","licence":"ODbL 1.0","reuse":"open_licence"}}},{"type":"Feature","geometry":{"type":"Point","coordinates":[7.81157,47.99458]},"properties":{"id":"osm:node-2283077097","version":"35269b3ecab7e113c2128f0e0f722f8047907a3a32c6e10e89a74e758690b3ab","cityId":"freiburg","kind":"place","category":"supermarket","title":"Aldi Süd","statement":"Aldi Süd ist in OpenStreetMap als supermarket eingetragen. Öffnungszeiten in OSM eingetragen; nicht unabhängig bestätigt.","status":"OSM-Eintrag, nicht offiziell geprüft","startDate":null,"endDate":null,"nextStep":"Aktuelle Angaben direkt beim Ort prüfen.","scale":"street","geometryPrecision":"exact","reviewState":"candidate","asOf":"2026-09-26T17:22:08.637Z","sourceCount":1,"primarySource":{"url":"https://www.openstreetmap.org/node/2283077097","title":"OpenStreetMap contributors","publisher":"OpenStreetMap contributors","licence":"ODbL 1.0","reuse":"open_licence"}}},{"type":"Feature","geometry":{"type":"Point","coordinates":[7.82484,48.01411]},"properties":{"id":"osm:node-2292518514","version":"e0de052274b56b067f939f47d4836d334a1aba3f74fc0d3a1ae3e5f9d63e0a5f","cityId":"freiburg","kind":"place","category":"pharmacy","title":"Mooswald Apotheke","statement":"Mooswald Apotheke ist in OpenStreetMap als pharmacy eingetragen. Öffnungszeiten in OSM eingetragen; nicht unabhängig bestätigt.","status":"OSM-Eintrag, nicht offiziell geprüft","startDate":null,"endDate":null,"nextStep":"Aktuelle Angaben direkt beim Ort prüfen.","scale":"street","geometryPrecision":"exact","reviewState":"candidate","asOf":"2026-09-26T17:22:08.637Z","sourceCount":1,"primarySource":{"url":"https://www.openstreetmap.org/node/2292518514","title":"OpenStreetMap contributors","publisher":"OpenStreetMap contributors","licence":"ODbL 1.0","reuse":"open_licence"}}},{"type":"Feature","geometry":{"type":"Point","coordinates":[7.82523,48.01395]},"properties":{"id":"osm:node-2292518523","version":"5708cd59a84f76974fe146b14303c291e252d204436a58c577415eaf22f8b2cc","cityId":"freiburg","kind":"place","category":"bakery","title":"Bäckerei Heitzmann","statement":"Bäckerei Heitzmann ist in OpenStreetMap als bakery eingetragen. Öffnungszeiten in OSM eingetragen; nicht unabhängig bestätigt.","status":"OSM-Eintrag, nicht offiziell geprüft","startDate":null,"endDate":null,"nextStep":"Aktuelle Angaben direkt beim Ort prüfen.","scale":"street","geometryPrecision":"exact","reviewState":"candidate","asOf":"2026-09-26T17:22:08.637Z","sourceCount":1,"primarySource":{"url":"https://www.openstreetmap.org/node/2292518523","title":"OpenStreetMap contributors","publisher":"OpenStreetMap contributors","licence":"ODbL 1.0","reuse":"open_licence"}}},{"type":"Feature","geometry":{"type":"Point","coordinates":[7.84918,48.01191]},"properties":{"id":"osm:node-2295298557","version":"ab9a5cc91c65ae839fa4d30bf63d416b4cc69f8da3e262d2bc92f8d8fdbe6c44","cityId":"freiburg","kind":"place","category":"multi","title":"Rückgrat","statement":"Rückgrat ist in OpenStreetMap als multi eingetragen. Öffnungszeiten in OSM eingetragen; nicht unabhängig bestätigt.","status":"OSM-Eintrag, nicht offiziell geprüft","startDate":null,"endDate":null,"nextStep":"Aktuelle Angaben direkt beim Ort prüfen.","scale":"street","geometryPrecision":"exact","reviewState":"candidate","asOf":"2026-09-26T17:22:08.637Z","sourceCount":1,"primarySource":{"url":"https://www.openstreetmap.org/node/2295298557","title":"OpenStreetMap contributors","publisher":"OpenStreetMap contributors","licence":"ODbL 1.0","reuse":"open_licence"}}},{"type":"Feature","geometry":{"type":"Point","coordinates":[7.84856,48.0076]},"properties":{"id":"osm:node-2295310359","version":"04113f85dc324b9e93d6fe05097f6dd38e10819631e67d9ad945630f20644496","cityId":"freiburg","kind":"place","category":"pharmacy","title":"Konrads-Apotheke","statement":"Konrads-Apotheke ist in OpenStreetMap als pharmacy eingetragen. Öffnungszeiten in OSM eingetragen; nicht unabhängig bestätigt.","status":"OSM-Eintrag, nicht offiziell geprüft","startDate":null,"endDate":null,"nextStep":"Aktuelle Angaben direkt beim Ort prüfen.","scale":"street","geometryPrecision":"exact","reviewState":"candidate","asOf":"2026-09-26T17:22:08.637Z","sourceCount":1,"primarySource":{"url":"https://www.openstreetmap.org/node/2295310359","title":"OpenStreetMap contributors","publisher":"OpenStreetMap contributors","licence":"ODbL 1.0","reuse":"open_licence"}}},{"type":"Feature","geometry":{"type":"Point","coordinates":[7.85484,48.00489]},"properties":{"id":"osm:node-2295317022","version":"3a98da919efbb59707b47491f523d00d84664cb0ff3ab59b8bc71624f72859bc","cityId":"freiburg","kind":"place","category":"bakery","title":"Kaisers Gute Backstube","statement":"Kaisers Gute Backstube ist in OpenStreetMap als bakery eingetragen. Öffnungszeiten in OSM eingetragen; nicht unabhängig bestätigt.","status":"OSM-Eintrag, nicht offiziell geprüft","startDate":null,"endDate":null,"nextStep":"Aktuelle Angaben direkt beim Ort prüfen.","scale":"street","geometryPrecision":"exact","reviewState":"candidate","asOf":"2026-09-26T17:22:08.637Z","sourceCount":1,"primarySource":{"url":"https://www.openstreetmap.org/node/2295317022","title":"OpenStreetMap contributors","publisher":"OpenStreetMap contributors","licence":"ODbL 1.0","reuse":"open_licence"}}},{"type":"Feature","geometry":{"type":"Point","coordinates":[7.85456,47.99725]},"properties":{"id":"osm:node-2297164082","version":"9f36c0ed882e3d8a6e10de91f6b175e4906c85151a7360cb4cf1b299620d6487","cityId":"freiburg","kind":"place","category":"multi","title":"Fitness First","statement":"Fitness First ist in OpenStreetMap als multi eingetragen. Öffnungszeiten in OSM eingetragen; nicht unabhängig bestätigt.","status":"OSM-Eintrag, nicht offiziell geprüft","startDate":null,"endDate":null,"nextStep":"Aktuelle Angaben direkt beim Ort prüfen.","scale":"street","geometryPrecision":"exact","reviewState":"candidate","asOf":"2026-09-26T17:22:08.637Z","sourceCount":1,"primarySource":{"url":"https://www.openstreetmap.org/node/2297164082","title":"OpenStreetMap contributors","publisher":"OpenStreetMap contributors","licence":"ODbL 1.0","reuse":"open_licence"}}},{"type":"Feature","geometry":{"type":"Point","coordinates":[7.85697,48.00441]},"properties":{"id":"osm:node-2297473799","version":"fea3bb191038d79c2d2c6949baa94ed5619b477afaa9fdbd5ce6b34db7f666e0","cityId":"freiburg","kind":"place","category":"doctors","title":"Dr. med. Klaus Michaelis","statement":"Dr. med. Klaus Michaelis ist in OpenStreetMap als doctors eingetragen. Öffnungszeiten in OSM eingetragen; nicht unabhängig bestätigt.","status":"OSM-Eintrag, nicht offiziell geprüft","startDate":null,"endDate":null,"nextStep":"Aktuelle Angaben direkt beim Ort prüfen.","scale":"street","geometryPrecision":"exact","reviewState":"candidate","asOf":"2026-09-26T17:22:08.637Z","sourceCount":1,"primarySource":{"url":"https://www.openstreetmap.org/node/2297473799","title":"OpenStreetMap contributors","publisher":"OpenStreetMap contributors","licence":"ODbL 1.0","reuse":"open_licence"}}},{"type":"Feature","geometry":{"type":"Point","coordinates":[7.86349,48.00654]},"properties":{"id":"osm:node-2357860131","version":"a2509fe1b1141b837d5c2a390c190647a39c11c29b0b560496c827208d7210bb","cityId":"freiburg","kind":"place","category":"bakery","title":"Heitzmann","statement":"Heitzmann ist in OpenStreetMap als bakery eingetragen. Öffnungszeiten in OSM eingetragen; nicht unabhängig bestätigt.","status":"OSM-Eintrag, nicht offiziell geprüft","startDate":null,"endDate":null,"nextStep":"Aktuelle Angaben direkt beim Ort prüfen.","scale":"street","geometryPrecision":"exact","reviewState":"candidate","asOf":"2026-09-26T17:22:08.637Z","sourceCount":1,"primarySource":{"url":"https://www.openstreetmap.org/node/2357860131","title":"OpenStreetMap contributors","publisher":"OpenStreetMap contributors","licence":"ODbL 1.0","reuse":"open_licence"}}},{"type":"Feature","geometry":{"type":"Point","coordinates":[7.85924,48.0012]},"properties":{"id":"osm:node-2372592104","version":"11445670c8d68677d90bf09a322c5768d3406acd43cb74eaf2dd02aff39eb976","cityId":"freiburg","kind":"place","category":"gymnastics","title":"Villa Ambiente","statement":"Villa Ambiente ist in OpenStreetMap als gymnastics eingetragen. Betrieb und Öffnungszeiten nicht geprüft.","status":"OSM-Eintrag, nicht offiziell geprüft","startDate":null,"endDate":null,"nextStep":"Aktuelle Angaben direkt beim Ort prüfen.","scale":"street","geometryPrecision":"exact","reviewState":"candidate","asOf":"2026-09-26T17:22:08.637Z","sourceCount":1,"primarySource":{"url":"https://www.openstreetmap.org/node/2372592104","title":"OpenStreetMap contributors","publisher":"OpenStreetMap contributors","licence":"ODbL 1.0","reuse":"open_licence"}}},{"type":"Feature","geometry":{"type":"Point","coordinates":[7.86407,48.00679]},"properties":{"id":"osm:node-2373909652","version":"6a24f58dafad277ee0a06ddc2b87566213146c09de4c9c18c8a101d5feb6b473","cityId":"freiburg","kind":"place","category":"doctors","title":"Dr. med. Christiane Guderian","statement":"Dr. med. Christiane Guderian ist in OpenStreetMap als doctors eingetragen. Öffnungszeiten in OSM eingetragen; nicht unabhängig bestätigt.","status":"OSM-Eintrag, nicht offiziell geprüft","startDate":null,"endDate":null,"nextStep":"Aktuelle Angaben direkt beim Ort prüfen.","scale":"street","geometryPrecision":"exact","reviewState":"candidate","asOf":"2026-09-26T17:22:08.637Z","sourceCount":1,"primarySource":{"url":"https://www.openstreetmap.org/node/2373909652","title":"OpenStreetMap contributors","publisher":"OpenStreetMap contributors","licence":"ODbL 1.0","reuse":"open_licence"}}},{"type":"Feature","geometry":{"type":"Point","coordinates":[7.90961,47.97059]},"properties":{"id":"osm:node-2415272020","version":"e02724e095bb23c8b260e818e2b0e105d5f6fcde80993c5e809b541deefe7d2a","cityId":"freiburg","kind":"place","category":"bakery","title":"Die Dinkelei","statement":"Die Dinkelei ist in OpenStreetMap als bakery eingetragen. Öffnungszeiten in OSM eingetragen; nicht unabhängig bestätigt.","status":"OSM-Eintrag, nicht offiziell geprüft","startDate":null,"endDate":null,"nextStep":"Aktuelle Angaben direkt beim Ort prüfen.","scale":"street","geometryPrecision":"exact","reviewState":"candidate","asOf":"2026-09-26T17:22:08.637Z","sourceCount":1,"primarySource":{"url":"https://www.openstreetmap.org/node/2415272020","title":"OpenStreetMap contributors","publisher":"OpenStreetMap contributors","licence":"ODbL 1.0","reuse":"open_licence"}}},{"type":"Feature","geometry":{"type":"Point","coordinates":[7.84746,48.02441]},"properties":{"id":"osm:node-2435763140","version":"ecff4847b0e7f8ef081cddacb03680e7bc8cb3aab561375982be1286a1dabf20","cityId":"freiburg","kind":"place","category":"bakery","title":"Dreher","statement":"Dreher ist in OpenStreetMap als bakery eingetragen. Öffnungszeiten in OSM eingetragen; nicht unabhängig bestätigt.","status":"OSM-Eintrag, nicht offiziell geprüft","startDate":null,"endDate":null,"nextStep":"Aktuelle Angaben direkt beim Ort prüfen.","scale":"street","geometryPrecision":"exact","reviewState":"candidate","asOf":"2026-09-26T17:22:08.637Z","sourceCount":1,"primarySource":{"url":"https://www.openstreetmap.org/node/2435763140","title":"OpenStreetMap contributors","publisher":"OpenStreetMap contributors","licence":"ODbL 1.0","reuse":"open_licence"}}},{"type":"Feature","geometry":{"type":"Point","coordinates":[7.82849,48.00696]},"properties":{"id":"osm:node-2447956421","version":"4f7dee3779b9fee65a3a33011b9b95ec3dd8655ac2aa1a293d99d0da8c9a6527","cityId":"freiburg","kind":"place","category":"supermarket","title":"Denns BioMarkt","statement":"Denns BioMarkt ist in OpenStreetMap als supermarket eingetragen. Öffnungszeiten in OSM eingetragen; nicht unabhängig bestätigt.","status":"OSM-Eintrag, nicht offiziell geprüft","startDate":null,"endDate":null,"nextStep":"Aktuelle Angaben direkt beim Ort prüfen.","scale":"street","geometryPrecision":"exact","reviewState":"candidate","asOf":"2026-09-26T17:22:08.637Z","sourceCount":1,"primarySource":{"url":"https://www.openstreetmap.org/node/2447956421","title":"OpenStreetMap contributors","publisher":"OpenStreetMap contributors","licence":"ODbL 1.0","reuse":"open_licence"}}},{"type":"Feature","geometry":{"type":"Point","coordinates":[7.85332,47.99881]},"properties":{"id":"osm:node-2448153408","version":"c0a9024ca66cc0ef8442a20e6981639d7b5c70ade89a77414b7d651ed3b7f2fb","cityId":"freiburg","kind":"place","category":"pharmacy","title":"Blasius Apotheke","statement":"Blasius Apotheke ist in OpenStreetMap als pharmacy eingetragen. Öffnungszeiten in OSM eingetragen; nicht unabhängig bestätigt.","status":"OSM-Eintrag, nicht offiziell geprüft","startDate":null,"endDate":null,"nextStep":"Aktuelle Angaben direkt beim Ort prüfen.","scale":"street","geometryPrecision":"exact","reviewState":"candidate","asOf":"2026-09-26T17:22:08.637Z","sourceCount":1,"primarySource":{"url":"https://www.openstreetmap.org/node/2448153408","title":"OpenStreetMap contributors","publisher":"OpenStreetMap contributors","licence":"ODbL 1.0","reuse":"open_licence"}}},{"type":"Feature","geometry":{"type":"Point","coordinates":[7.85109,47.99426]},"properties":{"id":"osm:node-2452125547","version":"ba6b8e0e9e8834e58417440733f9f62e6fccd69e06e17189ff28a846d9516800","cityId":"freiburg","kind":"place","category":"doctors","title":"Praxis Dr. Karner","statement":"Praxis Dr. Karner ist in OpenStreetMap als doctors eingetragen. Öffnungszeiten in OSM eingetragen; nicht unabhängig bestätigt.","status":"OSM-Eintrag, nicht offiziell geprüft","startDate":null,"endDate":null,"nextStep":"Aktuelle Angaben direkt beim Ort prüfen.","scale":"street","geometryPrecision":"exact","reviewState":"candidate","asOf":"2026-09-26T17:22:08.637Z","sourceCount":1,"primarySource":{"url":"https://www.openstreetmap.org/node/2452125547","title":"OpenStreetMap contributors","publisher":"OpenStreetMap contributors","licence":"ODbL 1.0","reuse":"open_licence"}}},{"type":"Feature","geometry":{"type":"Point","coordinates":[7.84654,47.99879]},"properties":{"id":"osm:node-2452499073","version":"499997948343bcaacb9e46815e84dadc9fa7d27bb788c026d8f4471bc8935505","cityId":"freiburg","kind":"place","category":"doctors","title":"Dr. med. Hansjörg Wark","statement":"Dr. med. Hansjörg Wark ist in OpenStreetMap als doctors eingetragen. Öffnungszeiten in OSM eingetragen; nicht unabhängig bestätigt.","status":"OSM-Eintrag, nicht offiziell geprüft","startDate":null,"endDate":null,"nextStep":"Aktuelle Angaben direkt beim Ort prüfen.","scale":"street","geometryPrecision":"exact","reviewState":"candidate","asOf":"2026-09-26T17:22:08.637Z","sourceCount":1,"primarySource":{"url":"https://www.openstreetmap.org/node/2452499073","title":"OpenStreetMap contributors","publisher":"OpenStreetMap contributors","licence":"ODbL 1.0","reuse":"open_licence"}}},{"type":"Feature","geometry":{"type":"Point","coordinates":[7.84829,47.98899]},"properties":{"id":"osm:node-2452499074","version":"2110c69451f97e03391666fd32c679b42cbf1fc2e52874bae1632431187d193e","cityId":"freiburg","kind":"place","category":"doctors","title":"Praxis für Neurologie & Psychiatrie an der Johanneskirche","statement":"Praxis für Neurologie & Psychiatrie an der Johanneskirche ist in OpenStreetMap als doctors eingetragen. Öffnungszeiten in OSM eingetragen; nicht unabhängig bestätigt.","status":"OSM-Eintrag, nicht offiziell geprüft","startDate":null,"endDate":null,"nextStep":"Aktuelle Angaben direkt beim Ort prüfen.","scale":"street","geometryPrecision":"exact","reviewState":"candidate","asOf":"2026-09-26T17:22:08.637Z","sourceCount":1,"primarySource":{"url":"https://www.openstreetmap.org/node/2452499074","title":"OpenStreetMap contributors","publisher":"OpenStreetMap contributors","licence":"ODbL 1.0","reuse":"open_licence"}}},{"type":"Feature","geometry":{"type":"Point","coordinates":[7.85001,47.99762]},"properties":{"id":"osm:node-2452705496","version":"94f402b9aff50213a63c6c0e9cba439ddc866f8f1e8237e77b68c54674e8d2ca","cityId":"freiburg","kind":"place","category":"doctors","title":"HNO Praxis Dr. Allert und Dr. Heinert","statement":"HNO Praxis Dr. Allert und Dr. Heinert ist in OpenStreetMap als doctors eingetragen. Öffnungszeiten in OSM eingetragen; nicht unabhängig bestätigt.","status":"OSM-Eintrag, nicht offiziell geprüft","startDate":null,"endDate":null,"nextStep":"Aktuelle Angaben direkt beim Ort prüfen.","scale":"street","geometryPrecision":"exact","reviewState":"candidate","asOf":"2026-09-26T17:22:08.637Z","sourceCount":1,"primarySource":{"url":"https://www.openstreetmap.org/node/2452705496","title":"OpenStreetMap contributors","publisher":"OpenStreetMap contributors","licence":"ODbL 1.0","reuse":"open_licence"}}},{"type":"Feature","geometry":{"type":"Point","coordinates":[7.84889,47.99406]},"properties":{"id":"osm:node-2452705497","version":"80c3db8cc0e768b2c63a2dd966305a740732f7aad2066ea122c8cf8541c55d10","cityId":"freiburg","kind":"place","category":"doctors","title":"HNO am Martinstor","statement":"HNO am Martinstor ist in OpenStreetMap als doctors eingetragen. Öffnungszeiten in OSM eingetragen; nicht unabhängig bestätigt.","status":"OSM-Eintrag, nicht offiziell geprüft","startDate":null,"endDate":null,"nextStep":"Aktuelle Angaben direkt beim Ort prüfen.","scale":"street","geometryPrecision":"exact","reviewState":"candidate","asOf":"2026-09-26T17:22:08.637Z","sourceCount":1,"primarySource":{"url":"https://www.openstreetmap.org/node/2452705497","title":"OpenStreetMap contributors","publisher":"OpenStreetMap contributors","licence":"ODbL 1.0","reuse":"open_licence"}}},{"type":"Feature","geometry":{"type":"Point","coordinates":[7.84423,48.00493]},"properties":{"id":"osm:node-2459967443","version":"30cc1301f22b9e3ae519e6f9a6fcb74483d7794002b7bff8d9d196843909dad6","cityId":"freiburg","kind":"place","category":"community_centre","title":"Jugendtreff Brühl-Beurbarung","statement":"Jugendtreff Brühl-Beurbarung ist in OpenStreetMap als community_centre eingetragen. Betrieb und Öffnungszeiten nicht geprüft.","status":"OSM-Eintrag, nicht offiziell geprüft","startDate":null,"endDate":null,"nextStep":"Aktuelle Angaben direkt beim Ort prüfen.","scale":"street","geometryPrecision":"exact","reviewState":"candidate","asOf":"2026-09-26T17:22:08.637Z","sourceCount":1,"primarySource":{"url":"https://www.openstreetmap.org/node/2459967443","title":"OpenStreetMap contributors","publisher":"OpenStreetMap contributors","licence":"ODbL 1.0","reuse":"open_licence"}}},{"type":"Feature","geometry":{"type":"Point","coordinates":[7.85894,48.02299]},"properties":{"id":"osm:node-247714079","version":"2a78bb881ad67874c6aca63fc9b5e4a281a25c35b9ef1b7010c4d471c7729530","cityId":"freiburg","kind":"place","category":"post_office","title":"eXtra-Post Zähringen","statement":"eXtra-Post Zähringen ist in OpenStreetMap als post_office eingetragen. Öffnungszeiten in OSM eingetragen; nicht unabhängig bestätigt.","status":"OSM-Eintrag, nicht offiziell geprüft","startDate":null,"endDate":null,"nextStep":"Aktuelle Angaben direkt beim Ort prüfen.","scale":"street","geometryPrecision":"exact","reviewState":"candidate","asOf":"2026-09-26T17:22:08.637Z","sourceCount":1,"primarySource":{"url":"https://www.openstreetmap.org/node/247714079","title":"OpenStreetMap contributors","publisher":"OpenStreetMap contributors","licence":"ODbL 1.0","reuse":"open_licence"}}},{"type":"Feature","geometry":{"type":"Point","coordinates":[7.85874,48.0226]},"properties":{"id":"osm:node-247714080","version":"faaf1502c71b8d8a02bdd96147226fd600cb69601fed4bde3a148543f3550792","cityId":"freiburg","kind":"place","category":"pharmacy","title":"Bernlapp-Apotheke","statement":"Bernlapp-Apotheke ist in OpenStreetMap als pharmacy eingetragen. Öffnungszeiten in OSM eingetragen; nicht unabhängig bestätigt.","status":"OSM-Eintrag, nicht offiziell geprüft","startDate":null,"endDate":null,"nextStep":"Aktuelle Angaben direkt beim Ort prüfen.","scale":"street","geometryPrecision":"exact","reviewState":"candidate","asOf":"2026-09-26T17:22:08.637Z","sourceCount":1,"primarySource":{"url":"https://www.openstreetmap.org/node/247714080","title":"OpenStreetMap contributors","publisher":"OpenStreetMap contributors","licence":"ODbL 1.0","reuse":"open_licence"}}},{"type":"Feature","geometry":{"type":"Point","coordinates":[7.8579,48.02322]},"properties":{"id":"osm:node-247714154","version":"75dd9d4adf9c5bd586519418866bef0d0d8f27bd0de43de9660070fdd8463d1e","cityId":"freiburg","kind":"place","category":"supermarket","title":"EDEKA Barwig","statement":"EDEKA Barwig ist in OpenStreetMap als supermarket eingetragen. Öffnungszeiten in OSM eingetragen; nicht unabhängig bestätigt.","status":"OSM-Eintrag, nicht offiziell geprüft","startDate":null,"endDate":null,"nextStep":"Aktuelle Angaben direkt beim Ort prüfen.","scale":"street","geometryPrecision":"exact","reviewState":"candidate","asOf":"2026-09-26T17:22:08.637Z","sourceCount":1,"primarySource":{"url":"https://www.openstreetmap.org/node/247714154","title":"OpenStreetMap contributors","publisher":"OpenStreetMap contributors","licence":"ODbL 1.0","reuse":"open_licence"}}},{"type":"Feature","geometry":{"type":"Point","coordinates":[7.84813,47.99513]},"properties":{"id":"osm:node-2512638470","version":"0817fe2abed62e17208fea6864dc1edacd09ca192f46860541ea167175f9e9e4","cityId":"freiburg","kind":"place","category":"bakery","title":"Kaisers Gute Backstube","statement":"Kaisers Gute Backstube ist in OpenStreetMap als bakery eingetragen. Öffnungszeiten in OSM eingetragen; nicht unabhängig bestätigt.","status":"OSM-Eintrag, nicht offiziell geprüft","startDate":null,"endDate":null,"nextStep":"Aktuelle Angaben direkt beim Ort prüfen.","scale":"street","geometryPrecision":"exact","reviewState":"candidate","asOf":"2026-09-26T17:22:08.637Z","sourceCount":1,"primarySource":{"url":"https://www.openstreetmap.org/node/2512638470","title":"OpenStreetMap contributors","publisher":"OpenStreetMap contributors","licence":"ODbL 1.0","reuse":"open_licence"}}},{"type":"Feature","geometry":{"type":"Point","coordinates":[7.84665,47.99544]},"properties":{"id":"osm:node-2512657174","version":"18c0ea3cf9e6c8d7987f8517dfdd282ba001c7b28b7b736cd9c929ec032f2dc6","cityId":"freiburg","kind":"place","category":"doctors","title":"Dr. Peter Mathieu","statement":"Dr. Peter Mathieu ist in OpenStreetMap als doctors eingetragen. Öffnungszeiten in OSM eingetragen; nicht unabhängig bestätigt.","status":"OSM-Eintrag, nicht offiziell geprüft","startDate":null,"endDate":null,"nextStep":"Aktuelle Angaben direkt beim Ort prüfen.","scale":"street","geometryPrecision":"exact","reviewState":"candidate","asOf":"2026-09-26T17:22:08.637Z","sourceCount":1,"primarySource":{"url":"https://www.openstreetmap.org/node/2512657174","title":"OpenStreetMap contributors","publisher":"OpenStreetMap contributors","licence":"ODbL 1.0","reuse":"open_licence"}}},{"type":"Feature","geometry":{"type":"Point","coordinates":[7.84434,47.99204]},"properties":{"id":"osm:node-2512692962","version":"85c55fb6a0cd4f83024a078f86cba576fe8a69a61287601b19c4b9f26c59f4f2","cityId":"freiburg","kind":"place","category":"doctors","title":"Dr. Thekla","statement":"Dr. Thekla ist in OpenStreetMap als doctors eingetragen. Öffnungszeiten in OSM eingetragen; nicht unabhängig bestätigt.","status":"OSM-Eintrag, nicht offiziell geprüft","startDate":null,"endDate":null,"nextStep":"Aktuelle Angaben direkt beim Ort prüfen.","scale":"street","geometryPrecision":"exact","reviewState":"candidate","asOf":"2026-09-26T17:22:08.637Z","sourceCount":1,"primarySource":{"url":"https://www.openstreetmap.org/node/2512692962","title":"OpenStreetMap contributors","publisher":"OpenStreetMap contributors","licence":"ODbL 1.0","reuse":"open_licence"}}},{"type":"Feature","geometry":{"type":"Point","coordinates":[7.84436,47.99164]},"properties":{"id":"osm:node-2512703127","version":"cc2bf96a8ebd472ee96ee9a6818fff3874741e3f35de9e9b1888bc9e76da3765","cityId":"freiburg","kind":"place","category":"doctors","title":"Dr. med. Martin Sieber","statement":"Dr. med. Martin Sieber ist in OpenStreetMap als doctors eingetragen. Öffnungszeiten in OSM eingetragen; nicht unabhängig bestätigt.","status":"OSM-Eintrag, nicht offiziell geprüft","startDate":null,"endDate":null,"nextStep":"Aktuelle Angaben direkt beim Ort prüfen.","scale":"street","geometryPrecision":"exact","reviewState":"candidate","asOf":"2026-09-26T17:22:08.637Z","sourceCount":1,"primarySource":{"url":"https://www.openstreetmap.org/node/2512703127","title":"OpenStreetMap contributors","publisher":"OpenStreetMap contributors","licence":"ODbL 1.0","reuse":"open_licence"}}},{"type":"Feature","geometry":{"type":"Point","coordinates":[7.90933,47.96899]},"properties":{"id":"osm:node-2513849897","version":"535719f2801d8cd6516caa66b2f0eea7bee06b9a0114fbb4db2920836552d4e7","cityId":"freiburg","kind":"place","category":"doctors","title":"Thum & Deissler","statement":"Thum & Deissler ist in OpenStreetMap als doctors eingetragen. Öffnungszeiten in OSM eingetragen; nicht unabhängig bestätigt.","status":"OSM-Eintrag, nicht offiziell geprüft","startDate":null,"endDate":null,"nextStep":"Aktuelle Angaben direkt beim Ort prüfen.","scale":"street","geometryPrecision":"exact","reviewState":"candidate","asOf":"2026-09-26T17:22:08.637Z","sourceCount":1,"primarySource":{"url":"https://www.openstreetmap.org/node/2513849897","title":"OpenStreetMap contributors","publisher":"OpenStreetMap contributors","licence":"ODbL 1.0","reuse":"open_licence"}}},{"type":"Feature","geometry":{"type":"Point","coordinates":[7.8431,48.00156]},"properties":{"id":"osm:node-251575655","version":"2c9fa2ce41f4957e949e997411a4d5548abd92cd7346a4d918cd482b13bc6f12","cityId":"freiburg","kind":"place","category":"supermarket","title":"Netto Marken-Discount","statement":"Netto Marken-Discount ist in OpenStreetMap als supermarket eingetragen. Öffnungszeiten in OSM eingetragen; nicht unabhängig bestätigt.","status":"OSM-Eintrag, nicht offiziell geprüft","startDate":null,"endDate":null,"nextStep":"Aktuelle Angaben direkt beim Ort prüfen.","scale":"street","geometryPrecision":"exact","reviewState":"candidate","asOf":"2026-09-26T17:22:08.637Z","sourceCount":1,"primarySource":{"url":"https://www.openstreetmap.org/node/251575655","title":"OpenStreetMap contributors","publisher":"OpenStreetMap contributors","licence":"ODbL 1.0","reuse":"open_licence"}}},{"type":"Feature","geometry":{"type":"Point","coordinates":[7.84735,47.98836]},"properties":{"id":"osm:node-25236916","version":"3941d3961714e05f3dba0c6631aee402f53c734e9c85caf81c69d5a3c85818a4","cityId":"freiburg","kind":"place","category":"post_office","title":"Postfiliale Freiburg 12","statement":"Postfiliale Freiburg 12 ist in OpenStreetMap als post_office eingetragen. Öffnungszeiten in OSM eingetragen; nicht unabhängig bestätigt.","status":"OSM-Eintrag, nicht offiziell geprüft","startDate":null,"endDate":null,"nextStep":"Aktuelle Angaben direkt beim Ort prüfen.","scale":"street","geometryPrecision":"exact","reviewState":"candidate","asOf":"2026-09-26T17:22:08.637Z","sourceCount":1,"primarySource":{"url":"https://www.openstreetmap.org/node/25236916","title":"OpenStreetMap contributors","publisher":"OpenStreetMap contributors","licence":"ODbL 1.0","reuse":"open_licence"}}},{"type":"Feature","geometry":{"type":"Point","coordinates":[7.8549,47.99826]},"properties":{"id":"osm:node-2570358908","version":"3c0f046e299612410b179a5c4e9227840e5ab5365fe4639485e9c11a0f66a5ea","cityId":"freiburg","kind":"place","category":"bakery","title":"Platzer's Bäckerei & Cafe","statement":"Platzer's Bäckerei & Cafe ist in OpenStreetMap als bakery eingetragen. Öffnungszeiten in OSM eingetragen; nicht unabhängig bestätigt.","status":"OSM-Eintrag, nicht offiziell geprüft","startDate":null,"endDate":null,"nextStep":"Aktuelle Angaben direkt beim Ort prüfen.","scale":"street","geometryPrecision":"exact","reviewState":"candidate","asOf":"2026-09-26T17:22:08.637Z","sourceCount":1,"primarySource":{"url":"https://www.openstreetmap.org/node/2570358908","title":"OpenStreetMap contributors","publisher":"OpenStreetMap contributors","licence":"ODbL 1.0","reuse":"open_licence"}}},{"type":"Feature","geometry":{"type":"Point","coordinates":[7.85496,48.00283]},"properties":{"id":"osm:node-2570358982","version":"79f65a62dcc396f810ad1fd4d6a1b18bcf24611e5cb965a463c2f52d174bbb19","cityId":"freiburg","kind":"place","category":"police","title":"Polizeiposten Freiburg-Herdern","statement":"Polizeiposten Freiburg-Herdern ist in OpenStreetMap als police eingetragen. Öffnungszeiten in OSM eingetragen; nicht unabhängig bestätigt.","status":"OSM-Eintrag, nicht offiziell geprüft","startDate":null,"endDate":null,"nextStep":"Aktuelle Angaben direkt beim Ort prüfen.","scale":"street","geometryPrecision":"exact","reviewState":"candidate","asOf":"2026-09-26T17:22:08.637Z","sourceCount":1,"primarySource":{"url":"https://www.openstreetmap.org/node/2570358982","title":"OpenStreetMap contributors","publisher":"OpenStreetMap contributors","licence":"ODbL 1.0","reuse":"open_licence"}}},{"type":"Feature","geometry":{"type":"Point","coordinates":[7.86299,48.00677]},"properties":{"id":"osm:node-2571689982","version":"6df8b983915af20f75521710b9a6e573652afd8b6ace736975e37396dc4057da","cityId":"freiburg","kind":"place","category":"fitness;ems","title":"Fitbox","statement":"Fitbox ist in OpenStreetMap als fitness;ems eingetragen. Öffnungszeiten in OSM eingetragen; nicht unabhängig bestätigt.","status":"OSM-Eintrag, nicht offiziell geprüft","startDate":null,"endDate":null,"nextStep":"Aktuelle Angaben direkt beim Ort prüfen.","scale":"street","geometryPrecision":"exact","reviewState":"candidate","asOf":"2026-09-26T17:22:08.637Z","sourceCount":1,"primarySource":{"url":"https://www.openstreetmap.org/node/2571689982","title":"OpenStreetMap contributors","publisher":"OpenStreetMap contributors","licence":"ODbL 1.0","reuse":"open_licence"}}},{"type":"Feature","geometry":{"type":"Point","coordinates":[7.855,48.00301]},"properties":{"id":"osm:node-260138846","version":"74f3032153d66e3b945358d2fbdcfa720dd6afd43ab81861290bf2b968e9b50d","cityId":"freiburg","kind":"place","category":"supermarket","title":"Denns BioMarkt","statement":"Denns BioMarkt ist in OpenStreetMap als supermarket eingetragen. Öffnungszeiten in OSM eingetragen; nicht unabhängig bestätigt.","status":"OSM-Eintrag, nicht offiziell geprüft","startDate":null,"endDate":null,"nextStep":"Aktuelle Angaben direkt beim Ort prüfen.","scale":"street","geometryPrecision":"exact","reviewState":"candidate","asOf":"2026-09-26T17:22:08.637Z","sourceCount":1,"primarySource":{"url":"https://www.openstreetmap.org/node/260138846","title":"OpenStreetMap contributors","publisher":"OpenStreetMap contributors","licence":"ODbL 1.0","reuse":"open_licence"}}},{"type":"Feature","geometry":{"type":"Point","coordinates":[7.82249,47.97554]},"properties":{"id":"osm:node-261621565","version":"8456ebce272c91e3ce549dc77c6fc18b4442995fe1755f8cc73906cedd5325b4","cityId":"freiburg","kind":"place","category":"bakery","title":"Bennys","statement":"Bennys ist in OpenStreetMap als bakery eingetragen. Öffnungszeiten in OSM eingetragen; nicht unabhängig bestätigt.","status":"OSM-Eintrag, nicht offiziell geprüft","startDate":null,"endDate":null,"nextStep":"Aktuelle Angaben direkt beim Ort prüfen.","scale":"street","geometryPrecision":"exact","reviewState":"candidate","asOf":"2026-09-26T17:22:08.637Z","sourceCount":1,"primarySource":{"url":"https://www.openstreetmap.org/node/261621565","title":"OpenStreetMap contributors","publisher":"OpenStreetMap contributors","licence":"ODbL 1.0","reuse":"open_licence"}}},{"type":"Feature","geometry":{"type":"Point","coordinates":[7.80309,47.98227]},"properties":{"id":"osm:node-2627372602","version":"9302215c66ca692d4c32f4d4e7b8cce619bea0265db6d395cd9cd96f235b84a7","cityId":"freiburg","kind":"place","category":"bakery","title":"Kaisers Gute Backstube","statement":"Kaisers Gute Backstube ist in OpenStreetMap als bakery eingetragen. Öffnungszeiten in OSM eingetragen; nicht unabhängig bestätigt.","status":"OSM-Eintrag, nicht offiziell geprüft","startDate":null,"endDate":null,"nextStep":"Aktuelle Angaben direkt beim Ort prüfen.","scale":"street","geometryPrecision":"exact","reviewState":"candidate","asOf":"2026-09-26T17:22:08.637Z","sourceCount":1,"primarySource":{"url":"https://www.openstreetmap.org/node/2627372602","title":"OpenStreetMap contributors","publisher":"OpenStreetMap contributors","licence":"ODbL 1.0","reuse":"open_licence"}}},{"type":"Feature","geometry":{"type":"Point","coordinates":[7.85499,48.00292]},"properties":{"id":"osm:node-2632235140","version":"40d2140dd5d93bfb045b844949bffbbd80219727cbae9d3b24d04bd903aa2c5b","cityId":"freiburg","kind":"place","category":"doctors","title":"Dr. med. Tanja Walzer","statement":"Dr. med. Tanja Walzer ist in OpenStreetMap als doctors eingetragen. Öffnungszeiten in OSM eingetragen; nicht unabhängig bestätigt.","status":"OSM-Eintrag, nicht offiziell geprüft","startDate":null,"endDate":null,"nextStep":"Aktuelle Angaben direkt beim Ort prüfen.","scale":"street","geometryPrecision":"exact","reviewState":"candidate","asOf":"2026-09-26T17:22:08.637Z","sourceCount":1,"primarySource":{"url":"https://www.openstreetmap.org/node/2632235140","title":"OpenStreetMap contributors","publisher":"OpenStreetMap contributors","licence":"ODbL 1.0","reuse":"open_licence"}}},{"type":"Feature","geometry":{"type":"Point","coordinates":[7.7972,47.987]},"properties":{"id":"osm:node-2632346463","version":"9c042481827adb10010dd3d41f37e1d8bbd96e4c99f3f9cd97d61dda4b8ba931","cityId":"freiburg","kind":"place","category":"pharmacy","title":"Bären-Apotheke","statement":"Bären-Apotheke ist in OpenStreetMap als pharmacy eingetragen. Öffnungszeiten in OSM eingetragen; nicht unabhängig bestätigt.","status":"OSM-Eintrag, nicht offiziell geprüft","startDate":null,"endDate":null,"nextStep":"Aktuelle Angaben direkt beim Ort prüfen.","scale":"street","geometryPrecision":"exact","reviewState":"candidate","asOf":"2026-09-26T17:22:08.637Z","sourceCount":1,"primarySource":{"url":"https://www.openstreetmap.org/node/2632346463","title":"OpenStreetMap contributors","publisher":"OpenStreetMap contributors","licence":"ODbL 1.0","reuse":"open_licence"}}},{"type":"Feature","geometry":{"type":"Point","coordinates":[7.77997,47.99876]},"properties":{"id":"osm:node-267342981","version":"4135d113e818ed2a5113af73e5621c9920aeb1995be77a1d321c5eee4b1a5fd6","cityId":"freiburg","kind":"place","category":"kindergarten","title":"Waldkindergarten Mooswald","statement":"Waldkindergarten Mooswald ist in OpenStreetMap als kindergarten eingetragen. Betrieb und Öffnungszeiten nicht geprüft.","status":"OSM-Eintrag, nicht offiziell geprüft","startDate":null,"endDate":null,"nextStep":"Aktuelle Angaben direkt beim Ort prüfen.","scale":"street","geometryPrecision":"exact","reviewState":"candidate","asOf":"2026-09-26T17:22:08.637Z","sourceCount":1,"primarySource":{"url":"https://www.openstreetmap.org/node/267342981","title":"OpenStreetMap contributors","publisher":"OpenStreetMap contributors","licence":"ODbL 1.0","reuse":"open_licence"}}},{"type":"Feature","geometry":{"type":"Point","coordinates":[7.79221,47.99952]},"properties":{"id":"osm:node-267542455","version":"dcfc0480c2053de79877e0e14152701ac02ef9dd1c217231653f9db57028e822","cityId":"freiburg","kind":"place","category":"library","title":"Mediothek Rieselfeld","statement":"Mediothek Rieselfeld ist in OpenStreetMap als library eingetragen. Öffnungszeiten in OSM eingetragen; nicht unabhängig bestätigt.","status":"OSM-Eintrag, nicht offiziell geprüft","startDate":null,"endDate":null,"nextStep":"Aktuelle Angaben direkt beim Ort prüfen.","scale":"street","geometryPrecision":"exact","reviewState":"candidate","asOf":"2026-09-26T17:22:08.637Z","sourceCount":1,"primarySource":{"url":"https://www.openstreetmap.org/node/267542455","title":"OpenStreetMap contributors","publisher":"OpenStreetMap contributors","licence":"ODbL 1.0","reuse":"open_licence"}}},{"type":"Feature","geometry":{"type":"Point","coordinates":[7.8176,47.99079]},"properties":{"id":"osm:node-267555170","version":"dca0e884fe48106e33cbd20140ba0ddd4e8c837d433b89455ee62ee5a89e48df","cityId":"freiburg","kind":"place","category":"bakery","title":"Pfeifle","statement":"Pfeifle ist in OpenStreetMap als bakery eingetragen. Öffnungszeiten in OSM eingetragen; nicht unabhängig bestätigt.","status":"OSM-Eintrag, nicht offiziell geprüft","startDate":null,"endDate":null,"nextStep":"Aktuelle Angaben direkt beim Ort prüfen.","scale":"street","geometryPrecision":"exact","reviewState":"candidate","asOf":"2026-09-26T17:22:08.637Z","sourceCount":1,"primarySource":{"url":"https://www.openstreetmap.org/node/267555170","title":"OpenStreetMap contributors","publisher":"OpenStreetMap contributors","licence":"ODbL 1.0","reuse":"open_licence"}}},{"type":"Feature","geometry":{"type":"Point","coordinates":[7.79526,47.99781]},"properties":{"id":"osm:node-267786810","version":"f15c9ede086b3f95afdc944e889ade6b661b0af2ad532bf95405c589414fd90d","cityId":"freiburg","kind":"place","category":"supermarket","title":"Lidl","statement":"Lidl ist in OpenStreetMap als supermarket eingetragen. Öffnungszeiten in OSM eingetragen; nicht unabhängig bestätigt.","status":"OSM-Eintrag, nicht offiziell geprüft","startDate":null,"endDate":null,"nextStep":"Aktuelle Angaben direkt beim Ort prüfen.","scale":"street","geometryPrecision":"exact","reviewState":"candidate","asOf":"2026-09-26T17:22:08.637Z","sourceCount":1,"primarySource":{"url":"https://www.openstreetmap.org/node/267786810","title":"OpenStreetMap contributors","publisher":"OpenStreetMap contributors","licence":"ODbL 1.0","reuse":"open_licence"}}},{"type":"Feature","geometry":{"type":"Point","coordinates":[7.79511,47.99768]},"properties":{"id":"osm:node-267787120","version":"490d35c56355313b87d8bb7375789153a8acde9d0cdc2e19a1c195bf09c70a9c","cityId":"freiburg","kind":"place","category":"bakery","title":"Heitzmann","statement":"Heitzmann ist in OpenStreetMap als bakery eingetragen. Öffnungszeiten in OSM eingetragen; nicht unabhängig bestätigt.","status":"OSM-Eintrag, nicht offiziell geprüft","startDate":null,"endDate":null,"nextStep":"Aktuelle Angaben direkt beim Ort prüfen.","scale":"street","geometryPrecision":"exact","reviewState":"candidate","asOf":"2026-09-26T17:22:08.637Z","sourceCount":1,"primarySource":{"url":"https://www.openstreetmap.org/node/267787120","title":"OpenStreetMap contributors","publisher":"OpenStreetMap contributors","licence":"ODbL 1.0","reuse":"open_licence"}}},{"type":"Feature","geometry":{"type":"Point","coordinates":[7.81605,47.99106]},"properties":{"id":"osm:node-268354841","version":"ef0d5e0d7078bacd9e30ed4bf034ed2b962b2cd7e141dd03a7d6d40bd333fce5","cityId":"freiburg","kind":"place","category":"supermarket","title":"Lidl","statement":"Lidl ist in OpenStreetMap als supermarket eingetragen. Öffnungszeiten in OSM eingetragen; nicht unabhängig bestätigt.","status":"OSM-Eintrag, nicht offiziell geprüft","startDate":null,"endDate":null,"nextStep":"Aktuelle Angaben direkt beim Ort prüfen.","scale":"street","geometryPrecision":"exact","reviewState":"candidate","asOf":"2026-09-26T17:22:08.637Z","sourceCount":1,"primarySource":{"url":"https://www.openstreetmap.org/node/268354841","title":"OpenStreetMap contributors","publisher":"OpenStreetMap contributors","licence":"ODbL 1.0","reuse":"open_licence"}}},{"type":"Feature","geometry":{"type":"Point","coordinates":[7.82432,47.99108]},"properties":{"id":"osm:node-269028887","version":"a933aa3a566c9d451fcec04a4db634b0bb1de9e38f45f7aff817c9a2d6e05821","cityId":"freiburg","kind":"place","category":"library","title":"Stadtteilbibliothek Haslach","statement":"Stadtteilbibliothek Haslach ist in OpenStreetMap als library eingetragen. Öffnungszeiten in OSM eingetragen; nicht unabhängig bestätigt.","status":"OSM-Eintrag, nicht offiziell geprüft","startDate":null,"endDate":null,"nextStep":"Aktuelle Angaben direkt beim Ort prüfen.","scale":"street","geometryPrecision":"exact","reviewState":"candidate","asOf":"2026-09-26T17:22:08.637Z","sourceCount":1,"primarySource":{"url":"https://www.openstreetmap.org/node/269028887","title":"OpenStreetMap contributors","publisher":"OpenStreetMap contributors","licence":"ODbL 1.0","reuse":"open_licence"}}},{"type":"Feature","geometry":{"type":"Point","coordinates":[7.78717,48.00582]},"properties":{"id":"osm:node-269088888","version":"d9c6daec5b4c02037c7f34f010e3a5cd9a9f546a9eb6db0f289aaf223e9e84ca","cityId":"freiburg","kind":"place","category":"kindergarten","title":"Waldkindergarten Freiburg - Gruppe Rieselfeld","statement":"Waldkindergarten Freiburg - Gruppe Rieselfeld ist in OpenStreetMap als kindergarten eingetragen. Betrieb und Öffnungszeiten nicht geprüft.","status":"OSM-Eintrag, nicht offiziell geprüft","startDate":null,"endDate":null,"nextStep":"Aktuelle Angaben direkt beim Ort prüfen.","scale":"street","geometryPrecision":"exact","reviewState":"candidate","asOf":"2026-09-26T17:22:08.637Z","sourceCount":1,"primarySource":{"url":"https://www.openstreetmap.org/node/269088888","title":"OpenStreetMap contributors","publisher":"OpenStreetMap contributors","licence":"ODbL 1.0","reuse":"open_licence"}}},{"type":"Feature","geometry":{"type":"Point","coordinates":[7.85037,47.99399]},"properties":{"id":"osm:node-277991719","version":"bdc05a0c9a07de0afe78f523535739f6cc73e51631d125bd852f0ec050c76b3c","cityId":"freiburg","kind":"place","category":"fitness","title":"Kieser Training","statement":"Kieser Training ist in OpenStreetMap als fitness eingetragen. Öffnungszeiten in OSM eingetragen; nicht unabhängig bestätigt.","status":"OSM-Eintrag, nicht offiziell geprüft","startDate":null,"endDate":null,"nextStep":"Aktuelle Angaben direkt beim Ort prüfen.","scale":"street","geometryPrecision":"exact","reviewState":"candidate","asOf":"2026-09-26T17:22:08.637Z","sourceCount":1,"primarySource":{"url":"https://www.openstreetmap.org/node/277991719","title":"OpenStreetMap contributors","publisher":"OpenStreetMap contributors","licence":"ODbL 1.0","reuse":"open_licence"}}},{"type":"Feature","geometry":{"type":"Point","coordinates":[7.7952,47.99059]},"properties":{"id":"osm:node-2781007582","version":"0103358f4cd3c9b0fd291db7607fa70d714f99dc5bcf4e0c80f719c6fb5bd448","cityId":"freiburg","kind":"place","category":"climbing","title":"boulderkitchen GmbH","statement":"boulderkitchen GmbH ist in OpenStreetMap als climbing eingetragen. Öffnungszeiten in OSM eingetragen; nicht unabhängig bestätigt.","status":"OSM-Eintrag, nicht offiziell geprüft","startDate":null,"endDate":null,"nextStep":"Aktuelle Angaben direkt beim Ort prüfen.","scale":"street","geometryPrecision":"exact","reviewState":"candidate","asOf":"2026-09-26T17:22:08.637Z","sourceCount":1,"primarySource":{"url":"https://www.openstreetmap.org/node/2781007582","title":"OpenStreetMap contributors","publisher":"OpenStreetMap contributors","licence":"ODbL 1.0","reuse":"open_licence"}}},{"type":"Feature","geometry":{"type":"Point","coordinates":[7.79411,47.99349]},"properties":{"id":"osm:node-2843000453","version":"a011b6b1df27d071e07c5065af9a6a0f2e4283d5ffc31a1f84756bafbe225fef","cityId":"freiburg","kind":"place","category":"martial_arts","title":"ExitAsia","statement":"ExitAsia ist in OpenStreetMap als martial_arts eingetragen. Betrieb und Öffnungszeiten nicht geprüft.","status":"OSM-Eintrag, nicht offiziell geprüft","startDate":null,"endDate":null,"nextStep":"Aktuelle Angaben direkt beim Ort prüfen.","scale":"street","geometryPrecision":"exact","reviewState":"candidate","asOf":"2026-09-26T17:22:08.637Z","sourceCount":1,"primarySource":{"url":"https://www.openstreetmap.org/node/2843000453","title":"OpenStreetMap contributors","publisher":"OpenStreetMap contributors","licence":"ODbL 1.0","reuse":"open_licence"}}},{"type":"Feature","geometry":{"type":"Point","coordinates":[7.84118,47.99397]},"properties":{"id":"osm:node-2861733880","version":"3bcd0dfad80f9785230005a95f68caeee4bfe080cc154ef5a85f2bb99ed699a9","cityId":"freiburg","kind":"place","category":"sport","title":"Schwarze Pumpe Freiburg","statement":"Schwarze Pumpe Freiburg ist in OpenStreetMap als sport eingetragen. Betrieb und Öffnungszeiten nicht geprüft.","status":"OSM-Eintrag, nicht offiziell geprüft","startDate":null,"endDate":null,"nextStep":"Aktuelle Angaben direkt beim Ort prüfen.","scale":"street","geometryPrecision":"exact","reviewState":"candidate","asOf":"2026-09-26T17:22:08.637Z","sourceCount":1,"primarySource":{"url":"https://www.openstreetmap.org/node/2861733880","title":"OpenStreetMap contributors","publisher":"OpenStreetMap contributors","licence":"ODbL 1.0","reuse":"open_licence"}}},{"type":"Feature","geometry":{"type":"Point","coordinates":[7.81035,48.01277]},"properties":{"id":"osm:node-2878951243","version":"cb0abdb457e3dd0766936ad3d615de1a94ea13e502c9cc0a1baa3e98325a51cc","cityId":"freiburg","kind":"place","category":"doctors","title":"Kinder- und Jugendarztpraxis am Seepark Dr. Claudia Amrein","statement":"Kinder- und Jugendarztpraxis am Seepark Dr. Claudia Amrein ist in OpenStreetMap als doctors eingetragen. Öffnungszeiten in OSM eingetragen; nicht unabhängig bestätigt.","status":"OSM-Eintrag, nicht offiziell geprüft","startDate":null,"endDate":null,"nextStep":"Aktuelle Angaben direkt beim Ort prüfen.","scale":"street","geometryPrecision":"exact","reviewState":"candidate","asOf":"2026-09-26T17:22:08.637Z","sourceCount":1,"primarySource":{"url":"https://www.openstreetmap.org/node/2878951243","title":"OpenStreetMap contributors","publisher":"OpenStreetMap contributors","licence":"ODbL 1.0","reuse":"open_licence"}}},{"type":"Feature","geometry":{"type":"Point","coordinates":[7.85495,48.01518]},"properties":{"id":"osm:node-288429887","version":"f53356c75f93fc69205dfcf1fdf85614866ee2ebc077b7d393c9ec855bb6dc89","cityId":"freiburg","kind":"place","category":"pharmacy","title":"Hornus-Apotheke","statement":"Hornus-Apotheke ist in OpenStreetMap als pharmacy eingetragen. Öffnungszeiten in OSM eingetragen; nicht unabhängig bestätigt.","status":"OSM-Eintrag, nicht offiziell geprüft","startDate":null,"endDate":null,"nextStep":"Aktuelle Angaben direkt beim Ort prüfen.","scale":"street","geometryPrecision":"exact","reviewState":"candidate","asOf":"2026-09-26T17:22:08.637Z","sourceCount":1,"primarySource":{"url":"https://www.openstreetmap.org/node/288429887","title":"OpenStreetMap contributors","publisher":"OpenStreetMap contributors","licence":"ODbL 1.0","reuse":"open_licence"}}},{"type":"Feature","geometry":{"type":"Point","coordinates":[7.85543,48.01461]},"properties":{"id":"osm:node-288430173","version":"c94d367b4ee7d47904908303056f8774175e5450b2e666967e740278c7a3b70e","cityId":"freiburg","kind":"place","category":"kindergarten","title":"KiTa Bunte Welt","statement":"KiTa Bunte Welt ist in OpenStreetMap als kindergarten eingetragen. Betrieb und Öffnungszeiten nicht geprüft.","status":"OSM-Eintrag, nicht offiziell geprüft","startDate":null,"endDate":null,"nextStep":"Aktuelle Angaben direkt beim Ort prüfen.","scale":"street","geometryPrecision":"exact","reviewState":"candidate","asOf":"2026-09-26T17:22:08.637Z","sourceCount":1,"primarySource":{"url":"https://www.openstreetmap.org/node/288430173","title":"OpenStreetMap contributors","publisher":"OpenStreetMap contributors","licence":"ODbL 1.0","reuse":"open_licence"}}},{"type":"Feature","geometry":{"type":"Point","coordinates":[7.8271,48.00578]},"properties":{"id":"osm:node-2913609644","version":"b2b50e113b01c343b8c3b807b229bd537884197f94a0b20d63df66f49e74812c","cityId":"freiburg","kind":"place","category":"bakery","title":"Armbruster","statement":"Armbruster ist in OpenStreetMap als bakery eingetragen. Öffnungszeiten in OSM eingetragen; nicht unabhängig bestätigt.","status":"OSM-Eintrag, nicht offiziell geprüft","startDate":null,"endDate":null,"nextStep":"Aktuelle Angaben direkt beim Ort prüfen.","scale":"street","geometryPrecision":"exact","reviewState":"candidate","asOf":"2026-09-26T17:22:08.637Z","sourceCount":1,"primarySource":{"url":"https://www.openstreetmap.org/node/2913609644","title":"OpenStreetMap contributors","publisher":"OpenStreetMap contributors","licence":"ODbL 1.0","reuse":"open_licence"}}},{"type":"Feature","geometry":{"type":"Point","coordinates":[7.85604,47.96539]},"properties":{"id":"osm:node-2930469219","version":"8edd1875cd5da4601bc910a086ae28809efb89872c0d276f2209a1561dd0b58d","cityId":"freiburg","kind":"place","category":"kindergarten","title":"Kindergarten Liebfrauen","statement":"Kindergarten Liebfrauen ist in OpenStreetMap als kindergarten eingetragen. Betrieb und Öffnungszeiten nicht geprüft.","status":"OSM-Eintrag, nicht offiziell geprüft","startDate":null,"endDate":null,"nextStep":"Aktuelle Angaben direkt beim Ort prüfen.","scale":"street","geometryPrecision":"exact","reviewState":"candidate","asOf":"2026-09-26T17:22:08.637Z","sourceCount":1,"primarySource":{"url":"https://www.openstreetmap.org/node/2930469219","title":"OpenStreetMap contributors","publisher":"OpenStreetMap contributors","licence":"ODbL 1.0","reuse":"open_licence"}}},{"type":"Feature","geometry":{"type":"Point","coordinates":[7.80219,48.0472]},"properties":{"id":"osm:node-293518203","version":"205e60ce883c5b14e22776b614d23771687e49a898e235e97c920aaae5a13ad7","cityId":"freiburg","kind":"place","category":"pharmacy","title":"St.-Martins-Apotheke","statement":"St.-Martins-Apotheke ist in OpenStreetMap als pharmacy eingetragen. Öffnungszeiten in OSM eingetragen; nicht unabhängig bestätigt.","status":"OSM-Eintrag, nicht offiziell geprüft","startDate":null,"endDate":null,"nextStep":"Aktuelle Angaben direkt beim Ort prüfen.","scale":"street","geometryPrecision":"exact","reviewState":"candidate","asOf":"2026-09-26T17:22:08.637Z","sourceCount":1,"primarySource":{"url":"https://www.openstreetmap.org/node/293518203","title":"OpenStreetMap contributors","publisher":"OpenStreetMap contributors","licence":"ODbL 1.0","reuse":"open_licence"}}},{"type":"Feature","geometry":{"type":"Point","coordinates":[7.80218,48.04651]},"properties":{"id":"osm:node-293523684","version":"cd20fb450e45cc228a30767aa01b5b3efada742958621da01ed4bf36191f95d8","cityId":"freiburg","kind":"place","category":"supermarket","title":"EDEKA","statement":"EDEKA ist in OpenStreetMap als supermarket eingetragen. Öffnungszeiten in OSM eingetragen; nicht unabhängig bestätigt.","status":"OSM-Eintrag, nicht offiziell geprüft","startDate":null,"endDate":null,"nextStep":"Aktuelle Angaben direkt beim Ort prüfen.","scale":"street","geometryPrecision":"exact","reviewState":"candidate","asOf":"2026-09-26T17:22:08.637Z","sourceCount":1,"primarySource":{"url":"https://www.openstreetmap.org/node/293523684","title":"OpenStreetMap contributors","publisher":"OpenStreetMap contributors","licence":"ODbL 1.0","reuse":"open_licence"}}},{"type":"Feature","geometry":{"type":"Point","coordinates":[7.80942,48.01142]},"properties":{"id":"osm:node-2941259317","version":"12e24d4cd43fcb7b39b26aea36912200893eebc85cf8b0dadf400cbab27e8e7b","cityId":"freiburg","kind":"place","category":"supermarket","title":"Mir Market","statement":"Mir Market ist in OpenStreetMap als supermarket eingetragen. Öffnungszeiten in OSM eingetragen; nicht unabhängig bestätigt.","status":"OSM-Eintrag, nicht offiziell geprüft","startDate":null,"endDate":null,"nextStep":"Aktuelle Angaben direkt beim Ort prüfen.","scale":"street","geometryPrecision":"exact","reviewState":"candidate","asOf":"2026-09-26T17:22:08.637Z","sourceCount":1,"primarySource":{"url":"https://www.openstreetmap.org/node/2941259317","title":"OpenStreetMap contributors","publisher":"OpenStreetMap contributors","licence":"ODbL 1.0","reuse":"open_licence"}}},{"type":"Feature","geometry":{"type":"Point","coordinates":[7.80202,48.05159]},"properties":{"id":"osm:node-2945628557","version":"5a326700ba1e00638df770f099ce32bdc6ee668b45801b2ee26a329d35e3e30c","cityId":"freiburg","kind":"place","category":"bakery","title":"Heitzmann","statement":"Heitzmann ist in OpenStreetMap als bakery eingetragen. Öffnungszeiten in OSM eingetragen; nicht unabhängig bestätigt.","status":"OSM-Eintrag, nicht offiziell geprüft","startDate":null,"endDate":null,"nextStep":"Aktuelle Angaben direkt beim Ort prüfen.","scale":"street","geometryPrecision":"exact","reviewState":"candidate","asOf":"2026-09-26T17:22:08.637Z","sourceCount":1,"primarySource":{"url":"https://www.openstreetmap.org/node/2945628557","title":"OpenStreetMap contributors","publisher":"OpenStreetMap contributors","licence":"ODbL 1.0","reuse":"open_licence"}}},{"type":"Feature","geometry":{"type":"Point","coordinates":[7.85288,48.01268]},"properties":{"id":"osm:node-2949917997","version":"4a9f8222df57dc8d47d96c7459ea520b9c4deb6cc03188f132c883e4cd0c939e","cityId":"freiburg","kind":"place","category":"supermarket","title":"Kaufland","statement":"Kaufland ist in OpenStreetMap als supermarket eingetragen. Öffnungszeiten in OSM eingetragen; nicht unabhängig bestätigt.","status":"OSM-Eintrag, nicht offiziell geprüft","startDate":null,"endDate":null,"nextStep":"Aktuelle Angaben direkt beim Ort prüfen.","scale":"street","geometryPrecision":"exact","reviewState":"candidate","asOf":"2026-09-26T17:22:08.637Z","sourceCount":1,"primarySource":{"url":"https://www.openstreetmap.org/node/2949917997","title":"OpenStreetMap contributors","publisher":"OpenStreetMap contributors","licence":"ODbL 1.0","reuse":"open_licence"}}},{"type":"Feature","geometry":{"type":"Point","coordinates":[7.80219,48.04648]},"properties":{"id":"osm:node-2952167041","version":"5b3eecb8043e1b28619fc1a5b96a7cd514b7f711cb5c264191f80a5c3e98b162","cityId":"freiburg","kind":"place","category":"bakery","title":"Markt-Bäckerei","statement":"Markt-Bäckerei ist in OpenStreetMap als bakery eingetragen. Öffnungszeiten in OSM eingetragen; nicht unabhängig bestätigt.","status":"OSM-Eintrag, nicht offiziell geprüft","startDate":null,"endDate":null,"nextStep":"Aktuelle Angaben direkt beim Ort prüfen.","scale":"street","geometryPrecision":"exact","reviewState":"candidate","asOf":"2026-09-26T17:22:08.637Z","sourceCount":1,"primarySource":{"url":"https://www.openstreetmap.org/node/2952167041","title":"OpenStreetMap contributors","publisher":"OpenStreetMap contributors","licence":"ODbL 1.0","reuse":"open_licence"}}},{"type":"Feature","geometry":{"type":"Point","coordinates":[7.8024,48.04689]},"properties":{"id":"osm:node-2952169615","version":"49ceba06028c8c7d541d9eea231bf2539359c2830f81a3475c9b9212381e7f86","cityId":"freiburg","kind":"place","category":"doctors","title":"Dr Karin Vogeler","statement":"Dr Karin Vogeler ist in OpenStreetMap als doctors eingetragen. Öffnungszeiten in OSM eingetragen; nicht unabhängig bestätigt.","status":"OSM-Eintrag, nicht offiziell geprüft","startDate":null,"endDate":null,"nextStep":"Aktuelle Angaben direkt beim Ort prüfen.","scale":"street","geometryPrecision":"exact","reviewState":"candidate","asOf":"2026-09-26T17:22:08.637Z","sourceCount":1,"primarySource":{"url":"https://www.openstreetmap.org/node/2952169615","title":"OpenStreetMap contributors","publisher":"OpenStreetMap contributors","licence":"ODbL 1.0","reuse":"open_licence"}}},{"type":"Feature","geometry":{"type":"Point","coordinates":[7.91092,47.9698]},"properties":{"id":"osm:node-2983917545","version":"1bf9cc39381846ca31d3d533f3b4dbf8948be6889f24a617f405b28d9d159116","cityId":"freiburg","kind":"place","category":"doctors","title":"Dr. Staß","statement":"Dr. Staß ist in OpenStreetMap als doctors eingetragen. Betrieb und Öffnungszeiten nicht geprüft.","status":"OSM-Eintrag, nicht offiziell geprüft","startDate":null,"endDate":null,"nextStep":"Aktuelle Angaben direkt beim Ort prüfen.","scale":"street","geometryPrecision":"exact","reviewState":"candidate","asOf":"2026-09-26T17:22:08.637Z","sourceCount":1,"primarySource":{"url":"https://www.openstreetmap.org/node/2983917545","title":"OpenStreetMap contributors","publisher":"OpenStreetMap contributors","licence":"ODbL 1.0","reuse":"open_licence"}}},{"type":"Feature","geometry":{"type":"Point","coordinates":[7.84284,47.9949]},"properties":{"id":"osm:node-298927532","version":"f817a8a6a8d27e08084fcba372bdb412cf6143f756ca0a785ada0489cb559051","cityId":"freiburg","kind":"place","category":"supermarket","title":"Norma","statement":"Norma ist in OpenStreetMap als supermarket eingetragen. Öffnungszeiten in OSM eingetragen; nicht unabhängig bestätigt.","status":"OSM-Eintrag, nicht offiziell geprüft","startDate":null,"endDate":null,"nextStep":"Aktuelle Angaben direkt beim Ort prüfen.","scale":"street","geometryPrecision":"exact","reviewState":"candidate","asOf":"2026-09-26T17:22:08.637Z","sourceCount":1,"primarySource":{"url":"https://www.openstreetmap.org/node/298927532","title":"OpenStreetMap contributors","publisher":"OpenStreetMap contributors","licence":"ODbL 1.0","reuse":"open_licence"}}},{"type":"Feature","geometry":{"type":"Point","coordinates":[7.85538,48.00758]},"properties":{"id":"osm:node-299619838","version":"e94c08265a8b301aeba5c095958fa70bb9fd131fa049dbb57dc761b14843a8a3","cityId":"freiburg","kind":"place","category":"pharmacy","title":"Herdern-Apotheke","statement":"Herdern-Apotheke ist in OpenStreetMap als pharmacy eingetragen. Öffnungszeiten in OSM eingetragen; nicht unabhängig bestätigt.","status":"OSM-Eintrag, nicht offiziell geprüft","startDate":null,"endDate":null,"nextStep":"Aktuelle Angaben direkt beim Ort prüfen.","scale":"street","geometryPrecision":"exact","reviewState":"candidate","asOf":"2026-09-26T17:22:08.637Z","sourceCount":1,"primarySource":{"url":"https://www.openstreetmap.org/node/299619838","title":"OpenStreetMap contributors","publisher":"OpenStreetMap contributors","licence":"ODbL 1.0","reuse":"open_licence"}}},{"type":"Feature","geometry":{"type":"Point","coordinates":[7.80727,48.02404]},"properties":{"id":"osm:node-3008244709","version":"f53a0fafc753aa89dbc2f2b9f70e37a8c3ba6e86df1aad2d2b343698e3f75852","cityId":"freiburg","kind":"place","category":"school","title":"Albert-Schweitzer-Schule 2, Werkrealschule","statement":"Albert-Schweitzer-Schule 2, Werkrealschule ist in OpenStreetMap als school eingetragen. Betrieb und Öffnungszeiten nicht geprüft.","status":"OSM-Eintrag, nicht offiziell geprüft","startDate":null,"endDate":null,"nextStep":"Aktuelle Angaben direkt beim Ort prüfen.","scale":"street","geometryPrecision":"exact","reviewState":"candidate","asOf":"2026-09-26T17:22:08.637Z","sourceCount":1,"primarySource":{"url":"https://www.openstreetmap.org/node/3008244709","title":"OpenStreetMap contributors","publisher":"OpenStreetMap contributors","licence":"ODbL 1.0","reuse":"open_licence"}}},{"type":"Feature","geometry":{"type":"Point","coordinates":[7.80674,48.02441]},"properties":{"id":"osm:node-3008244710","version":"b90740cbedc68423f20a70260227313c7674f23cd5df60dba2c3b637ed8cc2a7","cityId":"freiburg","kind":"place","category":"school","title":"Albert-Schweitzer-Schule 3, Förderschule","statement":"Albert-Schweitzer-Schule 3, Förderschule ist in OpenStreetMap als school eingetragen. Betrieb und Öffnungszeiten nicht geprüft.","status":"OSM-Eintrag, nicht offiziell geprüft","startDate":null,"endDate":null,"nextStep":"Aktuelle Angaben direkt beim Ort prüfen.","scale":"street","geometryPrecision":"exact","reviewState":"candidate","asOf":"2026-09-26T17:22:08.637Z","sourceCount":1,"primarySource":{"url":"https://www.openstreetmap.org/node/3008244710","title":"OpenStreetMap contributors","publisher":"OpenStreetMap contributors","licence":"ODbL 1.0","reuse":"open_licence"}}},{"type":"Feature","geometry":{"type":"Point","coordinates":[7.85319,48.01284]},"properties":{"id":"osm:node-301250005","version":"efda24b8e138d8097e9ded061a71d6dc1619ce84e7d2f016f4154da30d0ffb90","cityId":"freiburg","kind":"place","category":"pharmacy","title":"Apotheke im Kaufland","statement":"Apotheke im Kaufland ist in OpenStreetMap als pharmacy eingetragen. Öffnungszeiten in OSM eingetragen; nicht unabhängig bestätigt.","status":"OSM-Eintrag, nicht offiziell geprüft","startDate":null,"endDate":null,"nextStep":"Aktuelle Angaben direkt beim Ort prüfen.","scale":"street","geometryPrecision":"exact","reviewState":"candidate","asOf":"2026-09-26T17:22:08.637Z","sourceCount":1,"primarySource":{"url":"https://www.openstreetmap.org/node/301250005","title":"OpenStreetMap contributors","publisher":"OpenStreetMap contributors","licence":"ODbL 1.0","reuse":"open_licence"}}},{"type":"Feature","geometry":{"type":"Point","coordinates":[7.86183,48.01197]},"properties":{"id":"osm:node-301429535","version":"3f637cd19d64102b99016f69e60078a033de093f7026060bfe8e14b54c5a5d99","cityId":"freiburg","kind":"place","category":"bakery","title":"Meisterbäckerei Weber","statement":"Meisterbäckerei Weber ist in OpenStreetMap als bakery eingetragen. Öffnungszeiten in OSM eingetragen; nicht unabhängig bestätigt.","status":"OSM-Eintrag, nicht offiziell geprüft","startDate":null,"endDate":null,"nextStep":"Aktuelle Angaben direkt beim Ort prüfen.","scale":"street","geometryPrecision":"exact","reviewState":"candidate","asOf":"2026-09-26T17:22:08.637Z","sourceCount":1,"primarySource":{"url":"https://www.openstreetmap.org/node/301429535","title":"OpenStreetMap contributors","publisher":"OpenStreetMap contributors","licence":"ODbL 1.0","reuse":"open_licence"}}},{"type":"Feature","geometry":{"type":"Point","coordinates":[7.84715,47.98478]},"properties":{"id":"osm:node-3015900489","version":"edb13f683967f039a98e2bb9a2df82b2bb4491525903967820ab56e8471743a5","cityId":"freiburg","kind":"place","category":"doctors","title":"Dermazentrum Freiburg","statement":"Dermazentrum Freiburg ist in OpenStreetMap als doctors eingetragen. Betrieb und Öffnungszeiten nicht geprüft.","status":"OSM-Eintrag, nicht offiziell geprüft","startDate":null,"endDate":null,"nextStep":"Aktuelle Angaben direkt beim Ort prüfen.","scale":"street","geometryPrecision":"exact","reviewState":"candidate","asOf":"2026-09-26T17:22:08.637Z","sourceCount":1,"primarySource":{"url":"https://www.openstreetmap.org/node/3015900489","title":"OpenStreetMap contributors","publisher":"OpenStreetMap contributors","licence":"ODbL 1.0","reuse":"open_licence"}}},{"type":"Feature","geometry":{"type":"Point","coordinates":[7.86322,48.00678]},"properties":{"id":"osm:node-302670405","version":"e76f4eb4a80d9d4ce440e6812f6621153ebdfe8093522e3d8473ba37a084b260","cityId":"freiburg","kind":"place","category":"pharmacy","title":"Urbanapotheke","statement":"Urbanapotheke ist in OpenStreetMap als pharmacy eingetragen. Öffnungszeiten in OSM eingetragen; nicht unabhängig bestätigt.","status":"OSM-Eintrag, nicht offiziell geprüft","startDate":null,"endDate":null,"nextStep":"Aktuelle Angaben direkt beim Ort prüfen.","scale":"street","geometryPrecision":"exact","reviewState":"candidate","asOf":"2026-09-26T17:22:08.637Z","sourceCount":1,"primarySource":{"url":"https://www.openstreetmap.org/node/302670405","title":"OpenStreetMap contributors","publisher":"OpenStreetMap contributors","licence":"ODbL 1.0","reuse":"open_licence"}}},{"type":"Feature","geometry":{"type":"Point","coordinates":[7.85473,48.00448]},"properties":{"id":"osm:node-303825604","version":"c61ac53e3d33c0f3b32b97cad9d1f1091a70d52cb422316978916f8107f3cb2b","cityId":"freiburg","kind":"place","category":"supermarket","title":"Penny","statement":"Penny ist in OpenStreetMap als supermarket eingetragen. Öffnungszeiten in OSM eingetragen; nicht unabhängig bestätigt.","status":"OSM-Eintrag, nicht offiziell geprüft","startDate":null,"endDate":null,"nextStep":"Aktuelle Angaben direkt beim Ort prüfen.","scale":"street","geometryPrecision":"exact","reviewState":"candidate","asOf":"2026-09-26T17:22:08.637Z","sourceCount":1,"primarySource":{"url":"https://www.openstreetmap.org/node/303825604","title":"OpenStreetMap contributors","publisher":"OpenStreetMap contributors","licence":"ODbL 1.0","reuse":"open_licence"}}},{"type":"Feature","geometry":{"type":"Point","coordinates":[7.85453,48.00363]},"properties":{"id":"osm:node-303825608","version":"1c04399ab4e72c9123edd606250fa81c9a6d81fe24f8d92caecc020492c2c00e","cityId":"freiburg","kind":"place","category":"pharmacy","title":"Zähringer-Apotheke","statement":"Zähringer-Apotheke ist in OpenStreetMap als pharmacy eingetragen. Öffnungszeiten in OSM eingetragen; nicht unabhängig bestätigt.","status":"OSM-Eintrag, nicht offiziell geprüft","startDate":null,"endDate":null,"nextStep":"Aktuelle Angaben direkt beim Ort prüfen.","scale":"street","geometryPrecision":"exact","reviewState":"candidate","asOf":"2026-09-26T17:22:08.637Z","sourceCount":1,"primarySource":{"url":"https://www.openstreetmap.org/node/303825608","title":"OpenStreetMap contributors","publisher":"OpenStreetMap contributors","licence":"ODbL 1.0","reuse":"open_licence"}}},{"type":"Feature","geometry":{"type":"Point","coordinates":[7.86321,48.00481]},"properties":{"id":"osm:node-303830314","version":"4831c183a4434fdf03c25b4bf1bc9fe0417b892d1e392c403313e906f18fd75f","cityId":"freiburg","kind":"place","category":"pharmacy","title":"Immental-Apotheke","statement":"Immental-Apotheke ist in OpenStreetMap als pharmacy eingetragen. Öffnungszeiten in OSM eingetragen; nicht unabhängig bestätigt.","status":"OSM-Eintrag, nicht offiziell geprüft","startDate":null,"endDate":null,"nextStep":"Aktuelle Angaben direkt beim Ort prüfen.","scale":"street","geometryPrecision":"exact","reviewState":"candidate","asOf":"2026-09-26T17:22:08.637Z","sourceCount":1,"primarySource":{"url":"https://www.openstreetmap.org/node/303830314","title":"OpenStreetMap contributors","publisher":"OpenStreetMap contributors","licence":"ODbL 1.0","reuse":"open_licence"}}},{"type":"Feature","geometry":{"type":"Point","coordinates":[7.86329,48.00448]},"properties":{"id":"osm:node-303830321","version":"ee5bc60024e7005a182464da6575a8fac772df75b6afdc398b6d37e2b4ba70a4","cityId":"freiburg","kind":"place","category":"bakery","title":"Lienhart","statement":"Lienhart ist in OpenStreetMap als bakery eingetragen. Öffnungszeiten in OSM eingetragen; nicht unabhängig bestätigt.","status":"OSM-Eintrag, nicht offiziell geprüft","startDate":null,"endDate":null,"nextStep":"Aktuelle Angaben direkt beim Ort prüfen.","scale":"street","geometryPrecision":"exact","reviewState":"candidate","asOf":"2026-09-26T17:22:08.637Z","sourceCount":1,"primarySource":{"url":"https://www.openstreetmap.org/node/303830321","title":"OpenStreetMap contributors","publisher":"OpenStreetMap contributors","licence":"ODbL 1.0","reuse":"open_licence"}}},{"type":"Feature","geometry":{"type":"Point","coordinates":[7.84492,47.99574]},"properties":{"id":"osm:node-305455042","version":"d4ac9aa0e59fca015215ee501c3a1b7cac66c4f98c7c3cc185920df8b48fdd41","cityId":"freiburg","kind":"place","category":"bakery","title":"Backwerk","statement":"Backwerk ist in OpenStreetMap als bakery eingetragen. Öffnungszeiten in OSM eingetragen; nicht unabhängig bestätigt.","status":"OSM-Eintrag, nicht offiziell geprüft","startDate":null,"endDate":null,"nextStep":"Aktuelle Angaben direkt beim Ort prüfen.","scale":"street","geometryPrecision":"exact","reviewState":"candidate","asOf":"2026-09-26T17:22:08.637Z","sourceCount":1,"primarySource":{"url":"https://www.openstreetmap.org/node/305455042","title":"OpenStreetMap contributors","publisher":"OpenStreetMap contributors","licence":"ODbL 1.0","reuse":"open_licence"}}},{"type":"Feature","geometry":{"type":"Point","coordinates":[7.89493,47.9846]},"properties":{"id":"osm:node-3069326187","version":"37d710adfe125960594c0376c7273b3cdb3cfd77083640aa094efea48247ba6a","cityId":"freiburg","kind":"place","category":"supermarket","title":"Nah & Fern Donya Feinkost","statement":"Nah & Fern Donya Feinkost ist in OpenStreetMap als supermarket eingetragen. Öffnungszeiten in OSM eingetragen; nicht unabhängig bestätigt.","status":"OSM-Eintrag, nicht offiziell geprüft","startDate":null,"endDate":null,"nextStep":"Aktuelle Angaben direkt beim Ort prüfen.","scale":"street","geometryPrecision":"exact","reviewState":"candidate","asOf":"2026-09-26T17:22:08.637Z","sourceCount":1,"primarySource":{"url":"https://www.openstreetmap.org/node/3069326187","title":"OpenStreetMap contributors","publisher":"OpenStreetMap contributors","licence":"ODbL 1.0","reuse":"open_licence"}}},{"type":"Feature","geometry":{"type":"Point","coordinates":[7.85533,48.00763]},"properties":{"id":"osm:node-307147096","version":"fcc35d529ecbfca3c10a6e2c915d9c603cee6734d6a79470a88515bf028939ce","cityId":"freiburg","kind":"place","category":"bakery","title":"Dorfbäckerei Ritter","statement":"Dorfbäckerei Ritter ist in OpenStreetMap als bakery eingetragen. Öffnungszeiten in OSM eingetragen; nicht unabhängig bestätigt.","status":"OSM-Eintrag, nicht offiziell geprüft","startDate":null,"endDate":null,"nextStep":"Aktuelle Angaben direkt beim Ort prüfen.","scale":"street","geometryPrecision":"exact","reviewState":"candidate","asOf":"2026-09-26T17:22:08.637Z","sourceCount":1,"primarySource":{"url":"https://www.openstreetmap.org/node/307147096","title":"OpenStreetMap contributors","publisher":"OpenStreetMap contributors","licence":"ODbL 1.0","reuse":"open_licence"}}},{"type":"Feature","geometry":{"type":"Point","coordinates":[7.84733,47.99531]},"properties":{"id":"osm:node-307621610","version":"6ba094c3266f6fffbdaf7410d6d29c0e198243779d1e29f7ca3236107bb3128d","cityId":"freiburg","kind":"place","category":"bakery","title":"Brotboutique Faller","statement":"Brotboutique Faller ist in OpenStreetMap als bakery eingetragen. Öffnungszeiten in OSM eingetragen; nicht unabhängig bestätigt.","status":"OSM-Eintrag, nicht offiziell geprüft","startDate":null,"endDate":null,"nextStep":"Aktuelle Angaben direkt beim Ort prüfen.","scale":"street","geometryPrecision":"exact","reviewState":"candidate","asOf":"2026-09-26T17:22:08.637Z","sourceCount":1,"primarySource":{"url":"https://www.openstreetmap.org/node/307621610","title":"OpenStreetMap contributors","publisher":"OpenStreetMap contributors","licence":"ODbL 1.0","reuse":"open_licence"}}},{"type":"Feature","geometry":{"type":"Point","coordinates":[7.80697,48.03686]},"properties":{"id":"osm:node-3090594665","version":"8d29d7e7717c347e8da1bb01060ec663a19ee71c3a52e70d32c63041a2b1caff","cityId":"freiburg","kind":"place","category":"post_office","title":"Deutsche Post, DHL","statement":"Deutsche Post, DHL ist in OpenStreetMap als post_office eingetragen. Betrieb und Öffnungszeiten nicht geprüft.","status":"OSM-Eintrag, nicht offiziell geprüft","startDate":null,"endDate":null,"nextStep":"Aktuelle Angaben direkt beim Ort prüfen.","scale":"street","geometryPrecision":"exact","reviewState":"candidate","asOf":"2026-09-26T17:22:08.637Z","sourceCount":1,"primarySource":{"url":"https://www.openstreetmap.org/node/3090594665","title":"OpenStreetMap contributors","publisher":"OpenStreetMap contributors","licence":"ODbL 1.0","reuse":"open_licence"}}},{"type":"Feature","geometry":{"type":"Point","coordinates":[7.81503,48.06437]},"properties":{"id":"osm:node-310181002","version":"7e595692248a979695193c85e3ce962196ac69a0d51240b47da92aa0f3d61682","cityId":"freiburg","kind":"place","category":"scuba_diving","title":"Taucherkiste Freiburg","statement":"Taucherkiste Freiburg ist in OpenStreetMap als scuba_diving eingetragen. Betrieb und Öffnungszeiten nicht geprüft.","status":"OSM-Eintrag, nicht offiziell geprüft","startDate":null,"endDate":null,"nextStep":"Aktuelle Angaben direkt beim Ort prüfen.","scale":"street","geometryPrecision":"exact","reviewState":"candidate","asOf":"2026-09-26T17:22:08.637Z","sourceCount":1,"primarySource":{"url":"https://www.openstreetmap.org/node/310181002","title":"OpenStreetMap contributors","publisher":"OpenStreetMap contributors","licence":"ODbL 1.0","reuse":"open_licence"}}},{"type":"Feature","geometry":{"type":"Point","coordinates":[7.81551,47.97841]},"properties":{"id":"osm:node-310268464","version":"a02909fa33457e5d7c2388b909c8a13ceec9d7d41c367312088c72471753df0b","cityId":"freiburg","kind":"place","category":"pharmacy","title":"Katharinen Apotheke","statement":"Katharinen Apotheke ist in OpenStreetMap als pharmacy eingetragen. Öffnungszeiten in OSM eingetragen; nicht unabhängig bestätigt.","status":"OSM-Eintrag, nicht offiziell geprüft","startDate":null,"endDate":null,"nextStep":"Aktuelle Angaben direkt beim Ort prüfen.","scale":"street","geometryPrecision":"exact","reviewState":"candidate","asOf":"2026-09-26T17:22:08.637Z","sourceCount":1,"primarySource":{"url":"https://www.openstreetmap.org/node/310268464","title":"OpenStreetMap contributors","publisher":"OpenStreetMap contributors","licence":"ODbL 1.0","reuse":"open_licence"}}},{"type":"Feature","geometry":{"type":"Point","coordinates":[7.8041,47.97871]},"properties":{"id":"osm:node-310268469","version":"de1fd68089fe4f07fae0eb55143b5def635a7b00c336a30f67eb0844c2b07b8d","cityId":"freiburg","kind":"place","category":"post_office","title":"Enkom Energie und Kommunikation","statement":"Enkom Energie und Kommunikation ist in OpenStreetMap als post_office eingetragen. Öffnungszeiten in OSM eingetragen; nicht unabhängig bestätigt.","status":"OSM-Eintrag, nicht offiziell geprüft","startDate":null,"endDate":null,"nextStep":"Aktuelle Angaben direkt beim Ort prüfen.","scale":"street","geometryPrecision":"exact","reviewState":"candidate","asOf":"2026-09-26T17:22:08.637Z","sourceCount":1,"primarySource":{"url":"https://www.openstreetmap.org/node/310268469","title":"OpenStreetMap contributors","publisher":"OpenStreetMap contributors","licence":"ODbL 1.0","reuse":"open_licence"}}},{"type":"Feature","geometry":{"type":"Point","coordinates":[7.84954,48.00066]},"properties":{"id":"osm:node-3104396597","version":"2a054addb730875b30e2bdf9d3ff1fe791e9b8cc08770d73077bf2621c2a6e72","cityId":"freiburg","kind":"place","category":"doctors","title":"praxis dr. aust","statement":"praxis dr. aust ist in OpenStreetMap als doctors eingetragen. Betrieb und Öffnungszeiten nicht geprüft.","status":"OSM-Eintrag, nicht offiziell geprüft","startDate":null,"endDate":null,"nextStep":"Aktuelle Angaben direkt beim Ort prüfen.","scale":"street","geometryPrecision":"exact","reviewState":"candidate","asOf":"2026-09-26T17:22:08.637Z","sourceCount":1,"primarySource":{"url":"https://www.openstreetmap.org/node/3104396597","title":"OpenStreetMap contributors","publisher":"OpenStreetMap contributors","licence":"ODbL 1.0","reuse":"open_licence"}}},{"type":"Feature","geometry":{"type":"Point","coordinates":[7.82312,48.01527]},"properties":{"id":"osm:node-313081027","version":"3c332ad38f3f3d6437039fb7ac46123de5e2185736749fe9e425e0490857b742","cityId":"freiburg","kind":"place","category":"bakery","title":"Bäckerei Pfeifle","statement":"Bäckerei Pfeifle ist in OpenStreetMap als bakery eingetragen. Öffnungszeiten in OSM eingetragen; nicht unabhängig bestätigt.","status":"OSM-Eintrag, nicht offiziell geprüft","startDate":null,"endDate":null,"nextStep":"Aktuelle Angaben direkt beim Ort prüfen.","scale":"street","geometryPrecision":"exact","reviewState":"candidate","asOf":"2026-09-26T17:22:08.637Z","sourceCount":1,"primarySource":{"url":"https://www.openstreetmap.org/node/313081027","title":"OpenStreetMap contributors","publisher":"OpenStreetMap contributors","licence":"ODbL 1.0","reuse":"open_licence"}}},{"type":"Feature","geometry":{"type":"Point","coordinates":[7.80358,48.01702]},"properties":{"id":"osm:node-3137493011","version":"32a5e11ff2619e2610b4c084bf338b2a913c24562047014cfd6d08101cbc65ae","cityId":"freiburg","kind":"place","category":"doctors","title":"Dr. med. Lukas Engler","statement":"Dr. med. Lukas Engler ist in OpenStreetMap als doctors eingetragen. Öffnungszeiten in OSM eingetragen; nicht unabhängig bestätigt.","status":"OSM-Eintrag, nicht offiziell geprüft","startDate":null,"endDate":null,"nextStep":"Aktuelle Angaben direkt beim Ort prüfen.","scale":"street","geometryPrecision":"exact","reviewState":"candidate","asOf":"2026-09-26T17:22:08.637Z","sourceCount":1,"primarySource":{"url":"https://www.openstreetmap.org/node/3137493011","title":"OpenStreetMap contributors","publisher":"OpenStreetMap contributors","licence":"ODbL 1.0","reuse":"open_licence"}}},{"type":"Feature","geometry":{"type":"Point","coordinates":[7.8385,48.00331]},"properties":{"id":"osm:node-3142710359","version":"9ee34ccb381f109829ba7edcd488c421fb512cd90b7b4ba508e7eccc65ef7298","cityId":"freiburg","kind":"place","category":"pharmacy","title":"Aeskulap Apotheke","statement":"Aeskulap Apotheke ist in OpenStreetMap als pharmacy eingetragen. Öffnungszeiten in OSM eingetragen; nicht unabhängig bestätigt.","status":"OSM-Eintrag, nicht offiziell geprüft","startDate":null,"endDate":null,"nextStep":"Aktuelle Angaben direkt beim Ort prüfen.","scale":"street","geometryPrecision":"exact","reviewState":"candidate","asOf":"2026-09-26T17:22:08.637Z","sourceCount":1,"primarySource":{"url":"https://www.openstreetmap.org/node/3142710359","title":"OpenStreetMap contributors","publisher":"OpenStreetMap contributors","licence":"ODbL 1.0","reuse":"open_licence"}}},{"type":"Feature","geometry":{"type":"Point","coordinates":[7.84441,47.99702]},"properties":{"id":"osm:node-31573902","version":"e233e0e5edcf80cf6faa07a84b5c1f488625c117ddeb141959c45c9dda89cc12","cityId":"freiburg","kind":"place","category":"post_office","title":"Hauptpost","statement":"Hauptpost ist in OpenStreetMap als post_office eingetragen. Öffnungszeiten in OSM eingetragen; nicht unabhängig bestätigt.","status":"OSM-Eintrag, nicht offiziell geprüft","startDate":null,"endDate":null,"nextStep":"Aktuelle Angaben direkt beim Ort prüfen.","scale":"street","geometryPrecision":"exact","reviewState":"candidate","asOf":"2026-09-26T17:22:08.637Z","sourceCount":1,"primarySource":{"url":"https://www.openstreetmap.org/node/31573902","title":"OpenStreetMap contributors","publisher":"OpenStreetMap contributors","licence":"ODbL 1.0","reuse":"open_licence"}}},{"type":"Feature","geometry":{"type":"Point","coordinates":[7.84896,47.99504]},"properties":{"id":"osm:node-31589532","version":"8321e54c511882835db088be99775b416b2ae8a0ea9e5a8f15559347538df2f6","cityId":"freiburg","kind":"place","category":"pharmacy","title":"Brunnen-Apotheke","statement":"Brunnen-Apotheke ist in OpenStreetMap als pharmacy eingetragen. Öffnungszeiten in OSM eingetragen; nicht unabhängig bestätigt.","status":"OSM-Eintrag, nicht offiziell geprüft","startDate":null,"endDate":null,"nextStep":"Aktuelle Angaben direkt beim Ort prüfen.","scale":"street","geometryPrecision":"exact","reviewState":"candidate","asOf":"2026-09-26T17:22:08.637Z","sourceCount":1,"primarySource":{"url":"https://www.openstreetmap.org/node/31589532","title":"OpenStreetMap contributors","publisher":"OpenStreetMap contributors","licence":"ODbL 1.0","reuse":"open_licence"}}},{"type":"Feature","geometry":{"type":"Point","coordinates":[7.84646,47.99572]},"properties":{"id":"osm:node-31589555","version":"8337874a96a5d4f60e0b10e47bfd6f4d4fdea84fdce1c050b05398aaee72a4dc","cityId":"freiburg","kind":"place","category":"pharmacy","title":"Hubertus-Apotheke","statement":"Hubertus-Apotheke ist in OpenStreetMap als pharmacy eingetragen. Öffnungszeiten in OSM eingetragen; nicht unabhängig bestätigt.","status":"OSM-Eintrag, nicht offiziell geprüft","startDate":null,"endDate":null,"nextStep":"Aktuelle Angaben direkt beim Ort prüfen.","scale":"street","geometryPrecision":"exact","reviewState":"candidate","asOf":"2026-09-26T17:22:08.637Z","sourceCount":1,"primarySource":{"url":"https://www.openstreetmap.org/node/31589555","title":"OpenStreetMap contributors","publisher":"OpenStreetMap contributors","licence":"ODbL 1.0","reuse":"open_licence"}}},{"type":"Feature","geometry":{"type":"Point","coordinates":[7.84663,47.99539]},"properties":{"id":"osm:node-31589557","version":"6e4b8f32605f10eb43cf8ebba2095b0dc8e048ba983f023a8a6d90e379c51c7b","cityId":"freiburg","kind":"place","category":"pharmacy","title":"Apotheke am Theater","statement":"Apotheke am Theater ist in OpenStreetMap als pharmacy eingetragen. Öffnungszeiten in OSM eingetragen; nicht unabhängig bestätigt.","status":"OSM-Eintrag, nicht offiziell geprüft","startDate":null,"endDate":null,"nextStep":"Aktuelle Angaben direkt beim Ort prüfen.","scale":"street","geometryPrecision":"exact","reviewState":"candidate","asOf":"2026-09-26T17:22:08.637Z","sourceCount":1,"primarySource":{"url":"https://www.openstreetmap.org/node/31589557","title":"OpenStreetMap contributors","publisher":"OpenStreetMap contributors","licence":"ODbL 1.0","reuse":"open_licence"}}},{"type":"Feature","geometry":{"type":"Point","coordinates":[7.84371,47.99719]},"properties":{"id":"osm:node-31589592","version":"4c9d0870a58316b1f8b6d5f4bb8e2d39c78223b2a4e9c236ca174bc73fda14d8","cityId":"freiburg","kind":"place","category":"pharmacy","title":"Breisgau Apotheke","statement":"Breisgau Apotheke ist in OpenStreetMap als pharmacy eingetragen. Öffnungszeiten in OSM eingetragen; nicht unabhängig bestätigt.","status":"OSM-Eintrag, nicht offiziell geprüft","startDate":null,"endDate":null,"nextStep":"Aktuelle Angaben direkt beim Ort prüfen.","scale":"street","geometryPrecision":"exact","reviewState":"candidate","asOf":"2026-09-26T17:22:08.637Z","sourceCount":1,"primarySource":{"url":"https://www.openstreetmap.org/node/31589592","title":"OpenStreetMap contributors","publisher":"OpenStreetMap contributors","licence":"ODbL 1.0","reuse":"open_licence"}}},{"type":"Feature","geometry":{"type":"Point","coordinates":[7.85328,47.99603]},"properties":{"id":"osm:node-31594310","version":"bd7ad5e341aa80819e1cd7f8a1fe4ea197f977767a6dc622ad1ed020c547d560","cityId":"freiburg","kind":"place","category":"library","title":"Stadtbibliothek Freiburg","statement":"Stadtbibliothek Freiburg ist in OpenStreetMap als library eingetragen. Öffnungszeiten in OSM eingetragen; nicht unabhängig bestätigt.","status":"OSM-Eintrag, nicht offiziell geprüft","startDate":null,"endDate":null,"nextStep":"Aktuelle Angaben direkt beim Ort prüfen.","scale":"street","geometryPrecision":"exact","reviewState":"candidate","asOf":"2026-09-26T17:22:08.637Z","sourceCount":1,"primarySource":{"url":"https://www.openstreetmap.org/node/31594310","title":"OpenStreetMap contributors","publisher":"OpenStreetMap contributors","licence":"ODbL 1.0","reuse":"open_licence"}}},{"type":"Feature","geometry":{"type":"Point","coordinates":[7.8499,47.99467]},"properties":{"id":"osm:node-31594323","version":"0eafdfd89b58cf32b65850d8b056ef08f6927ead0909f3bf2a769b5d18b75506","cityId":"freiburg","kind":"place","category":"pharmacy","title":"Löwenapotheke","statement":"Löwenapotheke ist in OpenStreetMap als pharmacy eingetragen. Öffnungszeiten in OSM eingetragen; nicht unabhängig bestätigt.","status":"OSM-Eintrag, nicht offiziell geprüft","startDate":null,"endDate":null,"nextStep":"Aktuelle Angaben direkt beim Ort prüfen.","scale":"street","geometryPrecision":"exact","reviewState":"candidate","asOf":"2026-09-26T17:22:08.637Z","sourceCount":1,"primarySource":{"url":"https://www.openstreetmap.org/node/31594323","title":"OpenStreetMap contributors","publisher":"OpenStreetMap contributors","licence":"ODbL 1.0","reuse":"open_licence"}}},{"type":"Feature","geometry":{"type":"Point","coordinates":[7.8586,48.02246]},"properties":{"id":"osm:node-315969055","version":"550ea40ea5bbaa010d3835b059332273a9e02b898811c14d8776b0f40d569c8d","cityId":"freiburg","kind":"place","category":"bakery","title":"Cafe Reiß-Beck","statement":"Cafe Reiß-Beck ist in OpenStreetMap als bakery eingetragen. Öffnungszeiten in OSM eingetragen; nicht unabhängig bestätigt.","status":"OSM-Eintrag, nicht offiziell geprüft","startDate":null,"endDate":null,"nextStep":"Aktuelle Angaben direkt beim Ort prüfen.","scale":"street","geometryPrecision":"exact","reviewState":"candidate","asOf":"2026-09-26T17:22:08.637Z","sourceCount":1,"primarySource":{"url":"https://www.openstreetmap.org/node/315969055","title":"OpenStreetMap contributors","publisher":"OpenStreetMap contributors","licence":"ODbL 1.0","reuse":"open_licence"}}},{"type":"Feature","geometry":{"type":"Point","coordinates":[7.85125,47.98687]},"properties":{"id":"osm:node-3171320519","version":"5b1ae7d595ad0e9010c22f5cddb9bb519d4316adb1cec4898f1b300677303bc8","cityId":"freiburg","kind":"place","category":"doctors","title":"Jochen Schirmer","statement":"Jochen Schirmer ist in OpenStreetMap als doctors eingetragen. Öffnungszeiten in OSM eingetragen; nicht unabhängig bestätigt.","status":"OSM-Eintrag, nicht offiziell geprüft","startDate":null,"endDate":null,"nextStep":"Aktuelle Angaben direkt beim Ort prüfen.","scale":"street","geometryPrecision":"exact","reviewState":"candidate","asOf":"2026-09-26T17:22:08.637Z","sourceCount":1,"primarySource":{"url":"https://www.openstreetmap.org/node/3171320519","title":"OpenStreetMap contributors","publisher":"OpenStreetMap contributors","licence":"ODbL 1.0","reuse":"open_licence"}}},{"type":"Feature","geometry":{"type":"Point","coordinates":[7.7912,47.99417]},"properties":{"id":"osm:node-3171491477","version":"87cbb703b70270f69143a4e829a716144100eb6634bf4309ecdd87cb8c186c01","cityId":"freiburg","kind":"place","category":"climbing","title":"Blockhaus","statement":"Blockhaus ist in OpenStreetMap als climbing eingetragen. Öffnungszeiten in OSM eingetragen; nicht unabhängig bestätigt.","status":"OSM-Eintrag, nicht offiziell geprüft","startDate":null,"endDate":null,"nextStep":"Aktuelle Angaben direkt beim Ort prüfen.","scale":"street","geometryPrecision":"exact","reviewState":"candidate","asOf":"2026-09-26T17:22:08.637Z","sourceCount":1,"primarySource":{"url":"https://www.openstreetmap.org/node/3171491477","title":"OpenStreetMap contributors","publisher":"OpenStreetMap contributors","licence":"ODbL 1.0","reuse":"open_licence"}}},{"type":"Feature","geometry":{"type":"Point","coordinates":[7.80879,48.02325]},"properties":{"id":"osm:node-3213799713","version":"a3eedce69c60ed9f401e57442685bed807d53de1030e72172a3317964b5bb46d","cityId":"freiburg","kind":"place","category":"community_centre","title":"Quartiersbüro Landwasser","statement":"Quartiersbüro Landwasser ist in OpenStreetMap als community_centre eingetragen. Öffnungszeiten in OSM eingetragen; nicht unabhängig bestätigt.","status":"OSM-Eintrag, nicht offiziell geprüft","startDate":null,"endDate":null,"nextStep":"Aktuelle Angaben direkt beim Ort prüfen.","scale":"street","geometryPrecision":"exact","reviewState":"candidate","asOf":"2026-09-26T17:22:08.637Z","sourceCount":1,"primarySource":{"url":"https://www.openstreetmap.org/node/3213799713","title":"OpenStreetMap contributors","publisher":"OpenStreetMap contributors","licence":"ODbL 1.0","reuse":"open_licence"}}},{"type":"Feature","geometry":{"type":"Point","coordinates":[7.76762,47.98442]},"properties":{"id":"osm:node-3243368064","version":"c09034782e1de889ca186833362b3293a4f1d689a6717ebb4f0c3502b6a51d81","cityId":"freiburg","kind":"place","category":"doctors","title":"Die SportOrthopäden","statement":"Die SportOrthopäden ist in OpenStreetMap als doctors eingetragen. Betrieb und Öffnungszeiten nicht geprüft.","status":"OSM-Eintrag, nicht offiziell geprüft","startDate":null,"endDate":null,"nextStep":"Aktuelle Angaben direkt beim Ort prüfen.","scale":"street","geometryPrecision":"exact","reviewState":"candidate","asOf":"2026-09-26T17:22:08.637Z","sourceCount":1,"primarySource":{"url":"https://www.openstreetmap.org/node/3243368064","title":"OpenStreetMap contributors","publisher":"OpenStreetMap contributors","licence":"ODbL 1.0","reuse":"open_licence"}}},{"type":"Feature","geometry":{"type":"Point","coordinates":[7.84673,48.00573]},"properties":{"id":"osm:node-325026561","version":"ba400fc67d7e63a2cff7308f22222c1b8627585d6e1cace27c06ca3ecbdee9c2","cityId":"freiburg","kind":"place","category":"bakery","title":"Brunnenlädele","statement":"Brunnenlädele ist in OpenStreetMap als bakery eingetragen. Öffnungszeiten in OSM eingetragen; nicht unabhängig bestätigt.","status":"OSM-Eintrag, nicht offiziell geprüft","startDate":null,"endDate":null,"nextStep":"Aktuelle Angaben direkt beim Ort prüfen.","scale":"street","geometryPrecision":"exact","reviewState":"candidate","asOf":"2026-09-26T17:22:08.637Z","sourceCount":1,"primarySource":{"url":"https://www.openstreetmap.org/node/325026561","title":"OpenStreetMap contributors","publisher":"OpenStreetMap contributors","licence":"ODbL 1.0","reuse":"open_licence"}}},{"type":"Feature","geometry":{"type":"Point","coordinates":[7.85153,47.99744]},"properties":{"id":"osm:node-325782026","version":"744187b63408e447e0e502f3eb75f94c3dc41de6928d79a33b4aaa0573682148","cityId":"freiburg","kind":"place","category":"supermarket","title":"Edeka","statement":"Edeka ist in OpenStreetMap als supermarket eingetragen. Öffnungszeiten in OSM eingetragen; nicht unabhängig bestätigt.","status":"OSM-Eintrag, nicht offiziell geprüft","startDate":null,"endDate":null,"nextStep":"Aktuelle Angaben direkt beim Ort prüfen.","scale":"street","geometryPrecision":"exact","reviewState":"candidate","asOf":"2026-09-26T17:22:08.637Z","sourceCount":1,"primarySource":{"url":"https://www.openstreetmap.org/node/325782026","title":"OpenStreetMap contributors","publisher":"OpenStreetMap contributors","licence":"ODbL 1.0","reuse":"open_licence"}}},{"type":"Feature","geometry":{"type":"Point","coordinates":[7.85834,48.0235]},"properties":{"id":"osm:node-3266762016","version":"8a0589a03aa20b06a9a0b3663cd8254783724d97f75649f340d97323918a6304","cityId":"freiburg","kind":"place","category":"sport","title":"SK Freiburg-Zähringen 1887","statement":"SK Freiburg-Zähringen 1887 ist in OpenStreetMap als sport eingetragen. Betrieb und Öffnungszeiten nicht geprüft.","status":"OSM-Eintrag, nicht offiziell geprüft","startDate":null,"endDate":null,"nextStep":"Aktuelle Angaben direkt beim Ort prüfen.","scale":"street","geometryPrecision":"exact","reviewState":"candidate","asOf":"2026-09-26T17:22:08.637Z","sourceCount":1,"primarySource":{"url":"https://www.openstreetmap.org/node/3266762016","title":"OpenStreetMap contributors","publisher":"OpenStreetMap contributors","licence":"ODbL 1.0","reuse":"open_licence"}}},{"type":"Feature","geometry":{"type":"Point","coordinates":[7.81005,47.99499]},"properties":{"id":"osm:node-3267172585","version":"225237ac1ec9cfb5aabc13143e33837276d137c202706d3b7efc4d444250e5d6","cityId":"freiburg","kind":"place","category":"sport","title":"Schachklub Freiburg-West","statement":"Schachklub Freiburg-West ist in OpenStreetMap als sport eingetragen. Betrieb und Öffnungszeiten nicht geprüft.","status":"OSM-Eintrag, nicht offiziell geprüft","startDate":null,"endDate":null,"nextStep":"Aktuelle Angaben direkt beim Ort prüfen.","scale":"street","geometryPrecision":"exact","reviewState":"candidate","asOf":"2026-09-26T17:22:08.637Z","sourceCount":1,"primarySource":{"url":"https://www.openstreetmap.org/node/3267172585","title":"OpenStreetMap contributors","publisher":"OpenStreetMap contributors","licence":"ODbL 1.0","reuse":"open_licence"}}},{"type":"Feature","geometry":{"type":"Point","coordinates":[7.88514,47.99017]},"properties":{"id":"osm:node-3267364802","version":"ebad0f3f5132be3245c8f7493ecf5c0427c77184981142bfbf6cdc23cb86efea","cityId":"freiburg","kind":"place","category":"sport","title":"SK Freiburg-Wiehre 2000","statement":"SK Freiburg-Wiehre 2000 ist in OpenStreetMap als sport eingetragen. Betrieb und Öffnungszeiten nicht geprüft.","status":"OSM-Eintrag, nicht offiziell geprüft","startDate":null,"endDate":null,"nextStep":"Aktuelle Angaben direkt beim Ort prüfen.","scale":"street","geometryPrecision":"exact","reviewState":"candidate","asOf":"2026-09-26T17:22:08.637Z","sourceCount":1,"primarySource":{"url":"https://www.openstreetmap.org/node/3267364802","title":"OpenStreetMap contributors","publisher":"OpenStreetMap contributors","licence":"ODbL 1.0","reuse":"open_licence"}}},{"type":"Feature","geometry":{"type":"Point","coordinates":[7.8485,47.99753]},"properties":{"id":"osm:node-3283156644","version":"307aaff40d0288383837c8d8df0d3a9aee80bd3bbe0e0d283977821b73850fa6","cityId":"freiburg","kind":"place","category":"automobile","title":"ADAC Geschäftsstelle","statement":"ADAC Geschäftsstelle ist in OpenStreetMap als automobile eingetragen. Öffnungszeiten in OSM eingetragen; nicht unabhängig bestätigt.","status":"OSM-Eintrag, nicht offiziell geprüft","startDate":null,"endDate":null,"nextStep":"Aktuelle Angaben direkt beim Ort prüfen.","scale":"street","geometryPrecision":"exact","reviewState":"candidate","asOf":"2026-09-26T17:22:08.637Z","sourceCount":1,"primarySource":{"url":"https://www.openstreetmap.org/node/3283156644","title":"OpenStreetMap contributors","publisher":"OpenStreetMap contributors","licence":"ODbL 1.0","reuse":"open_licence"}}},{"type":"Feature","geometry":{"type":"Point","coordinates":[7.83429,47.98689]},"properties":{"id":"osm:node-3284477463","version":"240c00069258b75247ec6017d8d36eca63b311c42d4ca0cc6cdc4afb71bd8cdc","cityId":"freiburg","kind":"place","category":"doctors","title":"Urologie Dr. Janzer & Dr. Baermann","statement":"Urologie Dr. Janzer & Dr. Baermann ist in OpenStreetMap als doctors eingetragen. Betrieb und Öffnungszeiten nicht geprüft.","status":"OSM-Eintrag, nicht offiziell geprüft","startDate":null,"endDate":null,"nextStep":"Aktuelle Angaben direkt beim Ort prüfen.","scale":"street","geometryPrecision":"exact","reviewState":"candidate","asOf":"2026-09-26T17:22:08.637Z","sourceCount":1,"primarySource":{"url":"https://www.openstreetmap.org/node/3284477463","title":"OpenStreetMap contributors","publisher":"OpenStreetMap contributors","licence":"ODbL 1.0","reuse":"open_licence"}}},{"type":"Feature","geometry":{"type":"Point","coordinates":[7.85776,48.02171]},"properties":{"id":"osm:node-3294293675","version":"d045122169280f884a725ddd12f61b5f00fcf3bc37c715ce03a20f36f613db08","cityId":"freiburg","kind":"place","category":"supermarket","title":"Güven Market","statement":"Güven Market ist in OpenStreetMap als supermarket eingetragen. Öffnungszeiten in OSM eingetragen; nicht unabhängig bestätigt.","status":"OSM-Eintrag, nicht offiziell geprüft","startDate":null,"endDate":null,"nextStep":"Aktuelle Angaben direkt beim Ort prüfen.","scale":"street","geometryPrecision":"exact","reviewState":"candidate","asOf":"2026-09-26T17:22:08.637Z","sourceCount":1,"primarySource":{"url":"https://www.openstreetmap.org/node/3294293675","title":"OpenStreetMap contributors","publisher":"OpenStreetMap contributors","licence":"ODbL 1.0","reuse":"open_licence"}}},{"type":"Feature","geometry":{"type":"Point","coordinates":[7.8589,48.02285]},"properties":{"id":"osm:node-3294305961","version":"ca11cccb70e03cd146d04d00da510ae51e9df2ddc73ce324ce0794a48fcb1069","cityId":"freiburg","kind":"place","category":"bakery","title":"Pfeifle","statement":"Pfeifle ist in OpenStreetMap als bakery eingetragen. Öffnungszeiten in OSM eingetragen; nicht unabhängig bestätigt.","status":"OSM-Eintrag, nicht offiziell geprüft","startDate":null,"endDate":null,"nextStep":"Aktuelle Angaben direkt beim Ort prüfen.","scale":"street","geometryPrecision":"exact","reviewState":"candidate","asOf":"2026-09-26T17:22:08.637Z","sourceCount":1,"primarySource":{"url":"https://www.openstreetmap.org/node/3294305961","title":"OpenStreetMap contributors","publisher":"OpenStreetMap contributors","licence":"ODbL 1.0","reuse":"open_licence"}}},{"type":"Feature","geometry":{"type":"Point","coordinates":[7.89421,47.98295]},"properties":{"id":"osm:node-333737201","version":"39c410d54642d23a041cdd80eefff6e9ec251a3e79aa2af60e4ef6e4e961e31d","cityId":"freiburg","kind":"place","category":"kindergarten","title":"Waldorfkindergarten Kleine Linde","statement":"Waldorfkindergarten Kleine Linde ist in OpenStreetMap als kindergarten eingetragen. Betrieb und Öffnungszeiten nicht geprüft.","status":"OSM-Eintrag, nicht offiziell geprüft","startDate":null,"endDate":null,"nextStep":"Aktuelle Angaben direkt beim Ort prüfen.","scale":"street","geometryPrecision":"exact","reviewState":"candidate","asOf":"2026-09-26T17:22:08.637Z","sourceCount":1,"primarySource":{"url":"https://www.openstreetmap.org/node/333737201","title":"OpenStreetMap contributors","publisher":"OpenStreetMap contributors","licence":"ODbL 1.0","reuse":"open_licence"}}},{"type":"Feature","geometry":{"type":"Point","coordinates":[7.80798,47.99297]},"properties":{"id":"osm:node-333771057","version":"524e2ace98dd4067a3ed7fa61b24abf9d330e2cd4a6ed4dc9afe3fd1b1cf67d6","cityId":"freiburg","kind":"place","category":"supermarket","title":"SMAK","statement":"SMAK ist in OpenStreetMap als supermarket eingetragen. Öffnungszeiten in OSM eingetragen; nicht unabhängig bestätigt.","status":"OSM-Eintrag, nicht offiziell geprüft","startDate":null,"endDate":null,"nextStep":"Aktuelle Angaben direkt beim Ort prüfen.","scale":"street","geometryPrecision":"exact","reviewState":"candidate","asOf":"2026-09-26T17:22:08.637Z","sourceCount":1,"primarySource":{"url":"https://www.openstreetmap.org/node/333771057","title":"OpenStreetMap contributors","publisher":"OpenStreetMap contributors","licence":"ODbL 1.0","reuse":"open_licence"}}},{"type":"Feature","geometry":{"type":"Point","coordinates":[7.89441,47.98365]},"properties":{"id":"osm:node-338578119","version":"d4e4f1133ec9b4f46174918ed30ebede2695b006d3ce054c08537dc991fe14ce","cityId":"freiburg","kind":"place","category":"pharmacy","title":"Bären-Apotheke Littenweiler","statement":"Bären-Apotheke Littenweiler ist in OpenStreetMap als pharmacy eingetragen. Öffnungszeiten in OSM eingetragen; nicht unabhängig bestätigt.","status":"OSM-Eintrag, nicht offiziell geprüft","startDate":null,"endDate":null,"nextStep":"Aktuelle Angaben direkt beim Ort prüfen.","scale":"street","geometryPrecision":"exact","reviewState":"candidate","asOf":"2026-09-26T17:22:08.637Z","sourceCount":1,"primarySource":{"url":"https://www.openstreetmap.org/node/338578119","title":"OpenStreetMap contributors","publisher":"OpenStreetMap contributors","licence":"ODbL 1.0","reuse":"open_licence"}}},{"type":"Feature","geometry":{"type":"Point","coordinates":[7.80848,48.01219]},"properties":{"id":"osm:node-34484645","version":"8986f00d10d799e97135629a263569afcf7f71ed14596317bd952400aff30498","cityId":"freiburg","kind":"place","category":"post_office","title":"Deutsche Post","statement":"Deutsche Post ist in OpenStreetMap als post_office eingetragen. Öffnungszeiten in OSM eingetragen; nicht unabhängig bestätigt.","status":"OSM-Eintrag, nicht offiziell geprüft","startDate":null,"endDate":null,"nextStep":"Aktuelle Angaben direkt beim Ort prüfen.","scale":"street","geometryPrecision":"exact","reviewState":"candidate","asOf":"2026-09-26T17:22:08.637Z","sourceCount":1,"primarySource":{"url":"https://www.openstreetmap.org/node/34484645","title":"OpenStreetMap contributors","publisher":"OpenStreetMap contributors","licence":"ODbL 1.0","reuse":"open_licence"}}},{"type":"Feature","geometry":{"type":"Point","coordinates":[7.85428,47.9964]},"properties":{"id":"osm:node-34486477","version":"150e2b49424fda28eecee97841c6e84053629824f81d8488130bf5985ebd2a89","cityId":"freiburg","kind":"place","category":"pharmacy","title":"Engel-Apotheke","statement":"Engel-Apotheke ist in OpenStreetMap als pharmacy eingetragen. Öffnungszeiten in OSM eingetragen; nicht unabhängig bestätigt.","status":"OSM-Eintrag, nicht offiziell geprüft","startDate":null,"endDate":null,"nextStep":"Aktuelle Angaben direkt beim Ort prüfen.","scale":"street","geometryPrecision":"exact","reviewState":"candidate","asOf":"2026-09-26T17:22:08.637Z","sourceCount":1,"primarySource":{"url":"https://www.openstreetmap.org/node/34486477","title":"OpenStreetMap contributors","publisher":"OpenStreetMap contributors","licence":"ODbL 1.0","reuse":"open_licence"}}},{"type":"Feature","geometry":{"type":"Point","coordinates":[7.84885,47.99258]},"properties":{"id":"osm:node-34506317","version":"541fc39ecd763054f27eb5a5f9ca79b46729302909cae47ecbca6cdea33feac4","cityId":"freiburg","kind":"place","category":"pharmacy","title":"Holzmarkt Apotheke","statement":"Holzmarkt Apotheke ist in OpenStreetMap als pharmacy eingetragen. Öffnungszeiten in OSM eingetragen; nicht unabhängig bestätigt.","status":"OSM-Eintrag, nicht offiziell geprüft","startDate":null,"endDate":null,"nextStep":"Aktuelle Angaben direkt beim Ort prüfen.","scale":"street","geometryPrecision":"exact","reviewState":"candidate","asOf":"2026-09-26T17:22:08.637Z","sourceCount":1,"primarySource":{"url":"https://www.openstreetmap.org/node/34506317","title":"OpenStreetMap contributors","publisher":"OpenStreetMap contributors","licence":"ODbL 1.0","reuse":"open_licence"}}},{"type":"Feature","geometry":{"type":"Point","coordinates":[7.85571,48.01824]},"properties":{"id":"osm:node-3473635334","version":"f00cda32c0ab0294b281b3d1d0474335df322be08ac84a10ebb296f744170e5f","cityId":"freiburg","kind":"place","category":"kindergarten","title":"KiTa Vielfalt","statement":"KiTa Vielfalt ist in OpenStreetMap als kindergarten eingetragen. Öffnungszeiten in OSM eingetragen; nicht unabhängig bestätigt.","status":"OSM-Eintrag, nicht offiziell geprüft","startDate":null,"endDate":null,"nextStep":"Aktuelle Angaben direkt beim Ort prüfen.","scale":"street","geometryPrecision":"exact","reviewState":"candidate","asOf":"2026-09-26T17:22:08.637Z","sourceCount":1,"primarySource":{"url":"https://www.openstreetmap.org/node/3473635334","title":"OpenStreetMap contributors","publisher":"OpenStreetMap contributors","licence":"ODbL 1.0","reuse":"open_licence"}}},{"type":"Feature","geometry":{"type":"Point","coordinates":[7.80142,47.98197]},"properties":{"id":"osm:node-348059603","version":"f0c0a855e4adedfabd1dd0f114132486b0543c940ba83984f0a0f2ce15a4dec9","cityId":"freiburg","kind":"place","category":"police","title":"Polizeiposten St. Georgen","statement":"Polizeiposten St. Georgen ist in OpenStreetMap als police eingetragen. Betrieb und Öffnungszeiten nicht geprüft.","status":"OSM-Eintrag, nicht offiziell geprüft","startDate":null,"endDate":null,"nextStep":"Aktuelle Angaben direkt beim Ort prüfen.","scale":"street","geometryPrecision":"exact","reviewState":"candidate","asOf":"2026-09-26T17:22:08.637Z","sourceCount":1,"primarySource":{"url":"https://www.openstreetmap.org/node/348059603","title":"OpenStreetMap contributors","publisher":"OpenStreetMap contributors","licence":"ODbL 1.0","reuse":"open_licence"}}},{"type":"Feature","geometry":{"type":"Point","coordinates":[7.80409,47.98044]},"properties":{"id":"osm:node-348295215","version":"b7c0466638d7cc1f5d1b8c0a476b11a238625d8cd629cb3a257f4d52d5fe7933","cityId":"freiburg","kind":"place","category":"bakery","title":"Doppelback","statement":"Doppelback ist in OpenStreetMap als bakery eingetragen. Öffnungszeiten in OSM eingetragen; nicht unabhängig bestätigt.","status":"OSM-Eintrag, nicht offiziell geprüft","startDate":null,"endDate":null,"nextStep":"Aktuelle Angaben direkt beim Ort prüfen.","scale":"street","geometryPrecision":"exact","reviewState":"candidate","asOf":"2026-09-26T17:22:08.637Z","sourceCount":1,"primarySource":{"url":"https://www.openstreetmap.org/node/348295215","title":"OpenStreetMap contributors","publisher":"OpenStreetMap contributors","licence":"ODbL 1.0","reuse":"open_licence"}}},{"type":"Feature","geometry":{"type":"Point","coordinates":[7.80329,47.98161]},"properties":{"id":"osm:node-348295237","version":"45fe8b09439dbbf4723c460bda58634d4090a73655e81fe039711e8c13cca10f","cityId":"freiburg","kind":"place","category":"bakery","title":"Konditorei Hess","statement":"Konditorei Hess ist in OpenStreetMap als bakery eingetragen. Öffnungszeiten in OSM eingetragen; nicht unabhängig bestätigt.","status":"OSM-Eintrag, nicht offiziell geprüft","startDate":null,"endDate":null,"nextStep":"Aktuelle Angaben direkt beim Ort prüfen.","scale":"street","geometryPrecision":"exact","reviewState":"candidate","asOf":"2026-09-26T17:22:08.637Z","sourceCount":1,"primarySource":{"url":"https://www.openstreetmap.org/node/348295237","title":"OpenStreetMap contributors","publisher":"OpenStreetMap contributors","licence":"ODbL 1.0","reuse":"open_licence"}}},{"type":"Feature","geometry":{"type":"Point","coordinates":[7.87743,47.98809]},"properties":{"id":"osm:node-356273754","version":"8526078cbbf9ec7d08f107121b2549980dc68f8999404aac5ef2f0f7d8fe5ee1","cityId":"freiburg","kind":"place","category":"bakery","title":"Brotboutique Faller","statement":"Brotboutique Faller ist in OpenStreetMap als bakery eingetragen. Öffnungszeiten in OSM eingetragen; nicht unabhängig bestätigt.","status":"OSM-Eintrag, nicht offiziell geprüft","startDate":null,"endDate":null,"nextStep":"Aktuelle Angaben direkt beim Ort prüfen.","scale":"street","geometryPrecision":"exact","reviewState":"candidate","asOf":"2026-09-26T17:22:08.637Z","sourceCount":1,"primarySource":{"url":"https://www.openstreetmap.org/node/356273754","title":"OpenStreetMap contributors","publisher":"OpenStreetMap contributors","licence":"ODbL 1.0","reuse":"open_licence"}}},{"type":"Feature","geometry":{"type":"Point","coordinates":[7.89133,47.9833]},"properties":{"id":"osm:node-359987460","version":"9e88c1efc821112f7c6ab3b7ab1b22411078e433267aeba748f95e2b169ef58c","cityId":"freiburg","kind":"place","category":"police","title":"Polizeiposten Littenweiler","statement":"Polizeiposten Littenweiler ist in OpenStreetMap als police eingetragen. Betrieb und Öffnungszeiten nicht geprüft.","status":"OSM-Eintrag, nicht offiziell geprüft","startDate":null,"endDate":null,"nextStep":"Aktuelle Angaben direkt beim Ort prüfen.","scale":"street","geometryPrecision":"exact","reviewState":"candidate","asOf":"2026-09-26T17:22:08.637Z","sourceCount":1,"primarySource":{"url":"https://www.openstreetmap.org/node/359987460","title":"OpenStreetMap contributors","publisher":"OpenStreetMap contributors","licence":"ODbL 1.0","reuse":"open_licence"}}},{"type":"Feature","geometry":{"type":"Point","coordinates":[7.7158,48.00071]},"properties":{"id":"osm:node-361522373","version":"73acd05b6cae224fcd43972a8aec6486e05d4893d38d9eb69230345e70775b90","cityId":"freiburg","kind":"place","category":"townhall","title":"Rathaus","statement":"Rathaus ist in OpenStreetMap als townhall eingetragen. Betrieb und Öffnungszeiten nicht geprüft.","status":"OSM-Eintrag, nicht offiziell geprüft","startDate":null,"endDate":null,"nextStep":"Aktuelle Angaben direkt beim Ort prüfen.","scale":"street","geometryPrecision":"exact","reviewState":"candidate","asOf":"2026-09-26T17:22:08.637Z","sourceCount":1,"primarySource":{"url":"https://www.openstreetmap.org/node/361522373","title":"OpenStreetMap contributors","publisher":"OpenStreetMap contributors","licence":"ODbL 1.0","reuse":"open_licence"}}},{"type":"Feature","geometry":{"type":"Point","coordinates":[7.85585,48.01044]},"properties":{"id":"osm:node-3635654653","version":"ce246a1ca8b6e8c1cd9cc2e6358461f2a5e7fe4da470533de5af913baa699505","cityId":"freiburg","kind":"place","category":"supermarket","title":"Lidl","statement":"Lidl ist in OpenStreetMap als supermarket eingetragen. Öffnungszeiten in OSM eingetragen; nicht unabhängig bestätigt.","status":"OSM-Eintrag, nicht offiziell geprüft","startDate":null,"endDate":null,"nextStep":"Aktuelle Angaben direkt beim Ort prüfen.","scale":"street","geometryPrecision":"exact","reviewState":"candidate","asOf":"2026-09-26T17:22:08.637Z","sourceCount":1,"primarySource":{"url":"https://www.openstreetmap.org/node/3635654653","title":"OpenStreetMap contributors","publisher":"OpenStreetMap contributors","licence":"ODbL 1.0","reuse":"open_licence"}}},{"type":"Feature","geometry":{"type":"Point","coordinates":[7.8605,48.00001]},"properties":{"id":"osm:node-3635707443","version":"d73f9dd750388760a20bd8536a8f9d450eb081fa272be6daf54f9e7603fffccc","cityId":"freiburg","kind":"place","category":"doctors","title":"Praxisgemeinschaft Mozartstraße 30","statement":"Praxisgemeinschaft Mozartstraße 30 ist in OpenStreetMap als doctors eingetragen. Betrieb und Öffnungszeiten nicht geprüft.","status":"OSM-Eintrag, nicht offiziell geprüft","startDate":null,"endDate":null,"nextStep":"Aktuelle Angaben direkt beim Ort prüfen.","scale":"street","geometryPrecision":"exact","reviewState":"candidate","asOf":"2026-09-26T17:22:08.637Z","sourceCount":1,"primarySource":{"url":"https://www.openstreetmap.org/node/3635707443","title":"OpenStreetMap contributors","publisher":"OpenStreetMap contributors","licence":"ODbL 1.0","reuse":"open_licence"}}},{"type":"Feature","geometry":{"type":"Point","coordinates":[7.81034,48.011]},"properties":{"id":"osm:node-363808546","version":"65ff848aaf89e2126f04400a62d72224a14e74e35ec4e672a33857b8e11b7ba3","cityId":"freiburg","kind":"place","category":"pharmacy","title":"Sundgau Apotheke","statement":"Sundgau Apotheke ist in OpenStreetMap als pharmacy eingetragen. Öffnungszeiten in OSM eingetragen; nicht unabhängig bestätigt.","status":"OSM-Eintrag, nicht offiziell geprüft","startDate":null,"endDate":null,"nextStep":"Aktuelle Angaben direkt beim Ort prüfen.","scale":"street","geometryPrecision":"exact","reviewState":"candidate","asOf":"2026-09-26T17:22:08.637Z","sourceCount":1,"primarySource":{"url":"https://www.openstreetmap.org/node/363808546","title":"OpenStreetMap contributors","publisher":"OpenStreetMap contributors","licence":"ODbL 1.0","reuse":"open_licence"}}},{"type":"Feature","geometry":{"type":"Point","coordinates":[7.85255,47.9968]},"properties":{"id":"osm:node-366593591","version":"8eff7d1fae7422d0a8c7dfb800d8a8a164e3acb1bfc41e2f9ec797b9085227e1","cityId":"freiburg","kind":"place","category":"supermarket","title":"Rewe","statement":"Rewe ist in OpenStreetMap als supermarket eingetragen. Öffnungszeiten in OSM eingetragen; nicht unabhängig bestätigt.","status":"OSM-Eintrag, nicht offiziell geprüft","startDate":null,"endDate":null,"nextStep":"Aktuelle Angaben direkt beim Ort prüfen.","scale":"street","geometryPrecision":"exact","reviewState":"candidate","asOf":"2026-09-26T17:22:08.637Z","sourceCount":1,"primarySource":{"url":"https://www.openstreetmap.org/node/366593591","title":"OpenStreetMap contributors","publisher":"OpenStreetMap contributors","licence":"ODbL 1.0","reuse":"open_licence"}}},{"type":"Feature","geometry":{"type":"Point","coordinates":[7.81795,48.0059]},"properties":{"id":"osm:node-370235356","version":"b57eefd884ab6e3c6f3cd565d10b153d19b6dd6d2116f493eaea8b05d3c2e7d1","cityId":"freiburg","kind":"place","category":"bakery","title":"Bäckerei Heitzmann","statement":"Bäckerei Heitzmann ist in OpenStreetMap als bakery eingetragen. Öffnungszeiten in OSM eingetragen; nicht unabhängig bestätigt.","status":"OSM-Eintrag, nicht offiziell geprüft","startDate":null,"endDate":null,"nextStep":"Aktuelle Angaben direkt beim Ort prüfen.","scale":"street","geometryPrecision":"exact","reviewState":"candidate","asOf":"2026-09-26T17:22:08.637Z","sourceCount":1,"primarySource":{"url":"https://www.openstreetmap.org/node/370235356","title":"OpenStreetMap contributors","publisher":"OpenStreetMap contributors","licence":"ODbL 1.0","reuse":"open_licence"}}},{"type":"Feature","geometry":{"type":"Point","coordinates":[7.84866,47.98874]},"properties":{"id":"osm:node-370797006","version":"31f80440c3db17c559f3797aae8a90913c60167c8838cb387d3609e5509b44bc","cityId":"freiburg","kind":"place","category":"supermarket","title":"Rewe","statement":"Rewe ist in OpenStreetMap als supermarket eingetragen. Öffnungszeiten in OSM eingetragen; nicht unabhängig bestätigt.","status":"OSM-Eintrag, nicht offiziell geprüft","startDate":null,"endDate":null,"nextStep":"Aktuelle Angaben direkt beim Ort prüfen.","scale":"street","geometryPrecision":"exact","reviewState":"candidate","asOf":"2026-09-26T17:22:08.637Z","sourceCount":1,"primarySource":{"url":"https://www.openstreetmap.org/node/370797006","title":"OpenStreetMap contributors","publisher":"OpenStreetMap contributors","licence":"ODbL 1.0","reuse":"open_licence"}}},{"type":"Feature","geometry":{"type":"Point","coordinates":[7.84773,47.99286]},"properties":{"id":"osm:node-3711614926","version":"b6592a8df1248fd0bf1f5d38641f2f77f0fad6908d304c59d2ab832bc561732a","cityId":"freiburg","kind":"place","category":"doctors","title":"neurologische Gemeinschaftspraxis","statement":"neurologische Gemeinschaftspraxis ist in OpenStreetMap als doctors eingetragen. Öffnungszeiten in OSM eingetragen; nicht unabhängig bestätigt.","status":"OSM-Eintrag, nicht offiziell geprüft","startDate":null,"endDate":null,"nextStep":"Aktuelle Angaben direkt beim Ort prüfen.","scale":"street","geometryPrecision":"exact","reviewState":"candidate","asOf":"2026-09-26T17:22:08.637Z","sourceCount":1,"primarySource":{"url":"https://www.openstreetmap.org/node/3711614926","title":"OpenStreetMap contributors","publisher":"OpenStreetMap contributors","licence":"ODbL 1.0","reuse":"open_licence"}}},{"type":"Feature","geometry":{"type":"Point","coordinates":[7.85241,47.98824]},"properties":{"id":"osm:node-3761333426","version":"c17bffac60410d1bace8b6af4d81e57862a1b2283b1582edc6d917c7b875491a","cityId":"freiburg","kind":"place","category":"yes","title":"¡adelante! (Linkes Zentrum Freiburg)","statement":"¡adelante! (Linkes Zentrum Freiburg) ist in OpenStreetMap als yes eingetragen. Betrieb und Öffnungszeiten nicht geprüft.","status":"OSM-Eintrag, nicht offiziell geprüft","startDate":null,"endDate":null,"nextStep":"Aktuelle Angaben direkt beim Ort prüfen.","scale":"street","geometryPrecision":"exact","reviewState":"candidate","asOf":"2026-09-26T17:22:08.637Z","sourceCount":1,"primarySource":{"url":"https://www.openstreetmap.org/node/3761333426","title":"OpenStreetMap contributors","publisher":"OpenStreetMap contributors","licence":"ODbL 1.0","reuse":"open_licence"}}},{"type":"Feature","geometry":{"type":"Point","coordinates":[7.84775,47.98581]},"properties":{"id":"osm:node-376958664","version":"f455f63c6c8d9c36402e12db8c5912544b26b3a6e8ad3a5ae98d028c29fa9c5a","cityId":"freiburg","kind":"place","category":"supermarket","title":"Aldi Süd","statement":"Aldi Süd ist in OpenStreetMap als supermarket eingetragen. Öffnungszeiten in OSM eingetragen; nicht unabhängig bestätigt.","status":"OSM-Eintrag, nicht offiziell geprüft","startDate":null,"endDate":null,"nextStep":"Aktuelle Angaben direkt beim Ort prüfen.","scale":"street","geometryPrecision":"exact","reviewState":"candidate","asOf":"2026-09-26T17:22:08.637Z","sourceCount":1,"primarySource":{"url":"https://www.openstreetmap.org/node/376958664","title":"OpenStreetMap contributors","publisher":"OpenStreetMap contributors","licence":"ODbL 1.0","reuse":"open_licence"}}},{"type":"Feature","geometry":{"type":"Point","coordinates":[7.84805,47.98813]},"properties":{"id":"osm:node-376958745","version":"5ee73d0ea0e77c2ba77094a89f172719e8e1964ce0541637cffc8e67a2cc2019","cityId":"freiburg","kind":"place","category":"bakery","title":"Kaisers Gute Backstube","statement":"Kaisers Gute Backstube ist in OpenStreetMap als bakery eingetragen. Öffnungszeiten in OSM eingetragen; nicht unabhängig bestätigt.","status":"OSM-Eintrag, nicht offiziell geprüft","startDate":null,"endDate":null,"nextStep":"Aktuelle Angaben direkt beim Ort prüfen.","scale":"street","geometryPrecision":"exact","reviewState":"candidate","asOf":"2026-09-26T17:22:08.637Z","sourceCount":1,"primarySource":{"url":"https://www.openstreetmap.org/node/376958745","title":"OpenStreetMap contributors","publisher":"OpenStreetMap contributors","licence":"ODbL 1.0","reuse":"open_licence"}}},{"type":"Feature","geometry":{"type":"Point","coordinates":[7.85739,47.98854]},"properties":{"id":"osm:node-380623963","version":"6b10c294ccd0f3d6b914624085cd6273d1912bb5f9e6da5e6eb764d5f5bd5d27","cityId":"freiburg","kind":"place","category":"pharmacy","title":"Dreikönig-Apotheke","statement":"Dreikönig-Apotheke ist in OpenStreetMap als pharmacy eingetragen. Öffnungszeiten in OSM eingetragen; nicht unabhängig bestätigt.","status":"OSM-Eintrag, nicht offiziell geprüft","startDate":null,"endDate":null,"nextStep":"Aktuelle Angaben direkt beim Ort prüfen.","scale":"street","geometryPrecision":"exact","reviewState":"candidate","asOf":"2026-09-26T17:22:08.637Z","sourceCount":1,"primarySource":{"url":"https://www.openstreetmap.org/node/380623963","title":"OpenStreetMap contributors","publisher":"OpenStreetMap contributors","licence":"ODbL 1.0","reuse":"open_licence"}}},{"type":"Feature","geometry":{"type":"Point","coordinates":[7.82391,48.01387]},"properties":{"id":"osm:node-388324137","version":"e20956b501eb98377ece1883482393a469fe7055240071acea70f207bddba1e2","cityId":"freiburg","kind":"place","category":"school","title":"Wentzinger Gymnasium","statement":"Wentzinger Gymnasium ist in OpenStreetMap als school eingetragen. Betrieb und Öffnungszeiten nicht geprüft.","status":"OSM-Eintrag, nicht offiziell geprüft","startDate":null,"endDate":null,"nextStep":"Aktuelle Angaben direkt beim Ort prüfen.","scale":"street","geometryPrecision":"exact","reviewState":"candidate","asOf":"2026-09-26T17:22:08.637Z","sourceCount":1,"primarySource":{"url":"https://www.openstreetmap.org/node/388324137","title":"OpenStreetMap contributors","publisher":"OpenStreetMap contributors","licence":"ODbL 1.0","reuse":"open_licence"}}},{"type":"Feature","geometry":{"type":"Point","coordinates":[7.82305,48.01323]},"properties":{"id":"osm:node-388324342","version":"11a32354309b7fa716ebebad15a31c184636f9ebb5e690eaa01cea4bcb662e1d","cityId":"freiburg","kind":"place","category":"school","title":"Wentzinger Realschule","statement":"Wentzinger Realschule ist in OpenStreetMap als school eingetragen. Betrieb und Öffnungszeiten nicht geprüft.","status":"OSM-Eintrag, nicht offiziell geprüft","startDate":null,"endDate":null,"nextStep":"Aktuelle Angaben direkt beim Ort prüfen.","scale":"street","geometryPrecision":"exact","reviewState":"candidate","asOf":"2026-09-26T17:22:08.637Z","sourceCount":1,"primarySource":{"url":"https://www.openstreetmap.org/node/388324342","title":"OpenStreetMap contributors","publisher":"OpenStreetMap contributors","licence":"ODbL 1.0","reuse":"open_licence"}}},{"type":"Feature","geometry":{"type":"Point","coordinates":[7.84935,47.99412]},"properties":{"id":"osm:node-3903774968","version":"7859b82e59aa1e91ad3c1a2dd7dcccc9ba6de26dba53844f334d852fdeb1c3f7","cityId":"freiburg","kind":"place","category":"bakery","title":"Reiß-Beck Stadtcafe","statement":"Reiß-Beck Stadtcafe ist in OpenStreetMap als bakery eingetragen. Öffnungszeiten in OSM eingetragen; nicht unabhängig bestätigt.","status":"OSM-Eintrag, nicht offiziell geprüft","startDate":null,"endDate":null,"nextStep":"Aktuelle Angaben direkt beim Ort prüfen.","scale":"street","geometryPrecision":"exact","reviewState":"candidate","asOf":"2026-09-26T17:22:08.637Z","sourceCount":1,"primarySource":{"url":"https://www.openstreetmap.org/node/3903774968","title":"OpenStreetMap contributors","publisher":"OpenStreetMap contributors","licence":"ODbL 1.0","reuse":"open_licence"}}},{"type":"Feature","geometry":{"type":"Point","coordinates":[7.85178,47.99746]},"properties":{"id":"osm:node-3903774970","version":"9e1014046530f003ef1de5d144de1847434119b02c4533e50b1c8dc99c7a7911","cityId":"freiburg","kind":"place","category":"doctors","title":"Schwab & Becker","statement":"Schwab & Becker ist in OpenStreetMap als doctors eingetragen. Öffnungszeiten in OSM eingetragen; nicht unabhängig bestätigt.","status":"OSM-Eintrag, nicht offiziell geprüft","startDate":null,"endDate":null,"nextStep":"Aktuelle Angaben direkt beim Ort prüfen.","scale":"street","geometryPrecision":"exact","reviewState":"candidate","asOf":"2026-09-26T17:22:08.637Z","sourceCount":1,"primarySource":{"url":"https://www.openstreetmap.org/node/3903774970","title":"OpenStreetMap contributors","publisher":"OpenStreetMap contributors","licence":"ODbL 1.0","reuse":"open_licence"}}},{"type":"Feature","geometry":{"type":"Point","coordinates":[7.84879,47.99744]},"properties":{"id":"osm:node-3913744199","version":"7ab99f95be0d94f4d9ba6b978d4234493b486a890bad1264052dd939c8a9ab0b","cityId":"freiburg","kind":"place","category":"bakery","title":"Stadtbäckerei Dreher","statement":"Stadtbäckerei Dreher ist in OpenStreetMap als bakery eingetragen. Öffnungszeiten in OSM eingetragen; nicht unabhängig bestätigt.","status":"OSM-Eintrag, nicht offiziell geprüft","startDate":null,"endDate":null,"nextStep":"Aktuelle Angaben direkt beim Ort prüfen.","scale":"street","geometryPrecision":"exact","reviewState":"candidate","asOf":"2026-09-26T17:22:08.637Z","sourceCount":1,"primarySource":{"url":"https://www.openstreetmap.org/node/3913744199","title":"OpenStreetMap contributors","publisher":"OpenStreetMap contributors","licence":"ODbL 1.0","reuse":"open_licence"}}},{"type":"Feature","geometry":{"type":"Point","coordinates":[7.85153,47.99429]},"properties":{"id":"osm:node-3929398968","version":"348c0d2b4ec8c61f77a83231fcc1232f241322c615f0172415a6bdbc51db8f9d","cityId":"freiburg","kind":"place","category":"skateboard","title":"Boardshop Freiburg","statement":"Boardshop Freiburg ist in OpenStreetMap als skateboard eingetragen. Öffnungszeiten in OSM eingetragen; nicht unabhängig bestätigt.","status":"OSM-Eintrag, nicht offiziell geprüft","startDate":null,"endDate":null,"nextStep":"Aktuelle Angaben direkt beim Ort prüfen.","scale":"street","geometryPrecision":"exact","reviewState":"candidate","asOf":"2026-09-26T17:22:08.637Z","sourceCount":1,"primarySource":{"url":"https://www.openstreetmap.org/node/3929398968","title":"OpenStreetMap contributors","publisher":"OpenStreetMap contributors","licence":"ODbL 1.0","reuse":"open_licence"}}},{"type":"Feature","geometry":{"type":"Point","coordinates":[7.89978,47.97864]},"properties":{"id":"osm:node-3935998485","version":"b27bb29710a198395f75f502a34ef10f2bfb39adf348b0afccfc55e79c72c322","cityId":"freiburg","kind":"place","category":"pharmacy","title":"Littenweiler Apotheke","statement":"Littenweiler Apotheke ist in OpenStreetMap als pharmacy eingetragen. Öffnungszeiten in OSM eingetragen; nicht unabhängig bestätigt.","status":"OSM-Eintrag, nicht offiziell geprüft","startDate":null,"endDate":null,"nextStep":"Aktuelle Angaben direkt beim Ort prüfen.","scale":"street","geometryPrecision":"exact","reviewState":"candidate","asOf":"2026-09-26T17:22:08.637Z","sourceCount":1,"primarySource":{"url":"https://www.openstreetmap.org/node/3935998485","title":"OpenStreetMap contributors","publisher":"OpenStreetMap contributors","licence":"ODbL 1.0","reuse":"open_licence"}}},{"type":"Feature","geometry":{"type":"Point","coordinates":[7.84557,48.00004]},"properties":{"id":"osm:node-3937927456","version":"f5c248e921a70fe3369a68e4be891256077325b6f4d67d328140a79b7cdc830d","cityId":"freiburg","kind":"place","category":"school","title":"Richard-Fehrenbach-Gewerbeschule","statement":"Richard-Fehrenbach-Gewerbeschule ist in OpenStreetMap als school eingetragen. Betrieb und Öffnungszeiten nicht geprüft.","status":"OSM-Eintrag, nicht offiziell geprüft","startDate":null,"endDate":null,"nextStep":"Aktuelle Angaben direkt beim Ort prüfen.","scale":"street","geometryPrecision":"exact","reviewState":"candidate","asOf":"2026-09-26T17:22:08.637Z","sourceCount":1,"primarySource":{"url":"https://www.openstreetmap.org/node/3937927456","title":"OpenStreetMap contributors","publisher":"OpenStreetMap contributors","licence":"ODbL 1.0","reuse":"open_licence"}}},{"type":"Feature","geometry":{"type":"Point","coordinates":[7.84523,48.00008]},"properties":{"id":"osm:node-3937929358","version":"8a9ce5e18abc346935b36340672fcc7cfc7d6bce134e780c3edd6db9c2acad04","cityId":"freiburg","kind":"place","category":"school","title":"Walther-Rathenau-Gewerbeschule","statement":"Walther-Rathenau-Gewerbeschule ist in OpenStreetMap als school eingetragen. Betrieb und Öffnungszeiten nicht geprüft.","status":"OSM-Eintrag, nicht offiziell geprüft","startDate":null,"endDate":null,"nextStep":"Aktuelle Angaben direkt beim Ort prüfen.","scale":"street","geometryPrecision":"exact","reviewState":"candidate","asOf":"2026-09-26T17:22:08.637Z","sourceCount":1,"primarySource":{"url":"https://www.openstreetmap.org/node/3937929358","title":"OpenStreetMap contributors","publisher":"OpenStreetMap contributors","licence":"ODbL 1.0","reuse":"open_licence"}}},{"type":"Feature","geometry":{"type":"Point","coordinates":[7.84211,47.99638]},"properties":{"id":"osm:node-3952858169","version":"d3fec2689c7e95a42fb28195237c95ebd270205ccac2a6e797af0959da55ec1f","cityId":"freiburg","kind":"place","category":"supermarket","title":"automatenKING Freiburg","statement":"automatenKING Freiburg ist in OpenStreetMap als supermarket eingetragen. Öffnungszeiten in OSM eingetragen; nicht unabhängig bestätigt.","status":"OSM-Eintrag, nicht offiziell geprüft","startDate":null,"endDate":null,"nextStep":"Aktuelle Angaben direkt beim Ort prüfen.","scale":"street","geometryPrecision":"exact","reviewState":"candidate","asOf":"2026-09-26T17:22:08.637Z","sourceCount":1,"primarySource":{"url":"https://www.openstreetmap.org/node/3952858169","title":"OpenStreetMap contributors","publisher":"OpenStreetMap contributors","licence":"ODbL 1.0","reuse":"open_licence"}}},{"type":"Feature","geometry":{"type":"Point","coordinates":[7.84177,47.99737]},"properties":{"id":"osm:node-3952858195","version":"24a6d2fac1529f1ea6af6002db2d2d17904ae077641f0f0e7f741f835cff7a3c","cityId":"freiburg","kind":"place","category":"bakery","title":"Le Crobag","statement":"Le Crobag ist in OpenStreetMap als bakery eingetragen. Öffnungszeiten in OSM eingetragen; nicht unabhängig bestätigt.","status":"OSM-Eintrag, nicht offiziell geprüft","startDate":null,"endDate":null,"nextStep":"Aktuelle Angaben direkt beim Ort prüfen.","scale":"street","geometryPrecision":"exact","reviewState":"candidate","asOf":"2026-09-26T17:22:08.637Z","sourceCount":1,"primarySource":{"url":"https://www.openstreetmap.org/node/3952858195","title":"OpenStreetMap contributors","publisher":"OpenStreetMap contributors","licence":"ODbL 1.0","reuse":"open_licence"}}},{"type":"Feature","geometry":{"type":"Point","coordinates":[7.8496,47.99865]},"properties":{"id":"osm:node-3952858203","version":"90a097e225644e8ea67ed541f8bbf92bc544ec97925d375d0911c0f07768360d","cityId":"freiburg","kind":"place","category":"doctors","title":"Optical Express","statement":"Optical Express ist in OpenStreetMap als doctors eingetragen. Öffnungszeiten in OSM eingetragen; nicht unabhängig bestätigt.","status":"OSM-Eintrag, nicht offiziell geprüft","startDate":null,"endDate":null,"nextStep":"Aktuelle Angaben direkt beim Ort prüfen.","scale":"street","geometryPrecision":"exact","reviewState":"candidate","asOf":"2026-09-26T17:22:08.637Z","sourceCount":1,"primarySource":{"url":"https://www.openstreetmap.org/node/3952858203","title":"OpenStreetMap contributors","publisher":"OpenStreetMap contributors","licence":"ODbL 1.0","reuse":"open_licence"}}},{"type":"Feature","geometry":{"type":"Point","coordinates":[7.84313,47.9926]},"properties":{"id":"osm:node-3952858204","version":"84c176069040543b82e81472f4e4b58e0e7328cba2bc51d2b567934d019f98ee","cityId":"freiburg","kind":"place","category":"bakery","title":"Pfeifle","statement":"Pfeifle ist in OpenStreetMap als bakery eingetragen. Öffnungszeiten in OSM eingetragen; nicht unabhängig bestätigt.","status":"OSM-Eintrag, nicht offiziell geprüft","startDate":null,"endDate":null,"nextStep":"Aktuelle Angaben direkt beim Ort prüfen.","scale":"street","geometryPrecision":"exact","reviewState":"candidate","asOf":"2026-09-26T17:22:08.637Z","sourceCount":1,"primarySource":{"url":"https://www.openstreetmap.org/node/3952858204","title":"OpenStreetMap contributors","publisher":"OpenStreetMap contributors","licence":"ODbL 1.0","reuse":"open_licence"}}},{"type":"Feature","geometry":{"type":"Point","coordinates":[7.82303,48.01171]},"properties":{"id":"osm:node-3960296896","version":"b876d19eb3675cec57c2a4763c72725233bc65b0a6d7e8416d4a43bd8034bc69","cityId":"freiburg","kind":"place","category":"soccer;multi","title":"Offensiv Sport","statement":"Offensiv Sport ist in OpenStreetMap als soccer;multi eingetragen. Öffnungszeiten in OSM eingetragen; nicht unabhängig bestätigt.","status":"OSM-Eintrag, nicht offiziell geprüft","startDate":null,"endDate":null,"nextStep":"Aktuelle Angaben direkt beim Ort prüfen.","scale":"street","geometryPrecision":"exact","reviewState":"candidate","asOf":"2026-09-26T17:22:08.637Z","sourceCount":1,"primarySource":{"url":"https://www.openstreetmap.org/node/3960296896","title":"OpenStreetMap contributors","publisher":"OpenStreetMap contributors","licence":"ODbL 1.0","reuse":"open_licence"}}},{"type":"Feature","geometry":{"type":"Point","coordinates":[7.85398,48.01368]},"properties":{"id":"osm:node-3979040101","version":"949745482efee6b7843306239c99bf82e8ff66757804e0d3900e6cdac2da54b7","cityId":"freiburg","kind":"place","category":"karate","title":"Enshin Dojo","statement":"Enshin Dojo ist in OpenStreetMap als karate eingetragen. Betrieb und Öffnungszeiten nicht geprüft.","status":"OSM-Eintrag, nicht offiziell geprüft","startDate":null,"endDate":null,"nextStep":"Aktuelle Angaben direkt beim Ort prüfen.","scale":"street","geometryPrecision":"exact","reviewState":"candidate","asOf":"2026-09-26T17:22:08.637Z","sourceCount":1,"primarySource":{"url":"https://www.openstreetmap.org/node/3979040101","title":"OpenStreetMap contributors","publisher":"OpenStreetMap contributors","licence":"ODbL 1.0","reuse":"open_licence"}}},{"type":"Feature","geometry":{"type":"Point","coordinates":[7.85008,47.99712]},"properties":{"id":"osm:node-3979040133","version":"4d5dd2f7df44aa3237fa19c3635ab609e9e71739d775fb2ba721963eacbf4b15","cityId":"freiburg","kind":"place","category":"bakery","title":"Pfeifle","statement":"Pfeifle ist in OpenStreetMap als bakery eingetragen. Öffnungszeiten in OSM eingetragen; nicht unabhängig bestätigt.","status":"OSM-Eintrag, nicht offiziell geprüft","startDate":null,"endDate":null,"nextStep":"Aktuelle Angaben direkt beim Ort prüfen.","scale":"street","geometryPrecision":"exact","reviewState":"candidate","asOf":"2026-09-26T17:22:08.637Z","sourceCount":1,"primarySource":{"url":"https://www.openstreetmap.org/node/3979040133","title":"OpenStreetMap contributors","publisher":"OpenStreetMap contributors","licence":"ODbL 1.0","reuse":"open_licence"}}},{"type":"Feature","geometry":{"type":"Point","coordinates":[7.82854,48.00058]},"properties":{"id":"osm:node-4037205016","version":"dfe3f197ec40cf677e81b4c4601f6e800d4e6d7ce4db1edb0da6da6b6725143b","cityId":"freiburg","kind":"place","category":"school","title":"Edith-Stein-Schule","statement":"Edith-Stein-Schule ist in OpenStreetMap als school eingetragen. Betrieb und Öffnungszeiten nicht geprüft.","status":"OSM-Eintrag, nicht offiziell geprüft","startDate":null,"endDate":null,"nextStep":"Aktuelle Angaben direkt beim Ort prüfen.","scale":"street","geometryPrecision":"exact","reviewState":"candidate","asOf":"2026-09-26T17:22:08.637Z","sourceCount":1,"primarySource":{"url":"https://www.openstreetmap.org/node/4037205016","title":"OpenStreetMap contributors","publisher":"OpenStreetMap contributors","licence":"ODbL 1.0","reuse":"open_licence"}}},{"type":"Feature","geometry":{"type":"Point","coordinates":[7.8284,47.99984]},"properties":{"id":"osm:node-4037205017","version":"70d1e90b154dd7abf745201ca3979dfb9b7d2e18e21a4d9f6a0ca9ce89e7b6a6","cityId":"freiburg","kind":"place","category":"school","title":"Friedrich-Weinbrenner-Gewerbeschule","statement":"Friedrich-Weinbrenner-Gewerbeschule ist in OpenStreetMap als school eingetragen. Betrieb und Öffnungszeiten nicht geprüft.","status":"OSM-Eintrag, nicht offiziell geprüft","startDate":null,"endDate":null,"nextStep":"Aktuelle Angaben direkt beim Ort prüfen.","scale":"street","geometryPrecision":"exact","reviewState":"candidate","asOf":"2026-09-26T17:22:08.637Z","sourceCount":1,"primarySource":{"url":"https://www.openstreetmap.org/node/4037205017","title":"OpenStreetMap contributors","publisher":"OpenStreetMap contributors","licence":"ODbL 1.0","reuse":"open_licence"}}},{"type":"Feature","geometry":{"type":"Point","coordinates":[7.82745,48.00058]},"properties":{"id":"osm:node-4037205018","version":"7bd4f1c8d239cf567f05aeee7b34e8ef657a6fd77511ce19cbde8e237fe3da02","cityId":"freiburg","kind":"place","category":"school","title":"Gertrud Luckner Gewerbeschule","statement":"Gertrud Luckner Gewerbeschule ist in OpenStreetMap als school eingetragen. Betrieb und Öffnungszeiten nicht geprüft.","status":"OSM-Eintrag, nicht offiziell geprüft","startDate":null,"endDate":null,"nextStep":"Aktuelle Angaben direkt beim Ort prüfen.","scale":"street","geometryPrecision":"exact","reviewState":"candidate","asOf":"2026-09-26T17:22:08.637Z","sourceCount":1,"primarySource":{"url":"https://www.openstreetmap.org/node/4037205018","title":"OpenStreetMap contributors","publisher":"OpenStreetMap contributors","licence":"ODbL 1.0","reuse":"open_licence"}}},{"type":"Feature","geometry":{"type":"Point","coordinates":[7.79247,47.99893]},"properties":{"id":"osm:node-4044147653","version":"cc497848d49ca2a9c30cb693b8a41361a4f6d92344dc5e760134e4158ff8c320","cityId":"freiburg","kind":"place","category":"bakery","title":"Heitzmann","statement":"Heitzmann ist in OpenStreetMap als bakery eingetragen. Öffnungszeiten in OSM eingetragen; nicht unabhängig bestätigt.","status":"OSM-Eintrag, nicht offiziell geprüft","startDate":null,"endDate":null,"nextStep":"Aktuelle Angaben direkt beim Ort prüfen.","scale":"street","geometryPrecision":"exact","reviewState":"candidate","asOf":"2026-09-26T17:22:08.637Z","sourceCount":1,"primarySource":{"url":"https://www.openstreetmap.org/node/4044147653","title":"OpenStreetMap contributors","publisher":"OpenStreetMap contributors","licence":"ODbL 1.0","reuse":"open_licence"}}},{"type":"Feature","geometry":{"type":"Point","coordinates":[7.78817,48.00489]},"properties":{"id":"osm:node-4068964420","version":"0bb1b1442aff832d7067ccee5329e72089d75d8ffca34bcc0fefaff23df2e4db","cityId":"freiburg","kind":"place","category":"kindergarten","title":"Waldkindergarten Freiburg - Gruppe Heuweg","statement":"Waldkindergarten Freiburg - Gruppe Heuweg ist in OpenStreetMap als kindergarten eingetragen. Betrieb und Öffnungszeiten nicht geprüft.","status":"OSM-Eintrag, nicht offiziell geprüft","startDate":null,"endDate":null,"nextStep":"Aktuelle Angaben direkt beim Ort prüfen.","scale":"street","geometryPrecision":"exact","reviewState":"candidate","asOf":"2026-09-26T17:22:08.637Z","sourceCount":1,"primarySource":{"url":"https://www.openstreetmap.org/node/4068964420","title":"OpenStreetMap contributors","publisher":"OpenStreetMap contributors","licence":"ODbL 1.0","reuse":"open_licence"}}},{"type":"Feature","geometry":{"type":"Point","coordinates":[7.81708,47.97028]},"properties":{"id":"osm:node-4068964423","version":"2430dc626742c8a324a9ad6219ea39f80333b66550152d585160031f56cfe6bc","cityId":"freiburg","kind":"place","category":"kindergarten","title":"Waldkindergarten Schönberg","statement":"Waldkindergarten Schönberg ist in OpenStreetMap als kindergarten eingetragen. Betrieb und Öffnungszeiten nicht geprüft.","status":"OSM-Eintrag, nicht offiziell geprüft","startDate":null,"endDate":null,"nextStep":"Aktuelle Angaben direkt beim Ort prüfen.","scale":"street","geometryPrecision":"exact","reviewState":"candidate","asOf":"2026-09-26T17:22:08.637Z","sourceCount":2,"primarySource":{"url":"https://www.openstreetmap.org/node/4068964423","title":"OpenStreetMap contributors","publisher":"OpenStreetMap contributors","licence":"ODbL 1.0","reuse":"open_licence"}}},{"type":"Feature","geometry":{"type":"Point","coordinates":[7.81065,48.01078]},"properties":{"id":"osm:node-4099461574","version":"71435e4da9f6bee62619c1ae7694518b2ed117bdd853721b634232ed55ce68df","cityId":"freiburg","kind":"place","category":"bakery","title":"Armbruster","statement":"Armbruster ist in OpenStreetMap als bakery eingetragen. Öffnungszeiten in OSM eingetragen; nicht unabhängig bestätigt.","status":"OSM-Eintrag, nicht offiziell geprüft","startDate":null,"endDate":null,"nextStep":"Aktuelle Angaben direkt beim Ort prüfen.","scale":"street","geometryPrecision":"exact","reviewState":"candidate","asOf":"2026-09-26T17:22:08.637Z","sourceCount":1,"primarySource":{"url":"https://www.openstreetmap.org/node/4099461574","title":"OpenStreetMap contributors","publisher":"OpenStreetMap contributors","licence":"ODbL 1.0","reuse":"open_licence"}}},{"type":"Feature","geometry":{"type":"Point","coordinates":[7.81119,48.01149]},"properties":{"id":"osm:node-4099461575","version":"fb94ff26a2830d9737db92c60c22500e2f5f71973fffd8a6e00fd6285124a737","cityId":"freiburg","kind":"place","category":"doctors","title":"Dr. Hammerich","statement":"Dr. Hammerich ist in OpenStreetMap als doctors eingetragen. Öffnungszeiten in OSM eingetragen; nicht unabhängig bestätigt.","status":"OSM-Eintrag, nicht offiziell geprüft","startDate":null,"endDate":null,"nextStep":"Aktuelle Angaben direkt beim Ort prüfen.","scale":"street","geometryPrecision":"exact","reviewState":"candidate","asOf":"2026-09-26T17:22:08.637Z","sourceCount":1,"primarySource":{"url":"https://www.openstreetmap.org/node/4099461575","title":"OpenStreetMap contributors","publisher":"OpenStreetMap contributors","licence":"ODbL 1.0","reuse":"open_licence"}}},{"type":"Feature","geometry":{"type":"Point","coordinates":[7.84245,47.98751]},"properties":{"id":"osm:node-4115213255","version":"0f96cb296c5372a121d132e07ab2f82fd8a1cb536b9489e8cafbfa2fbefc0a34","cityId":"freiburg","kind":"place","category":"multi","title":"IYENGAR Yoga Schule Freiburg","statement":"IYENGAR Yoga Schule Freiburg ist in OpenStreetMap als multi eingetragen. Betrieb und Öffnungszeiten nicht geprüft.","status":"OSM-Eintrag, nicht offiziell geprüft","startDate":null,"endDate":null,"nextStep":"Aktuelle Angaben direkt beim Ort prüfen.","scale":"street","geometryPrecision":"exact","reviewState":"candidate","asOf":"2026-09-26T17:22:08.637Z","sourceCount":1,"primarySource":{"url":"https://www.openstreetmap.org/node/4115213255","title":"OpenStreetMap contributors","publisher":"OpenStreetMap contributors","licence":"ODbL 1.0","reuse":"open_licence"}}},{"type":"Feature","geometry":{"type":"Point","coordinates":[7.89441,47.98488]},"properties":{"id":"osm:node-4179623468","version":"263690928cc19ade944575584e2246d0070db109d81d9f30ac042b488458a068","cityId":"freiburg","kind":"place","category":"doctors","title":"Dr. Stefan Rupp","statement":"Dr. Stefan Rupp ist in OpenStreetMap als doctors eingetragen. Öffnungszeiten in OSM eingetragen; nicht unabhängig bestätigt.","status":"OSM-Eintrag, nicht offiziell geprüft","startDate":null,"endDate":null,"nextStep":"Aktuelle Angaben direkt beim Ort prüfen.","scale":"street","geometryPrecision":"exact","reviewState":"candidate","asOf":"2026-09-26T17:22:08.637Z","sourceCount":1,"primarySource":{"url":"https://www.openstreetmap.org/node/4179623468","title":"OpenStreetMap contributors","publisher":"OpenStreetMap contributors","licence":"ODbL 1.0","reuse":"open_licence"}}},{"type":"Feature","geometry":{"type":"Point","coordinates":[7.69739,47.97028]},"properties":{"id":"osm:node-423309597","version":"f257e5ce9c821af9780004d8c3e5eb2f18b41bd2b3728271fb01525380696df0","cityId":"freiburg","kind":"place","category":"school","title":"Lindenbergschule Munzingen","statement":"Lindenbergschule Munzingen ist in OpenStreetMap als school eingetragen. Betrieb und Öffnungszeiten nicht geprüft.","status":"OSM-Eintrag, nicht offiziell geprüft","startDate":null,"endDate":null,"nextStep":"Aktuelle Angaben direkt beim Ort prüfen.","scale":"street","geometryPrecision":"exact","reviewState":"candidate","asOf":"2026-09-26T17:22:08.637Z","sourceCount":1,"primarySource":{"url":"https://www.openstreetmap.org/node/423309597","title":"OpenStreetMap contributors","publisher":"OpenStreetMap contributors","licence":"ODbL 1.0","reuse":"open_licence"}}},{"type":"Feature","geometry":{"type":"Point","coordinates":[7.8455,47.99098]},"properties":{"id":"osm:node-4251282441","version":"cdcf85efb7b798ec8bc7bfd695d31bfe2453ae7ef7e6fdc33b32c024109333d7","cityId":"freiburg","kind":"place","category":"bakery","title":"Kronenhaus","statement":"Kronenhaus ist in OpenStreetMap als bakery eingetragen. Öffnungszeiten in OSM eingetragen; nicht unabhängig bestätigt.","status":"OSM-Eintrag, nicht offiziell geprüft","startDate":null,"endDate":null,"nextStep":"Aktuelle Angaben direkt beim Ort prüfen.","scale":"street","geometryPrecision":"exact","reviewState":"candidate","asOf":"2026-09-26T17:22:08.637Z","sourceCount":1,"primarySource":{"url":"https://www.openstreetmap.org/node/4251282441","title":"OpenStreetMap contributors","publisher":"OpenStreetMap contributors","licence":"ODbL 1.0","reuse":"open_licence"}}},{"type":"Feature","geometry":{"type":"Point","coordinates":[7.84914,48.01171]},"properties":{"id":"osm:node-4253156535","version":"2b04bde06edc222d62bee5dd6fd46a828131bf3a957901ef4f2b53e6bef03411","cityId":"freiburg","kind":"place","category":"doctors","title":"Orthopädie am Zollhof","statement":"Orthopädie am Zollhof ist in OpenStreetMap als doctors eingetragen. Öffnungszeiten in OSM eingetragen; nicht unabhängig bestätigt.","status":"OSM-Eintrag, nicht offiziell geprüft","startDate":null,"endDate":null,"nextStep":"Aktuelle Angaben direkt beim Ort prüfen.","scale":"street","geometryPrecision":"exact","reviewState":"candidate","asOf":"2026-09-26T17:22:08.637Z","sourceCount":1,"primarySource":{"url":"https://www.openstreetmap.org/node/4253156535","title":"OpenStreetMap contributors","publisher":"OpenStreetMap contributors","licence":"ODbL 1.0","reuse":"open_licence"}}},{"type":"Feature","geometry":{"type":"Point","coordinates":[7.8491,48.01151]},"properties":{"id":"osm:node-4253156584","version":"eec965d83015bb1d40e21929235d5f80e2fa29ade331379afaf07abc1e6a7510","cityId":"freiburg","kind":"place","category":"yoga","title":"Yoga & Pilates Center","statement":"Yoga & Pilates Center ist in OpenStreetMap als yoga eingetragen. Betrieb und Öffnungszeiten nicht geprüft.","status":"OSM-Eintrag, nicht offiziell geprüft","startDate":null,"endDate":null,"nextStep":"Aktuelle Angaben direkt beim Ort prüfen.","scale":"street","geometryPrecision":"exact","reviewState":"candidate","asOf":"2026-09-26T17:22:08.637Z","sourceCount":1,"primarySource":{"url":"https://www.openstreetmap.org/node/4253156584","title":"OpenStreetMap contributors","publisher":"OpenStreetMap contributors","licence":"ODbL 1.0","reuse":"open_licence"}}},{"type":"Feature","geometry":{"type":"Point","coordinates":[7.8481,48.01171]},"properties":{"id":"osm:node-4254712474","version":"c9ea0d256a8093cef0611407eb607f458974b769267f25e7aa6fa179447f88da","cityId":"freiburg","kind":"place","category":"multi","title":"kraft.werk powered by Rückgrat","statement":"kraft.werk powered by Rückgrat ist in OpenStreetMap als multi eingetragen. Betrieb und Öffnungszeiten nicht geprüft.","status":"OSM-Eintrag, nicht offiziell geprüft","startDate":null,"endDate":null,"nextStep":"Aktuelle Angaben direkt beim Ort prüfen.","scale":"street","geometryPrecision":"exact","reviewState":"candidate","asOf":"2026-09-26T17:22:08.637Z","sourceCount":1,"primarySource":{"url":"https://www.openstreetmap.org/node/4254712474","title":"OpenStreetMap contributors","publisher":"OpenStreetMap contributors","licence":"ODbL 1.0","reuse":"open_licence"}}},{"type":"Feature","geometry":{"type":"Point","coordinates":[7.83685,47.98518]},"properties":{"id":"osm:node-4308581059","version":"85b83bda9014554f566592d3b8156358bd9a2edd12c77089aee58c882c0f6cd2","cityId":"freiburg","kind":"place","category":"pharmacy","title":"Bären-Apotheke am Baslertor","statement":"Bären-Apotheke am Baslertor ist in OpenStreetMap als pharmacy eingetragen. Öffnungszeiten in OSM eingetragen; nicht unabhängig bestätigt.","status":"OSM-Eintrag, nicht offiziell geprüft","startDate":null,"endDate":null,"nextStep":"Aktuelle Angaben direkt beim Ort prüfen.","scale":"street","geometryPrecision":"exact","reviewState":"candidate","asOf":"2026-09-26T17:22:08.637Z","sourceCount":1,"primarySource":{"url":"https://www.openstreetmap.org/node/4308581059","title":"OpenStreetMap contributors","publisher":"OpenStreetMap contributors","licence":"ODbL 1.0","reuse":"open_licence"}}},{"type":"Feature","geometry":{"type":"Point","coordinates":[7.89452,47.98178]},"properties":{"id":"osm:node-431566258","version":"d39d11f9e1f6802288de17789a1cae1d120657faf2d830fe0aa6436ffc4a140e","cityId":"freiburg","kind":"place","category":"bakery","title":"Heitzmann","statement":"Heitzmann ist in OpenStreetMap als bakery eingetragen. Öffnungszeiten in OSM eingetragen; nicht unabhängig bestätigt.","status":"OSM-Eintrag, nicht offiziell geprüft","startDate":null,"endDate":null,"nextStep":"Aktuelle Angaben direkt beim Ort prüfen.","scale":"street","geometryPrecision":"exact","reviewState":"candidate","asOf":"2026-09-26T17:22:08.637Z","sourceCount":1,"primarySource":{"url":"https://www.openstreetmap.org/node/431566258","title":"OpenStreetMap contributors","publisher":"OpenStreetMap contributors","licence":"ODbL 1.0","reuse":"open_licence"}}},{"type":"Feature","geometry":{"type":"Point","coordinates":[7.81023,47.99516]},"properties":{"id":"osm:node-4330887590","version":"6f3201cd8646dfccb2054af5ef931af4836221a9356b2622062043cd1c48ccd2","cityId":"freiburg","kind":"place","category":"library","title":"Offener Bücherschrank","statement":"Offener Bücherschrank ist in OpenStreetMap als library eingetragen. Betrieb und Öffnungszeiten nicht geprüft.","status":"OSM-Eintrag, nicht offiziell geprüft","startDate":null,"endDate":null,"nextStep":"Aktuelle Angaben direkt beim Ort prüfen.","scale":"street","geometryPrecision":"exact","reviewState":"candidate","asOf":"2026-09-26T17:22:08.637Z","sourceCount":1,"primarySource":{"url":"https://www.openstreetmap.org/node/4330887590","title":"OpenStreetMap contributors","publisher":"OpenStreetMap contributors","licence":"ODbL 1.0","reuse":"open_licence"}}},{"type":"Feature","geometry":{"type":"Point","coordinates":[7.84724,47.99976]},"properties":{"id":"osm:node-4344549793","version":"eb9c0af96069b4e716ceaadc31424c68be45b237e1d12db7d3502035e6ca080d","cityId":"freiburg","kind":"place","category":"doctors","title":"Dr Nikolaus Thieme","statement":"Dr Nikolaus Thieme ist in OpenStreetMap als doctors eingetragen. Öffnungszeiten in OSM eingetragen; nicht unabhängig bestätigt.","status":"OSM-Eintrag, nicht offiziell geprüft","startDate":null,"endDate":null,"nextStep":"Aktuelle Angaben direkt beim Ort prüfen.","scale":"street","geometryPrecision":"exact","reviewState":"candidate","asOf":"2026-09-26T17:22:08.637Z","sourceCount":1,"primarySource":{"url":"https://www.openstreetmap.org/node/4344549793","title":"OpenStreetMap contributors","publisher":"OpenStreetMap contributors","licence":"ODbL 1.0","reuse":"open_licence"}}},{"type":"Feature","geometry":{"type":"Point","coordinates":[7.83401,47.987]},"properties":{"id":"osm:node-4373590820","version":"832b54ad6ac09ea657e2b1cfdce4803d88a73c9a089857f131510914f8d82c4f","cityId":"freiburg","kind":"place","category":"pharmacy","title":"Hölderle-Carré Apotheke Caunes","statement":"Hölderle-Carré Apotheke Caunes ist in OpenStreetMap als pharmacy eingetragen. Öffnungszeiten in OSM eingetragen; nicht unabhängig bestätigt.","status":"OSM-Eintrag, nicht offiziell geprüft","startDate":null,"endDate":null,"nextStep":"Aktuelle Angaben direkt beim Ort prüfen.","scale":"street","geometryPrecision":"exact","reviewState":"candidate","asOf":"2026-09-26T17:22:08.637Z","sourceCount":1,"primarySource":{"url":"https://www.openstreetmap.org/node/4373590820","title":"OpenStreetMap contributors","publisher":"OpenStreetMap contributors","licence":"ODbL 1.0","reuse":"open_licence"}}},{"type":"Feature","geometry":{"type":"Point","coordinates":[7.81536,47.99076]},"properties":{"id":"osm:node-4376591918","version":"1d180d7ef4cd06a437ca7c99722dfbb31b0799544c9628592cbfb6ce532e83c7","cityId":"freiburg","kind":"place","category":"bakery","title":"Kaisers Gute Backstube","statement":"Kaisers Gute Backstube ist in OpenStreetMap als bakery eingetragen. Öffnungszeiten in OSM eingetragen; nicht unabhängig bestätigt.","status":"OSM-Eintrag, nicht offiziell geprüft","startDate":null,"endDate":null,"nextStep":"Aktuelle Angaben direkt beim Ort prüfen.","scale":"street","geometryPrecision":"exact","reviewState":"candidate","asOf":"2026-09-26T17:22:08.637Z","sourceCount":1,"primarySource":{"url":"https://www.openstreetmap.org/node/4376591918","title":"OpenStreetMap contributors","publisher":"OpenStreetMap contributors","licence":"ODbL 1.0","reuse":"open_licence"}}},{"type":"Feature","geometry":{"type":"Point","coordinates":[7.69475,47.96693]},"properties":{"id":"osm:node-4405142725","version":"afeef84db49a261de7cba3d2a228298e6ccf5f8fb9ad4937ea636c5aa4c02f7c","cityId":"freiburg","kind":"place","category":"bakery","title":"Bäckerei Dreher","statement":"Bäckerei Dreher ist in OpenStreetMap als bakery eingetragen. Betrieb und Öffnungszeiten nicht geprüft.","status":"OSM-Eintrag, nicht offiziell geprüft","startDate":null,"endDate":null,"nextStep":"Aktuelle Angaben direkt beim Ort prüfen.","scale":"street","geometryPrecision":"exact","reviewState":"candidate","asOf":"2026-09-26T17:22:08.637Z","sourceCount":1,"primarySource":{"url":"https://www.openstreetmap.org/node/4405142725","title":"OpenStreetMap contributors","publisher":"OpenStreetMap contributors","licence":"ODbL 1.0","reuse":"open_licence"}}},{"type":"Feature","geometry":{"type":"Point","coordinates":[7.81801,48.00652]},"properties":{"id":"osm:node-4409721095","version":"9af1eec1b93cb3e9b9403445f4810b25554d906364f4b1a37198b4eebba326a1","cityId":"freiburg","kind":"place","category":"bakery","title":"BischofsBäck","statement":"BischofsBäck ist in OpenStreetMap als bakery eingetragen. Öffnungszeiten in OSM eingetragen; nicht unabhängig bestätigt.","status":"OSM-Eintrag, nicht offiziell geprüft","startDate":null,"endDate":null,"nextStep":"Aktuelle Angaben direkt beim Ort prüfen.","scale":"street","geometryPrecision":"exact","reviewState":"candidate","asOf":"2026-09-26T17:22:08.637Z","sourceCount":1,"primarySource":{"url":"https://www.openstreetmap.org/node/4409721095","title":"OpenStreetMap contributors","publisher":"OpenStreetMap contributors","licence":"ODbL 1.0","reuse":"open_licence"}}},{"type":"Feature","geometry":{"type":"Point","coordinates":[7.8477,48.0266]},"properties":{"id":"osm:node-4431838233","version":"cce1b040f25b6917ae3930996be4b5ae4af9e755b2af039eac916c343072297c","cityId":"freiburg","kind":"place","category":"fire_station","title":"Freiwillige Feuerwehr Freiburg Abteilung 03 Herdern","statement":"Freiwillige Feuerwehr Freiburg Abteilung 03 Herdern ist in OpenStreetMap als fire_station eingetragen. Betrieb und Öffnungszeiten nicht geprüft.","status":"OSM-Eintrag, nicht offiziell geprüft","startDate":null,"endDate":null,"nextStep":"Aktuelle Angaben direkt beim Ort prüfen.","scale":"street","geometryPrecision":"exact","reviewState":"candidate","asOf":"2026-09-26T17:22:08.637Z","sourceCount":1,"primarySource":{"url":"https://www.openstreetmap.org/node/4431838233","title":"OpenStreetMap contributors","publisher":"OpenStreetMap contributors","licence":"ODbL 1.0","reuse":"open_licence"}}},{"type":"Feature","geometry":{"type":"Point","coordinates":[7.84773,48.02654]},"properties":{"id":"osm:node-4431838234","version":"600fb9e44fe477597afd766374ed5585c90a51d729401fca50da147bd8662353","cityId":"freiburg","kind":"place","category":"fire_station","title":"Freiwillige Feuerwehr Freiburg Abteilung 04 Zähringen","statement":"Freiwillige Feuerwehr Freiburg Abteilung 04 Zähringen ist in OpenStreetMap als fire_station eingetragen. Betrieb und Öffnungszeiten nicht geprüft.","status":"OSM-Eintrag, nicht offiziell geprüft","startDate":null,"endDate":null,"nextStep":"Aktuelle Angaben direkt beim Ort prüfen.","scale":"street","geometryPrecision":"exact","reviewState":"candidate","asOf":"2026-09-26T17:22:08.637Z","sourceCount":1,"primarySource":{"url":"https://www.openstreetmap.org/node/4431838234","title":"OpenStreetMap contributors","publisher":"OpenStreetMap contributors","licence":"ODbL 1.0","reuse":"open_licence"}}},{"type":"Feature","geometry":{"type":"Point","coordinates":[7.85,48.01546]},"properties":{"id":"osm:node-4450210786","version":"994d0e6bed06da958fa29952f60830b051c815a5fb0965c42449816e45f43788","cityId":"freiburg","kind":"place","category":"bakery","title":"Die Kaiserin","statement":"Die Kaiserin ist in OpenStreetMap als bakery eingetragen. Öffnungszeiten in OSM eingetragen; nicht unabhängig bestätigt.","status":"OSM-Eintrag, nicht offiziell geprüft","startDate":null,"endDate":null,"nextStep":"Aktuelle Angaben direkt beim Ort prüfen.","scale":"street","geometryPrecision":"exact","reviewState":"candidate","asOf":"2026-09-26T17:22:08.637Z","sourceCount":1,"primarySource":{"url":"https://www.openstreetmap.org/node/4450210786","title":"OpenStreetMap contributors","publisher":"OpenStreetMap contributors","licence":"ODbL 1.0","reuse":"open_licence"}}},{"type":"Feature","geometry":{"type":"Point","coordinates":[7.81185,48.01018]},"properties":{"id":"osm:node-4455668705","version":"a6d4fee1114d1621177e670313eef9bcb6647dce269d6556d2d9bebdc59c7334","cityId":"freiburg","kind":"place","category":"bakery","title":"Grossmann Bäckerei & Konditorei","statement":"Grossmann Bäckerei & Konditorei ist in OpenStreetMap als bakery eingetragen. Öffnungszeiten in OSM eingetragen; nicht unabhängig bestätigt.","status":"OSM-Eintrag, nicht offiziell geprüft","startDate":null,"endDate":null,"nextStep":"Aktuelle Angaben direkt beim Ort prüfen.","scale":"street","geometryPrecision":"exact","reviewState":"candidate","asOf":"2026-09-26T17:22:08.637Z","sourceCount":1,"primarySource":{"url":"https://www.openstreetmap.org/node/4455668705","title":"OpenStreetMap contributors","publisher":"OpenStreetMap contributors","licence":"ODbL 1.0","reuse":"open_licence"}}},{"type":"Feature","geometry":{"type":"Point","coordinates":[7.8471,48.00631]},"properties":{"id":"osm:node-4488260905","version":"caca6ae771db7cee323f927ede197382d490545d75a963dcc6dcc7c5dd1afcf4","cityId":"freiburg","kind":"place","category":"doctors","title":"Gemeinschaftspraxis Mez","statement":"Gemeinschaftspraxis Mez ist in OpenStreetMap als doctors eingetragen. Öffnungszeiten in OSM eingetragen; nicht unabhängig bestätigt.","status":"OSM-Eintrag, nicht offiziell geprüft","startDate":null,"endDate":null,"nextStep":"Aktuelle Angaben direkt beim Ort prüfen.","scale":"street","geometryPrecision":"exact","reviewState":"candidate","asOf":"2026-09-26T17:22:08.637Z","sourceCount":1,"primarySource":{"url":"https://www.openstreetmap.org/node/4488260905","title":"OpenStreetMap contributors","publisher":"OpenStreetMap contributors","licence":"ODbL 1.0","reuse":"open_licence"}}},{"type":"Feature","geometry":{"type":"Point","coordinates":[7.82216,47.98967]},"properties":{"id":"osm:node-4536197185","version":"4d4ce4c43d613d6f4cf57060318912b21240083bf830b497a0b37ec3c04b0484","cityId":"freiburg","kind":"place","category":"kindergarten","title":"Kindertageseinrichtung Lummerland","statement":"Kindertageseinrichtung Lummerland ist in OpenStreetMap als kindergarten eingetragen. Betrieb und Öffnungszeiten nicht geprüft.","status":"OSM-Eintrag, nicht offiziell geprüft","startDate":null,"endDate":null,"nextStep":"Aktuelle Angaben direkt beim Ort prüfen.","scale":"street","geometryPrecision":"exact","reviewState":"candidate","asOf":"2026-09-26T17:22:08.637Z","sourceCount":1,"primarySource":{"url":"https://www.openstreetmap.org/node/4536197185","title":"OpenStreetMap contributors","publisher":"OpenStreetMap contributors","licence":"ODbL 1.0","reuse":"open_licence"}}},{"type":"Feature","geometry":{"type":"Point","coordinates":[7.83579,47.99533]},"properties":{"id":"osm:node-4541604452","version":"f5022571b90ff0ef32495422bf6375fc91cc8e21b635029962662d598a4c13f1","cityId":"freiburg","kind":"place","category":"clinic","title":"Praxisklinik im Stühlinger","statement":"Praxisklinik im Stühlinger ist in OpenStreetMap als clinic eingetragen. Betrieb und Öffnungszeiten nicht geprüft.","status":"OSM-Eintrag, nicht offiziell geprüft","startDate":null,"endDate":null,"nextStep":"Aktuelle Angaben direkt beim Ort prüfen.","scale":"street","geometryPrecision":"exact","reviewState":"candidate","asOf":"2026-09-26T17:22:08.637Z","sourceCount":1,"primarySource":{"url":"https://www.openstreetmap.org/node/4541604452","title":"OpenStreetMap contributors","publisher":"OpenStreetMap contributors","licence":"ODbL 1.0","reuse":"open_licence"}}},{"type":"Feature","geometry":{"type":"Point","coordinates":[7.80973,48.01129]},"properties":{"id":"osm:node-4547101682","version":"c2f398a9c950d6f6ac29e59ad87ca6e9c41cd273c77751a2325ca186d55d71c4","cityId":"freiburg","kind":"place","category":"supermarket","title":"Norma","statement":"Norma ist in OpenStreetMap als supermarket eingetragen. Öffnungszeiten in OSM eingetragen; nicht unabhängig bestätigt.","status":"OSM-Eintrag, nicht offiziell geprüft","startDate":null,"endDate":null,"nextStep":"Aktuelle Angaben direkt beim Ort prüfen.","scale":"street","geometryPrecision":"exact","reviewState":"candidate","asOf":"2026-09-26T17:22:08.637Z","sourceCount":1,"primarySource":{"url":"https://www.openstreetmap.org/node/4547101682","title":"OpenStreetMap contributors","publisher":"OpenStreetMap contributors","licence":"ODbL 1.0","reuse":"open_licence"}}},{"type":"Feature","geometry":{"type":"Point","coordinates":[7.82303,47.97431]},"properties":{"id":"osm:node-4551546648","version":"1f37c648150417b59b2e945b64eb0529f9d8d6c40a14f6979ea794902024e4d3","cityId":"freiburg","kind":"place","category":"climbing","title":"Kletterkartoffel","statement":"Kletterkartoffel ist in OpenStreetMap als climbing eingetragen. Betrieb und Öffnungszeiten nicht geprüft.","status":"OSM-Eintrag, nicht offiziell geprüft","startDate":null,"endDate":null,"nextStep":"Aktuelle Angaben direkt beim Ort prüfen.","scale":"street","geometryPrecision":"exact","reviewState":"candidate","asOf":"2026-09-26T17:22:08.637Z","sourceCount":1,"primarySource":{"url":"https://www.openstreetmap.org/node/4551546648","title":"OpenStreetMap contributors","publisher":"OpenStreetMap contributors","licence":"ODbL 1.0","reuse":"open_licence"}}},{"type":"Feature","geometry":{"type":"Point","coordinates":[7.82517,47.99086]},"properties":{"id":"osm:node-4570770524","version":"a1b65a0325c05c7984c5d712f6a5732c3dc985006b40850ee84bb9b19bc61040","cityId":"freiburg","kind":"place","category":"community_centre","title":"Jugendtreff","statement":"Jugendtreff ist in OpenStreetMap als community_centre eingetragen. Betrieb und Öffnungszeiten nicht geprüft.","status":"OSM-Eintrag, nicht offiziell geprüft","startDate":null,"endDate":null,"nextStep":"Aktuelle Angaben direkt beim Ort prüfen.","scale":"street","geometryPrecision":"exact","reviewState":"candidate","asOf":"2026-09-26T17:22:08.637Z","sourceCount":1,"primarySource":{"url":"https://www.openstreetmap.org/node/4570770524","title":"OpenStreetMap contributors","publisher":"OpenStreetMap contributors","licence":"ODbL 1.0","reuse":"open_licence"}}},{"type":"Feature","geometry":{"type":"Point","coordinates":[7.82365,48.01346]},"properties":{"id":"osm:node-4683484947","version":"74804f17cfe7a0fa127eeb9503cc2813d5ff02445120af0d79fc8593010b86a1","cityId":"freiburg","kind":"place","category":"library","title":"Stadtteilbibliothek Mooswald","statement":"Stadtteilbibliothek Mooswald ist in OpenStreetMap als library eingetragen. Öffnungszeiten in OSM eingetragen; nicht unabhängig bestätigt.","status":"OSM-Eintrag, nicht offiziell geprüft","startDate":null,"endDate":null,"nextStep":"Aktuelle Angaben direkt beim Ort prüfen.","scale":"street","geometryPrecision":"exact","reviewState":"candidate","asOf":"2026-09-26T17:22:08.637Z","sourceCount":1,"primarySource":{"url":"https://www.openstreetmap.org/node/4683484947","title":"OpenStreetMap contributors","publisher":"OpenStreetMap contributors","licence":"ODbL 1.0","reuse":"open_licence"}}},{"type":"Feature","geometry":{"type":"Point","coordinates":[7.79302,47.99865]},"properties":{"id":"osm:node-4685436288","version":"1fc8f5c994f7427ad9e7296d73841d582642ebd70557f97d691a6a325b994d13","cityId":"freiburg","kind":"place","category":"bakery","title":"Kaisers Gute Backstube","statement":"Kaisers Gute Backstube ist in OpenStreetMap als bakery eingetragen. Öffnungszeiten in OSM eingetragen; nicht unabhängig bestätigt.","status":"OSM-Eintrag, nicht offiziell geprüft","startDate":null,"endDate":null,"nextStep":"Aktuelle Angaben direkt beim Ort prüfen.","scale":"street","geometryPrecision":"exact","reviewState":"candidate","asOf":"2026-09-26T17:22:08.637Z","sourceCount":1,"primarySource":{"url":"https://www.openstreetmap.org/node/4685436288","title":"OpenStreetMap contributors","publisher":"OpenStreetMap contributors","licence":"ODbL 1.0","reuse":"open_licence"}}},{"type":"Feature","geometry":{"type":"Point","coordinates":[7.84331,47.99917]},"properties":{"id":"osm:node-4725762290","version":"42b72fd97dbf233aebfea6a439889f2879b2ed46cb7c0fed06bcd5dc1f0f3228","cityId":"freiburg","kind":"place","category":"doctors","title":"Plastische Chirurgie Freiburg, Praxisgemeinschaft Dr. Voigt und Dr. Iblher","statement":"Plastische Chirurgie Freiburg, Praxisgemeinschaft Dr. Voigt und Dr. Iblher ist in OpenStreetMap als doctors eingetragen. Öffnungszeiten in OSM eingetragen; nicht unabhängig bestätigt.","status":"OSM-Eintrag, nicht offiziell geprüft","startDate":null,"endDate":null,"nextStep":"Aktuelle Angaben direkt beim Ort prüfen.","scale":"street","geometryPrecision":"exact","reviewState":"candidate","asOf":"2026-09-26T17:22:08.637Z","sourceCount":1,"primarySource":{"url":"https://www.openstreetmap.org/node/4725762290","title":"OpenStreetMap contributors","publisher":"OpenStreetMap contributors","licence":"ODbL 1.0","reuse":"open_licence"}}},{"type":"Feature","geometry":{"type":"Point","coordinates":[7.8204,47.98311]},"properties":{"id":"osm:node-4732761908","version":"cf72c215da9defb26fb86f26204a4287abbd271491c2f0e054a41c6d0be273b0","cityId":"freiburg","kind":"place","category":"bakery","title":"Bäckerei Heitzmann","statement":"Bäckerei Heitzmann ist in OpenStreetMap als bakery eingetragen. Öffnungszeiten in OSM eingetragen; nicht unabhängig bestätigt.","status":"OSM-Eintrag, nicht offiziell geprüft","startDate":null,"endDate":null,"nextStep":"Aktuelle Angaben direkt beim Ort prüfen.","scale":"street","geometryPrecision":"exact","reviewState":"candidate","asOf":"2026-09-26T17:22:08.637Z","sourceCount":1,"primarySource":{"url":"https://www.openstreetmap.org/node/4732761908","title":"OpenStreetMap contributors","publisher":"OpenStreetMap contributors","licence":"ODbL 1.0","reuse":"open_licence"}}},{"type":"Feature","geometry":{"type":"Point","coordinates":[7.88345,47.98871]},"properties":{"id":"osm:node-4852420220","version":"9723fbf7312cd6c7d98877d15abb2aa57ec654eccadc969d6d9b13e0e747a7b2","cityId":"freiburg","kind":"place","category":"doctors","title":"Kinderarzt Jugendpraxis","statement":"Kinderarzt Jugendpraxis ist in OpenStreetMap als doctors eingetragen. Öffnungszeiten in OSM eingetragen; nicht unabhängig bestätigt.","status":"OSM-Eintrag, nicht offiziell geprüft","startDate":null,"endDate":null,"nextStep":"Aktuelle Angaben direkt beim Ort prüfen.","scale":"street","geometryPrecision":"exact","reviewState":"candidate","asOf":"2026-09-26T17:22:08.637Z","sourceCount":1,"primarySource":{"url":"https://www.openstreetmap.org/node/4852420220","title":"OpenStreetMap contributors","publisher":"OpenStreetMap contributors","licence":"ODbL 1.0","reuse":"open_licence"}}},{"type":"Feature","geometry":{"type":"Point","coordinates":[7.83922,47.98585]},"properties":{"id":"osm:node-4861353470","version":"f3257fac52b8ef1a0bd7331badf89480dc59c3a0b662a4cbe1bf86fab4433de0","cityId":"freiburg","kind":"place","category":"bakery","title":"Bäckerei Lay","statement":"Bäckerei Lay ist in OpenStreetMap als bakery eingetragen. Öffnungszeiten in OSM eingetragen; nicht unabhängig bestätigt.","status":"OSM-Eintrag, nicht offiziell geprüft","startDate":null,"endDate":null,"nextStep":"Aktuelle Angaben direkt beim Ort prüfen.","scale":"street","geometryPrecision":"exact","reviewState":"candidate","asOf":"2026-09-26T17:22:08.637Z","sourceCount":1,"primarySource":{"url":"https://www.openstreetmap.org/node/4861353470","title":"OpenStreetMap contributors","publisher":"OpenStreetMap contributors","licence":"ODbL 1.0","reuse":"open_licence"}}},{"type":"Feature","geometry":{"type":"Point","coordinates":[7.90432,47.98595]},"properties":{"id":"osm:node-488359915","version":"91dde916ce29eede56d04597f0e070ed121c107315ef0242bf322c8cc7bfe46b","cityId":"freiburg","kind":"place","category":"doctors","title":"Dr. Rainer Dorff","statement":"Dr. Rainer Dorff ist in OpenStreetMap als doctors eingetragen. Betrieb und Öffnungszeiten nicht geprüft.","status":"OSM-Eintrag, nicht offiziell geprüft","startDate":null,"endDate":null,"nextStep":"Aktuelle Angaben direkt beim Ort prüfen.","scale":"street","geometryPrecision":"exact","reviewState":"candidate","asOf":"2026-09-26T17:22:08.637Z","sourceCount":1,"primarySource":{"url":"https://www.openstreetmap.org/node/488359915","title":"OpenStreetMap contributors","publisher":"OpenStreetMap contributors","licence":"ODbL 1.0","reuse":"open_licence"}}},{"type":"Feature","geometry":{"type":"Point","coordinates":[7.90499,47.98451]},"properties":{"id":"osm:node-493771338","version":"c661154e8845df7b8520e2fb9f33121144f71659c09575a5415493ed3d040e18","cityId":"freiburg","kind":"place","category":"fire_station","title":"Freiwillige Feuerwehr Freiburg | Abteilung 15 Ebnet","statement":"Freiwillige Feuerwehr Freiburg | Abteilung 15 Ebnet ist in OpenStreetMap als fire_station eingetragen. Betrieb und Öffnungszeiten nicht geprüft.","status":"OSM-Eintrag, nicht offiziell geprüft","startDate":null,"endDate":null,"nextStep":"Aktuelle Angaben direkt beim Ort prüfen.","scale":"street","geometryPrecision":"exact","reviewState":"candidate","asOf":"2026-09-26T17:22:08.637Z","sourceCount":1,"primarySource":{"url":"https://www.openstreetmap.org/node/493771338","title":"OpenStreetMap contributors","publisher":"OpenStreetMap contributors","licence":"ODbL 1.0","reuse":"open_licence"}}},{"type":"Feature","geometry":{"type":"Point","coordinates":[7.82011,48.00556]},"properties":{"id":"osm:node-4961049466","version":"6767e53b902e4d35684534d2d3c4ce5d2e40481988b48a6c154419597d2a0e17","cityId":"freiburg","kind":"place","category":"scout","title":"DPSG Stamm St. Albert","statement":"DPSG Stamm St. Albert ist in OpenStreetMap als scout eingetragen. Betrieb und Öffnungszeiten nicht geprüft.","status":"OSM-Eintrag, nicht offiziell geprüft","startDate":null,"endDate":null,"nextStep":"Aktuelle Angaben direkt beim Ort prüfen.","scale":"street","geometryPrecision":"exact","reviewState":"candidate","asOf":"2026-09-26T17:22:08.637Z","sourceCount":1,"primarySource":{"url":"https://www.openstreetmap.org/node/4961049466","title":"OpenStreetMap contributors","publisher":"OpenStreetMap contributors","licence":"ODbL 1.0","reuse":"open_licence"}}},{"type":"Feature","geometry":{"type":"Point","coordinates":[7.8483,48.01324]},"properties":{"id":"osm:node-4972305052","version":"30e250b09c164a759abe921623313933322953347decbabd8e084463a84d9992","cityId":"freiburg","kind":"place","category":"bakery","title":"Bäckerei Heitzmann","statement":"Bäckerei Heitzmann ist in OpenStreetMap als bakery eingetragen. Öffnungszeiten in OSM eingetragen; nicht unabhängig bestätigt.","status":"OSM-Eintrag, nicht offiziell geprüft","startDate":null,"endDate":null,"nextStep":"Aktuelle Angaben direkt beim Ort prüfen.","scale":"street","geometryPrecision":"exact","reviewState":"candidate","asOf":"2026-09-26T17:22:08.637Z","sourceCount":1,"primarySource":{"url":"https://www.openstreetmap.org/node/4972305052","title":"OpenStreetMap contributors","publisher":"OpenStreetMap contributors","licence":"ODbL 1.0","reuse":"open_licence"}}},{"type":"Feature","geometry":{"type":"Point","coordinates":[7.8285,47.97663]},"properties":{"id":"osm:node-4976826264","version":"39b45b69db55352b64f2ae90834c0dcf211d105cb1a6d5e3a772698e597b0b0e","cityId":"freiburg","kind":"place","category":"bakery","title":"Vau7 im Vauban","statement":"Vau7 im Vauban ist in OpenStreetMap als bakery eingetragen. Öffnungszeiten in OSM eingetragen; nicht unabhängig bestätigt.","status":"OSM-Eintrag, nicht offiziell geprüft","startDate":null,"endDate":null,"nextStep":"Aktuelle Angaben direkt beim Ort prüfen.","scale":"street","geometryPrecision":"exact","reviewState":"candidate","asOf":"2026-09-26T17:22:08.637Z","sourceCount":1,"primarySource":{"url":"https://www.openstreetmap.org/node/4976826264","title":"OpenStreetMap contributors","publisher":"OpenStreetMap contributors","licence":"ODbL 1.0","reuse":"open_licence"}}},{"type":"Feature","geometry":{"type":"Point","coordinates":[7.83722,47.99613]},"properties":{"id":"osm:node-4992142703","version":"552e5880d530d8dec0135e9e1b44a0c2dcd2503040f6a7ef297e1d7f79b2f8ce","cityId":"freiburg","kind":"place","category":"doctors","title":"Frauenarztpraxis im Stühlinger","statement":"Frauenarztpraxis im Stühlinger ist in OpenStreetMap als doctors eingetragen. Öffnungszeiten in OSM eingetragen; nicht unabhängig bestätigt.","status":"OSM-Eintrag, nicht offiziell geprüft","startDate":null,"endDate":null,"nextStep":"Aktuelle Angaben direkt beim Ort prüfen.","scale":"street","geometryPrecision":"exact","reviewState":"candidate","asOf":"2026-09-26T17:22:08.637Z","sourceCount":1,"primarySource":{"url":"https://www.openstreetmap.org/node/4992142703","title":"OpenStreetMap contributors","publisher":"OpenStreetMap contributors","licence":"ODbL 1.0","reuse":"open_licence"}}},{"type":"Feature","geometry":{"type":"Point","coordinates":[7.90427,47.98677]},"properties":{"id":"osm:node-5004525374","version":"98f52cd691ce3f41d7fc6594c210549e2cec7a14dfffdffec7896cde24a0e6bd","cityId":"freiburg","kind":"place","category":"bakery","title":"Reiß-Beck","statement":"Reiß-Beck ist in OpenStreetMap als bakery eingetragen. Öffnungszeiten in OSM eingetragen; nicht unabhängig bestätigt.","status":"OSM-Eintrag, nicht offiziell geprüft","startDate":null,"endDate":null,"nextStep":"Aktuelle Angaben direkt beim Ort prüfen.","scale":"street","geometryPrecision":"exact","reviewState":"candidate","asOf":"2026-09-26T17:22:08.637Z","sourceCount":1,"primarySource":{"url":"https://www.openstreetmap.org/node/5004525374","title":"OpenStreetMap contributors","publisher":"OpenStreetMap contributors","licence":"ODbL 1.0","reuse":"open_licence"}}},{"type":"Feature","geometry":{"type":"Point","coordinates":[7.81377,48.01126]},"properties":{"id":"osm:node-5038936194","version":"e6cbcc9d53b476f2b67f712cb5660181a39319fb4a83283d36b3bb8a1fd59840","cityId":"freiburg","kind":"place","category":"doctors","title":"Dr. D. Balan-Chirila","statement":"Dr. D. Balan-Chirila ist in OpenStreetMap als doctors eingetragen. Öffnungszeiten in OSM eingetragen; nicht unabhängig bestätigt.","status":"OSM-Eintrag, nicht offiziell geprüft","startDate":null,"endDate":null,"nextStep":"Aktuelle Angaben direkt beim Ort prüfen.","scale":"street","geometryPrecision":"exact","reviewState":"candidate","asOf":"2026-09-26T17:22:08.637Z","sourceCount":1,"primarySource":{"url":"https://www.openstreetmap.org/node/5038936194","title":"OpenStreetMap contributors","publisher":"OpenStreetMap contributors","licence":"ODbL 1.0","reuse":"open_licence"}}},{"type":"Feature","geometry":{"type":"Point","coordinates":[7.85547,47.96652]},"properties":{"id":"osm:node-505436772","version":"3ef9ceda6570b3966c5699acef8326f2dac7810efffb754ea2a9a467dabead7a","cityId":"freiburg","kind":"place","category":"school","title":"Sokrates Comenius","statement":"Sokrates Comenius ist in OpenStreetMap als school eingetragen. Betrieb und Öffnungszeiten nicht geprüft.","status":"OSM-Eintrag, nicht offiziell geprüft","startDate":null,"endDate":null,"nextStep":"Aktuelle Angaben direkt beim Ort prüfen.","scale":"street","geometryPrecision":"exact","reviewState":"candidate","asOf":"2026-09-26T17:22:08.637Z","sourceCount":1,"primarySource":{"url":"https://www.openstreetmap.org/node/505436772","title":"OpenStreetMap contributors","publisher":"OpenStreetMap contributors","licence":"ODbL 1.0","reuse":"open_licence"}}},{"type":"Feature","geometry":{"type":"Point","coordinates":[7.82396,48.00506]},"properties":{"id":"osm:node-5069337731","version":"e2d7386f99970570ca25e067d7f01a067898ef179738f356680aff5495caf3c9","cityId":"freiburg","kind":"place","category":"kindergarten","title":"Kita Sonnenblume","statement":"Kita Sonnenblume ist in OpenStreetMap als kindergarten eingetragen. Betrieb und Öffnungszeiten nicht geprüft.","status":"OSM-Eintrag, nicht offiziell geprüft","startDate":null,"endDate":null,"nextStep":"Aktuelle Angaben direkt beim Ort prüfen.","scale":"street","geometryPrecision":"exact","reviewState":"candidate","asOf":"2026-09-26T17:22:08.637Z","sourceCount":1,"primarySource":{"url":"https://www.openstreetmap.org/node/5069337731","title":"OpenStreetMap contributors","publisher":"OpenStreetMap contributors","licence":"ODbL 1.0","reuse":"open_licence"}}},{"type":"Feature","geometry":{"type":"Point","coordinates":[7.8537,47.99352]},"properties":{"id":"osm:node-5126206474","version":"ae398ac6021a5cce92a01de79c556385184a4050b2fedcf64ab34486e9560297","cityId":"freiburg","kind":"place","category":"soccer","title":"Freiburger Fanshop","statement":"Freiburger Fanshop ist in OpenStreetMap als soccer eingetragen. Öffnungszeiten in OSM eingetragen; nicht unabhängig bestätigt.","status":"OSM-Eintrag, nicht offiziell geprüft","startDate":null,"endDate":null,"nextStep":"Aktuelle Angaben direkt beim Ort prüfen.","scale":"street","geometryPrecision":"exact","reviewState":"candidate","asOf":"2026-09-26T17:22:08.637Z","sourceCount":1,"primarySource":{"url":"https://www.openstreetmap.org/node/5126206474","title":"OpenStreetMap contributors","publisher":"OpenStreetMap contributors","licence":"ODbL 1.0","reuse":"open_licence"}}},{"type":"Feature","geometry":{"type":"Point","coordinates":[7.82724,48.00863]},"properties":{"id":"osm:node-5153971396","version":"0da89553d67ca26a0a4e0fc81343855ace13b157f839adeb935732e16983b094","cityId":"freiburg","kind":"place","category":"ice_hockey","title":"Hockey World Freiburg","statement":"Hockey World Freiburg ist in OpenStreetMap als ice_hockey eingetragen. Öffnungszeiten in OSM eingetragen; nicht unabhängig bestätigt.","status":"OSM-Eintrag, nicht offiziell geprüft","startDate":null,"endDate":null,"nextStep":"Aktuelle Angaben direkt beim Ort prüfen.","scale":"street","geometryPrecision":"exact","reviewState":"candidate","asOf":"2026-09-26T17:22:08.637Z","sourceCount":1,"primarySource":{"url":"https://www.openstreetmap.org/node/5153971396","title":"OpenStreetMap contributors","publisher":"OpenStreetMap contributors","licence":"ODbL 1.0","reuse":"open_licence"}}},{"type":"Feature","geometry":{"type":"Point","coordinates":[7.72706,48.02456]},"properties":{"id":"osm:node-5169949245","version":"3ed9964cab84d8dbc61ca2bfde6ee7aca0552f059ed4d1c3b06745254acd381a","cityId":"freiburg","kind":"place","category":"doctors","title":"Mischke-Finner / Carl","statement":"Mischke-Finner / Carl ist in OpenStreetMap als doctors eingetragen. Öffnungszeiten in OSM eingetragen; nicht unabhängig bestätigt.","status":"OSM-Eintrag, nicht offiziell geprüft","startDate":null,"endDate":null,"nextStep":"Aktuelle Angaben direkt beim Ort prüfen.","scale":"street","geometryPrecision":"exact","reviewState":"candidate","asOf":"2026-09-26T17:22:08.637Z","sourceCount":1,"primarySource":{"url":"https://www.openstreetmap.org/node/5169949245","title":"OpenStreetMap contributors","publisher":"OpenStreetMap contributors","licence":"ODbL 1.0","reuse":"open_licence"}}},{"type":"Feature","geometry":{"type":"Point","coordinates":[7.83567,47.99819]},"properties":{"id":"osm:node-5173783401","version":"986baa1e733966a66317b7663b022b12492b9fcc786d9b6e3c93f1c2b0498750","cityId":"freiburg","kind":"place","category":"bakery","title":"Bäckerei Heitzmann","statement":"Bäckerei Heitzmann ist in OpenStreetMap als bakery eingetragen. Öffnungszeiten in OSM eingetragen; nicht unabhängig bestätigt.","status":"OSM-Eintrag, nicht offiziell geprüft","startDate":null,"endDate":null,"nextStep":"Aktuelle Angaben direkt beim Ort prüfen.","scale":"street","geometryPrecision":"exact","reviewState":"candidate","asOf":"2026-09-26T17:22:08.637Z","sourceCount":1,"primarySource":{"url":"https://www.openstreetmap.org/node/5173783401","title":"OpenStreetMap contributors","publisher":"OpenStreetMap contributors","licence":"ODbL 1.0","reuse":"open_licence"}}},{"type":"Feature","geometry":{"type":"Point","coordinates":[7.71865,47.98309]},"properties":{"id":"osm:node-518672796","version":"66697cb01b64aa495d9253f29fdacb932a18e5e59eedf763f9b77bffcb007340","cityId":"freiburg","kind":"place","category":"pharmacy","title":"Rebtal-Apotheke","statement":"Rebtal-Apotheke ist in OpenStreetMap als pharmacy eingetragen. Öffnungszeiten in OSM eingetragen; nicht unabhängig bestätigt.","status":"OSM-Eintrag, nicht offiziell geprüft","startDate":null,"endDate":null,"nextStep":"Aktuelle Angaben direkt beim Ort prüfen.","scale":"street","geometryPrecision":"exact","reviewState":"candidate","asOf":"2026-09-26T17:22:08.637Z","sourceCount":1,"primarySource":{"url":"https://www.openstreetmap.org/node/518672796","title":"OpenStreetMap contributors","publisher":"OpenStreetMap contributors","licence":"ODbL 1.0","reuse":"open_licence"}}},{"type":"Feature","geometry":{"type":"Point","coordinates":[7.83711,47.99541]},"properties":{"id":"osm:node-521313016","version":"b10a4bfda49cd1e3f11c1a9c48829cbf183caf48a3e3fb52d5b792bf7b5c6222","cityId":"freiburg","kind":"place","category":"police","title":"Polizeiposten Freiburg-Stühlinger","statement":"Polizeiposten Freiburg-Stühlinger ist in OpenStreetMap als police eingetragen. Betrieb und Öffnungszeiten nicht geprüft.","status":"OSM-Eintrag, nicht offiziell geprüft","startDate":null,"endDate":null,"nextStep":"Aktuelle Angaben direkt beim Ort prüfen.","scale":"street","geometryPrecision":"exact","reviewState":"candidate","asOf":"2026-09-26T17:22:08.637Z","sourceCount":1,"primarySource":{"url":"https://www.openstreetmap.org/node/521313016","title":"OpenStreetMap contributors","publisher":"OpenStreetMap contributors","licence":"ODbL 1.0","reuse":"open_licence"}}},{"type":"Feature","geometry":{"type":"Point","coordinates":[7.85256,47.99618]},"properties":{"id":"osm:node-5227123841","version":"db3a365b764516ffc6fff195b6bff7c151db9a8d1e10eb3c6f33419a89c848ee","cityId":"freiburg","kind":"place","category":"community_centre","title":"Centre Culturel Français Freiburg","statement":"Centre Culturel Français Freiburg ist in OpenStreetMap als community_centre eingetragen. Öffnungszeiten in OSM eingetragen; nicht unabhängig bestätigt.","status":"OSM-Eintrag, nicht offiziell geprüft","startDate":null,"endDate":null,"nextStep":"Aktuelle Angaben direkt beim Ort prüfen.","scale":"street","geometryPrecision":"exact","reviewState":"candidate","asOf":"2026-09-26T17:22:08.637Z","sourceCount":1,"primarySource":{"url":"https://www.openstreetmap.org/node/5227123841","title":"OpenStreetMap contributors","publisher":"OpenStreetMap contributors","licence":"ODbL 1.0","reuse":"open_licence"}}},{"type":"Feature","geometry":{"type":"Point","coordinates":[7.79282,47.99876]},"properties":{"id":"osm:node-5238034279","version":"f1ac49b03b51619be94a7e65c8bd133a23266430f2742e84e6f845150ee1d492","cityId":"freiburg","kind":"place","category":"supermarket","title":"Familien Sparmarkt","statement":"Familien Sparmarkt ist in OpenStreetMap als supermarket eingetragen. Betrieb und Öffnungszeiten nicht geprüft.","status":"OSM-Eintrag, nicht offiziell geprüft","startDate":null,"endDate":null,"nextStep":"Aktuelle Angaben direkt beim Ort prüfen.","scale":"street","geometryPrecision":"exact","reviewState":"candidate","asOf":"2026-09-26T17:22:08.637Z","sourceCount":1,"primarySource":{"url":"https://www.openstreetmap.org/node/5238034279","title":"OpenStreetMap contributors","publisher":"OpenStreetMap contributors","licence":"ODbL 1.0","reuse":"open_licence"}}},{"type":"Feature","geometry":{"type":"Point","coordinates":[7.83482,47.99568]},"properties":{"id":"osm:node-530614812","version":"e48e55b93821888ebf76a5fa5c49700e40805ec33f5a32659fac7b669758267f","cityId":"freiburg","kind":"place","category":"supermarket","title":"Penny","statement":"Penny ist in OpenStreetMap als supermarket eingetragen. Öffnungszeiten in OSM eingetragen; nicht unabhängig bestätigt.","status":"OSM-Eintrag, nicht offiziell geprüft","startDate":null,"endDate":null,"nextStep":"Aktuelle Angaben direkt beim Ort prüfen.","scale":"street","geometryPrecision":"exact","reviewState":"candidate","asOf":"2026-09-26T17:22:08.637Z","sourceCount":1,"primarySource":{"url":"https://www.openstreetmap.org/node/530614812","title":"OpenStreetMap contributors","publisher":"OpenStreetMap contributors","licence":"ODbL 1.0","reuse":"open_licence"}}},{"type":"Feature","geometry":{"type":"Point","coordinates":[7.82535,47.97538]},"properties":{"id":"osm:node-5312274640","version":"79537cc24895ad16adea1151070014974a5aeda1cb21963f0e7a5ab924a173b7","cityId":"freiburg","kind":"place","category":"kindergarten","title":"Kita Wilde Mathilde","statement":"Kita Wilde Mathilde ist in OpenStreetMap als kindergarten eingetragen. Betrieb und Öffnungszeiten nicht geprüft.","status":"OSM-Eintrag, nicht offiziell geprüft","startDate":null,"endDate":null,"nextStep":"Aktuelle Angaben direkt beim Ort prüfen.","scale":"street","geometryPrecision":"exact","reviewState":"candidate","asOf":"2026-09-26T17:22:08.637Z","sourceCount":1,"primarySource":{"url":"https://www.openstreetmap.org/node/5312274640","title":"OpenStreetMap contributors","publisher":"OpenStreetMap contributors","licence":"ODbL 1.0","reuse":"open_licence"}}},{"type":"Feature","geometry":{"type":"Point","coordinates":[7.86045,48.02482]},"properties":{"id":"osm:node-5318071865","version":"485692915be3327371041281972fcbae8116ba4f4b2899b7cdbcc5f5b7d29d31","cityId":"freiburg","kind":"place","category":"doctors","title":"Dr. Holger Merz","statement":"Dr. Holger Merz ist in OpenStreetMap als doctors eingetragen. Öffnungszeiten in OSM eingetragen; nicht unabhängig bestätigt.","status":"OSM-Eintrag, nicht offiziell geprüft","startDate":null,"endDate":null,"nextStep":"Aktuelle Angaben direkt beim Ort prüfen.","scale":"street","geometryPrecision":"exact","reviewState":"candidate","asOf":"2026-09-26T17:22:08.637Z","sourceCount":1,"primarySource":{"url":"https://www.openstreetmap.org/node/5318071865","title":"OpenStreetMap contributors","publisher":"OpenStreetMap contributors","licence":"ODbL 1.0","reuse":"open_licence"}}},{"type":"Feature","geometry":{"type":"Point","coordinates":[7.79143,47.99893]},"properties":{"id":"osm:node-5337204506","version":"08771e6de10066919ad2a9b115ac76fe6356d591cadb698a7077f2a462e0ee3b","cityId":"freiburg","kind":"place","category":"post_office","title":"Hermes Paketshop","statement":"Hermes Paketshop ist in OpenStreetMap als post_office eingetragen. Öffnungszeiten in OSM eingetragen; nicht unabhängig bestätigt.","status":"OSM-Eintrag, nicht offiziell geprüft","startDate":null,"endDate":null,"nextStep":"Aktuelle Angaben direkt beim Ort prüfen.","scale":"street","geometryPrecision":"exact","reviewState":"candidate","asOf":"2026-09-26T17:22:08.637Z","sourceCount":1,"primarySource":{"url":"https://www.openstreetmap.org/node/5337204506","title":"OpenStreetMap contributors","publisher":"OpenStreetMap contributors","licence":"ODbL 1.0","reuse":"open_licence"}}},{"type":"Feature","geometry":{"type":"Point","coordinates":[7.85398,47.99325]},"properties":{"id":"osm:node-5343085817","version":"91466a6623a7d4c842e6e1020578cb715372a5e2d0c8148861540925fbcff7cf","cityId":"freiburg","kind":"place","category":"bakery","title":"Pfeifle","statement":"Pfeifle ist in OpenStreetMap als bakery eingetragen. Öffnungszeiten in OSM eingetragen; nicht unabhängig bestätigt.","status":"OSM-Eintrag, nicht offiziell geprüft","startDate":null,"endDate":null,"nextStep":"Aktuelle Angaben direkt beim Ort prüfen.","scale":"street","geometryPrecision":"exact","reviewState":"candidate","asOf":"2026-09-26T17:22:08.637Z","sourceCount":1,"primarySource":{"url":"https://www.openstreetmap.org/node/5343085817","title":"OpenStreetMap contributors","publisher":"OpenStreetMap contributors","licence":"ODbL 1.0","reuse":"open_licence"}}},{"type":"Feature","geometry":{"type":"Point","coordinates":[7.85402,47.99315]},"properties":{"id":"osm:node-5343085818","version":"9e33f75a1ff95a5fd4a96c52ca75fbb41dd7bbb155924b9b167db6b56af8a11b","cityId":"freiburg","kind":"place","category":"pharmacy","title":"Schwabentor-Apotheke","statement":"Schwabentor-Apotheke ist in OpenStreetMap als pharmacy eingetragen. Öffnungszeiten in OSM eingetragen; nicht unabhängig bestätigt.","status":"OSM-Eintrag, nicht offiziell geprüft","startDate":null,"endDate":null,"nextStep":"Aktuelle Angaben direkt beim Ort prüfen.","scale":"street","geometryPrecision":"exact","reviewState":"candidate","asOf":"2026-09-26T17:22:08.637Z","sourceCount":1,"primarySource":{"url":"https://www.openstreetmap.org/node/5343085818","title":"OpenStreetMap contributors","publisher":"OpenStreetMap contributors","licence":"ODbL 1.0","reuse":"open_licence"}}},{"type":"Feature","geometry":{"type":"Point","coordinates":[7.85549,48.00687]},"properties":{"id":"osm:node-5371140976","version":"f5a968ca945dd09d94f31a6b7e1c0e6b0f325aeed0c66bfbb47711bc5ac88b69","cityId":"freiburg","kind":"place","category":"doctors","title":"Dr. med. Bernhard Fischer","statement":"Dr. med. Bernhard Fischer ist in OpenStreetMap als doctors eingetragen. Öffnungszeiten in OSM eingetragen; nicht unabhängig bestätigt.","status":"OSM-Eintrag, nicht offiziell geprüft","startDate":null,"endDate":null,"nextStep":"Aktuelle Angaben direkt beim Ort prüfen.","scale":"street","geometryPrecision":"exact","reviewState":"candidate","asOf":"2026-09-26T17:22:08.637Z","sourceCount":1,"primarySource":{"url":"https://www.openstreetmap.org/node/5371140976","title":"OpenStreetMap contributors","publisher":"OpenStreetMap contributors","licence":"ODbL 1.0","reuse":"open_licence"}}},{"type":"Feature","geometry":{"type":"Point","coordinates":[7.83976,48.00035]},"properties":{"id":"osm:node-5429077536","version":"3702447dd91a78a5e609206e5cee3d1b174a71de72c635ea43a8c0a6c10b2a21","cityId":"freiburg","kind":"place","category":"bakery","title":"Sevgin","statement":"Sevgin ist in OpenStreetMap als bakery eingetragen. Öffnungszeiten in OSM eingetragen; nicht unabhängig bestätigt.","status":"OSM-Eintrag, nicht offiziell geprüft","startDate":null,"endDate":null,"nextStep":"Aktuelle Angaben direkt beim Ort prüfen.","scale":"street","geometryPrecision":"exact","reviewState":"candidate","asOf":"2026-09-26T17:22:08.637Z","sourceCount":1,"primarySource":{"url":"https://www.openstreetmap.org/node/5429077536","title":"OpenStreetMap contributors","publisher":"OpenStreetMap contributors","licence":"ODbL 1.0","reuse":"open_licence"}}},{"type":"Feature","geometry":{"type":"Point","coordinates":[7.84715,47.98464]},"properties":{"id":"osm:node-5495431437","version":"c328123c186450c9e67e009170c7c0b9b2cf68dd6f4e4ec3e6b8e7cb9cdcf4e9","cityId":"freiburg","kind":"place","category":"supermarket","title":"Edeka Strecker","statement":"Edeka Strecker ist in OpenStreetMap als supermarket eingetragen. Öffnungszeiten in OSM eingetragen; nicht unabhängig bestätigt.","status":"OSM-Eintrag, nicht offiziell geprüft","startDate":null,"endDate":null,"nextStep":"Aktuelle Angaben direkt beim Ort prüfen.","scale":"street","geometryPrecision":"exact","reviewState":"candidate","asOf":"2026-09-26T17:22:08.637Z","sourceCount":1,"primarySource":{"url":"https://www.openstreetmap.org/node/5495431437","title":"OpenStreetMap contributors","publisher":"OpenStreetMap contributors","licence":"ODbL 1.0","reuse":"open_licence"}}},{"type":"Feature","geometry":{"type":"Point","coordinates":[7.80428,48.01747]},"properties":{"id":"osm:node-55379448","version":"19ac6aa1479b3b5e9ac8f2b073bbb075dc5cd3462ed970e977ab1397b67f4adc","cityId":"freiburg","kind":"place","category":"fire_station","title":"Feuerwehrhaus Freiwillige Feuerwehr Freiburg Abteilung 09 Lehen","statement":"Feuerwehrhaus Freiwillige Feuerwehr Freiburg Abteilung 09 Lehen ist in OpenStreetMap als fire_station eingetragen. Betrieb und Öffnungszeiten nicht geprüft.","status":"OSM-Eintrag, nicht offiziell geprüft","startDate":null,"endDate":null,"nextStep":"Aktuelle Angaben direkt beim Ort prüfen.","scale":"street","geometryPrecision":"exact","reviewState":"candidate","asOf":"2026-09-26T17:22:08.637Z","sourceCount":1,"primarySource":{"url":"https://www.openstreetmap.org/node/55379448","title":"OpenStreetMap contributors","publisher":"OpenStreetMap contributors","licence":"ODbL 1.0","reuse":"open_licence"}}},{"type":"Feature","geometry":{"type":"Point","coordinates":[7.84996,48.01481]},"properties":{"id":"osm:node-5555920297","version":"74f56d730476f6516ddd1a291f9ffc0de1a91ec7131179f0670e32e90bdaa16a","cityId":"freiburg","kind":"place","category":"kindergarten","title":"Kita Farbenfroh","statement":"Kita Farbenfroh ist in OpenStreetMap als kindergarten eingetragen. Öffnungszeiten in OSM eingetragen; nicht unabhängig bestätigt.","status":"OSM-Eintrag, nicht offiziell geprüft","startDate":null,"endDate":null,"nextStep":"Aktuelle Angaben direkt beim Ort prüfen.","scale":"street","geometryPrecision":"exact","reviewState":"candidate","asOf":"2026-09-26T17:22:08.637Z","sourceCount":1,"primarySource":{"url":"https://www.openstreetmap.org/node/5555920297","title":"OpenStreetMap contributors","publisher":"OpenStreetMap contributors","licence":"ODbL 1.0","reuse":"open_licence"}}},{"type":"Feature","geometry":{"type":"Point","coordinates":[7.7159,48.00066]},"properties":{"id":"osm:node-5627806179","version":"66845b4ada4db494cf48f9ba82031491274f33c435a1e55e6ded019f8945d820","cityId":"freiburg","kind":"place","category":"community_centre","title":"Deutsches Rotes Kreuz","statement":"Deutsches Rotes Kreuz ist in OpenStreetMap als community_centre eingetragen. Betrieb und Öffnungszeiten nicht geprüft.","status":"OSM-Eintrag, nicht offiziell geprüft","startDate":null,"endDate":null,"nextStep":"Aktuelle Angaben direkt beim Ort prüfen.","scale":"street","geometryPrecision":"exact","reviewState":"candidate","asOf":"2026-09-26T17:22:08.637Z","sourceCount":1,"primarySource":{"url":"https://www.openstreetmap.org/node/5627806179","title":"OpenStreetMap contributors","publisher":"OpenStreetMap contributors","licence":"ODbL 1.0","reuse":"open_licence"}}},{"type":"Feature","geometry":{"type":"Point","coordinates":[7.83816,47.99476]},"properties":{"id":"osm:node-568979520","version":"698a654eb947e5cd232e67a4e6a50d1da514a5217f61f597754927d605920167","cityId":"freiburg","kind":"place","category":"police","title":"Bundespolizei","statement":"Bundespolizei ist in OpenStreetMap als police eingetragen. Betrieb und Öffnungszeiten nicht geprüft.","status":"OSM-Eintrag, nicht offiziell geprüft","startDate":null,"endDate":null,"nextStep":"Aktuelle Angaben direkt beim Ort prüfen.","scale":"street","geometryPrecision":"exact","reviewState":"candidate","asOf":"2026-09-26T17:22:08.637Z","sourceCount":1,"primarySource":{"url":"https://www.openstreetmap.org/node/568979520","title":"OpenStreetMap contributors","publisher":"OpenStreetMap contributors","licence":"ODbL 1.0","reuse":"open_licence"}}},{"type":"Feature","geometry":{"type":"Point","coordinates":[7.81778,48.00655]},"properties":{"id":"osm:node-57416596","version":"75c9ca1315828341f59411021106a586e5b3800c015e1958c2f3fa4df9fbf110","cityId":"freiburg","kind":"place","category":"supermarket","title":"Frischemarkt Danner","statement":"Frischemarkt Danner ist in OpenStreetMap als supermarket eingetragen. Öffnungszeiten in OSM eingetragen; nicht unabhängig bestätigt.","status":"OSM-Eintrag, nicht offiziell geprüft","startDate":null,"endDate":null,"nextStep":"Aktuelle Angaben direkt beim Ort prüfen.","scale":"street","geometryPrecision":"exact","reviewState":"candidate","asOf":"2026-09-26T17:22:08.637Z","sourceCount":1,"primarySource":{"url":"https://www.openstreetmap.org/node/57416596","title":"OpenStreetMap contributors","publisher":"OpenStreetMap contributors","licence":"ODbL 1.0","reuse":"open_licence"}}},{"type":"Feature","geometry":{"type":"Point","coordinates":[7.82213,47.97767]},"properties":{"id":"osm:node-5758735843","version":"815ea10cd87b1bbbbac62eb88dfc6f709c5d01b5fda57679beb8c89e7b41030f","cityId":"freiburg","kind":"place","category":"yoga;atemtherapie;aerial-yoga","title":"Raum für Atem und Yoga","statement":"Raum für Atem und Yoga ist in OpenStreetMap als yoga;atemtherapie;aerial-yoga eingetragen. Betrieb und Öffnungszeiten nicht geprüft.","status":"OSM-Eintrag, nicht offiziell geprüft","startDate":null,"endDate":null,"nextStep":"Aktuelle Angaben direkt beim Ort prüfen.","scale":"street","geometryPrecision":"exact","reviewState":"candidate","asOf":"2026-09-26T17:22:08.637Z","sourceCount":1,"primarySource":{"url":"https://www.openstreetmap.org/node/5758735843","title":"OpenStreetMap contributors","publisher":"OpenStreetMap contributors","licence":"ODbL 1.0","reuse":"open_licence"}}},{"type":"Feature","geometry":{"type":"Point","coordinates":[7.83789,47.99481]},"properties":{"id":"osm:node-575881887","version":"e405988892c3f45e8a3b1efed0af79ae774b06287bc0dbff4bddd568218c9575","cityId":"freiburg","kind":"place","category":"doctors","title":"Felizita Bantle","statement":"Felizita Bantle ist in OpenStreetMap als doctors eingetragen. Öffnungszeiten in OSM eingetragen; nicht unabhängig bestätigt.","status":"OSM-Eintrag, nicht offiziell geprüft","startDate":null,"endDate":null,"nextStep":"Aktuelle Angaben direkt beim Ort prüfen.","scale":"street","geometryPrecision":"exact","reviewState":"candidate","asOf":"2026-09-26T17:22:08.637Z","sourceCount":1,"primarySource":{"url":"https://www.openstreetmap.org/node/575881887","title":"OpenStreetMap contributors","publisher":"OpenStreetMap contributors","licence":"ODbL 1.0","reuse":"open_licence"}}},{"type":"Feature","geometry":{"type":"Point","coordinates":[7.83634,47.99622]},"properties":{"id":"osm:node-575882200","version":"000fc049df4e0bacefaf3de130dd71a325c50dff452944650341e9bc20fcbdff","cityId":"freiburg","kind":"place","category":"doctors","title":"Die Urologen im Stühlinger","statement":"Die Urologen im Stühlinger ist in OpenStreetMap als doctors eingetragen. Öffnungszeiten in OSM eingetragen; nicht unabhängig bestätigt.","status":"OSM-Eintrag, nicht offiziell geprüft","startDate":null,"endDate":null,"nextStep":"Aktuelle Angaben direkt beim Ort prüfen.","scale":"street","geometryPrecision":"exact","reviewState":"candidate","asOf":"2026-09-26T17:22:08.637Z","sourceCount":1,"primarySource":{"url":"https://www.openstreetmap.org/node/575882200","title":"OpenStreetMap contributors","publisher":"OpenStreetMap contributors","licence":"ODbL 1.0","reuse":"open_licence"}}},{"type":"Feature","geometry":{"type":"Point","coordinates":[7.82329,47.9813]},"properties":{"id":"osm:node-576168144","version":"d9ad4887baefcc0b87562f8eb4e891939d93598b2f885a882806125a10d439b1","cityId":"freiburg","kind":"place","category":"skateboard","title":"Layback Skateshop","statement":"Layback Skateshop ist in OpenStreetMap als skateboard eingetragen. Öffnungszeiten in OSM eingetragen; nicht unabhängig bestätigt.","status":"OSM-Eintrag, nicht offiziell geprüft","startDate":null,"endDate":null,"nextStep":"Aktuelle Angaben direkt beim Ort prüfen.","scale":"street","geometryPrecision":"exact","reviewState":"candidate","asOf":"2026-09-26T17:22:08.637Z","sourceCount":1,"primarySource":{"url":"https://www.openstreetmap.org/node/576168144","title":"OpenStreetMap contributors","publisher":"OpenStreetMap contributors","licence":"ODbL 1.0","reuse":"open_licence"}}},{"type":"Feature","geometry":{"type":"Point","coordinates":[7.83725,47.99564]},"properties":{"id":"osm:node-582009288","version":"5b662671053161497de87c8b1fcc15c90cdd4f37786376fb2ab1895ba58cb725","cityId":"freiburg","kind":"place","category":"kindergarten","title":"Kleine Löwen","statement":"Kleine Löwen ist in OpenStreetMap als kindergarten eingetragen. Betrieb und Öffnungszeiten nicht geprüft.","status":"OSM-Eintrag, nicht offiziell geprüft","startDate":null,"endDate":null,"nextStep":"Aktuelle Angaben direkt beim Ort prüfen.","scale":"street","geometryPrecision":"exact","reviewState":"candidate","asOf":"2026-09-26T17:22:08.637Z","sourceCount":1,"primarySource":{"url":"https://www.openstreetmap.org/node/582009288","title":"OpenStreetMap contributors","publisher":"OpenStreetMap contributors","licence":"ODbL 1.0","reuse":"open_licence"}}},{"type":"Feature","geometry":{"type":"Point","coordinates":[7.83657,47.9959]},"properties":{"id":"osm:node-582009291","version":"3722e1493f7557755177e30d8b80a43286c98cf025a8533c221c77721d79159a","cityId":"freiburg","kind":"place","category":"kindergarten","title":"Kleine Bären","statement":"Kleine Bären ist in OpenStreetMap als kindergarten eingetragen. Betrieb und Öffnungszeiten nicht geprüft.","status":"OSM-Eintrag, nicht offiziell geprüft","startDate":null,"endDate":null,"nextStep":"Aktuelle Angaben direkt beim Ort prüfen.","scale":"street","geometryPrecision":"exact","reviewState":"candidate","asOf":"2026-09-26T17:22:08.637Z","sourceCount":1,"primarySource":{"url":"https://www.openstreetmap.org/node/582009291","title":"OpenStreetMap contributors","publisher":"OpenStreetMap contributors","licence":"ODbL 1.0","reuse":"open_licence"}}},{"type":"Feature","geometry":{"type":"Point","coordinates":[7.8557,48.01704]},"properties":{"id":"osm:node-5837122543","version":"6c3dc2fec0106a72451d21578d509df757d2a7310bce12250d0aeb477a4fe7fa","cityId":"freiburg","kind":"place","category":"kindergarten","title":"Kita Bärenstark","statement":"Kita Bärenstark ist in OpenStreetMap als kindergarten eingetragen. Öffnungszeiten in OSM eingetragen; nicht unabhängig bestätigt.","status":"OSM-Eintrag, nicht offiziell geprüft","startDate":null,"endDate":null,"nextStep":"Aktuelle Angaben direkt beim Ort prüfen.","scale":"street","geometryPrecision":"exact","reviewState":"candidate","asOf":"2026-09-26T17:22:08.637Z","sourceCount":1,"primarySource":{"url":"https://www.openstreetmap.org/node/5837122543","title":"OpenStreetMap contributors","publisher":"OpenStreetMap contributors","licence":"ODbL 1.0","reuse":"open_licence"}}},{"type":"Feature","geometry":{"type":"Point","coordinates":[7.85772,48.02163]},"properties":{"id":"osm:node-5837122544","version":"82f5770d6309c51eb94f09f060c3c436613954422cc65cbb5d82b2cdc55ea89d","cityId":"freiburg","kind":"place","category":"doctors","title":"Hubertus Jahn","statement":"Hubertus Jahn ist in OpenStreetMap als doctors eingetragen. Öffnungszeiten in OSM eingetragen; nicht unabhängig bestätigt.","status":"OSM-Eintrag, nicht offiziell geprüft","startDate":null,"endDate":null,"nextStep":"Aktuelle Angaben direkt beim Ort prüfen.","scale":"street","geometryPrecision":"exact","reviewState":"candidate","asOf":"2026-09-26T17:22:08.637Z","sourceCount":1,"primarySource":{"url":"https://www.openstreetmap.org/node/5837122544","title":"OpenStreetMap contributors","publisher":"OpenStreetMap contributors","licence":"ODbL 1.0","reuse":"open_licence"}}},{"type":"Feature","geometry":{"type":"Point","coordinates":[7.85652,48.01906]},"properties":{"id":"osm:node-5837122677","version":"f0289b2c4d142e9191c76d2fa127e895d51f99ad8aa3c3f993de24834e45fba2","cityId":"freiburg","kind":"place","category":"ems","title":"Trainingseffekt Freiburg","statement":"Trainingseffekt Freiburg ist in OpenStreetMap als ems eingetragen. Öffnungszeiten in OSM eingetragen; nicht unabhängig bestätigt.","status":"OSM-Eintrag, nicht offiziell geprüft","startDate":null,"endDate":null,"nextStep":"Aktuelle Angaben direkt beim Ort prüfen.","scale":"street","geometryPrecision":"exact","reviewState":"candidate","asOf":"2026-09-26T17:22:08.637Z","sourceCount":1,"primarySource":{"url":"https://www.openstreetmap.org/node/5837122677","title":"OpenStreetMap contributors","publisher":"OpenStreetMap contributors","licence":"ODbL 1.0","reuse":"open_licence"}}},{"type":"Feature","geometry":{"type":"Point","coordinates":[7.82809,48.00927]},"properties":{"id":"osm:node-5843580760","version":"941097d8287da3704081cb7bc5e8c0ef5a36e7d3d1b2e70d670323134e3bb12b","cityId":"freiburg","kind":"place","category":"doityourself","title":"FREILab Freiburg e.V.","statement":"FREILab Freiburg e.V. ist in OpenStreetMap als doityourself eingetragen. Öffnungszeiten in OSM eingetragen; nicht unabhängig bestätigt.","status":"OSM-Eintrag, nicht offiziell geprüft","startDate":null,"endDate":null,"nextStep":"Aktuelle Angaben direkt beim Ort prüfen.","scale":"street","geometryPrecision":"exact","reviewState":"candidate","asOf":"2026-09-26T17:22:08.637Z","sourceCount":1,"primarySource":{"url":"https://www.openstreetmap.org/node/5843580760","title":"OpenStreetMap contributors","publisher":"OpenStreetMap contributors","licence":"ODbL 1.0","reuse":"open_licence"}}},{"type":"Feature","geometry":{"type":"Point","coordinates":[7.83654,47.99586]},"properties":{"id":"osm:node-585142141","version":"5302882f7c32b60aa322d6aa7d1b8348e3f8637680e869f3a2e75f729979e0cd","cityId":"freiburg","kind":"place","category":"kindergarten","title":"Kleine Bären","statement":"Kleine Bären ist in OpenStreetMap als kindergarten eingetragen. Betrieb und Öffnungszeiten nicht geprüft.","status":"OSM-Eintrag, nicht offiziell geprüft","startDate":null,"endDate":null,"nextStep":"Aktuelle Angaben direkt beim Ort prüfen.","scale":"street","geometryPrecision":"exact","reviewState":"candidate","asOf":"2026-09-26T17:22:08.637Z","sourceCount":1,"primarySource":{"url":"https://www.openstreetmap.org/node/585142141","title":"OpenStreetMap contributors","publisher":"OpenStreetMap contributors","licence":"ODbL 1.0","reuse":"open_licence"}}},{"type":"Feature","geometry":{"type":"Point","coordinates":[7.83723,48.00001]},"properties":{"id":"osm:node-585142504","version":"03f17def7b9dcf395b73392a95291e282efbd331c5049486e79de1a8a8f7307b","cityId":"freiburg","kind":"place","category":"bakery","title":"La Baguette","statement":"La Baguette ist in OpenStreetMap als bakery eingetragen. Öffnungszeiten in OSM eingetragen; nicht unabhängig bestätigt.","status":"OSM-Eintrag, nicht offiziell geprüft","startDate":null,"endDate":null,"nextStep":"Aktuelle Angaben direkt beim Ort prüfen.","scale":"street","geometryPrecision":"exact","reviewState":"candidate","asOf":"2026-09-26T17:22:08.637Z","sourceCount":1,"primarySource":{"url":"https://www.openstreetmap.org/node/585142504","title":"OpenStreetMap contributors","publisher":"OpenStreetMap contributors","licence":"ODbL 1.0","reuse":"open_licence"}}},{"type":"Feature","geometry":{"type":"Point","coordinates":[7.83916,47.99946]},"properties":{"id":"osm:node-585142681","version":"62883c44004af9dca92a8b4413d869608971f450d36014b4a691a3add6166dfb","cityId":"freiburg","kind":"place","category":"pharmacy","title":"Lederle-Apotheke","statement":"Lederle-Apotheke ist in OpenStreetMap als pharmacy eingetragen. Öffnungszeiten in OSM eingetragen; nicht unabhängig bestätigt.","status":"OSM-Eintrag, nicht offiziell geprüft","startDate":null,"endDate":null,"nextStep":"Aktuelle Angaben direkt beim Ort prüfen.","scale":"street","geometryPrecision":"exact","reviewState":"candidate","asOf":"2026-09-26T17:22:08.637Z","sourceCount":1,"primarySource":{"url":"https://www.openstreetmap.org/node/585142681","title":"OpenStreetMap contributors","publisher":"OpenStreetMap contributors","licence":"ODbL 1.0","reuse":"open_licence"}}},{"type":"Feature","geometry":{"type":"Point","coordinates":[7.84133,48.00001]},"properties":{"id":"osm:node-585142777","version":"4a71664a08cb7082b6b354a8f5b3e4576a26eff18f75709762d74b09fc968284","cityId":"freiburg","kind":"place","category":"bakery","title":"Kaisers Gute Backstube","statement":"Kaisers Gute Backstube ist in OpenStreetMap als bakery eingetragen. Öffnungszeiten in OSM eingetragen; nicht unabhängig bestätigt.","status":"OSM-Eintrag, nicht offiziell geprüft","startDate":null,"endDate":null,"nextStep":"Aktuelle Angaben direkt beim Ort prüfen.","scale":"street","geometryPrecision":"exact","reviewState":"candidate","asOf":"2026-09-26T17:22:08.637Z","sourceCount":1,"primarySource":{"url":"https://www.openstreetmap.org/node/585142777","title":"OpenStreetMap contributors","publisher":"OpenStreetMap contributors","licence":"ODbL 1.0","reuse":"open_licence"}}},{"type":"Feature","geometry":{"type":"Point","coordinates":[7.83955,48.0051]},"properties":{"id":"osm:node-5861976267","version":"8e2b679fbc4119f97aa3d8442843a7825d1d35033e6be41be506ff3386c9b680","cityId":"freiburg","kind":"place","category":"bakery","title":"Reiß Beck","statement":"Reiß Beck ist in OpenStreetMap als bakery eingetragen. Öffnungszeiten in OSM eingetragen; nicht unabhängig bestätigt.","status":"OSM-Eintrag, nicht offiziell geprüft","startDate":null,"endDate":null,"nextStep":"Aktuelle Angaben direkt beim Ort prüfen.","scale":"street","geometryPrecision":"exact","reviewState":"candidate","asOf":"2026-09-26T17:22:08.637Z","sourceCount":1,"primarySource":{"url":"https://www.openstreetmap.org/node/5861976267","title":"OpenStreetMap contributors","publisher":"OpenStreetMap contributors","licence":"ODbL 1.0","reuse":"open_licence"}}},{"type":"Feature","geometry":{"type":"Point","coordinates":[7.85646,48.00181]},"properties":{"id":"osm:node-5876530588","version":"47f8c8e35ee073ab8d68d148b9616c9ed7521070e7a32ae72520d0dedccd7435","cityId":"freiburg","kind":"place","category":"doctors","title":"Andreas Schwald","statement":"Andreas Schwald ist in OpenStreetMap als doctors eingetragen. Öffnungszeiten in OSM eingetragen; nicht unabhängig bestätigt.","status":"OSM-Eintrag, nicht offiziell geprüft","startDate":null,"endDate":null,"nextStep":"Aktuelle Angaben direkt beim Ort prüfen.","scale":"street","geometryPrecision":"exact","reviewState":"candidate","asOf":"2026-09-26T17:22:08.637Z","sourceCount":1,"primarySource":{"url":"https://www.openstreetmap.org/node/5876530588","title":"OpenStreetMap contributors","publisher":"OpenStreetMap contributors","licence":"ODbL 1.0","reuse":"open_licence"}}},{"type":"Feature","geometry":{"type":"Point","coordinates":[7.83194,48.01027]},"properties":{"id":"osm:node-588496675","version":"52d075a228ba021cfaa3c43144453f267fb281aeb9524acad20ef5de936e205c","cityId":"freiburg","kind":"place","category":"bakery","title":"Reiß-Beck","statement":"Reiß-Beck ist in OpenStreetMap als bakery eingetragen. Öffnungszeiten in OSM eingetragen; nicht unabhängig bestätigt.","status":"OSM-Eintrag, nicht offiziell geprüft","startDate":null,"endDate":null,"nextStep":"Aktuelle Angaben direkt beim Ort prüfen.","scale":"street","geometryPrecision":"exact","reviewState":"candidate","asOf":"2026-09-26T17:22:08.637Z","sourceCount":1,"primarySource":{"url":"https://www.openstreetmap.org/node/588496675","title":"OpenStreetMap contributors","publisher":"OpenStreetMap contributors","licence":"ODbL 1.0","reuse":"open_licence"}}},{"type":"Feature","geometry":{"type":"Point","coordinates":[7.83317,48.00477]},"properties":{"id":"osm:node-5910155409","version":"d1bd4f8aac3faa917546e9d17c7051240673c5ac55a22743db01db32a3392da3","cityId":"freiburg","kind":"place","category":"hospital","title":"Klinik für Onkologische Rehabilitation","statement":"Klinik für Onkologische Rehabilitation ist in OpenStreetMap als hospital eingetragen. Betrieb und Öffnungszeiten nicht geprüft.","status":"OSM-Eintrag, nicht offiziell geprüft","startDate":null,"endDate":null,"nextStep":"Aktuelle Angaben direkt beim Ort prüfen.","scale":"street","geometryPrecision":"exact","reviewState":"candidate","asOf":"2026-09-26T17:22:08.637Z","sourceCount":1,"primarySource":{"url":"https://www.openstreetmap.org/node/5910155409","title":"OpenStreetMap contributors","publisher":"OpenStreetMap contributors","licence":"ODbL 1.0","reuse":"open_licence"}}},{"type":"Feature","geometry":{"type":"Point","coordinates":[7.85016,47.99895]},"properties":{"id":"osm:node-5923056567","version":"baa8a57f92fba9f96a51c980d06214f5e60da06bcbafe1379f88b330b64969b6","cityId":"freiburg","kind":"place","category":"sport","title":"Beat Box","statement":"Beat Box ist in OpenStreetMap als sport eingetragen. Betrieb und Öffnungszeiten nicht geprüft.","status":"OSM-Eintrag, nicht offiziell geprüft","startDate":null,"endDate":null,"nextStep":"Aktuelle Angaben direkt beim Ort prüfen.","scale":"street","geometryPrecision":"exact","reviewState":"candidate","asOf":"2026-09-26T17:22:08.637Z","sourceCount":1,"primarySource":{"url":"https://www.openstreetmap.org/node/5923056567","title":"OpenStreetMap contributors","publisher":"OpenStreetMap contributors","licence":"ODbL 1.0","reuse":"open_licence"}}},{"type":"Feature","geometry":{"type":"Point","coordinates":[7.85491,48.00945]},"properties":{"id":"osm:node-5954124299","version":"79aabbd1bdd27b4ef65deee8d4490c87931d2fb21ebebfe7a9e8f6a5da4b7708","cityId":"freiburg","kind":"place","category":"telecommunication","title":"Postfiliale 451 (Deutsche Post / DHL)","statement":"Postfiliale 451 (Deutsche Post / DHL) ist in OpenStreetMap als telecommunication eingetragen. Öffnungszeiten in OSM eingetragen; nicht unabhängig bestätigt.","status":"OSM-Eintrag, nicht offiziell geprüft","startDate":null,"endDate":null,"nextStep":"Aktuelle Angaben direkt beim Ort prüfen.","scale":"street","geometryPrecision":"exact","reviewState":"candidate","asOf":"2026-09-26T17:22:08.637Z","sourceCount":1,"primarySource":{"url":"https://www.openstreetmap.org/node/5954124299","title":"OpenStreetMap contributors","publisher":"OpenStreetMap contributors","licence":"ODbL 1.0","reuse":"open_licence"}}},{"type":"Feature","geometry":{"type":"Point","coordinates":[7.83706,47.99609]},"properties":{"id":"osm:node-59646817","version":"90b408fc612f14ef0d5986fb75abf2fc55c1bba4c2a7bfc3a31b0d75079ef66d","cityId":"freiburg","kind":"place","category":"supermarket","title":"Edeka","statement":"Edeka ist in OpenStreetMap als supermarket eingetragen. Öffnungszeiten in OSM eingetragen; nicht unabhängig bestätigt.","status":"OSM-Eintrag, nicht offiziell geprüft","startDate":null,"endDate":null,"nextStep":"Aktuelle Angaben direkt beim Ort prüfen.","scale":"street","geometryPrecision":"exact","reviewState":"candidate","asOf":"2026-09-26T17:22:08.637Z","sourceCount":1,"primarySource":{"url":"https://www.openstreetmap.org/node/59646817","title":"OpenStreetMap contributors","publisher":"OpenStreetMap contributors","licence":"ODbL 1.0","reuse":"open_licence"}}},{"type":"Feature","geometry":{"type":"Point","coordinates":[7.84991,48.01555]},"properties":{"id":"osm:node-5969557817","version":"c7ff5e8cb4e6cd2dad97e6fd32a535c5abd9c75560084792e296e64cce015ebd","cityId":"freiburg","kind":"place","category":"doctors","title":"Augenarzt Dr. Birnbaum","statement":"Augenarzt Dr. Birnbaum ist in OpenStreetMap als doctors eingetragen. Öffnungszeiten in OSM eingetragen; nicht unabhängig bestätigt.","status":"OSM-Eintrag, nicht offiziell geprüft","startDate":null,"endDate":null,"nextStep":"Aktuelle Angaben direkt beim Ort prüfen.","scale":"street","geometryPrecision":"exact","reviewState":"candidate","asOf":"2026-09-26T17:22:08.637Z","sourceCount":1,"primarySource":{"url":"https://www.openstreetmap.org/node/5969557817","title":"OpenStreetMap contributors","publisher":"OpenStreetMap contributors","licence":"ODbL 1.0","reuse":"open_licence"}}},{"type":"Feature","geometry":{"type":"Point","coordinates":[7.8399,48.0003]},"properties":{"id":"osm:node-5991546637","version":"ef78965bbc41389fe42bf505b460838eb87b8704f1fdca2d6feaf8bd101110b0","cityId":"freiburg","kind":"place","category":"supermarket","title":"Netto City","statement":"Netto City ist in OpenStreetMap als supermarket eingetragen. Öffnungszeiten in OSM eingetragen; nicht unabhängig bestätigt.","status":"OSM-Eintrag, nicht offiziell geprüft","startDate":null,"endDate":null,"nextStep":"Aktuelle Angaben direkt beim Ort prüfen.","scale":"street","geometryPrecision":"exact","reviewState":"candidate","asOf":"2026-09-26T17:22:08.637Z","sourceCount":1,"primarySource":{"url":"https://www.openstreetmap.org/node/5991546637","title":"OpenStreetMap contributors","publisher":"OpenStreetMap contributors","licence":"ODbL 1.0","reuse":"open_licence"}}},{"type":"Feature","geometry":{"type":"Point","coordinates":[7.85753,48.01939]},"properties":{"id":"osm:node-5998081690","version":"8b0ba83dc6c40e2e7c9ee752c00693139492f905dfaf3b88d6a6cc3a3fad0e67","cityId":"freiburg","kind":"place","category":"supermarket","title":"Alnatura Super Natur Markt","statement":"Alnatura Super Natur Markt ist in OpenStreetMap als supermarket eingetragen. Öffnungszeiten in OSM eingetragen; nicht unabhängig bestätigt.","status":"OSM-Eintrag, nicht offiziell geprüft","startDate":null,"endDate":null,"nextStep":"Aktuelle Angaben direkt beim Ort prüfen.","scale":"street","geometryPrecision":"exact","reviewState":"candidate","asOf":"2026-09-26T17:22:08.637Z","sourceCount":1,"primarySource":{"url":"https://www.openstreetmap.org/node/5998081690","title":"OpenStreetMap contributors","publisher":"OpenStreetMap contributors","licence":"ODbL 1.0","reuse":"open_licence"}}},{"type":"Feature","geometry":{"type":"Point","coordinates":[7.86379,48.0068]},"properties":{"id":"osm:node-601515775","version":"5be6d63866d945aae3c3c92fa6ff6e4e6ca44aaa4159903ab7cb2c1d78b74687","cityId":"freiburg","kind":"place","category":"supermarket","title":"Frischemärkte Danner","statement":"Frischemärkte Danner ist in OpenStreetMap als supermarket eingetragen. Öffnungszeiten in OSM eingetragen; nicht unabhängig bestätigt.","status":"OSM-Eintrag, nicht offiziell geprüft","startDate":null,"endDate":null,"nextStep":"Aktuelle Angaben direkt beim Ort prüfen.","scale":"street","geometryPrecision":"exact","reviewState":"candidate","asOf":"2026-09-26T17:22:08.637Z","sourceCount":1,"primarySource":{"url":"https://www.openstreetmap.org/node/601515775","title":"OpenStreetMap contributors","publisher":"OpenStreetMap contributors","licence":"ODbL 1.0","reuse":"open_licence"}}},{"type":"Feature","geometry":{"type":"Point","coordinates":[7.81059,48.01295]},"properties":{"id":"osm:node-60225712","version":"a0e9afe2c95815bb6dad76dae7a34895d81645924e4e13c13a8a320dcca3e730","cityId":"freiburg","kind":"place","category":"pharmacy","title":"Apotheke am Seepark","statement":"Apotheke am Seepark ist in OpenStreetMap als pharmacy eingetragen. Öffnungszeiten in OSM eingetragen; nicht unabhängig bestätigt.","status":"OSM-Eintrag, nicht offiziell geprüft","startDate":null,"endDate":null,"nextStep":"Aktuelle Angaben direkt beim Ort prüfen.","scale":"street","geometryPrecision":"exact","reviewState":"candidate","asOf":"2026-09-26T17:22:08.637Z","sourceCount":1,"primarySource":{"url":"https://www.openstreetmap.org/node/60225712","title":"OpenStreetMap contributors","publisher":"OpenStreetMap contributors","licence":"ODbL 1.0","reuse":"open_licence"}}},{"type":"Feature","geometry":{"type":"Point","coordinates":[7.83397,47.98685]},"properties":{"id":"osm:node-6083742211","version":"5c11b068a488e776806b47727ea3b76b3e0368e9b741b0b4d12835d113d965db","cityId":"freiburg","kind":"place","category":"doctors","title":"Nierenzentrum Freiburg","statement":"Nierenzentrum Freiburg ist in OpenStreetMap als doctors eingetragen. Betrieb und Öffnungszeiten nicht geprüft.","status":"OSM-Eintrag, nicht offiziell geprüft","startDate":null,"endDate":null,"nextStep":"Aktuelle Angaben direkt beim Ort prüfen.","scale":"street","geometryPrecision":"exact","reviewState":"candidate","asOf":"2026-09-26T17:22:08.637Z","sourceCount":1,"primarySource":{"url":"https://www.openstreetmap.org/node/6083742211","title":"OpenStreetMap contributors","publisher":"OpenStreetMap contributors","licence":"ODbL 1.0","reuse":"open_licence"}}},{"type":"Feature","geometry":{"type":"Point","coordinates":[7.83428,47.98721]},"properties":{"id":"osm:node-6083742216","version":"c1cd7c0e5069293129498e7bd659306b397871031d61d5b15109c913d16e4a23","cityId":"freiburg","kind":"place","category":"doctors","title":"Prof. Dr. med. Thomas Schwarz, Praxis für Gefässmedizin","statement":"Prof. Dr. med. Thomas Schwarz, Praxis für Gefässmedizin ist in OpenStreetMap als doctors eingetragen. Betrieb und Öffnungszeiten nicht geprüft.","status":"OSM-Eintrag, nicht offiziell geprüft","startDate":null,"endDate":null,"nextStep":"Aktuelle Angaben direkt beim Ort prüfen.","scale":"street","geometryPrecision":"exact","reviewState":"candidate","asOf":"2026-09-26T17:22:08.637Z","sourceCount":1,"primarySource":{"url":"https://www.openstreetmap.org/node/6083742216","title":"OpenStreetMap contributors","publisher":"OpenStreetMap contributors","licence":"ODbL 1.0","reuse":"open_licence"}}},{"type":"Feature","geometry":{"type":"Point","coordinates":[7.83455,47.9872]},"properties":{"id":"osm:node-6083742224","version":"1d62de7285379b6a40fdc510859f4e67939a98dbebf0ca0294077156e6821ce1","cityId":"freiburg","kind":"place","category":"doctors","title":"Dr. med. S. Potzler, Proktologische Privatpraxis, Enddarmerkrankungen","statement":"Dr. med. S. Potzler, Proktologische Privatpraxis, Enddarmerkrankungen ist in OpenStreetMap als doctors eingetragen. Betrieb und Öffnungszeiten nicht geprüft.","status":"OSM-Eintrag, nicht offiziell geprüft","startDate":null,"endDate":null,"nextStep":"Aktuelle Angaben direkt beim Ort prüfen.","scale":"street","geometryPrecision":"exact","reviewState":"candidate","asOf":"2026-09-26T17:22:08.637Z","sourceCount":1,"primarySource":{"url":"https://www.openstreetmap.org/node/6083742224","title":"OpenStreetMap contributors","publisher":"OpenStreetMap contributors","licence":"ODbL 1.0","reuse":"open_licence"}}},{"type":"Feature","geometry":{"type":"Point","coordinates":[7.85038,48.01453]},"properties":{"id":"osm:node-6106971339","version":"edad5d1eed2c6b50430acedfbbcaa1e4fd57122d08e3c34ce0244bd052ad26f9","cityId":"freiburg","kind":"place","category":"kindergarten","title":"Kita Stadtstrolche","statement":"Kita Stadtstrolche ist in OpenStreetMap als kindergarten eingetragen. Betrieb und Öffnungszeiten nicht geprüft.","status":"OSM-Eintrag, nicht offiziell geprüft","startDate":null,"endDate":null,"nextStep":"Aktuelle Angaben direkt beim Ort prüfen.","scale":"street","geometryPrecision":"exact","reviewState":"candidate","asOf":"2026-09-26T17:22:08.637Z","sourceCount":1,"primarySource":{"url":"https://www.openstreetmap.org/node/6106971339","title":"OpenStreetMap contributors","publisher":"OpenStreetMap contributors","licence":"ODbL 1.0","reuse":"open_licence"}}},{"type":"Feature","geometry":{"type":"Point","coordinates":[7.81255,47.97847]},"properties":{"id":"osm:node-6107265732","version":"3b6095d64a0c298b76ce8b23698bcd3193e09d0a9c4b631c22357b48daa0ca53","cityId":"freiburg","kind":"place","category":"doctors","title":"Dres. Batz-Scharlinger, Spitzmüller, Krumrey","statement":"Dres. Batz-Scharlinger, Spitzmüller, Krumrey ist in OpenStreetMap als doctors eingetragen. Betrieb und Öffnungszeiten nicht geprüft.","status":"OSM-Eintrag, nicht offiziell geprüft","startDate":null,"endDate":null,"nextStep":"Aktuelle Angaben direkt beim Ort prüfen.","scale":"street","geometryPrecision":"exact","reviewState":"candidate","asOf":"2026-09-26T17:22:08.637Z","sourceCount":1,"primarySource":{"url":"https://www.openstreetmap.org/node/6107265732","title":"OpenStreetMap contributors","publisher":"OpenStreetMap contributors","licence":"ODbL 1.0","reuse":"open_licence"}}},{"type":"Feature","geometry":{"type":"Point","coordinates":[7.8465,47.99558]},"properties":{"id":"osm:node-6115751782","version":"b7ad60d0d85627e4791fdd83e202ee9581f12e4b727324888ac1dc9840d6a5c6","cityId":"freiburg","kind":"place","category":"doctors","title":"Dr. Wachter","statement":"Dr. Wachter ist in OpenStreetMap als doctors eingetragen. Betrieb und Öffnungszeiten nicht geprüft.","status":"OSM-Eintrag, nicht offiziell geprüft","startDate":null,"endDate":null,"nextStep":"Aktuelle Angaben direkt beim Ort prüfen.","scale":"street","geometryPrecision":"exact","reviewState":"candidate","asOf":"2026-09-26T17:22:08.637Z","sourceCount":1,"primarySource":{"url":"https://www.openstreetmap.org/node/6115751782","title":"OpenStreetMap contributors","publisher":"OpenStreetMap contributors","licence":"ODbL 1.0","reuse":"open_licence"}}},{"type":"Feature","geometry":{"type":"Point","coordinates":[7.83547,47.99673]},"properties":{"id":"osm:node-611621935","version":"5b0d699965a988c4e2b1c507d87083c0aef6ef3ff00d0ad74543544005757997","cityId":"freiburg","kind":"place","category":"doctors","title":"Gemeinschaftspraxis Müller","statement":"Gemeinschaftspraxis Müller ist in OpenStreetMap als doctors eingetragen. Öffnungszeiten in OSM eingetragen; nicht unabhängig bestätigt.","status":"OSM-Eintrag, nicht offiziell geprüft","startDate":null,"endDate":null,"nextStep":"Aktuelle Angaben direkt beim Ort prüfen.","scale":"street","geometryPrecision":"exact","reviewState":"candidate","asOf":"2026-09-26T17:22:08.637Z","sourceCount":1,"primarySource":{"url":"https://www.openstreetmap.org/node/611621935","title":"OpenStreetMap contributors","publisher":"OpenStreetMap contributors","licence":"ODbL 1.0","reuse":"open_licence"}}},{"type":"Feature","geometry":{"type":"Point","coordinates":[7.85727,48.01922]},"properties":{"id":"osm:node-6120763725","version":"5119abe8948d2f8ab4f955db79e3526904e13e0fbc7f47906f127731d6936889","cityId":"freiburg","kind":"place","category":"bakery","title":"Kaisers Gute Backstube","statement":"Kaisers Gute Backstube ist in OpenStreetMap als bakery eingetragen. Öffnungszeiten in OSM eingetragen; nicht unabhängig bestätigt.","status":"OSM-Eintrag, nicht offiziell geprüft","startDate":null,"endDate":null,"nextStep":"Aktuelle Angaben direkt beim Ort prüfen.","scale":"street","geometryPrecision":"exact","reviewState":"candidate","asOf":"2026-09-26T17:22:08.637Z","sourceCount":1,"primarySource":{"url":"https://www.openstreetmap.org/node/6120763725","title":"OpenStreetMap contributors","publisher":"OpenStreetMap contributors","licence":"ODbL 1.0","reuse":"open_licence"}}},{"type":"Feature","geometry":{"type":"Point","coordinates":[7.85252,48.01902]},"properties":{"id":"osm:node-6126862146","version":"0a7d24ac646641b143b724b7e7a0d2fb9a277e5b29b89c5c810fdf4ef9494961","cityId":"freiburg","kind":"place","category":"sport","title":"Asien-Sport-Center Samurai","statement":"Asien-Sport-Center Samurai ist in OpenStreetMap als sport eingetragen. Betrieb und Öffnungszeiten nicht geprüft.","status":"OSM-Eintrag, nicht offiziell geprüft","startDate":null,"endDate":null,"nextStep":"Aktuelle Angaben direkt beim Ort prüfen.","scale":"street","geometryPrecision":"exact","reviewState":"candidate","asOf":"2026-09-26T17:22:08.637Z","sourceCount":1,"primarySource":{"url":"https://www.openstreetmap.org/node/6126862146","title":"OpenStreetMap contributors","publisher":"OpenStreetMap contributors","licence":"ODbL 1.0","reuse":"open_licence"}}},{"type":"Feature","geometry":{"type":"Point","coordinates":[7.85397,48.00246]},"properties":{"id":"osm:node-615028906","version":"cf578d80368788f9ca61e8ef4d8e9a825fa2b438ec11a1cdf9f1b5c57d834d6b","cityId":"freiburg","kind":"place","category":"clinic","title":"Druckkammerzentrum Freiburg GmbH und HBO2-Tagesklinik","statement":"Druckkammerzentrum Freiburg GmbH und HBO2-Tagesklinik ist in OpenStreetMap als clinic eingetragen. Öffnungszeiten in OSM eingetragen; nicht unabhängig bestätigt.","status":"OSM-Eintrag, nicht offiziell geprüft","startDate":null,"endDate":null,"nextStep":"Aktuelle Angaben direkt beim Ort prüfen.","scale":"street","geometryPrecision":"exact","reviewState":"candidate","asOf":"2026-09-26T17:22:08.637Z","sourceCount":1,"primarySource":{"url":"https://www.openstreetmap.org/node/615028906","title":"OpenStreetMap contributors","publisher":"OpenStreetMap contributors","licence":"ODbL 1.0","reuse":"open_licence"}}},{"type":"Feature","geometry":{"type":"Point","coordinates":[7.83593,47.99313]},"properties":{"id":"osm:node-6185552953","version":"f868cfe7656f24ed9045f0ad4648d89da1fe2f0aa5bf4377ae811166802ef9a7","cityId":"freiburg","kind":"place","category":"multi","title":"Rückgrat im Stühlinger","statement":"Rückgrat im Stühlinger ist in OpenStreetMap als multi eingetragen. Öffnungszeiten in OSM eingetragen; nicht unabhängig bestätigt.","status":"OSM-Eintrag, nicht offiziell geprüft","startDate":null,"endDate":null,"nextStep":"Aktuelle Angaben direkt beim Ort prüfen.","scale":"street","geometryPrecision":"exact","reviewState":"candidate","asOf":"2026-09-26T17:22:08.637Z","sourceCount":1,"primarySource":{"url":"https://www.openstreetmap.org/node/6185552953","title":"OpenStreetMap contributors","publisher":"OpenStreetMap contributors","licence":"ODbL 1.0","reuse":"open_licence"}}},{"type":"Feature","geometry":{"type":"Point","coordinates":[7.81905,48.00541]},"properties":{"id":"osm:node-621215075","version":"6a240cff808e97f421df698c1bcd492a5cb5cc21960b5de94994b08068851281","cityId":"freiburg","kind":"place","category":"supermarket","title":"Penny","statement":"Penny ist in OpenStreetMap als supermarket eingetragen. Öffnungszeiten in OSM eingetragen; nicht unabhängig bestätigt.","status":"OSM-Eintrag, nicht offiziell geprüft","startDate":null,"endDate":null,"nextStep":"Aktuelle Angaben direkt beim Ort prüfen.","scale":"street","geometryPrecision":"exact","reviewState":"candidate","asOf":"2026-09-26T17:22:08.637Z","sourceCount":1,"primarySource":{"url":"https://www.openstreetmap.org/node/621215075","title":"OpenStreetMap contributors","publisher":"OpenStreetMap contributors","licence":"ODbL 1.0","reuse":"open_licence"}}},{"type":"Feature","geometry":{"type":"Point","coordinates":[7.81834,47.98109]},"properties":{"id":"osm:node-6306159694","version":"0cdc77cecabae771e4a17b9d0edd57e07a5ba2066eeab0129265eae6bb50137f","cityId":"freiburg","kind":"place","category":"sport","title":"Sektion Freiburg-Breisgau des Deutschen Alpenvereins e.V.","statement":"Sektion Freiburg-Breisgau des Deutschen Alpenvereins e.V. ist in OpenStreetMap als sport eingetragen. Betrieb und Öffnungszeiten nicht geprüft.","status":"OSM-Eintrag, nicht offiziell geprüft","startDate":null,"endDate":null,"nextStep":"Aktuelle Angaben direkt beim Ort prüfen.","scale":"street","geometryPrecision":"exact","reviewState":"candidate","asOf":"2026-09-26T17:22:08.637Z","sourceCount":1,"primarySource":{"url":"https://www.openstreetmap.org/node/6306159694","title":"OpenStreetMap contributors","publisher":"OpenStreetMap contributors","licence":"ODbL 1.0","reuse":"open_licence"}}},{"type":"Feature","geometry":{"type":"Point","coordinates":[7.84402,47.992]},"properties":{"id":"osm:node-6306159701","version":"f8ef3bf7ffd61e379a4094a4f9b0e56e7030276db0707523e4a525d04a80b3b8","cityId":"freiburg","kind":"place","category":"doctors","title":"Dr. med. Delia Kauffmann","statement":"Dr. med. Delia Kauffmann ist in OpenStreetMap als doctors eingetragen. Öffnungszeiten in OSM eingetragen; nicht unabhängig bestätigt.","status":"OSM-Eintrag, nicht offiziell geprüft","startDate":null,"endDate":null,"nextStep":"Aktuelle Angaben direkt beim Ort prüfen.","scale":"street","geometryPrecision":"exact","reviewState":"candidate","asOf":"2026-09-26T17:22:08.637Z","sourceCount":1,"primarySource":{"url":"https://www.openstreetmap.org/node/6306159701","title":"OpenStreetMap contributors","publisher":"OpenStreetMap contributors","licence":"ODbL 1.0","reuse":"open_licence"}}},{"type":"Feature","geometry":{"type":"Point","coordinates":[7.84179,47.99767]},"properties":{"id":"osm:node-6308992919","version":"3fd3502fc4abaa5f1fb9090857dc0bc74d3dac1f8f0d8c18d2b7d2d6c8554d62","cityId":"freiburg","kind":"place","category":"bakery","title":"Le Crobag","statement":"Le Crobag ist in OpenStreetMap als bakery eingetragen. Öffnungszeiten in OSM eingetragen; nicht unabhängig bestätigt.","status":"OSM-Eintrag, nicht offiziell geprüft","startDate":null,"endDate":null,"nextStep":"Aktuelle Angaben direkt beim Ort prüfen.","scale":"street","geometryPrecision":"exact","reviewState":"candidate","asOf":"2026-09-26T17:22:08.637Z","sourceCount":1,"primarySource":{"url":"https://www.openstreetmap.org/node/6308992919","title":"OpenStreetMap contributors","publisher":"OpenStreetMap contributors","licence":"ODbL 1.0","reuse":"open_licence"}}},{"type":"Feature","geometry":{"type":"Point","coordinates":[7.84618,47.99096]},"properties":{"id":"osm:node-6326478028","version":"ce7874d311d44d34eb15e82ba75a5da9532c033eea108258194c388d09984cc6","cityId":"freiburg","kind":"place","category":"doctors","title":"Onkologie-Praxis","statement":"Onkologie-Praxis ist in OpenStreetMap als doctors eingetragen. Öffnungszeiten in OSM eingetragen; nicht unabhängig bestätigt.","status":"OSM-Eintrag, nicht offiziell geprüft","startDate":null,"endDate":null,"nextStep":"Aktuelle Angaben direkt beim Ort prüfen.","scale":"street","geometryPrecision":"exact","reviewState":"candidate","asOf":"2026-09-26T17:22:08.637Z","sourceCount":1,"primarySource":{"url":"https://www.openstreetmap.org/node/6326478028","title":"OpenStreetMap contributors","publisher":"OpenStreetMap contributors","licence":"ODbL 1.0","reuse":"open_licence"}}},{"type":"Feature","geometry":{"type":"Point","coordinates":[7.84748,47.9876]},"properties":{"id":"osm:node-6326478029","version":"33ddbdf792400010dfb3d0a353465c057759a30ad70305f0762bed12ec94ae80","cityId":"freiburg","kind":"place","category":"doctors","title":"HNO an der Dreisam","statement":"HNO an der Dreisam ist in OpenStreetMap als doctors eingetragen. Öffnungszeiten in OSM eingetragen; nicht unabhängig bestätigt.","status":"OSM-Eintrag, nicht offiziell geprüft","startDate":null,"endDate":null,"nextStep":"Aktuelle Angaben direkt beim Ort prüfen.","scale":"street","geometryPrecision":"exact","reviewState":"candidate","asOf":"2026-09-26T17:22:08.637Z","sourceCount":1,"primarySource":{"url":"https://www.openstreetmap.org/node/6326478029","title":"OpenStreetMap contributors","publisher":"OpenStreetMap contributors","licence":"ODbL 1.0","reuse":"open_licence"}}},{"type":"Feature","geometry":{"type":"Point","coordinates":[7.82802,47.97393]},"properties":{"id":"osm:node-6348561500","version":"76acdb1abac35dc356681aecf241248629511c7d520144e99a3a824564fc5b4d","cityId":"freiburg","kind":"place","category":"pharmacy","title":"k&k Apotheke im Vauban","statement":"k&k Apotheke im Vauban ist in OpenStreetMap als pharmacy eingetragen. Öffnungszeiten in OSM eingetragen; nicht unabhängig bestätigt.","status":"OSM-Eintrag, nicht offiziell geprüft","startDate":null,"endDate":null,"nextStep":"Aktuelle Angaben direkt beim Ort prüfen.","scale":"street","geometryPrecision":"exact","reviewState":"candidate","asOf":"2026-09-26T17:22:08.637Z","sourceCount":1,"primarySource":{"url":"https://www.openstreetmap.org/node/6348561500","title":"OpenStreetMap contributors","publisher":"OpenStreetMap contributors","licence":"ODbL 1.0","reuse":"open_licence"}}},{"type":"Feature","geometry":{"type":"Point","coordinates":[7.84775,47.99282]},"properties":{"id":"osm:node-6362278543","version":"a39f93bec7e736afef4909b8cd0802b0a4b23aedfe490c5f080807cee0c7fb22","cityId":"freiburg","kind":"place","category":"doctors","title":"Gemeinschaftspraxis Kraaz und Szczeponik","statement":"Gemeinschaftspraxis Kraaz und Szczeponik ist in OpenStreetMap als doctors eingetragen. Öffnungszeiten in OSM eingetragen; nicht unabhängig bestätigt.","status":"OSM-Eintrag, nicht offiziell geprüft","startDate":null,"endDate":null,"nextStep":"Aktuelle Angaben direkt beim Ort prüfen.","scale":"street","geometryPrecision":"exact","reviewState":"candidate","asOf":"2026-09-26T17:22:08.637Z","sourceCount":1,"primarySource":{"url":"https://www.openstreetmap.org/node/6362278543","title":"OpenStreetMap contributors","publisher":"OpenStreetMap contributors","licence":"ODbL 1.0","reuse":"open_licence"}}},{"type":"Feature","geometry":{"type":"Point","coordinates":[7.85275,48.01288]},"properties":{"id":"osm:node-6367610563","version":"69c311bb63bf2a444adf5ab070695791eec9b7fbab43dc1a5ef788dd611cbf17","cityId":"freiburg","kind":"place","category":"bakery","title":"Armbruster","statement":"Armbruster ist in OpenStreetMap als bakery eingetragen. Öffnungszeiten in OSM eingetragen; nicht unabhängig bestätigt.","status":"OSM-Eintrag, nicht offiziell geprüft","startDate":null,"endDate":null,"nextStep":"Aktuelle Angaben direkt beim Ort prüfen.","scale":"street","geometryPrecision":"exact","reviewState":"candidate","asOf":"2026-09-26T17:22:08.637Z","sourceCount":1,"primarySource":{"url":"https://www.openstreetmap.org/node/6367610563","title":"OpenStreetMap contributors","publisher":"OpenStreetMap contributors","licence":"ODbL 1.0","reuse":"open_licence"}}},{"type":"Feature","geometry":{"type":"Point","coordinates":[7.83431,47.99926]},"properties":{"id":"osm:node-6433765158","version":"1da6fbae8cd0d08bdbb21ccc146e4d64914e8fa71d739bd409ade0056656ae37","cityId":"freiburg","kind":"place","category":"community_centre","title":"Quartierstreff 33","statement":"Quartierstreff 33 ist in OpenStreetMap als community_centre eingetragen. Betrieb und Öffnungszeiten nicht geprüft.","status":"OSM-Eintrag, nicht offiziell geprüft","startDate":null,"endDate":null,"nextStep":"Aktuelle Angaben direkt beim Ort prüfen.","scale":"street","geometryPrecision":"exact","reviewState":"candidate","asOf":"2026-09-26T17:22:08.637Z","sourceCount":1,"primarySource":{"url":"https://www.openstreetmap.org/node/6433765158","title":"OpenStreetMap contributors","publisher":"OpenStreetMap contributors","licence":"ODbL 1.0","reuse":"open_licence"}}},{"type":"Feature","geometry":{"type":"Point","coordinates":[7.85364,47.99939]},"properties":{"id":"osm:node-6450582685","version":"b33ce01c790de4e6d97d83a95f03aa6ec3cbde4654d5b31f8139622f1263745c","cityId":"freiburg","kind":"place","category":"doctors","title":"Praxis Dr. Olga Michel","statement":"Praxis Dr. Olga Michel ist in OpenStreetMap als doctors eingetragen. Öffnungszeiten in OSM eingetragen; nicht unabhängig bestätigt.","status":"OSM-Eintrag, nicht offiziell geprüft","startDate":null,"endDate":null,"nextStep":"Aktuelle Angaben direkt beim Ort prüfen.","scale":"street","geometryPrecision":"exact","reviewState":"candidate","asOf":"2026-09-26T17:22:08.637Z","sourceCount":1,"primarySource":{"url":"https://www.openstreetmap.org/node/6450582685","title":"OpenStreetMap contributors","publisher":"OpenStreetMap contributors","licence":"ODbL 1.0","reuse":"open_licence"}}},{"type":"Feature","geometry":{"type":"Point","coordinates":[7.85141,47.98772]},"properties":{"id":"osm:node-6478865520","version":"4d7ac132ba77fdf80a25a7799d08b6c0b365c865ab9286a19449e385c75ac7a4","cityId":"freiburg","kind":"place","category":"doctors","title":"Hausarztpraxis Bromberghof","statement":"Hausarztpraxis Bromberghof ist in OpenStreetMap als doctors eingetragen. Öffnungszeiten in OSM eingetragen; nicht unabhängig bestätigt.","status":"OSM-Eintrag, nicht offiziell geprüft","startDate":null,"endDate":null,"nextStep":"Aktuelle Angaben direkt beim Ort prüfen.","scale":"street","geometryPrecision":"exact","reviewState":"candidate","asOf":"2026-09-26T17:22:08.637Z","sourceCount":1,"primarySource":{"url":"https://www.openstreetmap.org/node/6478865520","title":"OpenStreetMap contributors","publisher":"OpenStreetMap contributors","licence":"ODbL 1.0","reuse":"open_licence"}}},{"type":"Feature","geometry":{"type":"Point","coordinates":[7.85142,47.98781]},"properties":{"id":"osm:node-6478865532","version":"520152b9df93d57c2c51d324f6761d76f2e5ede35915c2132c8bf9124e916426","cityId":"freiburg","kind":"place","category":"yoga","title":"Hatha YogaFlow","statement":"Hatha YogaFlow ist in OpenStreetMap als yoga eingetragen. Betrieb und Öffnungszeiten nicht geprüft.","status":"OSM-Eintrag, nicht offiziell geprüft","startDate":null,"endDate":null,"nextStep":"Aktuelle Angaben direkt beim Ort prüfen.","scale":"street","geometryPrecision":"exact","reviewState":"candidate","asOf":"2026-09-26T17:22:08.637Z","sourceCount":1,"primarySource":{"url":"https://www.openstreetmap.org/node/6478865532","title":"OpenStreetMap contributors","publisher":"OpenStreetMap contributors","licence":"ODbL 1.0","reuse":"open_licence"}}},{"type":"Feature","geometry":{"type":"Point","coordinates":[7.85144,47.9878]},"properties":{"id":"osm:node-6478865533","version":"1ad029915cb1814c66b28d7aa0f644022850b21a8a83a0dfd82ffaa11851c066","cityId":"freiburg","kind":"place","category":"yoga","title":"Hatha Yoga","statement":"Hatha Yoga ist in OpenStreetMap als yoga eingetragen. Betrieb und Öffnungszeiten nicht geprüft.","status":"OSM-Eintrag, nicht offiziell geprüft","startDate":null,"endDate":null,"nextStep":"Aktuelle Angaben direkt beim Ort prüfen.","scale":"street","geometryPrecision":"exact","reviewState":"candidate","asOf":"2026-09-26T17:22:08.637Z","sourceCount":1,"primarySource":{"url":"https://www.openstreetmap.org/node/6478865533","title":"OpenStreetMap contributors","publisher":"OpenStreetMap contributors","licence":"ODbL 1.0","reuse":"open_licence"}}},{"type":"Feature","geometry":{"type":"Point","coordinates":[7.85144,47.98779]},"properties":{"id":"osm:node-6478865535","version":"977241ae000e2542795dbb9e299a1ddbd3aa2e9bcfda6dd2af75287697b23277","cityId":"freiburg","kind":"place","category":"yoga","title":"Vinyasa Yoga","statement":"Vinyasa Yoga ist in OpenStreetMap als yoga eingetragen. Betrieb und Öffnungszeiten nicht geprüft.","status":"OSM-Eintrag, nicht offiziell geprüft","startDate":null,"endDate":null,"nextStep":"Aktuelle Angaben direkt beim Ort prüfen.","scale":"street","geometryPrecision":"exact","reviewState":"candidate","asOf":"2026-09-26T17:22:08.637Z","sourceCount":1,"primarySource":{"url":"https://www.openstreetmap.org/node/6478865535","title":"OpenStreetMap contributors","publisher":"OpenStreetMap contributors","licence":"ODbL 1.0","reuse":"open_licence"}}},{"type":"Feature","geometry":{"type":"Point","coordinates":[7.85144,47.98784]},"properties":{"id":"osm:node-6478865536","version":"dff00b50ed686f6cff139b527b7b9907df873432bfa43a5834e6b7ac4bfb68b8","cityId":"freiburg","kind":"place","category":"yoga","title":"Schwerelos Yoga","statement":"Schwerelos Yoga ist in OpenStreetMap als yoga eingetragen. Öffnungszeiten in OSM eingetragen; nicht unabhängig bestätigt.","status":"OSM-Eintrag, nicht offiziell geprüft","startDate":null,"endDate":null,"nextStep":"Aktuelle Angaben direkt beim Ort prüfen.","scale":"street","geometryPrecision":"exact","reviewState":"candidate","asOf":"2026-09-26T17:22:08.637Z","sourceCount":1,"primarySource":{"url":"https://www.openstreetmap.org/node/6478865536","title":"OpenStreetMap contributors","publisher":"OpenStreetMap contributors","licence":"ODbL 1.0","reuse":"open_licence"}}},{"type":"Feature","geometry":{"type":"Point","coordinates":[7.85265,48.0128]},"properties":{"id":"osm:node-6482713369","version":"ee855a485c4fef1aef5ab43dbca96afaa02e7d72cc317a824ce3e37c7eb80331","cityId":"freiburg","kind":"place","category":"tobacco","title":"Tabakwaren im Kaufland","statement":"Tabakwaren im Kaufland ist in OpenStreetMap als tobacco eingetragen. Öffnungszeiten in OSM eingetragen; nicht unabhängig bestätigt.","status":"OSM-Eintrag, nicht offiziell geprüft","startDate":null,"endDate":null,"nextStep":"Aktuelle Angaben direkt beim Ort prüfen.","scale":"street","geometryPrecision":"exact","reviewState":"candidate","asOf":"2026-09-26T17:22:08.637Z","sourceCount":1,"primarySource":{"url":"https://www.openstreetmap.org/node/6482713369","title":"OpenStreetMap contributors","publisher":"OpenStreetMap contributors","licence":"ODbL 1.0","reuse":"open_licence"}}},{"type":"Feature","geometry":{"type":"Point","coordinates":[7.83658,47.99525]},"properties":{"id":"osm:node-653314156","version":"cf09c0a7b4371af573cdef3b3842ded91d27a706be952e18e4501ef7c8171e5f","cityId":"freiburg","kind":"place","category":"doctors","title":"Dr. Bernhard Warmbrunn","statement":"Dr. Bernhard Warmbrunn ist in OpenStreetMap als doctors eingetragen. Öffnungszeiten in OSM eingetragen; nicht unabhängig bestätigt.","status":"OSM-Eintrag, nicht offiziell geprüft","startDate":null,"endDate":null,"nextStep":"Aktuelle Angaben direkt beim Ort prüfen.","scale":"street","geometryPrecision":"exact","reviewState":"candidate","asOf":"2026-09-26T17:22:08.637Z","sourceCount":1,"primarySource":{"url":"https://www.openstreetmap.org/node/653314156","title":"OpenStreetMap contributors","publisher":"OpenStreetMap contributors","licence":"ODbL 1.0","reuse":"open_licence"}}},{"type":"Feature","geometry":{"type":"Point","coordinates":[7.85398,47.96663]},"properties":{"id":"osm:node-6570905158","version":"19b66032cef57cd84464f8a2cb5bde3a04c41b11c961fdc707f272bd79163abd","cityId":"freiburg","kind":"place","category":"kindergarten","title":"NaturKiTa Sternwald","statement":"NaturKiTa Sternwald ist in OpenStreetMap als kindergarten eingetragen. Öffnungszeiten in OSM eingetragen; nicht unabhängig bestätigt.","status":"OSM-Eintrag, nicht offiziell geprüft","startDate":null,"endDate":null,"nextStep":"Aktuelle Angaben direkt beim Ort prüfen.","scale":"street","geometryPrecision":"exact","reviewState":"candidate","asOf":"2026-09-26T17:22:08.637Z","sourceCount":1,"primarySource":{"url":"https://www.openstreetmap.org/node/6570905158","title":"OpenStreetMap contributors","publisher":"OpenStreetMap contributors","licence":"ODbL 1.0","reuse":"open_licence"}}},{"type":"Feature","geometry":{"type":"Point","coordinates":[7.85614,48.0182]},"properties":{"id":"osm:node-6570905159","version":"a97cd25a587b7c5fd7ec3204b5761b328d10fbab3a35e6920d3f5a26e4926e74","cityId":"freiburg","kind":"place","category":"kindergarten","title":"Abenteuerland","statement":"Abenteuerland ist in OpenStreetMap als kindergarten eingetragen. Öffnungszeiten in OSM eingetragen; nicht unabhängig bestätigt.","status":"OSM-Eintrag, nicht offiziell geprüft","startDate":null,"endDate":null,"nextStep":"Aktuelle Angaben direkt beim Ort prüfen.","scale":"street","geometryPrecision":"exact","reviewState":"candidate","asOf":"2026-09-26T17:22:08.637Z","sourceCount":1,"primarySource":{"url":"https://www.openstreetmap.org/node/6570905159","title":"OpenStreetMap contributors","publisher":"OpenStreetMap contributors","licence":"ODbL 1.0","reuse":"open_licence"}}},{"type":"Feature","geometry":{"type":"Point","coordinates":[7.81518,47.99172]},"properties":{"id":"osm:node-6575377956","version":"503669142644f3cc4aa5f360111323146fbf038f0e55577ae352cd5668bf1e8e","cityId":"freiburg","kind":"place","category":"doctors","title":"Praxis für Kinder- und Jugendmedizin","statement":"Praxis für Kinder- und Jugendmedizin ist in OpenStreetMap als doctors eingetragen. Öffnungszeiten in OSM eingetragen; nicht unabhängig bestätigt.","status":"OSM-Eintrag, nicht offiziell geprüft","startDate":null,"endDate":null,"nextStep":"Aktuelle Angaben direkt beim Ort prüfen.","scale":"street","geometryPrecision":"exact","reviewState":"candidate","asOf":"2026-09-26T17:22:08.637Z","sourceCount":1,"primarySource":{"url":"https://www.openstreetmap.org/node/6575377956","title":"OpenStreetMap contributors","publisher":"OpenStreetMap contributors","licence":"ODbL 1.0","reuse":"open_licence"}}},{"type":"Feature","geometry":{"type":"Point","coordinates":[7.81524,47.99169]},"properties":{"id":"osm:node-6575377957","version":"560eb002c2329b09cb24c10937f78a6ad7e8b5d275548ed77a3041eadb88884f","cityId":"freiburg","kind":"place","category":"doctors","title":"Gemeinschaftspraxis Blochackerweg 5","statement":"Gemeinschaftspraxis Blochackerweg 5 ist in OpenStreetMap als doctors eingetragen. Öffnungszeiten in OSM eingetragen; nicht unabhängig bestätigt.","status":"OSM-Eintrag, nicht offiziell geprüft","startDate":null,"endDate":null,"nextStep":"Aktuelle Angaben direkt beim Ort prüfen.","scale":"street","geometryPrecision":"exact","reviewState":"candidate","asOf":"2026-09-26T17:22:08.637Z","sourceCount":1,"primarySource":{"url":"https://www.openstreetmap.org/node/6575377957","title":"OpenStreetMap contributors","publisher":"OpenStreetMap contributors","licence":"ODbL 1.0","reuse":"open_licence"}}},{"type":"Feature","geometry":{"type":"Point","coordinates":[7.86498,48.00365]},"properties":{"id":"osm:node-6585218943","version":"90c37127802d09c163a5f18a193d4cbb41fda4057c90e7a24bfd6181eba6e64e","cityId":"freiburg","kind":"place","category":"school","title":"Caritas Bildungszentrum Freiburg","statement":"Caritas Bildungszentrum Freiburg ist in OpenStreetMap als school eingetragen. Betrieb und Öffnungszeiten nicht geprüft.","status":"OSM-Eintrag, nicht offiziell geprüft","startDate":null,"endDate":null,"nextStep":"Aktuelle Angaben direkt beim Ort prüfen.","scale":"street","geometryPrecision":"exact","reviewState":"candidate","asOf":"2026-09-26T17:22:08.637Z","sourceCount":1,"primarySource":{"url":"https://www.openstreetmap.org/node/6585218943","title":"OpenStreetMap contributors","publisher":"OpenStreetMap contributors","licence":"ODbL 1.0","reuse":"open_licence"}}},{"type":"Feature","geometry":{"type":"Point","coordinates":[7.86566,48.00337]},"properties":{"id":"osm:node-6585218945","version":"8a4c5d0d28e670d47a457e7c5aa8478fc52418a071858e978545da626bc52225","cityId":"freiburg","kind":"place","category":"school","title":"Fachschule für Heilerziehungspflege","statement":"Fachschule für Heilerziehungspflege ist in OpenStreetMap als school eingetragen. Betrieb und Öffnungszeiten nicht geprüft.","status":"OSM-Eintrag, nicht offiziell geprüft","startDate":null,"endDate":null,"nextStep":"Aktuelle Angaben direkt beim Ort prüfen.","scale":"street","geometryPrecision":"exact","reviewState":"candidate","asOf":"2026-09-26T17:22:08.637Z","sourceCount":1,"primarySource":{"url":"https://www.openstreetmap.org/node/6585218945","title":"OpenStreetMap contributors","publisher":"OpenStreetMap contributors","licence":"ODbL 1.0","reuse":"open_licence"}}},{"type":"Feature","geometry":{"type":"Point","coordinates":[7.84869,48.00033]},"properties":{"id":"osm:node-6606635170","version":"ebd040ebd41308f40a0da1ba3a525427ae928a4d422387f69e0b9f452163793f","cityId":"freiburg","kind":"place","category":"yoga","title":"Dharam Raj Yogahaus Freiburg","statement":"Dharam Raj Yogahaus Freiburg ist in OpenStreetMap als yoga eingetragen. Betrieb und Öffnungszeiten nicht geprüft.","status":"OSM-Eintrag, nicht offiziell geprüft","startDate":null,"endDate":null,"nextStep":"Aktuelle Angaben direkt beim Ort prüfen.","scale":"street","geometryPrecision":"exact","reviewState":"candidate","asOf":"2026-09-26T17:22:08.637Z","sourceCount":1,"primarySource":{"url":"https://www.openstreetmap.org/node/6606635170","title":"OpenStreetMap contributors","publisher":"OpenStreetMap contributors","licence":"ODbL 1.0","reuse":"open_licence"}}},{"type":"Feature","geometry":{"type":"Point","coordinates":[7.84119,48.00008]},"properties":{"id":"osm:node-6606635171","version":"70acfcb894baa58ed17eedfca1cee56ba6964f38bd2838f80efa205c3c34db44","cityId":"freiburg","kind":"place","category":"yoga","title":"Ashtanga Yogastudio Freiburg","statement":"Ashtanga Yogastudio Freiburg ist in OpenStreetMap als yoga eingetragen. Betrieb und Öffnungszeiten nicht geprüft.","status":"OSM-Eintrag, nicht offiziell geprüft","startDate":null,"endDate":null,"nextStep":"Aktuelle Angaben direkt beim Ort prüfen.","scale":"street","geometryPrecision":"exact","reviewState":"candidate","asOf":"2026-09-26T17:22:08.637Z","sourceCount":1,"primarySource":{"url":"https://www.openstreetmap.org/node/6606635171","title":"OpenStreetMap contributors","publisher":"OpenStreetMap contributors","licence":"ODbL 1.0","reuse":"open_licence"}}},{"type":"Feature","geometry":{"type":"Point","coordinates":[7.84781,48.0005]},"properties":{"id":"osm:node-6606635172","version":"db74a17e4f805c32915df1bf5287b2ab92a8eb311477b5801efc0377bb6ab998","cityId":"freiburg","kind":"place","category":"yoga","title":"Soma Yoga","statement":"Soma Yoga ist in OpenStreetMap als yoga eingetragen. Betrieb und Öffnungszeiten nicht geprüft.","status":"OSM-Eintrag, nicht offiziell geprüft","startDate":null,"endDate":null,"nextStep":"Aktuelle Angaben direkt beim Ort prüfen.","scale":"street","geometryPrecision":"exact","reviewState":"candidate","asOf":"2026-09-26T17:22:08.637Z","sourceCount":1,"primarySource":{"url":"https://www.openstreetmap.org/node/6606635172","title":"OpenStreetMap contributors","publisher":"OpenStreetMap contributors","licence":"ODbL 1.0","reuse":"open_licence"}}},{"type":"Feature","geometry":{"type":"Point","coordinates":[7.789,47.99186]},"properties":{"id":"osm:node-664036004","version":"89166700fa577dafc95f3702954ad2418cd4660873cdae7fd334c3ac107c232c","cityId":"freiburg","kind":"place","category":"bakery","title":"Heitzmann","statement":"Heitzmann ist in OpenStreetMap als bakery eingetragen. Betrieb und Öffnungszeiten nicht geprüft.","status":"OSM-Eintrag, nicht offiziell geprüft","startDate":null,"endDate":null,"nextStep":"Aktuelle Angaben direkt beim Ort prüfen.","scale":"street","geometryPrecision":"exact","reviewState":"candidate","asOf":"2026-09-26T17:22:08.637Z","sourceCount":1,"primarySource":{"url":"https://www.openstreetmap.org/node/664036004","title":"OpenStreetMap contributors","publisher":"OpenStreetMap contributors","licence":"ODbL 1.0","reuse":"open_licence"}}},{"type":"Feature","geometry":{"type":"Point","coordinates":[7.7943,47.99811]},"properties":{"id":"osm:node-664742893","version":"d21557f0ffbfcd76a7ac11fefc8b6e295839d75dcae527b586d86b93ca7b7bdd","cityId":"freiburg","kind":"place","category":"doctors","title":"Dr. Schomer","statement":"Dr. Schomer ist in OpenStreetMap als doctors eingetragen. Betrieb und Öffnungszeiten nicht geprüft.","status":"OSM-Eintrag, nicht offiziell geprüft","startDate":null,"endDate":null,"nextStep":"Aktuelle Angaben direkt beim Ort prüfen.","scale":"street","geometryPrecision":"exact","reviewState":"candidate","asOf":"2026-09-26T17:22:08.637Z","sourceCount":1,"primarySource":{"url":"https://www.openstreetmap.org/node/664742893","title":"OpenStreetMap contributors","publisher":"OpenStreetMap contributors","licence":"ODbL 1.0","reuse":"open_licence"}}},{"type":"Feature","geometry":{"type":"Point","coordinates":[7.79438,47.99801]},"properties":{"id":"osm:node-664743419","version":"83b6a31ba93ff11b9d611e78784b6e9ec0008e306068f75363e26a39a62e7d1f","cityId":"freiburg","kind":"place","category":"pharmacy","title":"Rieselfeld Apotheke","statement":"Rieselfeld Apotheke ist in OpenStreetMap als pharmacy eingetragen. Öffnungszeiten in OSM eingetragen; nicht unabhängig bestätigt.","status":"OSM-Eintrag, nicht offiziell geprüft","startDate":null,"endDate":null,"nextStep":"Aktuelle Angaben direkt beim Ort prüfen.","scale":"street","geometryPrecision":"exact","reviewState":"candidate","asOf":"2026-09-26T17:22:08.637Z","sourceCount":1,"primarySource":{"url":"https://www.openstreetmap.org/node/664743419","title":"OpenStreetMap contributors","publisher":"OpenStreetMap contributors","licence":"ODbL 1.0","reuse":"open_licence"}}},{"type":"Feature","geometry":{"type":"Point","coordinates":[7.71962,47.9908]},"properties":{"id":"osm:node-664770829","version":"a00560d5d12d31d87b650da76b20046c65561aac44b7ab2220a60541321f682d","cityId":"freiburg","kind":"place","category":"kindergarten","title":"Zauberwald","statement":"Zauberwald ist in OpenStreetMap als kindergarten eingetragen. Betrieb und Öffnungszeiten nicht geprüft.","status":"OSM-Eintrag, nicht offiziell geprüft","startDate":null,"endDate":null,"nextStep":"Aktuelle Angaben direkt beim Ort prüfen.","scale":"street","geometryPrecision":"exact","reviewState":"candidate","asOf":"2026-09-26T17:22:08.637Z","sourceCount":1,"primarySource":{"url":"https://www.openstreetmap.org/node/664770829","title":"OpenStreetMap contributors","publisher":"OpenStreetMap contributors","licence":"ODbL 1.0","reuse":"open_licence"}}},{"type":"Feature","geometry":{"type":"Point","coordinates":[7.8484,47.98902]},"properties":{"id":"osm:node-6684434402","version":"f743349ec2f7a279228491dd7ad0d222aa817fde9a121adc6e93c4054a71653b","cityId":"freiburg","kind":"place","category":"doctors","title":"Praxis-Zentrum Wiehre","statement":"Praxis-Zentrum Wiehre ist in OpenStreetMap als doctors eingetragen. Öffnungszeiten in OSM eingetragen; nicht unabhängig bestätigt.","status":"OSM-Eintrag, nicht offiziell geprüft","startDate":null,"endDate":null,"nextStep":"Aktuelle Angaben direkt beim Ort prüfen.","scale":"street","geometryPrecision":"exact","reviewState":"candidate","asOf":"2026-09-26T17:22:08.637Z","sourceCount":1,"primarySource":{"url":"https://www.openstreetmap.org/node/6684434402","title":"OpenStreetMap contributors","publisher":"OpenStreetMap contributors","licence":"ODbL 1.0","reuse":"open_licence"}}},{"type":"Feature","geometry":{"type":"Point","coordinates":[7.84663,47.99335]},"properties":{"id":"osm:node-6718348097","version":"c3e2836e15ac07d5e0a4548d120e4d42185d3163f714707fd519ca936744bcbf","cityId":"freiburg","kind":"place","category":"library","title":"Bibliothek im KG IV","statement":"Bibliothek im KG IV ist in OpenStreetMap als library eingetragen. Öffnungszeiten in OSM eingetragen; nicht unabhängig bestätigt.","status":"OSM-Eintrag, nicht offiziell geprüft","startDate":null,"endDate":null,"nextStep":"Aktuelle Angaben direkt beim Ort prüfen.","scale":"street","geometryPrecision":"exact","reviewState":"candidate","asOf":"2026-09-26T17:22:08.637Z","sourceCount":1,"primarySource":{"url":"https://www.openstreetmap.org/node/6718348097","title":"OpenStreetMap contributors","publisher":"OpenStreetMap contributors","licence":"ODbL 1.0","reuse":"open_licence"}}},{"type":"Feature","geometry":{"type":"Point","coordinates":[7.85293,48.00447]},"properties":{"id":"osm:node-6738650600","version":"bd628c9c9197e9a9e59014dd8702221bb361ace8d90f72a5f2fb02c8a8ff5d54","cityId":"freiburg","kind":"place","category":"yoga","title":"Yolaya","statement":"Yolaya ist in OpenStreetMap als yoga eingetragen. Betrieb und Öffnungszeiten nicht geprüft.","status":"OSM-Eintrag, nicht offiziell geprüft","startDate":null,"endDate":null,"nextStep":"Aktuelle Angaben direkt beim Ort prüfen.","scale":"street","geometryPrecision":"exact","reviewState":"candidate","asOf":"2026-09-26T17:22:08.637Z","sourceCount":1,"primarySource":{"url":"https://www.openstreetmap.org/node/6738650600","title":"OpenStreetMap contributors","publisher":"OpenStreetMap contributors","licence":"ODbL 1.0","reuse":"open_licence"}}},{"type":"Feature","geometry":{"type":"Point","coordinates":[7.84048,47.99316]},"properties":{"id":"osm:node-679144213","version":"e2e5296c70b08815ab03cbe094cc6e5e01a368eb1beda8d19868b3136aecf40b","cityId":"freiburg","kind":"place","category":"yoga","title":"Kultur in Bewegung e. V.","statement":"Kultur in Bewegung e. V. ist in OpenStreetMap als yoga eingetragen. Betrieb und Öffnungszeiten nicht geprüft.","status":"OSM-Eintrag, nicht offiziell geprüft","startDate":null,"endDate":null,"nextStep":"Aktuelle Angaben direkt beim Ort prüfen.","scale":"street","geometryPrecision":"exact","reviewState":"candidate","asOf":"2026-09-26T17:22:08.637Z","sourceCount":1,"primarySource":{"url":"https://www.openstreetmap.org/node/679144213","title":"OpenStreetMap contributors","publisher":"OpenStreetMap contributors","licence":"ODbL 1.0","reuse":"open_licence"}}},{"type":"Feature","geometry":{"type":"Point","coordinates":[7.89887,47.97863]},"properties":{"id":"osm:node-679216781","version":"564a81f5fcc48cbb518fd2c3961a3d8d97bc88e2eac799191453de4b0a472856","cityId":"freiburg","kind":"place","category":"supermarket","title":"frisch und fein","statement":"frisch und fein ist in OpenStreetMap als supermarket eingetragen. Öffnungszeiten in OSM eingetragen; nicht unabhängig bestätigt.","status":"OSM-Eintrag, nicht offiziell geprüft","startDate":null,"endDate":null,"nextStep":"Aktuelle Angaben direkt beim Ort prüfen.","scale":"street","geometryPrecision":"exact","reviewState":"candidate","asOf":"2026-09-26T17:22:08.637Z","sourceCount":1,"primarySource":{"url":"https://www.openstreetmap.org/node/679216781","title":"OpenStreetMap contributors","publisher":"OpenStreetMap contributors","licence":"ODbL 1.0","reuse":"open_licence"}}},{"type":"Feature","geometry":{"type":"Point","coordinates":[7.79139,47.99899]},"properties":{"id":"osm:node-679788460","version":"6cd3da5c761777ae15334c7bc08f584ef546da07097fb1a057a0f2a8709fdb61","cityId":"freiburg","kind":"place","category":"pharmacy","title":"VitaVia Apotheke","statement":"VitaVia Apotheke ist in OpenStreetMap als pharmacy eingetragen. Betrieb und Öffnungszeiten nicht geprüft.","status":"OSM-Eintrag, nicht offiziell geprüft","startDate":null,"endDate":null,"nextStep":"Aktuelle Angaben direkt beim Ort prüfen.","scale":"street","geometryPrecision":"exact","reviewState":"candidate","asOf":"2026-09-26T17:22:08.637Z","sourceCount":1,"primarySource":{"url":"https://www.openstreetmap.org/node/679788460","title":"OpenStreetMap contributors","publisher":"OpenStreetMap contributors","licence":"ODbL 1.0","reuse":"open_licence"}}},{"type":"Feature","geometry":{"type":"Point","coordinates":[7.79163,47.99886]},"properties":{"id":"osm:node-679788462","version":"785f6cb2b867b64628c4432869972fb61fea6bc059dbf30d79c13ee8f107b96d","cityId":"freiburg","kind":"place","category":"police","title":"Polizeiposten Freiburg-Rieselfeld","statement":"Polizeiposten Freiburg-Rieselfeld ist in OpenStreetMap als police eingetragen. Betrieb und Öffnungszeiten nicht geprüft.","status":"OSM-Eintrag, nicht offiziell geprüft","startDate":null,"endDate":null,"nextStep":"Aktuelle Angaben direkt beim Ort prüfen.","scale":"street","geometryPrecision":"exact","reviewState":"candidate","asOf":"2026-09-26T17:22:08.637Z","sourceCount":1,"primarySource":{"url":"https://www.openstreetmap.org/node/679788462","title":"OpenStreetMap contributors","publisher":"OpenStreetMap contributors","licence":"ODbL 1.0","reuse":"open_licence"}}},{"type":"Feature","geometry":{"type":"Point","coordinates":[7.82817,47.97375]},"properties":{"id":"osm:node-6802028127","version":"4a26bc74de59b20c4c093e2dd80c42960c8c53589c9e596a1805cc9b0e14c4e0","cityId":"freiburg","kind":"place","category":"supermarket","title":"Rewe","statement":"Rewe ist in OpenStreetMap als supermarket eingetragen. Öffnungszeiten in OSM eingetragen; nicht unabhängig bestätigt.","status":"OSM-Eintrag, nicht offiziell geprüft","startDate":null,"endDate":null,"nextStep":"Aktuelle Angaben direkt beim Ort prüfen.","scale":"street","geometryPrecision":"exact","reviewState":"candidate","asOf":"2026-09-26T17:22:08.637Z","sourceCount":1,"primarySource":{"url":"https://www.openstreetmap.org/node/6802028127","title":"OpenStreetMap contributors","publisher":"OpenStreetMap contributors","licence":"ODbL 1.0","reuse":"open_licence"}}},{"type":"Feature","geometry":{"type":"Point","coordinates":[7.8522,47.9908]},"properties":{"id":"osm:node-6821991573","version":"1c7813250e2a86ec767272d8bc398e99c0c43414e87535eed941ffbc414b7e30","cityId":"freiburg","kind":"place","category":"doctors","title":"Tattooklinik Achromatique","statement":"Tattooklinik Achromatique ist in OpenStreetMap als doctors eingetragen. Betrieb und Öffnungszeiten nicht geprüft.","status":"OSM-Eintrag, nicht offiziell geprüft","startDate":null,"endDate":null,"nextStep":"Aktuelle Angaben direkt beim Ort prüfen.","scale":"street","geometryPrecision":"exact","reviewState":"candidate","asOf":"2026-09-26T17:22:08.637Z","sourceCount":1,"primarySource":{"url":"https://www.openstreetmap.org/node/6821991573","title":"OpenStreetMap contributors","publisher":"OpenStreetMap contributors","licence":"ODbL 1.0","reuse":"open_licence"}}},{"type":"Feature","geometry":{"type":"Point","coordinates":[7.83338,47.99499]},"properties":{"id":"osm:node-6833240566","version":"8552114aa9c135ed1c8d034f169748bbd40d03d3e5e37e1633d7d71425f1e0fa","cityId":"freiburg","kind":"place","category":"bakery","title":"Manufaktur Stephan Grossmann","statement":"Manufaktur Stephan Grossmann ist in OpenStreetMap als bakery eingetragen. Öffnungszeiten in OSM eingetragen; nicht unabhängig bestätigt.","status":"OSM-Eintrag, nicht offiziell geprüft","startDate":null,"endDate":null,"nextStep":"Aktuelle Angaben direkt beim Ort prüfen.","scale":"street","geometryPrecision":"exact","reviewState":"candidate","asOf":"2026-09-26T17:22:08.637Z","sourceCount":1,"primarySource":{"url":"https://www.openstreetmap.org/node/6833240566","title":"OpenStreetMap contributors","publisher":"OpenStreetMap contributors","licence":"ODbL 1.0","reuse":"open_licence"}}},{"type":"Feature","geometry":{"type":"Point","coordinates":[7.84471,47.99692]},"properties":{"id":"osm:node-685214539","version":"1497eb1eae44fb08a6368eba5d97e1188e6764e4147cb352dd09c5d2eb876870","cityId":"freiburg","kind":"place","category":"supermarket","title":"Edeka","statement":"Edeka ist in OpenStreetMap als supermarket eingetragen. Öffnungszeiten in OSM eingetragen; nicht unabhängig bestätigt.","status":"OSM-Eintrag, nicht offiziell geprüft","startDate":null,"endDate":null,"nextStep":"Aktuelle Angaben direkt beim Ort prüfen.","scale":"street","geometryPrecision":"exact","reviewState":"candidate","asOf":"2026-09-26T17:22:08.637Z","sourceCount":1,"primarySource":{"url":"https://www.openstreetmap.org/node/685214539","title":"OpenStreetMap contributors","publisher":"OpenStreetMap contributors","licence":"ODbL 1.0","reuse":"open_licence"}}},{"type":"Feature","geometry":{"type":"Point","coordinates":[7.83673,47.98561]},"properties":{"id":"osm:node-6855750503","version":"a8eaa905998e86d2fb8ccfe747399c0f99ea46f290a4a990e915aa1d584c2fd4","cityId":"freiburg","kind":"place","category":"post_office","title":"VeloKurier Freiburg","statement":"VeloKurier Freiburg ist in OpenStreetMap als post_office eingetragen. Öffnungszeiten in OSM eingetragen; nicht unabhängig bestätigt.","status":"OSM-Eintrag, nicht offiziell geprüft","startDate":null,"endDate":null,"nextStep":"Aktuelle Angaben direkt beim Ort prüfen.","scale":"street","geometryPrecision":"exact","reviewState":"candidate","asOf":"2026-09-26T17:22:08.637Z","sourceCount":1,"primarySource":{"url":"https://www.openstreetmap.org/node/6855750503","title":"OpenStreetMap contributors","publisher":"OpenStreetMap contributors","licence":"ODbL 1.0","reuse":"open_licence"}}},{"type":"Feature","geometry":{"type":"Point","coordinates":[7.84611,47.99129]},"properties":{"id":"osm:node-6895288725","version":"edc1155b94ca1f01f2ba2ab87b3b9993da3ec2b4c43cfc6c8ca8d71698c7b23f","cityId":"freiburg","kind":"place","category":"doctors","title":"IDR Institut für Diagnostische Radiologie Freiburg","statement":"IDR Institut für Diagnostische Radiologie Freiburg ist in OpenStreetMap als doctors eingetragen. Öffnungszeiten in OSM eingetragen; nicht unabhängig bestätigt.","status":"OSM-Eintrag, nicht offiziell geprüft","startDate":null,"endDate":null,"nextStep":"Aktuelle Angaben direkt beim Ort prüfen.","scale":"street","geometryPrecision":"exact","reviewState":"candidate","asOf":"2026-09-26T17:22:08.637Z","sourceCount":1,"primarySource":{"url":"https://www.openstreetmap.org/node/6895288725","title":"OpenStreetMap contributors","publisher":"OpenStreetMap contributors","licence":"ODbL 1.0","reuse":"open_licence"}}},{"type":"Feature","geometry":{"type":"Point","coordinates":[7.8466,48.0062]},"properties":{"id":"osm:node-690150165","version":"851bbb172e8bc0851365245c3691204c3695a7894b3682fca1834d291910de9b","cityId":"freiburg","kind":"place","category":"doctors","title":"Hausärztliche Gemeinschaftspraxis","statement":"Hausärztliche Gemeinschaftspraxis ist in OpenStreetMap als doctors eingetragen. Öffnungszeiten in OSM eingetragen; nicht unabhängig bestätigt.","status":"OSM-Eintrag, nicht offiziell geprüft","startDate":null,"endDate":null,"nextStep":"Aktuelle Angaben direkt beim Ort prüfen.","scale":"street","geometryPrecision":"exact","reviewState":"candidate","asOf":"2026-09-26T17:22:08.637Z","sourceCount":1,"primarySource":{"url":"https://www.openstreetmap.org/node/690150165","title":"OpenStreetMap contributors","publisher":"OpenStreetMap contributors","licence":"ODbL 1.0","reuse":"open_licence"}}},{"type":"Feature","geometry":{"type":"Point","coordinates":[7.85061,47.9869]},"properties":{"id":"osm:node-690166166","version":"0509c89b34abdbb9ee24b467d716eb086148823d58152137ee0ab91f069cf049","cityId":"freiburg","kind":"place","category":"bakery","title":"Brotbruder","statement":"Brotbruder ist in OpenStreetMap als bakery eingetragen. Öffnungszeiten in OSM eingetragen; nicht unabhängig bestätigt.","status":"OSM-Eintrag, nicht offiziell geprüft","startDate":null,"endDate":null,"nextStep":"Aktuelle Angaben direkt beim Ort prüfen.","scale":"street","geometryPrecision":"exact","reviewState":"candidate","asOf":"2026-09-26T17:22:08.637Z","sourceCount":1,"primarySource":{"url":"https://www.openstreetmap.org/node/690166166","title":"OpenStreetMap contributors","publisher":"OpenStreetMap contributors","licence":"ODbL 1.0","reuse":"open_licence"}}},{"type":"Feature","geometry":{"type":"Point","coordinates":[7.86106,47.98811]},"properties":{"id":"osm:node-690166179","version":"37788e0c519b712ca8b510634488b8def6b248dfdaaa8037836e8c0ff38617c2","cityId":"freiburg","kind":"place","category":"supermarket","title":"Beckesepp","statement":"Beckesepp ist in OpenStreetMap als supermarket eingetragen. Öffnungszeiten in OSM eingetragen; nicht unabhängig bestätigt.","status":"OSM-Eintrag, nicht offiziell geprüft","startDate":null,"endDate":null,"nextStep":"Aktuelle Angaben direkt beim Ort prüfen.","scale":"street","geometryPrecision":"exact","reviewState":"candidate","asOf":"2026-09-26T17:22:08.637Z","sourceCount":1,"primarySource":{"url":"https://www.openstreetmap.org/node/690166179","title":"OpenStreetMap contributors","publisher":"OpenStreetMap contributors","licence":"ODbL 1.0","reuse":"open_licence"}}},{"type":"Feature","geometry":{"type":"Point","coordinates":[7.88348,47.96629]},"properties":{"id":"osm:node-6937103991","version":"1cb908fed9e95458eccf293aec2c325a25bdaf4448f5fa431894b0029c32b18d","cityId":"freiburg","kind":"place","category":"mtb","title":"Canadian Trail","statement":"Canadian Trail ist in OpenStreetMap als mtb eingetragen. Betrieb und Öffnungszeiten nicht geprüft.","status":"OSM-Eintrag, nicht offiziell geprüft","startDate":null,"endDate":null,"nextStep":"Aktuelle Angaben direkt beim Ort prüfen.","scale":"street","geometryPrecision":"exact","reviewState":"candidate","asOf":"2026-09-26T17:22:08.637Z","sourceCount":1,"primarySource":{"url":"https://www.openstreetmap.org/node/6937103991","title":"OpenStreetMap contributors","publisher":"OpenStreetMap contributors","licence":"ODbL 1.0","reuse":"open_licence"}}},{"type":"Feature","geometry":{"type":"Point","coordinates":[7.87055,47.98791]},"properties":{"id":"osm:node-698551339","version":"b90deb86a367c875da1882d5052dc0cdb7edcf409fb10e643e2d56cf526a89c8","cityId":"freiburg","kind":"place","category":"supermarket","title":"Rewe","statement":"Rewe ist in OpenStreetMap als supermarket eingetragen. Öffnungszeiten in OSM eingetragen; nicht unabhängig bestätigt.","status":"OSM-Eintrag, nicht offiziell geprüft","startDate":null,"endDate":null,"nextStep":"Aktuelle Angaben direkt beim Ort prüfen.","scale":"street","geometryPrecision":"exact","reviewState":"candidate","asOf":"2026-09-26T17:22:08.637Z","sourceCount":1,"primarySource":{"url":"https://www.openstreetmap.org/node/698551339","title":"OpenStreetMap contributors","publisher":"OpenStreetMap contributors","licence":"ODbL 1.0","reuse":"open_licence"}}},{"type":"Feature","geometry":{"type":"Point","coordinates":[7.85386,47.98059]},"properties":{"id":"osm:node-7077880950","version":"ae7fd642649bb690f6fee2fa07216cc88d3727d8d0a21ff20cdaa9cc7a8a4208","cityId":"freiburg","kind":"place","category":"gymnastics","title":"Sprungklötze","statement":"Sprungklötze ist in OpenStreetMap als gymnastics eingetragen. Betrieb und Öffnungszeiten nicht geprüft.","status":"OSM-Eintrag, nicht offiziell geprüft","startDate":null,"endDate":null,"nextStep":"Aktuelle Angaben direkt beim Ort prüfen.","scale":"street","geometryPrecision":"exact","reviewState":"candidate","asOf":"2026-09-26T17:22:08.637Z","sourceCount":1,"primarySource":{"url":"https://www.openstreetmap.org/node/7077880950","title":"OpenStreetMap contributors","publisher":"OpenStreetMap contributors","licence":"ODbL 1.0","reuse":"open_licence"}}},{"type":"Feature","geometry":{"type":"Point","coordinates":[7.85753,47.98169]},"properties":{"id":"osm:node-7077880951","version":"61e352b2d3485c611c9a8d04ace2068f7b69451ee78ccc52f42333b67b331f72","cityId":"freiburg","kind":"place","category":"gymnastics","title":"Klimmzugstangen","statement":"Klimmzugstangen ist in OpenStreetMap als gymnastics eingetragen. Betrieb und Öffnungszeiten nicht geprüft.","status":"OSM-Eintrag, nicht offiziell geprüft","startDate":null,"endDate":null,"nextStep":"Aktuelle Angaben direkt beim Ort prüfen.","scale":"street","geometryPrecision":"exact","reviewState":"candidate","asOf":"2026-09-26T17:22:08.637Z","sourceCount":1,"primarySource":{"url":"https://www.openstreetmap.org/node/7077880951","title":"OpenStreetMap contributors","publisher":"OpenStreetMap contributors","licence":"ODbL 1.0","reuse":"open_licence"}}},{"type":"Feature","geometry":{"type":"Point","coordinates":[7.86063,47.98373]},"properties":{"id":"osm:node-7077880953","version":"209c3965ee345d20aff166b4b35095a404cacb140b3e07ec5ed180cf1f4a0854","cityId":"freiburg","kind":"place","category":"gymnastics","title":"Bocksprungbalken","statement":"Bocksprungbalken ist in OpenStreetMap als gymnastics eingetragen. Betrieb und Öffnungszeiten nicht geprüft.","status":"OSM-Eintrag, nicht offiziell geprüft","startDate":null,"endDate":null,"nextStep":"Aktuelle Angaben direkt beim Ort prüfen.","scale":"street","geometryPrecision":"exact","reviewState":"candidate","asOf":"2026-09-26T17:22:08.637Z","sourceCount":1,"primarySource":{"url":"https://www.openstreetmap.org/node/7077880953","title":"OpenStreetMap contributors","publisher":"OpenStreetMap contributors","licence":"ODbL 1.0","reuse":"open_licence"}}},{"type":"Feature","geometry":{"type":"Point","coordinates":[7.85511,48.00439]},"properties":{"id":"osm:node-7102271806","version":"a0a2eb16922b43268e44af241c456a0815028020e74f585582f307c0e44c30b9","cityId":"freiburg","kind":"place","category":"yoga","title":"Yoga Jetzt","statement":"Yoga Jetzt ist in OpenStreetMap als yoga eingetragen. Betrieb und Öffnungszeiten nicht geprüft.","status":"OSM-Eintrag, nicht offiziell geprüft","startDate":null,"endDate":null,"nextStep":"Aktuelle Angaben direkt beim Ort prüfen.","scale":"street","geometryPrecision":"exact","reviewState":"candidate","asOf":"2026-09-26T17:22:08.637Z","sourceCount":1,"primarySource":{"url":"https://www.openstreetmap.org/node/7102271806","title":"OpenStreetMap contributors","publisher":"OpenStreetMap contributors","licence":"ODbL 1.0","reuse":"open_licence"}}},{"type":"Feature","geometry":{"type":"Point","coordinates":[7.84808,48.00679]},"properties":{"id":"osm:node-7115430780","version":"dbf34e6e9640c3f5c94701bfbbea102f90bf4df117ed31f40b6ec1f3b5e10a46","cityId":"freiburg","kind":"place","category":"yoga","title":"Amrita Naturheilpraxis","statement":"Amrita Naturheilpraxis ist in OpenStreetMap als yoga eingetragen. Betrieb und Öffnungszeiten nicht geprüft.","status":"OSM-Eintrag, nicht offiziell geprüft","startDate":null,"endDate":null,"nextStep":"Aktuelle Angaben direkt beim Ort prüfen.","scale":"street","geometryPrecision":"exact","reviewState":"candidate","asOf":"2026-09-26T17:22:08.637Z","sourceCount":1,"primarySource":{"url":"https://www.openstreetmap.org/node/7115430780","title":"OpenStreetMap contributors","publisher":"OpenStreetMap contributors","licence":"ODbL 1.0","reuse":"open_licence"}}},{"type":"Feature","geometry":{"type":"Point","coordinates":[7.84976,47.9859]},"properties":{"id":"osm:node-7117018836","version":"94a010bf1be5cb21fdf8476455c8ae963e31999f2e61446e5559977a5b87634d","cityId":"freiburg","kind":"place","category":"yoga","title":"Ommm Yoga","statement":"Ommm Yoga ist in OpenStreetMap als yoga eingetragen. Betrieb und Öffnungszeiten nicht geprüft.","status":"OSM-Eintrag, nicht offiziell geprüft","startDate":null,"endDate":null,"nextStep":"Aktuelle Angaben direkt beim Ort prüfen.","scale":"street","geometryPrecision":"exact","reviewState":"candidate","asOf":"2026-09-26T17:22:08.637Z","sourceCount":1,"primarySource":{"url":"https://www.openstreetmap.org/node/7117018836","title":"OpenStreetMap contributors","publisher":"OpenStreetMap contributors","licence":"ODbL 1.0","reuse":"open_licence"}}},{"type":"Feature","geometry":{"type":"Point","coordinates":[7.80233,48.04686]},"properties":{"id":"osm:node-7118275027","version":"b0c8ebac3577a60d8b62fd1456cba9d6a9d625ffeb622bb41123cfc85b13b7ae","cityId":"freiburg","kind":"place","category":"post_office","title":"Postfiliale 504","statement":"Postfiliale 504 ist in OpenStreetMap als post_office eingetragen. Öffnungszeiten in OSM eingetragen; nicht unabhängig bestätigt.","status":"OSM-Eintrag, nicht offiziell geprüft","startDate":null,"endDate":null,"nextStep":"Aktuelle Angaben direkt beim Ort prüfen.","scale":"street","geometryPrecision":"exact","reviewState":"candidate","asOf":"2026-09-26T17:22:08.637Z","sourceCount":1,"primarySource":{"url":"https://www.openstreetmap.org/node/7118275027","title":"OpenStreetMap contributors","publisher":"OpenStreetMap contributors","licence":"ODbL 1.0","reuse":"open_licence"}}},{"type":"Feature","geometry":{"type":"Point","coordinates":[7.83856,48.0195]},"properties":{"id":"osm:node-7129602277","version":"9a9732030d52dd68155dfbd1bf0ac505dfe735cdfe751a83b8410e0e6e138d2a","cityId":"freiburg","kind":"place","category":"amateur_radio","title":"Deutscher Amateur-Radio-Club e.V. Ortsverband Freiburg A05","statement":"Deutscher Amateur-Radio-Club e.V. Ortsverband Freiburg A05 ist in OpenStreetMap als amateur_radio eingetragen. Betrieb und Öffnungszeiten nicht geprüft.","status":"OSM-Eintrag, nicht offiziell geprüft","startDate":null,"endDate":null,"nextStep":"Aktuelle Angaben direkt beim Ort prüfen.","scale":"street","geometryPrecision":"exact","reviewState":"candidate","asOf":"2026-09-26T17:22:08.637Z","sourceCount":1,"primarySource":{"url":"https://www.openstreetmap.org/node/7129602277","title":"OpenStreetMap contributors","publisher":"OpenStreetMap contributors","licence":"ODbL 1.0","reuse":"open_licence"}}},{"type":"Feature","geometry":{"type":"Point","coordinates":[7.84512,47.98812]},"properties":{"id":"osm:node-7130744076","version":"c90799995ae70cb6d3b553a4c32f8b1ce3e59c651b2363700ca2e79a0ce0ebe4","cityId":"freiburg","kind":"place","category":"doctors","title":"Dr. Hauk","statement":"Dr. Hauk ist in OpenStreetMap als doctors eingetragen. Öffnungszeiten in OSM eingetragen; nicht unabhängig bestätigt.","status":"OSM-Eintrag, nicht offiziell geprüft","startDate":null,"endDate":null,"nextStep":"Aktuelle Angaben direkt beim Ort prüfen.","scale":"street","geometryPrecision":"exact","reviewState":"candidate","asOf":"2026-09-26T17:22:08.637Z","sourceCount":1,"primarySource":{"url":"https://www.openstreetmap.org/node/7130744076","title":"OpenStreetMap contributors","publisher":"OpenStreetMap contributors","licence":"ODbL 1.0","reuse":"open_licence"}}},{"type":"Feature","geometry":{"type":"Point","coordinates":[7.81933,47.98492]},"properties":{"id":"osm:node-7131894821","version":"a42df2b9d4e16a2a86f304c378f53e8821d2e464a14bd526f185ecab67c9f77c","cityId":"freiburg","kind":"place","category":"supermarket","title":"Aldi Süd","statement":"Aldi Süd ist in OpenStreetMap als supermarket eingetragen. Öffnungszeiten in OSM eingetragen; nicht unabhängig bestätigt.","status":"OSM-Eintrag, nicht offiziell geprüft","startDate":null,"endDate":null,"nextStep":"Aktuelle Angaben direkt beim Ort prüfen.","scale":"street","geometryPrecision":"exact","reviewState":"candidate","asOf":"2026-09-26T17:22:08.637Z","sourceCount":1,"primarySource":{"url":"https://www.openstreetmap.org/node/7131894821","title":"OpenStreetMap contributors","publisher":"OpenStreetMap contributors","licence":"ODbL 1.0","reuse":"open_licence"}}},{"type":"Feature","geometry":{"type":"Point","coordinates":[7.84007,48.00705]},"properties":{"id":"osm:node-7152639585","version":"f395cdb4b7a8499816329cf0bca3203d50f51484277751695f3e5ced5e3e5690","cityId":"freiburg","kind":"place","category":"doctors","title":"Notfallpraxis der niedergelassenen Ärzte","statement":"Notfallpraxis der niedergelassenen Ärzte ist in OpenStreetMap als doctors eingetragen. Öffnungszeiten in OSM eingetragen; nicht unabhängig bestätigt.","status":"OSM-Eintrag, nicht offiziell geprüft","startDate":null,"endDate":null,"nextStep":"Aktuelle Angaben direkt beim Ort prüfen.","scale":"street","geometryPrecision":"exact","reviewState":"candidate","asOf":"2026-09-26T17:22:08.637Z","sourceCount":1,"primarySource":{"url":"https://www.openstreetmap.org/node/7152639585","title":"OpenStreetMap contributors","publisher":"OpenStreetMap contributors","licence":"ODbL 1.0","reuse":"open_licence"}}},{"type":"Feature","geometry":{"type":"Point","coordinates":[7.85602,48.01061]},"properties":{"id":"osm:node-7177208255","version":"a192462796b11524b797b50fedeb65376060e7b8cabf6234a519b4d2b995786f","cityId":"freiburg","kind":"place","category":"motorcycle","title":"MC Weingarten","statement":"MC Weingarten ist in OpenStreetMap als motorcycle eingetragen. Betrieb und Öffnungszeiten nicht geprüft.","status":"OSM-Eintrag, nicht offiziell geprüft","startDate":null,"endDate":null,"nextStep":"Aktuelle Angaben direkt beim Ort prüfen.","scale":"street","geometryPrecision":"exact","reviewState":"candidate","asOf":"2026-09-26T17:22:08.637Z","sourceCount":1,"primarySource":{"url":"https://www.openstreetmap.org/node/7177208255","title":"OpenStreetMap contributors","publisher":"OpenStreetMap contributors","licence":"ODbL 1.0","reuse":"open_licence"}}},{"type":"Feature","geometry":{"type":"Point","coordinates":[7.85597,48.01061]},"properties":{"id":"osm:node-7177208256","version":"d4f4dd84977a46bfa415d76b9f4a40eb764ec60e8bb4bae98583d3e96d9de1fe","cityId":"freiburg","kind":"place","category":"motorcycle","title":"MC Kuhle Wampe","statement":"MC Kuhle Wampe ist in OpenStreetMap als motorcycle eingetragen. Betrieb und Öffnungszeiten nicht geprüft.","status":"OSM-Eintrag, nicht offiziell geprüft","startDate":null,"endDate":null,"nextStep":"Aktuelle Angaben direkt beim Ort prüfen.","scale":"street","geometryPrecision":"exact","reviewState":"candidate","asOf":"2026-09-26T17:22:08.637Z","sourceCount":1,"primarySource":{"url":"https://www.openstreetmap.org/node/7177208256","title":"OpenStreetMap contributors","publisher":"OpenStreetMap contributors","licence":"ODbL 1.0","reuse":"open_licence"}}},{"type":"Feature","geometry":{"type":"Point","coordinates":[7.85565,48.01073]},"properties":{"id":"osm:node-7177208257","version":"4be2d10fc77170718179935f76ca4d10fb11912d59ba80f96a02e11375742320","cityId":"freiburg","kind":"place","category":"kindergarten","title":"Kita Fabrik","statement":"Kita Fabrik ist in OpenStreetMap als kindergarten eingetragen. Betrieb und Öffnungszeiten nicht geprüft.","status":"OSM-Eintrag, nicht offiziell geprüft","startDate":null,"endDate":null,"nextStep":"Aktuelle Angaben direkt beim Ort prüfen.","scale":"street","geometryPrecision":"exact","reviewState":"candidate","asOf":"2026-09-26T17:22:08.637Z","sourceCount":1,"primarySource":{"url":"https://www.openstreetmap.org/node/7177208257","title":"OpenStreetMap contributors","publisher":"OpenStreetMap contributors","licence":"ODbL 1.0","reuse":"open_licence"}}},{"type":"Feature","geometry":{"type":"Point","coordinates":[7.80365,47.97871]},"properties":{"id":"osm:node-7196216368","version":"4fb5984a64a854db164d07173334aa60e9ac3de9240954008e15d7ec95630038","cityId":"freiburg","kind":"place","category":"doctors","title":"Dr. med. U. Schmidt","statement":"Dr. med. U. Schmidt ist in OpenStreetMap als doctors eingetragen. Öffnungszeiten in OSM eingetragen; nicht unabhängig bestätigt.","status":"OSM-Eintrag, nicht offiziell geprüft","startDate":null,"endDate":null,"nextStep":"Aktuelle Angaben direkt beim Ort prüfen.","scale":"street","geometryPrecision":"exact","reviewState":"candidate","asOf":"2026-09-26T17:22:08.637Z","sourceCount":1,"primarySource":{"url":"https://www.openstreetmap.org/node/7196216368","title":"OpenStreetMap contributors","publisher":"OpenStreetMap contributors","licence":"ODbL 1.0","reuse":"open_licence"}}},{"type":"Feature","geometry":{"type":"Point","coordinates":[7.80564,48.00115]},"properties":{"id":"osm:node-7260706733","version":"ae1c2b83f5112bb29bdb6d87fcef6a2eb5869187cda3d91e1daeed69014032d8","cityId":"freiburg","kind":"place","category":"running;walking","title":"Dietenbach parkrun","statement":"Dietenbach parkrun ist in OpenStreetMap als running;walking eingetragen. Öffnungszeiten in OSM eingetragen; nicht unabhängig bestätigt.","status":"OSM-Eintrag, nicht offiziell geprüft","startDate":null,"endDate":null,"nextStep":"Aktuelle Angaben direkt beim Ort prüfen.","scale":"street","geometryPrecision":"exact","reviewState":"candidate","asOf":"2026-09-26T17:22:08.637Z","sourceCount":1,"primarySource":{"url":"https://www.openstreetmap.org/node/7260706733","title":"OpenStreetMap contributors","publisher":"OpenStreetMap contributors","licence":"ODbL 1.0","reuse":"open_licence"}}},{"type":"Feature","geometry":{"type":"Point","coordinates":[7.80087,48.04623]},"properties":{"id":"osm:node-726930318","version":"565f923e96d3c88173d1e73a537c0c187952b1faeb78d830eb4ca0c86e274dde","cityId":"freiburg","kind":"place","category":"volleyball","title":"SV Hochdorf","statement":"SV Hochdorf ist in OpenStreetMap als volleyball eingetragen. Betrieb und Öffnungszeiten nicht geprüft.","status":"OSM-Eintrag, nicht offiziell geprüft","startDate":null,"endDate":null,"nextStep":"Aktuelle Angaben direkt beim Ort prüfen.","scale":"street","geometryPrecision":"exact","reviewState":"candidate","asOf":"2026-09-26T17:22:08.637Z","sourceCount":1,"primarySource":{"url":"https://www.openstreetmap.org/node/726930318","title":"OpenStreetMap contributors","publisher":"OpenStreetMap contributors","licence":"ODbL 1.0","reuse":"open_licence"}}},{"type":"Feature","geometry":{"type":"Point","coordinates":[7.80168,48.04687]},"properties":{"id":"osm:node-726931931","version":"6c7dcaa0c9cc36da68805c7382a2378f48fe0dde18da5d4cc0b569d60d358ac8","cityId":"freiburg","kind":"place","category":"kindergarten","title":"Kindergarten Regenbogen","statement":"Kindergarten Regenbogen ist in OpenStreetMap als kindergarten eingetragen. Betrieb und Öffnungszeiten nicht geprüft.","status":"OSM-Eintrag, nicht offiziell geprüft","startDate":null,"endDate":null,"nextStep":"Aktuelle Angaben direkt beim Ort prüfen.","scale":"street","geometryPrecision":"exact","reviewState":"candidate","asOf":"2026-09-26T17:22:08.637Z","sourceCount":1,"primarySource":{"url":"https://www.openstreetmap.org/node/726931931","title":"OpenStreetMap contributors","publisher":"OpenStreetMap contributors","licence":"ODbL 1.0","reuse":"open_licence"}}},{"type":"Feature","geometry":{"type":"Point","coordinates":[7.85741,48.00163]},"properties":{"id":"osm:node-7297722941","version":"d3aec2645be2b904d335a332ae2926abae43a653d91dfd09ab3861d9a87f739e","cityId":"freiburg","kind":"place","category":"doctors","title":"HNO Praxisgemeinschaft Johanniter 15","statement":"HNO Praxisgemeinschaft Johanniter 15 ist in OpenStreetMap als doctors eingetragen. Öffnungszeiten in OSM eingetragen; nicht unabhängig bestätigt.","status":"OSM-Eintrag, nicht offiziell geprüft","startDate":null,"endDate":null,"nextStep":"Aktuelle Angaben direkt beim Ort prüfen.","scale":"street","geometryPrecision":"exact","reviewState":"candidate","asOf":"2026-09-26T17:22:08.637Z","sourceCount":1,"primarySource":{"url":"https://www.openstreetmap.org/node/7297722941","title":"OpenStreetMap contributors","publisher":"OpenStreetMap contributors","licence":"ODbL 1.0","reuse":"open_licence"}}},{"type":"Feature","geometry":{"type":"Point","coordinates":[7.83693,47.98524]},"properties":{"id":"osm:node-7401043915","version":"3aedd12e0b1fdf5043f542a92959cddfce64c170332c1031e293c32e8a4fc52e","cityId":"freiburg","kind":"place","category":"doctors","title":"Praxis für Neurologie","statement":"Praxis für Neurologie ist in OpenStreetMap als doctors eingetragen. Öffnungszeiten in OSM eingetragen; nicht unabhängig bestätigt.","status":"OSM-Eintrag, nicht offiziell geprüft","startDate":null,"endDate":null,"nextStep":"Aktuelle Angaben direkt beim Ort prüfen.","scale":"street","geometryPrecision":"exact","reviewState":"candidate","asOf":"2026-09-26T17:22:08.637Z","sourceCount":1,"primarySource":{"url":"https://www.openstreetmap.org/node/7401043915","title":"OpenStreetMap contributors","publisher":"OpenStreetMap contributors","licence":"ODbL 1.0","reuse":"open_licence"}}},{"type":"Feature","geometry":{"type":"Point","coordinates":[7.83636,47.9865]},"properties":{"id":"osm:node-7405728583","version":"9c7ea332337fc0d255281d0cd35e81919a1ec4722b6d99b52b4d01f48e580c27","cityId":"freiburg","kind":"place","category":"doctors","title":"Radiologie Nuklearmedizin Freiburg","statement":"Radiologie Nuklearmedizin Freiburg ist in OpenStreetMap als doctors eingetragen. Öffnungszeiten in OSM eingetragen; nicht unabhängig bestätigt.","status":"OSM-Eintrag, nicht offiziell geprüft","startDate":null,"endDate":null,"nextStep":"Aktuelle Angaben direkt beim Ort prüfen.","scale":"street","geometryPrecision":"exact","reviewState":"candidate","asOf":"2026-09-26T17:22:08.637Z","sourceCount":1,"primarySource":{"url":"https://www.openstreetmap.org/node/7405728583","title":"OpenStreetMap contributors","publisher":"OpenStreetMap contributors","licence":"ODbL 1.0","reuse":"open_licence"}}},{"type":"Feature","geometry":{"type":"Point","coordinates":[7.84801,48.0114]},"properties":{"id":"osm:node-7405800253","version":"2c60a5f124a37454e5fac101d75a47ab547a467cc433ee2e0c3e76eb744f6aa5","cityId":"freiburg","kind":"place","category":"doctors","title":"Radiologie am Zollhof","statement":"Radiologie am Zollhof ist in OpenStreetMap als doctors eingetragen. Öffnungszeiten in OSM eingetragen; nicht unabhängig bestätigt.","status":"OSM-Eintrag, nicht offiziell geprüft","startDate":null,"endDate":null,"nextStep":"Aktuelle Angaben direkt beim Ort prüfen.","scale":"street","geometryPrecision":"exact","reviewState":"candidate","asOf":"2026-09-26T17:22:08.637Z","sourceCount":1,"primarySource":{"url":"https://www.openstreetmap.org/node/7405800253","title":"OpenStreetMap contributors","publisher":"OpenStreetMap contributors","licence":"ODbL 1.0","reuse":"open_licence"}}},{"type":"Feature","geometry":{"type":"Point","coordinates":[7.84776,47.98625]},"properties":{"id":"osm:node-7472248544","version":"7f462dd6410bbe0a3d7810d9e345e919e3cd55d06ebd870b66a5c7d9c7fd39e8","cityId":"freiburg","kind":"place","category":"pharmacy","title":"Zasius Apotheke","statement":"Zasius Apotheke ist in OpenStreetMap als pharmacy eingetragen. Öffnungszeiten in OSM eingetragen; nicht unabhängig bestätigt.","status":"OSM-Eintrag, nicht offiziell geprüft","startDate":null,"endDate":null,"nextStep":"Aktuelle Angaben direkt beim Ort prüfen.","scale":"street","geometryPrecision":"exact","reviewState":"candidate","asOf":"2026-09-26T17:22:08.637Z","sourceCount":1,"primarySource":{"url":"https://www.openstreetmap.org/node/7472248544","title":"OpenStreetMap contributors","publisher":"OpenStreetMap contributors","licence":"ODbL 1.0","reuse":"open_licence"}}},{"type":"Feature","geometry":{"type":"Point","coordinates":[7.86199,48.00554]},"properties":{"id":"osm:node-747662276","version":"dd5f6d6d5a90f6762b95c0393c3b7f0ebdfdd464ede70b42acf1ae8510c31870","cityId":"freiburg","kind":"place","category":"school","title":"Weiherhof-Grundschule","statement":"Weiherhof-Grundschule ist in OpenStreetMap als school eingetragen. Betrieb und Öffnungszeiten nicht geprüft.","status":"OSM-Eintrag, nicht offiziell geprüft","startDate":null,"endDate":null,"nextStep":"Aktuelle Angaben direkt beim Ort prüfen.","scale":"street","geometryPrecision":"exact","reviewState":"candidate","asOf":"2026-09-26T17:22:08.637Z","sourceCount":1,"primarySource":{"url":"https://www.openstreetmap.org/node/747662276","title":"OpenStreetMap contributors","publisher":"OpenStreetMap contributors","licence":"ODbL 1.0","reuse":"open_licence"}}},{"type":"Feature","geometry":{"type":"Point","coordinates":[7.86159,48.00606]},"properties":{"id":"osm:node-747662315","version":"91936f94e790fef7217ab36e7886395e033dc98dd53abb03c48b59c5bc44ee76","cityId":"freiburg","kind":"place","category":"school","title":"Weiherhof-Realschule","statement":"Weiherhof-Realschule ist in OpenStreetMap als school eingetragen. Betrieb und Öffnungszeiten nicht geprüft.","status":"OSM-Eintrag, nicht offiziell geprüft","startDate":null,"endDate":null,"nextStep":"Aktuelle Angaben direkt beim Ort prüfen.","scale":"street","geometryPrecision":"exact","reviewState":"candidate","asOf":"2026-09-26T17:22:08.637Z","sourceCount":1,"primarySource":{"url":"https://www.openstreetmap.org/node/747662315","title":"OpenStreetMap contributors","publisher":"OpenStreetMap contributors","licence":"ODbL 1.0","reuse":"open_licence"}}},{"type":"Feature","geometry":{"type":"Point","coordinates":[7.85322,47.98717]},"properties":{"id":"osm:node-7536352556","version":"2002df81cdecd466c06cc2764e38262edee1ab783e6a1e17d616be347c95f8f5","cityId":"freiburg","kind":"place","category":"doctors","title":"Praxisgemeinschaft für Psychotherapie","statement":"Praxisgemeinschaft für Psychotherapie ist in OpenStreetMap als doctors eingetragen. Öffnungszeiten in OSM eingetragen; nicht unabhängig bestätigt.","status":"OSM-Eintrag, nicht offiziell geprüft","startDate":null,"endDate":null,"nextStep":"Aktuelle Angaben direkt beim Ort prüfen.","scale":"street","geometryPrecision":"exact","reviewState":"candidate","asOf":"2026-09-26T17:22:08.637Z","sourceCount":1,"primarySource":{"url":"https://www.openstreetmap.org/node/7536352556","title":"OpenStreetMap contributors","publisher":"OpenStreetMap contributors","licence":"ODbL 1.0","reuse":"open_licence"}}},{"type":"Feature","geometry":{"type":"Point","coordinates":[7.83592,47.98564]},"properties":{"id":"osm:node-7552910264","version":"65f66f768b106171d95bfca1c37eefea15477b2171eb264331c3b5a869fb2a1c","cityId":"freiburg","kind":"place","category":"doctors","title":"Dorow Clinic","statement":"Dorow Clinic ist in OpenStreetMap als doctors eingetragen. Betrieb und Öffnungszeiten nicht geprüft.","status":"OSM-Eintrag, nicht offiziell geprüft","startDate":null,"endDate":null,"nextStep":"Aktuelle Angaben direkt beim Ort prüfen.","scale":"street","geometryPrecision":"exact","reviewState":"candidate","asOf":"2026-09-26T17:22:08.637Z","sourceCount":1,"primarySource":{"url":"https://www.openstreetmap.org/node/7552910264","title":"OpenStreetMap contributors","publisher":"OpenStreetMap contributors","licence":"ODbL 1.0","reuse":"open_licence"}}},{"type":"Feature","geometry":{"type":"Point","coordinates":[7.83681,47.99807]},"properties":{"id":"osm:node-7574440063","version":"01be043a75c6ea472f7615b2769ccb3c28c5103b42ac4f066f41e3abd3c640ef","cityId":"freiburg","kind":"place","category":"swimming","title":"Cemper Sport","statement":"Cemper Sport ist in OpenStreetMap als swimming eingetragen. Öffnungszeiten in OSM eingetragen; nicht unabhängig bestätigt.","status":"OSM-Eintrag, nicht offiziell geprüft","startDate":null,"endDate":null,"nextStep":"Aktuelle Angaben direkt beim Ort prüfen.","scale":"street","geometryPrecision":"exact","reviewState":"candidate","asOf":"2026-09-26T17:22:08.637Z","sourceCount":1,"primarySource":{"url":"https://www.openstreetmap.org/node/7574440063","title":"OpenStreetMap contributors","publisher":"OpenStreetMap contributors","licence":"ODbL 1.0","reuse":"open_licence"}}},{"type":"Feature","geometry":{"type":"Point","coordinates":[7.85834,47.98801]},"properties":{"id":"osm:node-7622726107","version":"53e1d2c1a72dd38dd4a273172bfc6df58c0e5f7ebaed1ab025dff5f884e92a47","cityId":"freiburg","kind":"place","category":"doctors","title":"Dr. med. Sabina Renner","statement":"Dr. med. Sabina Renner ist in OpenStreetMap als doctors eingetragen. Öffnungszeiten in OSM eingetragen; nicht unabhängig bestätigt.","status":"OSM-Eintrag, nicht offiziell geprüft","startDate":null,"endDate":null,"nextStep":"Aktuelle Angaben direkt beim Ort prüfen.","scale":"street","geometryPrecision":"exact","reviewState":"candidate","asOf":"2026-09-26T17:22:08.637Z","sourceCount":1,"primarySource":{"url":"https://www.openstreetmap.org/node/7622726107","title":"OpenStreetMap contributors","publisher":"OpenStreetMap contributors","licence":"ODbL 1.0","reuse":"open_licence"}}},{"type":"Feature","geometry":{"type":"Point","coordinates":[7.84643,47.98502]},"properties":{"id":"osm:node-7660589059","version":"30cff222ca4c2c5755460f2cbe01497fcb6828202b7e184ab4aa7719b391d327","cityId":"freiburg","kind":"place","category":"doctors","title":"Osteopathie-Praxis Bina Holder","statement":"Osteopathie-Praxis Bina Holder ist in OpenStreetMap als doctors eingetragen. Öffnungszeiten in OSM eingetragen; nicht unabhängig bestätigt.","status":"OSM-Eintrag, nicht offiziell geprüft","startDate":null,"endDate":null,"nextStep":"Aktuelle Angaben direkt beim Ort prüfen.","scale":"street","geometryPrecision":"exact","reviewState":"candidate","asOf":"2026-09-26T17:22:08.637Z","sourceCount":1,"primarySource":{"url":"https://www.openstreetmap.org/node/7660589059","title":"OpenStreetMap contributors","publisher":"OpenStreetMap contributors","licence":"ODbL 1.0","reuse":"open_licence"}}},{"type":"Feature","geometry":{"type":"Point","coordinates":[7.79266,47.98842]},"properties":{"id":"osm:node-7775590686","version":"88eb2ee1bfe28d43f12cf4e38df2488e02f3e8e80cde555e1bd86cd5cad0461a","cityId":"freiburg","kind":"place","category":"bakery","title":"Reiß-Beck","statement":"Reiß-Beck ist in OpenStreetMap als bakery eingetragen. Öffnungszeiten in OSM eingetragen; nicht unabhängig bestätigt.","status":"OSM-Eintrag, nicht offiziell geprüft","startDate":null,"endDate":null,"nextStep":"Aktuelle Angaben direkt beim Ort prüfen.","scale":"street","geometryPrecision":"exact","reviewState":"candidate","asOf":"2026-09-26T17:22:08.637Z","sourceCount":1,"primarySource":{"url":"https://www.openstreetmap.org/node/7775590686","title":"OpenStreetMap contributors","publisher":"OpenStreetMap contributors","licence":"ODbL 1.0","reuse":"open_licence"}}},{"type":"Feature","geometry":{"type":"Point","coordinates":[7.85408,47.9831]},"properties":{"id":"osm:node-778941195","version":"ea43b683e797ddca5f943145eafab278cdb9ecf40dbf8a4e0ad926ef110c7832","cityId":"freiburg","kind":"place","category":"bakery","title":"Läckerei","statement":"Läckerei ist in OpenStreetMap als bakery eingetragen. Öffnungszeiten in OSM eingetragen; nicht unabhängig bestätigt.","status":"OSM-Eintrag, nicht offiziell geprüft","startDate":null,"endDate":null,"nextStep":"Aktuelle Angaben direkt beim Ort prüfen.","scale":"street","geometryPrecision":"exact","reviewState":"candidate","asOf":"2026-09-26T17:22:08.637Z","sourceCount":1,"primarySource":{"url":"https://www.openstreetmap.org/node/778941195","title":"OpenStreetMap contributors","publisher":"OpenStreetMap contributors","licence":"ODbL 1.0","reuse":"open_licence"}}},{"type":"Feature","geometry":{"type":"Point","coordinates":[7.82969,48.00779]},"properties":{"id":"osm:node-7805037600","version":"e6c4dbf2f772ff97416ae9d7b8a479a32e01777775c31150564a802a0797cfdb","cityId":"freiburg","kind":"place","category":"pharmacy","title":"Apotheke am Berliner Tor","statement":"Apotheke am Berliner Tor ist in OpenStreetMap als pharmacy eingetragen. Öffnungszeiten in OSM eingetragen; nicht unabhängig bestätigt.","status":"OSM-Eintrag, nicht offiziell geprüft","startDate":null,"endDate":null,"nextStep":"Aktuelle Angaben direkt beim Ort prüfen.","scale":"street","geometryPrecision":"exact","reviewState":"candidate","asOf":"2026-09-26T17:22:08.637Z","sourceCount":1,"primarySource":{"url":"https://www.openstreetmap.org/node/7805037600","title":"OpenStreetMap contributors","publisher":"OpenStreetMap contributors","licence":"ODbL 1.0","reuse":"open_licence"}}},{"type":"Feature","geometry":{"type":"Point","coordinates":[7.82987,48.00766]},"properties":{"id":"osm:node-7805037601","version":"3439bcc8f72c5839518e5675562d7caac9911e165f561af7c1e61fd31360df01","cityId":"freiburg","kind":"place","category":"bakery","title":"Armbruster","statement":"Armbruster ist in OpenStreetMap als bakery eingetragen. Öffnungszeiten in OSM eingetragen; nicht unabhängig bestätigt.","status":"OSM-Eintrag, nicht offiziell geprüft","startDate":null,"endDate":null,"nextStep":"Aktuelle Angaben direkt beim Ort prüfen.","scale":"street","geometryPrecision":"exact","reviewState":"candidate","asOf":"2026-09-26T17:22:08.637Z","sourceCount":1,"primarySource":{"url":"https://www.openstreetmap.org/node/7805037601","title":"OpenStreetMap contributors","publisher":"OpenStreetMap contributors","licence":"ODbL 1.0","reuse":"open_licence"}}},{"type":"Feature","geometry":{"type":"Point","coordinates":[7.81235,48.04786]},"properties":{"id":"osm:node-789995946","version":"76f03bf2ecc1d626faebb6eface25477e1f930681cb91c79fee6ffd1fe01c2af","cityId":"freiburg","kind":"place","category":"fishing","title":"Angelsportverein Hochdorf","statement":"Angelsportverein Hochdorf ist in OpenStreetMap als fishing eingetragen. Betrieb und Öffnungszeiten nicht geprüft.","status":"OSM-Eintrag, nicht offiziell geprüft","startDate":null,"endDate":null,"nextStep":"Aktuelle Angaben direkt beim Ort prüfen.","scale":"street","geometryPrecision":"exact","reviewState":"candidate","asOf":"2026-09-26T17:22:08.637Z","sourceCount":1,"primarySource":{"url":"https://www.openstreetmap.org/node/789995946","title":"OpenStreetMap contributors","publisher":"OpenStreetMap contributors","licence":"ODbL 1.0","reuse":"open_licence"}}},{"type":"Feature","geometry":{"type":"Point","coordinates":[7.84623,48.00264]},"properties":{"id":"osm:node-7965246234","version":"3e5a188457ac9aaecf0c8508966ff434cad5d0d6963f6dab9b7a5dbf4b7e6606","cityId":"freiburg","kind":"place","category":"police","title":"Kriminalpolizeiliche Beratungsstelle, Polizeipräsidium Freiburg","statement":"Kriminalpolizeiliche Beratungsstelle, Polizeipräsidium Freiburg ist in OpenStreetMap als police eingetragen. Betrieb und Öffnungszeiten nicht geprüft.","status":"OSM-Eintrag, nicht offiziell geprüft","startDate":null,"endDate":null,"nextStep":"Aktuelle Angaben direkt beim Ort prüfen.","scale":"street","geometryPrecision":"exact","reviewState":"candidate","asOf":"2026-09-26T17:22:08.637Z","sourceCount":1,"primarySource":{"url":"https://www.openstreetmap.org/node/7965246234","title":"OpenStreetMap contributors","publisher":"OpenStreetMap contributors","licence":"ODbL 1.0","reuse":"open_licence"}}},{"type":"Feature","geometry":{"type":"Point","coordinates":[7.8387,47.99932]},"properties":{"id":"osm:node-7975386753","version":"3c6352e9a31037c84d67edddaced3d62b5f586690f99f88d5637ed70dff30670","cityId":"freiburg","kind":"place","category":"kindergarten","title":"Die Klara-Kinder","statement":"Die Klara-Kinder ist in OpenStreetMap als kindergarten eingetragen. Betrieb und Öffnungszeiten nicht geprüft.","status":"OSM-Eintrag, nicht offiziell geprüft","startDate":null,"endDate":null,"nextStep":"Aktuelle Angaben direkt beim Ort prüfen.","scale":"street","geometryPrecision":"exact","reviewState":"candidate","asOf":"2026-09-26T17:22:08.637Z","sourceCount":1,"primarySource":{"url":"https://www.openstreetmap.org/node/7975386753","title":"OpenStreetMap contributors","publisher":"OpenStreetMap contributors","licence":"ODbL 1.0","reuse":"open_licence"}}},{"type":"Feature","geometry":{"type":"Point","coordinates":[7.84366,47.99499]},"properties":{"id":"osm:node-8059633563","version":"b04563563e5c89c27d58cdf7b0364a5ab5fc62c21ee6474d8a264b7840484b2c","cityId":"freiburg","kind":"place","category":"clinic","title":"PraxisZentrum für Gastroenterologie und Endokrinologie","statement":"PraxisZentrum für Gastroenterologie und Endokrinologie ist in OpenStreetMap als clinic eingetragen. Betrieb und Öffnungszeiten nicht geprüft.","status":"OSM-Eintrag, nicht offiziell geprüft","startDate":null,"endDate":null,"nextStep":"Aktuelle Angaben direkt beim Ort prüfen.","scale":"street","geometryPrecision":"exact","reviewState":"candidate","asOf":"2026-09-26T17:22:08.637Z","sourceCount":1,"primarySource":{"url":"https://www.openstreetmap.org/node/8059633563","title":"OpenStreetMap contributors","publisher":"OpenStreetMap contributors","licence":"ODbL 1.0","reuse":"open_licence"}}},{"type":"Feature","geometry":{"type":"Point","coordinates":[7.85117,47.99711]},"properties":{"id":"osm:node-809686343","version":"e8979145ef4261dcf7cc84b4bc315fdfbee75963b6e39d1a17a7802f52a9bd69","cityId":"freiburg","kind":"place","category":"supermarket","title":"Aldi Süd","statement":"Aldi Süd ist in OpenStreetMap als supermarket eingetragen. Öffnungszeiten in OSM eingetragen; nicht unabhängig bestätigt.","status":"OSM-Eintrag, nicht offiziell geprüft","startDate":null,"endDate":null,"nextStep":"Aktuelle Angaben direkt beim Ort prüfen.","scale":"street","geometryPrecision":"exact","reviewState":"candidate","asOf":"2026-09-26T17:22:08.637Z","sourceCount":1,"primarySource":{"url":"https://www.openstreetmap.org/node/809686343","title":"OpenStreetMap contributors","publisher":"OpenStreetMap contributors","licence":"ODbL 1.0","reuse":"open_licence"}}},{"type":"Feature","geometry":{"type":"Point","coordinates":[7.85381,47.99819]},"properties":{"id":"osm:node-8170140262","version":"c4264b5e65126a165f2d8514dbde4a762773f10da6f33d1012c8d3b19c600da6","cityId":"freiburg","kind":"place","category":"doctors","title":"Dr. med. Hubertus von Boehmer, Dr. med. Nikolai Gross, Dr. med. Mechthild Scheuerbrandt","statement":"Dr. med. Hubertus von Boehmer, Dr. med. Nikolai Gross, Dr. med. Mechthild Scheuerbrandt ist in OpenStreetMap als doctors eingetragen. Öffnungszeiten in OSM eingetragen; nicht unabhängig bestätigt.","status":"OSM-Eintrag, nicht offiziell geprüft","startDate":null,"endDate":null,"nextStep":"Aktuelle Angaben direkt beim Ort prüfen.","scale":"street","geometryPrecision":"exact","reviewState":"candidate","asOf":"2026-09-26T17:22:08.637Z","sourceCount":1,"primarySource":{"url":"https://www.openstreetmap.org/node/8170140262","title":"OpenStreetMap contributors","publisher":"OpenStreetMap contributors","licence":"ODbL 1.0","reuse":"open_licence"}}},{"type":"Feature","geometry":{"type":"Point","coordinates":[7.88978,47.90978]},"properties":{"id":"osm:node-8174213510","version":"468019ca47fc3cf4e7e380485111685ac34f20a038ab19c93253c79ea20dcb8c","cityId":"freiburg","kind":"place","category":"free_flying","title":"Schauinsland Startplatz Rotlache","statement":"Schauinsland Startplatz Rotlache ist in OpenStreetMap als free_flying eingetragen. Betrieb und Öffnungszeiten nicht geprüft.","status":"OSM-Eintrag, nicht offiziell geprüft","startDate":null,"endDate":null,"nextStep":"Aktuelle Angaben direkt beim Ort prüfen.","scale":"street","geometryPrecision":"exact","reviewState":"candidate","asOf":"2026-09-26T17:22:08.637Z","sourceCount":1,"primarySource":{"url":"https://www.openstreetmap.org/node/8174213510","title":"OpenStreetMap contributors","publisher":"OpenStreetMap contributors","licence":"ODbL 1.0","reuse":"open_licence"}}},{"type":"Feature","geometry":{"type":"Point","coordinates":[7.80713,47.99795]},"properties":{"id":"osm:node-8269677606","version":"3bed870ef3490f48e6554359080fbf9fee7c5b262318eab0fdda0c633843db38","cityId":"freiburg","kind":"place","category":"bakery","title":"Bäckerei Heitzmann","statement":"Bäckerei Heitzmann ist in OpenStreetMap als bakery eingetragen. Öffnungszeiten in OSM eingetragen; nicht unabhängig bestätigt.","status":"OSM-Eintrag, nicht offiziell geprüft","startDate":null,"endDate":null,"nextStep":"Aktuelle Angaben direkt beim Ort prüfen.","scale":"street","geometryPrecision":"exact","reviewState":"candidate","asOf":"2026-09-26T17:22:08.637Z","sourceCount":1,"primarySource":{"url":"https://www.openstreetmap.org/node/8269677606","title":"OpenStreetMap contributors","publisher":"OpenStreetMap contributors","licence":"ODbL 1.0","reuse":"open_licence"}}},{"type":"Feature","geometry":{"type":"Point","coordinates":[7.85301,48.02046]},"properties":{"id":"osm:node-8285076846","version":"988fe6928bd4b93c04f7947f65c435c90556ec5972b6ab0f6eb6de0989f9d2b8","cityId":"freiburg","kind":"place","category":"tai_chi","title":"TaiChi Schule Freiburg","statement":"TaiChi Schule Freiburg ist in OpenStreetMap als tai_chi eingetragen. Betrieb und Öffnungszeiten nicht geprüft.","status":"OSM-Eintrag, nicht offiziell geprüft","startDate":null,"endDate":null,"nextStep":"Aktuelle Angaben direkt beim Ort prüfen.","scale":"street","geometryPrecision":"exact","reviewState":"candidate","asOf":"2026-09-26T17:22:08.637Z","sourceCount":1,"primarySource":{"url":"https://www.openstreetmap.org/node/8285076846","title":"OpenStreetMap contributors","publisher":"OpenStreetMap contributors","licence":"ODbL 1.0","reuse":"open_licence"}}},{"type":"Feature","geometry":{"type":"Point","coordinates":[7.81066,47.99437]},"properties":{"id":"osm:node-829132119","version":"a90632255eca5e15594552119cb68d9d417eb3505bf47e8710f385c9f5f87b34","cityId":"freiburg","kind":"place","category":"bakery","title":"Heitzmann","statement":"Heitzmann ist in OpenStreetMap als bakery eingetragen. Öffnungszeiten in OSM eingetragen; nicht unabhängig bestätigt.","status":"OSM-Eintrag, nicht offiziell geprüft","startDate":null,"endDate":null,"nextStep":"Aktuelle Angaben direkt beim Ort prüfen.","scale":"street","geometryPrecision":"exact","reviewState":"candidate","asOf":"2026-09-26T17:22:08.637Z","sourceCount":1,"primarySource":{"url":"https://www.openstreetmap.org/node/829132119","title":"OpenStreetMap contributors","publisher":"OpenStreetMap contributors","licence":"ODbL 1.0","reuse":"open_licence"}}},{"type":"Feature","geometry":{"type":"Point","coordinates":[7.81066,48.01073]},"properties":{"id":"osm:node-829903920","version":"f5557c8f331fac41376929f696f88e5db35b43eaf9202a15381b250f0408583c","cityId":"freiburg","kind":"place","category":"supermarket","title":"Nahkauf","statement":"Nahkauf ist in OpenStreetMap als supermarket eingetragen. Öffnungszeiten in OSM eingetragen; nicht unabhängig bestätigt.","status":"OSM-Eintrag, nicht offiziell geprüft","startDate":null,"endDate":null,"nextStep":"Aktuelle Angaben direkt beim Ort prüfen.","scale":"street","geometryPrecision":"exact","reviewState":"candidate","asOf":"2026-09-26T17:22:08.637Z","sourceCount":1,"primarySource":{"url":"https://www.openstreetmap.org/node/829903920","title":"OpenStreetMap contributors","publisher":"OpenStreetMap contributors","licence":"ODbL 1.0","reuse":"open_licence"}}},{"type":"Feature","geometry":{"type":"Point","coordinates":[7.84865,48.00012]},"properties":{"id":"osm:node-831224998","version":"53c3e5f95b24a339fa556c148574be3dfadbc6ce140052cfce6961d6c97cc94f","cityId":"freiburg","kind":"place","category":"bakery","title":"buon café","statement":"buon café ist in OpenStreetMap als bakery eingetragen. Öffnungszeiten in OSM eingetragen; nicht unabhängig bestätigt.","status":"OSM-Eintrag, nicht offiziell geprüft","startDate":null,"endDate":null,"nextStep":"Aktuelle Angaben direkt beim Ort prüfen.","scale":"street","geometryPrecision":"exact","reviewState":"candidate","asOf":"2026-09-26T17:22:08.637Z","sourceCount":1,"primarySource":{"url":"https://www.openstreetmap.org/node/831224998","title":"OpenStreetMap contributors","publisher":"OpenStreetMap contributors","licence":"ODbL 1.0","reuse":"open_licence"}}},{"type":"Feature","geometry":{"type":"Point","coordinates":[7.80472,47.99761]},"properties":{"id":"osm:node-832739081","version":"e8f3c78c320de01e6c73e4392704cf3a3eda3fc21dfa9659136fa9ec18ca2b3d","cityId":"freiburg","kind":"place","category":"kindergarten","title":"Kinderhaus","statement":"Kinderhaus ist in OpenStreetMap als kindergarten eingetragen. Betrieb und Öffnungszeiten nicht geprüft.","status":"OSM-Eintrag, nicht offiziell geprüft","startDate":null,"endDate":null,"nextStep":"Aktuelle Angaben direkt beim Ort prüfen.","scale":"street","geometryPrecision":"exact","reviewState":"candidate","asOf":"2026-09-26T17:22:08.637Z","sourceCount":1,"primarySource":{"url":"https://www.openstreetmap.org/node/832739081","title":"OpenStreetMap contributors","publisher":"OpenStreetMap contributors","licence":"ODbL 1.0","reuse":"open_licence"}}},{"type":"Feature","geometry":{"type":"Point","coordinates":[7.80654,47.99775]},"properties":{"id":"osm:node-832739199","version":"476f74753f7ebaa7e5257540799d23074a0d6d0d9354feab6f20a7d81a27976b","cityId":"freiburg","kind":"place","category":"pharmacy","title":"Fontane Apotheke","statement":"Fontane Apotheke ist in OpenStreetMap als pharmacy eingetragen. Öffnungszeiten in OSM eingetragen; nicht unabhängig bestätigt.","status":"OSM-Eintrag, nicht offiziell geprüft","startDate":null,"endDate":null,"nextStep":"Aktuelle Angaben direkt beim Ort prüfen.","scale":"street","geometryPrecision":"exact","reviewState":"candidate","asOf":"2026-09-26T17:22:08.637Z","sourceCount":1,"primarySource":{"url":"https://www.openstreetmap.org/node/832739199","title":"OpenStreetMap contributors","publisher":"OpenStreetMap contributors","licence":"ODbL 1.0","reuse":"open_licence"}}},{"type":"Feature","geometry":{"type":"Point","coordinates":[7.80881,47.97147]},"properties":{"id":"osm:node-8331281803","version":"f1b56d5c1c8f26f114b652420a49dca0904c7190ab85438913fd2ba19a58eb81","cityId":"freiburg","kind":"place","category":"kindergarten","title":"Oberlin Kindergarten Freiburg St. Georgen","statement":"Oberlin Kindergarten Freiburg St. Georgen ist in OpenStreetMap als kindergarten eingetragen. Betrieb und Öffnungszeiten nicht geprüft.","status":"OSM-Eintrag, nicht offiziell geprüft","startDate":null,"endDate":null,"nextStep":"Aktuelle Angaben direkt beim Ort prüfen.","scale":"street","geometryPrecision":"exact","reviewState":"candidate","asOf":"2026-09-26T17:22:08.637Z","sourceCount":1,"primarySource":{"url":"https://www.openstreetmap.org/node/8331281803","title":"OpenStreetMap contributors","publisher":"OpenStreetMap contributors","licence":"ODbL 1.0","reuse":"open_licence"}}},{"type":"Feature","geometry":{"type":"Point","coordinates":[7.83982,47.99778]},"properties":{"id":"osm:node-8404510717","version":"0ec140046b37bad058418973ad99d9ef7ba2d10249cffa31ed5b36b2dcf3b63a","cityId":"freiburg","kind":"place","category":"doctors","title":"Allgemeinmedizinerin Dr Kauffmann","statement":"Allgemeinmedizinerin Dr Kauffmann ist in OpenStreetMap als doctors eingetragen. Öffnungszeiten in OSM eingetragen; nicht unabhängig bestätigt.","status":"OSM-Eintrag, nicht offiziell geprüft","startDate":null,"endDate":null,"nextStep":"Aktuelle Angaben direkt beim Ort prüfen.","scale":"street","geometryPrecision":"exact","reviewState":"candidate","asOf":"2026-09-26T17:22:08.637Z","sourceCount":1,"primarySource":{"url":"https://www.openstreetmap.org/node/8404510717","title":"OpenStreetMap contributors","publisher":"OpenStreetMap contributors","licence":"ODbL 1.0","reuse":"open_licence"}}},{"type":"Feature","geometry":{"type":"Point","coordinates":[7.84232,48.01875]},"properties":{"id":"osm:node-847498119","version":"93e72bb48bde4dbe0fcc1a27f7d2ecedf737e3c1f5c0c1377bfd6f2d2f333b24","cityId":"freiburg","kind":"place","category":"bakery","title":"Reiß-Beck","statement":"Reiß-Beck ist in OpenStreetMap als bakery eingetragen. Öffnungszeiten in OSM eingetragen; nicht unabhängig bestätigt.","status":"OSM-Eintrag, nicht offiziell geprüft","startDate":null,"endDate":null,"nextStep":"Aktuelle Angaben direkt beim Ort prüfen.","scale":"street","geometryPrecision":"exact","reviewState":"candidate","asOf":"2026-09-26T17:22:08.637Z","sourceCount":1,"primarySource":{"url":"https://www.openstreetmap.org/node/847498119","title":"OpenStreetMap contributors","publisher":"OpenStreetMap contributors","licence":"ODbL 1.0","reuse":"open_licence"}}},{"type":"Feature","geometry":{"type":"Point","coordinates":[7.82384,47.97784]},"properties":{"id":"osm:node-8477063517","version":"19c8ab66caf8caa49270e7d7fe4eb1700a7827aa602034fb3c8262a56bba8627","cityId":"freiburg","kind":"place","category":"kindergarten","title":"Waldorf-Kindertagesstätte Wiesental","statement":"Waldorf-Kindertagesstätte Wiesental ist in OpenStreetMap als kindergarten eingetragen. Betrieb und Öffnungszeiten nicht geprüft.","status":"OSM-Eintrag, nicht offiziell geprüft","startDate":null,"endDate":null,"nextStep":"Aktuelle Angaben direkt beim Ort prüfen.","scale":"street","geometryPrecision":"exact","reviewState":"candidate","asOf":"2026-09-26T17:22:08.637Z","sourceCount":1,"primarySource":{"url":"https://www.openstreetmap.org/node/8477063517","title":"OpenStreetMap contributors","publisher":"OpenStreetMap contributors","licence":"ODbL 1.0","reuse":"open_licence"}}},{"type":"Feature","geometry":{"type":"Point","coordinates":[7.82415,47.9778]},"properties":{"id":"osm:node-8477063518","version":"e5f8c8c4dcd2618a045910e64340a5a8dfd71c10118a9076e8ba5ca34e9cfeca","cityId":"freiburg","kind":"place","category":"kindergarten","title":"Kita und Familienzentrum Wiesengrün","statement":"Kita und Familienzentrum Wiesengrün ist in OpenStreetMap als kindergarten eingetragen. Betrieb und Öffnungszeiten nicht geprüft.","status":"OSM-Eintrag, nicht offiziell geprüft","startDate":null,"endDate":null,"nextStep":"Aktuelle Angaben direkt beim Ort prüfen.","scale":"street","geometryPrecision":"exact","reviewState":"candidate","asOf":"2026-09-26T17:22:08.637Z","sourceCount":1,"primarySource":{"url":"https://www.openstreetmap.org/node/8477063518","title":"OpenStreetMap contributors","publisher":"OpenStreetMap contributors","licence":"ODbL 1.0","reuse":"open_licence"}}},{"type":"Feature","geometry":{"type":"Point","coordinates":[7.83949,48.00063]},"properties":{"id":"osm:node-8488927706","version":"2b1cf4fbee24dc995f8dcfedd754a0543e3ef4c21f0ea334b451cc445b6dbf68","cityId":"freiburg","kind":"place","category":"bakery","title":"Reiß-Beck Vortagsladen","statement":"Reiß-Beck Vortagsladen ist in OpenStreetMap als bakery eingetragen. Öffnungszeiten in OSM eingetragen; nicht unabhängig bestätigt.","status":"OSM-Eintrag, nicht offiziell geprüft","startDate":null,"endDate":null,"nextStep":"Aktuelle Angaben direkt beim Ort prüfen.","scale":"street","geometryPrecision":"exact","reviewState":"candidate","asOf":"2026-09-26T17:22:08.637Z","sourceCount":1,"primarySource":{"url":"https://www.openstreetmap.org/node/8488927706","title":"OpenStreetMap contributors","publisher":"OpenStreetMap contributors","licence":"ODbL 1.0","reuse":"open_licence"}}},{"type":"Feature","geometry":{"type":"Point","coordinates":[7.84711,48.00126]},"properties":{"id":"osm:node-851619472","version":"52807ca733f1b4dfe83685a493575bf7aba5a97cd7eaca8fe6c0310c026eacec","cityId":"freiburg","kind":"place","category":"bakery","title":"Reiß-Beck","statement":"Reiß-Beck ist in OpenStreetMap als bakery eingetragen. Öffnungszeiten in OSM eingetragen; nicht unabhängig bestätigt.","status":"OSM-Eintrag, nicht offiziell geprüft","startDate":null,"endDate":null,"nextStep":"Aktuelle Angaben direkt beim Ort prüfen.","scale":"street","geometryPrecision":"exact","reviewState":"candidate","asOf":"2026-09-26T17:22:08.637Z","sourceCount":1,"primarySource":{"url":"https://www.openstreetmap.org/node/851619472","title":"OpenStreetMap contributors","publisher":"OpenStreetMap contributors","licence":"ODbL 1.0","reuse":"open_licence"}}},{"type":"Feature","geometry":{"type":"Point","coordinates":[7.85496,47.99188]},"properties":{"id":"osm:node-8636328748","version":"527e9c724466e484b7bcb6c29e52cf9c701b349a0d7193988cc3f0dfb20e6952","cityId":"freiburg","kind":"place","category":"doctors","title":"Praxis für Allgemeinmedizin | Natascha Lampe","statement":"Praxis für Allgemeinmedizin | Natascha Lampe ist in OpenStreetMap als doctors eingetragen. Öffnungszeiten in OSM eingetragen; nicht unabhängig bestätigt.","status":"OSM-Eintrag, nicht offiziell geprüft","startDate":null,"endDate":null,"nextStep":"Aktuelle Angaben direkt beim Ort prüfen.","scale":"street","geometryPrecision":"exact","reviewState":"candidate","asOf":"2026-09-26T17:22:08.637Z","sourceCount":1,"primarySource":{"url":"https://www.openstreetmap.org/node/8636328748","title":"OpenStreetMap contributors","publisher":"OpenStreetMap contributors","licence":"ODbL 1.0","reuse":"open_licence"}}},{"type":"Feature","geometry":{"type":"Point","coordinates":[7.89221,47.98406]},"properties":{"id":"osm:node-8675486850","version":"74b2a48cef82620fc661cf359ba0e026804188c6217eecd2d0226c49717d980e","cityId":"freiburg","kind":"place","category":"yoga","title":"Iyengar® Yoga Studio Freiburg","statement":"Iyengar® Yoga Studio Freiburg ist in OpenStreetMap als yoga eingetragen. Betrieb und Öffnungszeiten nicht geprüft.","status":"OSM-Eintrag, nicht offiziell geprüft","startDate":null,"endDate":null,"nextStep":"Aktuelle Angaben direkt beim Ort prüfen.","scale":"street","geometryPrecision":"exact","reviewState":"candidate","asOf":"2026-09-26T17:22:08.637Z","sourceCount":1,"primarySource":{"url":"https://www.openstreetmap.org/node/8675486850","title":"OpenStreetMap contributors","publisher":"OpenStreetMap contributors","licence":"ODbL 1.0","reuse":"open_licence"}}},{"type":"Feature","geometry":{"type":"Point","coordinates":[7.86713,47.98926]},"properties":{"id":"osm:node-8675511886","version":"a3c16b1a01bccf405c83e74a73e0af35c6ff916e43ab70c4ba796ab3e5e54d84","cityId":"freiburg","kind":"place","category":"yoga","title":"Freiburger Yoga Schule","statement":"Freiburger Yoga Schule ist in OpenStreetMap als yoga eingetragen. Betrieb und Öffnungszeiten nicht geprüft.","status":"OSM-Eintrag, nicht offiziell geprüft","startDate":null,"endDate":null,"nextStep":"Aktuelle Angaben direkt beim Ort prüfen.","scale":"street","geometryPrecision":"exact","reviewState":"candidate","asOf":"2026-09-26T17:22:08.637Z","sourceCount":1,"primarySource":{"url":"https://www.openstreetmap.org/node/8675511886","title":"OpenStreetMap contributors","publisher":"OpenStreetMap contributors","licence":"ODbL 1.0","reuse":"open_licence"}}},{"type":"Feature","geometry":{"type":"Point","coordinates":[7.72007,47.99913]},"properties":{"id":"osm:node-871775439","version":"d45d88d9a0e31515ef8da1f59f837b147e14d673f819f1d5047d7511a9adc6d4","cityId":"freiburg","kind":"place","category":"supermarket","title":"Edeka Brand","statement":"Edeka Brand ist in OpenStreetMap als supermarket eingetragen. Öffnungszeiten in OSM eingetragen; nicht unabhängig bestätigt.","status":"OSM-Eintrag, nicht offiziell geprüft","startDate":null,"endDate":null,"nextStep":"Aktuelle Angaben direkt beim Ort prüfen.","scale":"street","geometryPrecision":"exact","reviewState":"candidate","asOf":"2026-09-26T17:22:08.637Z","sourceCount":1,"primarySource":{"url":"https://www.openstreetmap.org/node/871775439","title":"OpenStreetMap contributors","publisher":"OpenStreetMap contributors","licence":"ODbL 1.0","reuse":"open_licence"}}},{"type":"Feature","geometry":{"type":"Point","coordinates":[7.8467,47.98465]},"properties":{"id":"osm:node-8792428700","version":"29785003c6a9e0603114c2a06d76a230d6fe861ee4c20a0e32a6dea14e29c651","cityId":"freiburg","kind":"place","category":"doctors","title":"Praxis Dr. med. Dr. rer. nat. Ekkehard Schreiber","statement":"Praxis Dr. med. Dr. rer. nat. Ekkehard Schreiber ist in OpenStreetMap als doctors eingetragen. Öffnungszeiten in OSM eingetragen; nicht unabhängig bestätigt.","status":"OSM-Eintrag, nicht offiziell geprüft","startDate":null,"endDate":null,"nextStep":"Aktuelle Angaben direkt beim Ort prüfen.","scale":"street","geometryPrecision":"exact","reviewState":"candidate","asOf":"2026-09-26T17:22:08.637Z","sourceCount":1,"primarySource":{"url":"https://www.openstreetmap.org/node/8792428700","title":"OpenStreetMap contributors","publisher":"OpenStreetMap contributors","licence":"ODbL 1.0","reuse":"open_licence"}}},{"type":"Feature","geometry":{"type":"Point","coordinates":[7.84658,47.98467]},"properties":{"id":"osm:node-8792428701","version":"704ef843f73e104dba44c6cc704e14da465d35228ca6a691734f8aea3a4f9185","cityId":"freiburg","kind":"place","category":"doctors","title":"Praxis Dr. Karin Höwer","statement":"Praxis Dr. Karin Höwer ist in OpenStreetMap als doctors eingetragen. Öffnungszeiten in OSM eingetragen; nicht unabhängig bestätigt.","status":"OSM-Eintrag, nicht offiziell geprüft","startDate":null,"endDate":null,"nextStep":"Aktuelle Angaben direkt beim Ort prüfen.","scale":"street","geometryPrecision":"exact","reviewState":"candidate","asOf":"2026-09-26T17:22:08.637Z","sourceCount":1,"primarySource":{"url":"https://www.openstreetmap.org/node/8792428701","title":"OpenStreetMap contributors","publisher":"OpenStreetMap contributors","licence":"ODbL 1.0","reuse":"open_licence"}}},{"type":"Feature","geometry":{"type":"Point","coordinates":[7.84669,47.98471]},"properties":{"id":"osm:node-8792428703","version":"380948eb89b23d8029694a9d934b53df5aa688ca1e31ce604afd4170968e83c2","cityId":"freiburg","kind":"place","category":"doctors","title":"Dr. med. Stefan Rahner","statement":"Dr. med. Stefan Rahner ist in OpenStreetMap als doctors eingetragen. Öffnungszeiten in OSM eingetragen; nicht unabhängig bestätigt.","status":"OSM-Eintrag, nicht offiziell geprüft","startDate":null,"endDate":null,"nextStep":"Aktuelle Angaben direkt beim Ort prüfen.","scale":"street","geometryPrecision":"exact","reviewState":"candidate","asOf":"2026-09-26T17:22:08.637Z","sourceCount":1,"primarySource":{"url":"https://www.openstreetmap.org/node/8792428703","title":"OpenStreetMap contributors","publisher":"OpenStreetMap contributors","licence":"ODbL 1.0","reuse":"open_licence"}}},{"type":"Feature","geometry":{"type":"Point","coordinates":[7.85478,48.02814]},"properties":{"id":"osm:node-888594447","version":"72ed860e8a5ae80b75b630cbf14871909248bc4059f8c9b6a5e676df8167961c","cityId":"freiburg","kind":"place","category":"climbing","title":"Eiger Nord","statement":"Eiger Nord ist in OpenStreetMap als climbing eingetragen. Öffnungszeiten in OSM eingetragen; nicht unabhängig bestätigt.","status":"OSM-Eintrag, nicht offiziell geprüft","startDate":null,"endDate":null,"nextStep":"Aktuelle Angaben direkt beim Ort prüfen.","scale":"street","geometryPrecision":"exact","reviewState":"candidate","asOf":"2026-09-26T17:22:08.637Z","sourceCount":1,"primarySource":{"url":"https://www.openstreetmap.org/node/888594447","title":"OpenStreetMap contributors","publisher":"OpenStreetMap contributors","licence":"ODbL 1.0","reuse":"open_licence"}}},{"type":"Feature","geometry":{"type":"Point","coordinates":[7.81918,47.97596]},"properties":{"id":"osm:node-8888174897","version":"c711a878e8719275334130c0f96e6bde13dc32ce9918356a6ae942c6c6cf091c","cityId":"freiburg","kind":"place","category":"doctors","title":"Hausarztpraxis Frau Dr. Miller","statement":"Hausarztpraxis Frau Dr. Miller ist in OpenStreetMap als doctors eingetragen. Öffnungszeiten in OSM eingetragen; nicht unabhängig bestätigt.","status":"OSM-Eintrag, nicht offiziell geprüft","startDate":null,"endDate":null,"nextStep":"Aktuelle Angaben direkt beim Ort prüfen.","scale":"street","geometryPrecision":"exact","reviewState":"candidate","asOf":"2026-09-26T17:22:08.637Z","sourceCount":1,"primarySource":{"url":"https://www.openstreetmap.org/node/8888174897","title":"OpenStreetMap contributors","publisher":"OpenStreetMap contributors","licence":"ODbL 1.0","reuse":"open_licence"}}},{"type":"Feature","geometry":{"type":"Point","coordinates":[7.81917,47.97594]},"properties":{"id":"osm:node-8888174898","version":"8dc9d72ffb0400fbfcdc91e278ca589eecf799d6676200fbd0b86579b07ae429","cityId":"freiburg","kind":"place","category":"doctors","title":"Dr. med. Maike Hülsebusch","statement":"Dr. med. Maike Hülsebusch ist in OpenStreetMap als doctors eingetragen. Öffnungszeiten in OSM eingetragen; nicht unabhängig bestätigt.","status":"OSM-Eintrag, nicht offiziell geprüft","startDate":null,"endDate":null,"nextStep":"Aktuelle Angaben direkt beim Ort prüfen.","scale":"street","geometryPrecision":"exact","reviewState":"candidate","asOf":"2026-09-26T17:22:08.637Z","sourceCount":1,"primarySource":{"url":"https://www.openstreetmap.org/node/8888174898","title":"OpenStreetMap contributors","publisher":"OpenStreetMap contributors","licence":"ODbL 1.0","reuse":"open_licence"}}},{"type":"Feature","geometry":{"type":"Point","coordinates":[7.81913,47.97595]},"properties":{"id":"osm:node-8888174899","version":"155c47a46cc40ca29c3363959b41f29e9d455be9abcf0e5eed5103df88eb55e0","cityId":"freiburg","kind":"place","category":"doctors","title":"Johanna Wolf","statement":"Johanna Wolf ist in OpenStreetMap als doctors eingetragen. Öffnungszeiten in OSM eingetragen; nicht unabhängig bestätigt.","status":"OSM-Eintrag, nicht offiziell geprüft","startDate":null,"endDate":null,"nextStep":"Aktuelle Angaben direkt beim Ort prüfen.","scale":"street","geometryPrecision":"exact","reviewState":"candidate","asOf":"2026-09-26T17:22:08.637Z","sourceCount":1,"primarySource":{"url":"https://www.openstreetmap.org/node/8888174899","title":"OpenStreetMap contributors","publisher":"OpenStreetMap contributors","licence":"ODbL 1.0","reuse":"open_licence"}}},{"type":"Feature","geometry":{"type":"Point","coordinates":[7.86669,47.98709]},"properties":{"id":"osm:node-8909465619","version":"7d7f47449f7d4a3531d8919a6fc681a5fb8f88f82f4588bbd9ad50d63c9640c6","cityId":"freiburg","kind":"place","category":"school","title":"Richard-Mittermaier-Schule","statement":"Richard-Mittermaier-Schule ist in OpenStreetMap als school eingetragen. Betrieb und Öffnungszeiten nicht geprüft.","status":"OSM-Eintrag, nicht offiziell geprüft","startDate":null,"endDate":null,"nextStep":"Aktuelle Angaben direkt beim Ort prüfen.","scale":"street","geometryPrecision":"exact","reviewState":"candidate","asOf":"2026-09-26T17:22:08.637Z","sourceCount":1,"primarySource":{"url":"https://www.openstreetmap.org/node/8909465619","title":"OpenStreetMap contributors","publisher":"OpenStreetMap contributors","licence":"ODbL 1.0","reuse":"open_licence"}}},{"type":"Feature","geometry":{"type":"Point","coordinates":[7.86614,47.98734]},"properties":{"id":"osm:node-8909478140","version":"1a454b4b42a4721f2cf3949b8cdb0f64ee14d5d0a36fb2f9ea8b6f89b5d95f8e","cityId":"freiburg","kind":"place","category":"school","title":"Walter-Eucken-Gymnasium","statement":"Walter-Eucken-Gymnasium ist in OpenStreetMap als school eingetragen. Betrieb und Öffnungszeiten nicht geprüft.","status":"OSM-Eintrag, nicht offiziell geprüft","startDate":null,"endDate":null,"nextStep":"Aktuelle Angaben direkt beim Ort prüfen.","scale":"street","geometryPrecision":"exact","reviewState":"candidate","asOf":"2026-09-26T17:22:08.637Z","sourceCount":1,"primarySource":{"url":"https://www.openstreetmap.org/node/8909478140","title":"OpenStreetMap contributors","publisher":"OpenStreetMap contributors","licence":"ODbL 1.0","reuse":"open_licence"}}},{"type":"Feature","geometry":{"type":"Point","coordinates":[7.83165,48.00703]},"properties":{"id":"osm:node-8914838229","version":"3d90442d645e339cf1c66586aaef26f002fddf20dbc87d0b1030f20c30d9a5bd","cityId":"freiburg","kind":"place","category":"doctors","title":"Dr. med. Monika Heinzelmann, Dr. med. Anja Lipp","statement":"Dr. med. Monika Heinzelmann, Dr. med. Anja Lipp ist in OpenStreetMap als doctors eingetragen. Öffnungszeiten in OSM eingetragen; nicht unabhängig bestätigt.","status":"OSM-Eintrag, nicht offiziell geprüft","startDate":null,"endDate":null,"nextStep":"Aktuelle Angaben direkt beim Ort prüfen.","scale":"street","geometryPrecision":"exact","reviewState":"candidate","asOf":"2026-09-26T17:22:08.637Z","sourceCount":1,"primarySource":{"url":"https://www.openstreetmap.org/node/8914838229","title":"OpenStreetMap contributors","publisher":"OpenStreetMap contributors","licence":"ODbL 1.0","reuse":"open_licence"}}},{"type":"Feature","geometry":{"type":"Point","coordinates":[7.71723,47.99999]},"properties":{"id":"osm:node-894024634","version":"30575acc56a983c02d9757f9cbac40e6096fc575294b4c771bb6cac1a815552a","cityId":"freiburg","kind":"place","category":"pharmacy","title":"Sonnenberg Apotheke","statement":"Sonnenberg Apotheke ist in OpenStreetMap als pharmacy eingetragen. Öffnungszeiten in OSM eingetragen; nicht unabhängig bestätigt.","status":"OSM-Eintrag, nicht offiziell geprüft","startDate":null,"endDate":null,"nextStep":"Aktuelle Angaben direkt beim Ort prüfen.","scale":"street","geometryPrecision":"exact","reviewState":"candidate","asOf":"2026-09-26T17:22:08.637Z","sourceCount":1,"primarySource":{"url":"https://www.openstreetmap.org/node/894024634","title":"OpenStreetMap contributors","publisher":"OpenStreetMap contributors","licence":"ODbL 1.0","reuse":"open_licence"}}},{"type":"Feature","geometry":{"type":"Point","coordinates":[7.84333,47.99753]},"properties":{"id":"osm:node-8968508329","version":"8f66512d780604f05e4f3718170f355dde274e5aaf551ffad968ec800aa42ca9","cityId":"freiburg","kind":"place","category":"supermarket","title":"Alnatura Super Natur Markt","statement":"Alnatura Super Natur Markt ist in OpenStreetMap als supermarket eingetragen. Öffnungszeiten in OSM eingetragen; nicht unabhängig bestätigt.","status":"OSM-Eintrag, nicht offiziell geprüft","startDate":null,"endDate":null,"nextStep":"Aktuelle Angaben direkt beim Ort prüfen.","scale":"street","geometryPrecision":"exact","reviewState":"candidate","asOf":"2026-09-26T17:22:08.637Z","sourceCount":1,"primarySource":{"url":"https://www.openstreetmap.org/node/8968508329","title":"OpenStreetMap contributors","publisher":"OpenStreetMap contributors","licence":"ODbL 1.0","reuse":"open_licence"}}},{"type":"Feature","geometry":{"type":"Point","coordinates":[7.71515,47.98226]},"properties":{"id":"osm:node-9101846870","version":"3e3899ad9cf7b4999587b550ba8ba4d553a9da47d0507096268aa63a48041085","cityId":"freiburg","kind":"place","category":"bakery","title":"Kaisers Gute Backstube","statement":"Kaisers Gute Backstube ist in OpenStreetMap als bakery eingetragen. Öffnungszeiten in OSM eingetragen; nicht unabhängig bestätigt.","status":"OSM-Eintrag, nicht offiziell geprüft","startDate":null,"endDate":null,"nextStep":"Aktuelle Angaben direkt beim Ort prüfen.","scale":"street","geometryPrecision":"exact","reviewState":"candidate","asOf":"2026-09-26T17:22:08.637Z","sourceCount":1,"primarySource":{"url":"https://www.openstreetmap.org/node/9101846870","title":"OpenStreetMap contributors","publisher":"OpenStreetMap contributors","licence":"ODbL 1.0","reuse":"open_licence"}}},{"type":"Feature","geometry":{"type":"Point","coordinates":[7.90367,47.98673]},"properties":{"id":"osm:node-9199125130","version":"8165ae76d1bfc8b81661c640247954c67f76060503684239f7bd1122fbea75b5","cityId":"freiburg","kind":"place","category":"supermarket","title":"Biomarkt Dorfladen Ebnet","statement":"Biomarkt Dorfladen Ebnet ist in OpenStreetMap als supermarket eingetragen. Öffnungszeiten in OSM eingetragen; nicht unabhängig bestätigt.","status":"OSM-Eintrag, nicht offiziell geprüft","startDate":null,"endDate":null,"nextStep":"Aktuelle Angaben direkt beim Ort prüfen.","scale":"street","geometryPrecision":"exact","reviewState":"candidate","asOf":"2026-09-26T17:22:08.637Z","sourceCount":1,"primarySource":{"url":"https://www.openstreetmap.org/node/9199125130","title":"OpenStreetMap contributors","publisher":"OpenStreetMap contributors","licence":"ODbL 1.0","reuse":"open_licence"}}},{"type":"Feature","geometry":{"type":"Point","coordinates":[7.85421,47.98845]},"properties":{"id":"osm:node-921259070","version":"3d8e9e1c5bdd6097ee2511c28a80f776c35584d439fad34fa881783343617f23","cityId":"freiburg","kind":"place","category":"bakery","title":"Stephan Grossmann","statement":"Stephan Grossmann ist in OpenStreetMap als bakery eingetragen. Öffnungszeiten in OSM eingetragen; nicht unabhängig bestätigt.","status":"OSM-Eintrag, nicht offiziell geprüft","startDate":null,"endDate":null,"nextStep":"Aktuelle Angaben direkt beim Ort prüfen.","scale":"street","geometryPrecision":"exact","reviewState":"candidate","asOf":"2026-09-26T17:22:08.637Z","sourceCount":1,"primarySource":{"url":"https://www.openstreetmap.org/node/921259070","title":"OpenStreetMap contributors","publisher":"OpenStreetMap contributors","licence":"ODbL 1.0","reuse":"open_licence"}}},{"type":"Feature","geometry":{"type":"Point","coordinates":[7.84406,47.9919]},"properties":{"id":"osm:node-9247058336","version":"fa5927863c58c389660b830e810b4dddd81c773f07fca7318bf33c2b3fe35c5a","cityId":"freiburg","kind":"place","category":"doctors","title":"Dr. med. Patrick Weisser","statement":"Dr. med. Patrick Weisser ist in OpenStreetMap als doctors eingetragen. Betrieb und Öffnungszeiten nicht geprüft.","status":"OSM-Eintrag, nicht offiziell geprüft","startDate":null,"endDate":null,"nextStep":"Aktuelle Angaben direkt beim Ort prüfen.","scale":"street","geometryPrecision":"exact","reviewState":"candidate","asOf":"2026-09-26T17:22:08.637Z","sourceCount":1,"primarySource":{"url":"https://www.openstreetmap.org/node/9247058336","title":"OpenStreetMap contributors","publisher":"OpenStreetMap contributors","licence":"ODbL 1.0","reuse":"open_licence"}}},{"type":"Feature","geometry":{"type":"Point","coordinates":[7.83692,47.9852]},"properties":{"id":"osm:node-9250854530","version":"cd20de3b1db4808956b4b985a9e9cf752cc1dd2af34af71b71623834a564f483","cityId":"freiburg","kind":"place","category":"doctors","title":"Hausarztpraxis Dr. Bulling und Dr. Reber","statement":"Hausarztpraxis Dr. Bulling und Dr. Reber ist in OpenStreetMap als doctors eingetragen. Öffnungszeiten in OSM eingetragen; nicht unabhängig bestätigt.","status":"OSM-Eintrag, nicht offiziell geprüft","startDate":null,"endDate":null,"nextStep":"Aktuelle Angaben direkt beim Ort prüfen.","scale":"street","geometryPrecision":"exact","reviewState":"candidate","asOf":"2026-09-26T17:22:08.637Z","sourceCount":1,"primarySource":{"url":"https://www.openstreetmap.org/node/9250854530","title":"OpenStreetMap contributors","publisher":"OpenStreetMap contributors","licence":"ODbL 1.0","reuse":"open_licence"}}},{"type":"Feature","geometry":{"type":"Point","coordinates":[7.83683,47.98527]},"properties":{"id":"osm:node-9250872001","version":"44c4aa6ea47a02560ace28d8d397d3881c297188cfe33c297eb31b6929d9ef7e","cityId":"freiburg","kind":"place","category":"doctors","title":"Prof.Dr. Dr. med. dent. Wolfgang Bähr","statement":"Prof.Dr. Dr. med. dent. Wolfgang Bähr ist in OpenStreetMap als doctors eingetragen. Öffnungszeiten in OSM eingetragen; nicht unabhängig bestätigt.","status":"OSM-Eintrag, nicht offiziell geprüft","startDate":null,"endDate":null,"nextStep":"Aktuelle Angaben direkt beim Ort prüfen.","scale":"street","geometryPrecision":"exact","reviewState":"candidate","asOf":"2026-09-26T17:22:08.637Z","sourceCount":1,"primarySource":{"url":"https://www.openstreetmap.org/node/9250872001","title":"OpenStreetMap contributors","publisher":"OpenStreetMap contributors","licence":"ODbL 1.0","reuse":"open_licence"}}},{"type":"Feature","geometry":{"type":"Point","coordinates":[7.86217,47.99174]},"properties":{"id":"osm:node-925932429","version":"a3f64f2f77b97f65b50336717df5f5f988bd8521174e2b3890b9c4b0a1d50196","cityId":"freiburg","kind":"place","category":"bakery","title":"Beckesepp","statement":"Beckesepp ist in OpenStreetMap als bakery eingetragen. Öffnungszeiten in OSM eingetragen; nicht unabhängig bestätigt.","status":"OSM-Eintrag, nicht offiziell geprüft","startDate":null,"endDate":null,"nextStep":"Aktuelle Angaben direkt beim Ort prüfen.","scale":"street","geometryPrecision":"exact","reviewState":"candidate","asOf":"2026-09-26T17:22:08.637Z","sourceCount":1,"primarySource":{"url":"https://www.openstreetmap.org/node/925932429","title":"OpenStreetMap contributors","publisher":"OpenStreetMap contributors","licence":"ODbL 1.0","reuse":"open_licence"}}},{"type":"Feature","geometry":{"type":"Point","coordinates":[7.87042,47.98789]},"properties":{"id":"osm:node-925950614","version":"9bd8feecdc02811d3c59a6588ba5ad90dd939a49890bf0e44d279d1a881e5ce7","cityId":"freiburg","kind":"place","category":"supermarket","title":"Aldi Süd","statement":"Aldi Süd ist in OpenStreetMap als supermarket eingetragen. Öffnungszeiten in OSM eingetragen; nicht unabhängig bestätigt.","status":"OSM-Eintrag, nicht offiziell geprüft","startDate":null,"endDate":null,"nextStep":"Aktuelle Angaben direkt beim Ort prüfen.","scale":"street","geometryPrecision":"exact","reviewState":"candidate","asOf":"2026-09-26T17:22:08.637Z","sourceCount":1,"primarySource":{"url":"https://www.openstreetmap.org/node/925950614","title":"OpenStreetMap contributors","publisher":"OpenStreetMap contributors","licence":"ODbL 1.0","reuse":"open_licence"}}},{"type":"Feature","geometry":{"type":"Point","coordinates":[7.80731,47.99802]},"properties":{"id":"osm:node-9283347932","version":"1575077ca8f87d9c9aec92493ea4040d1834ea69edf3ed89a9e9b72017fd1507","cityId":"freiburg","kind":"place","category":"doctors","title":"Arztpraxis Dr. Mielitz","statement":"Arztpraxis Dr. Mielitz ist in OpenStreetMap als doctors eingetragen. Öffnungszeiten in OSM eingetragen; nicht unabhängig bestätigt.","status":"OSM-Eintrag, nicht offiziell geprüft","startDate":null,"endDate":null,"nextStep":"Aktuelle Angaben direkt beim Ort prüfen.","scale":"street","geometryPrecision":"exact","reviewState":"candidate","asOf":"2026-09-26T17:22:08.637Z","sourceCount":1,"primarySource":{"url":"https://www.openstreetmap.org/node/9283347932","title":"OpenStreetMap contributors","publisher":"OpenStreetMap contributors","licence":"ODbL 1.0","reuse":"open_licence"}}},{"type":"Feature","geometry":{"type":"Point","coordinates":[7.82912,48.00727]},"properties":{"id":"osm:node-9294899607","version":"4fc3427cc229813c3cb50bf8b44e28b95b4baabdae3d5dde4baf94bbad473e8f","cityId":"freiburg","kind":"place","category":"pharmacy","title":"easyApotheke","statement":"easyApotheke ist in OpenStreetMap als pharmacy eingetragen. Öffnungszeiten in OSM eingetragen; nicht unabhängig bestätigt.","status":"OSM-Eintrag, nicht offiziell geprüft","startDate":null,"endDate":null,"nextStep":"Aktuelle Angaben direkt beim Ort prüfen.","scale":"street","geometryPrecision":"exact","reviewState":"candidate","asOf":"2026-09-26T17:22:08.637Z","sourceCount":1,"primarySource":{"url":"https://www.openstreetmap.org/node/9294899607","title":"OpenStreetMap contributors","publisher":"OpenStreetMap contributors","licence":"ODbL 1.0","reuse":"open_licence"}}},{"type":"Feature","geometry":{"type":"Point","coordinates":[7.85434,48.01422]},"properties":{"id":"osm:node-9322311477","version":"2098c3b2dd0fe7d88933a41018fe2d73e08be89121a2cb08c6fc35621ba0968b","cityId":"freiburg","kind":"place","category":"school","title":"Schulkindbetreuung der Tullaschule","statement":"Schulkindbetreuung der Tullaschule ist in OpenStreetMap als school eingetragen. Öffnungszeiten in OSM eingetragen; nicht unabhängig bestätigt.","status":"OSM-Eintrag, nicht offiziell geprüft","startDate":null,"endDate":null,"nextStep":"Aktuelle Angaben direkt beim Ort prüfen.","scale":"street","geometryPrecision":"exact","reviewState":"candidate","asOf":"2026-09-26T17:22:08.637Z","sourceCount":1,"primarySource":{"url":"https://www.openstreetmap.org/node/9322311477","title":"OpenStreetMap contributors","publisher":"OpenStreetMap contributors","licence":"ODbL 1.0","reuse":"open_licence"}}},{"type":"Feature","geometry":{"type":"Point","coordinates":[7.82917,47.99699]},"properties":{"id":"osm:node-936568762","version":"98ed4be79502a9d0394115bcc677724d631237a2352b339383ca62ed59789c32","cityId":"freiburg","kind":"place","category":"pharmacy","title":"Frida Apotheke","statement":"Frida Apotheke ist in OpenStreetMap als pharmacy eingetragen. Öffnungszeiten in OSM eingetragen; nicht unabhängig bestätigt.","status":"OSM-Eintrag, nicht offiziell geprüft","startDate":null,"endDate":null,"nextStep":"Aktuelle Angaben direkt beim Ort prüfen.","scale":"street","geometryPrecision":"exact","reviewState":"candidate","asOf":"2026-09-26T17:22:08.637Z","sourceCount":1,"primarySource":{"url":"https://www.openstreetmap.org/node/936568762","title":"OpenStreetMap contributors","publisher":"OpenStreetMap contributors","licence":"ODbL 1.0","reuse":"open_licence"}}},{"type":"Feature","geometry":{"type":"Point","coordinates":[7.85499,47.99064]},"properties":{"id":"osm:node-9385511285","version":"43d2b6a751f7c0260794cbb2bb0a103df06e189a907d04696066645e0b6c6d03","cityId":"freiburg","kind":"place","category":"doctors","title":"Dreisam-Praxis","statement":"Dreisam-Praxis ist in OpenStreetMap als doctors eingetragen. Öffnungszeiten in OSM eingetragen; nicht unabhängig bestätigt.","status":"OSM-Eintrag, nicht offiziell geprüft","startDate":null,"endDate":null,"nextStep":"Aktuelle Angaben direkt beim Ort prüfen.","scale":"street","geometryPrecision":"exact","reviewState":"candidate","asOf":"2026-09-26T17:22:08.637Z","sourceCount":1,"primarySource":{"url":"https://www.openstreetmap.org/node/9385511285","title":"OpenStreetMap contributors","publisher":"OpenStreetMap contributors","licence":"ODbL 1.0","reuse":"open_licence"}}},{"type":"Feature","geometry":{"type":"Point","coordinates":[7.83062,48.01063]},"properties":{"id":"osm:node-9481808305","version":"5dbfc30bc40b258010113aad2abb4029d5e42d9b7adcccd1ec1da68e59b8fc73","cityId":"freiburg","kind":"place","category":"community_centre","title":"Quartiersarbeit Mooswald","statement":"Quartiersarbeit Mooswald ist in OpenStreetMap als community_centre eingetragen. Betrieb und Öffnungszeiten nicht geprüft.","status":"OSM-Eintrag, nicht offiziell geprüft","startDate":null,"endDate":null,"nextStep":"Aktuelle Angaben direkt beim Ort prüfen.","scale":"street","geometryPrecision":"exact","reviewState":"candidate","asOf":"2026-09-26T17:22:08.637Z","sourceCount":1,"primarySource":{"url":"https://www.openstreetmap.org/node/9481808305","title":"OpenStreetMap contributors","publisher":"OpenStreetMap contributors","licence":"ODbL 1.0","reuse":"open_licence"}}},{"type":"Feature","geometry":{"type":"Point","coordinates":[7.8103,48.02344]},"properties":{"id":"osm:node-9484735870","version":"19ba81457fb4730f65b2185dc72bee3e8b843ca2b918f32afe76fa1016ced2f1","cityId":"freiburg","kind":"place","category":"pharmacy","title":"Landwasser Apotheke","statement":"Landwasser Apotheke ist in OpenStreetMap als pharmacy eingetragen. Betrieb und Öffnungszeiten nicht geprüft.","status":"OSM-Eintrag, nicht offiziell geprüft","startDate":null,"endDate":null,"nextStep":"Aktuelle Angaben direkt beim Ort prüfen.","scale":"street","geometryPrecision":"exact","reviewState":"candidate","asOf":"2026-09-26T17:22:08.637Z","sourceCount":1,"primarySource":{"url":"https://www.openstreetmap.org/node/9484735870","title":"OpenStreetMap contributors","publisher":"OpenStreetMap contributors","licence":"ODbL 1.0","reuse":"open_licence"}}},{"type":"Feature","geometry":{"type":"Point","coordinates":[7.84819,47.99099]},"properties":{"id":"osm:node-954129276","version":"da0551e67a9aa1494dc5c4cf6f78d76e0ffdba919928f0aa9d7f7f08558e9351","cityId":"freiburg","kind":"place","category":"supermarket","title":"Alnatura Super Natur Markt","statement":"Alnatura Super Natur Markt ist in OpenStreetMap als supermarket eingetragen. Öffnungszeiten in OSM eingetragen; nicht unabhängig bestätigt.","status":"OSM-Eintrag, nicht offiziell geprüft","startDate":null,"endDate":null,"nextStep":"Aktuelle Angaben direkt beim Ort prüfen.","scale":"street","geometryPrecision":"exact","reviewState":"candidate","asOf":"2026-09-26T17:22:08.637Z","sourceCount":1,"primarySource":{"url":"https://www.openstreetmap.org/node/954129276","title":"OpenStreetMap contributors","publisher":"OpenStreetMap contributors","licence":"ODbL 1.0","reuse":"open_licence"}}},{"type":"Feature","geometry":{"type":"Point","coordinates":[7.82647,47.97862]},"properties":{"id":"osm:node-9560983771","version":"9cc12541f0302b40e521995634a82816d41834c46ed5e9440833390120c40065","cityId":"freiburg","kind":"place","category":"cycling","title":"Dos Caballos Factory Outlet Store","statement":"Dos Caballos Factory Outlet Store ist in OpenStreetMap als cycling eingetragen. Öffnungszeiten in OSM eingetragen; nicht unabhängig bestätigt.","status":"OSM-Eintrag, nicht offiziell geprüft","startDate":null,"endDate":null,"nextStep":"Aktuelle Angaben direkt beim Ort prüfen.","scale":"street","geometryPrecision":"exact","reviewState":"candidate","asOf":"2026-09-26T17:22:08.637Z","sourceCount":1,"primarySource":{"url":"https://www.openstreetmap.org/node/9560983771","title":"OpenStreetMap contributors","publisher":"OpenStreetMap contributors","licence":"ODbL 1.0","reuse":"open_licence"}}},{"type":"Feature","geometry":{"type":"Point","coordinates":[7.8268,47.97826]},"properties":{"id":"osm:node-9561582369","version":"94a9e7b03f2679f9a27de42f8280a6425f05d6e004855be8898aa33a54579555","cityId":"freiburg","kind":"place","category":"doctors","title":"Radim Deutschland","statement":"Radim Deutschland ist in OpenStreetMap als doctors eingetragen. Betrieb und Öffnungszeiten nicht geprüft.","status":"OSM-Eintrag, nicht offiziell geprüft","startDate":null,"endDate":null,"nextStep":"Aktuelle Angaben direkt beim Ort prüfen.","scale":"street","geometryPrecision":"exact","reviewState":"candidate","asOf":"2026-09-26T17:22:08.637Z","sourceCount":1,"primarySource":{"url":"https://www.openstreetmap.org/node/9561582369","title":"OpenStreetMap contributors","publisher":"OpenStreetMap contributors","licence":"ODbL 1.0","reuse":"open_licence"}}},{"type":"Feature","geometry":{"type":"Point","coordinates":[7.86137,47.99206]},"properties":{"id":"osm:node-966084473","version":"0507ceaa1699800721e383988f57209452ef4518c0186936b06e9b21a6f1bd4c","cityId":"freiburg","kind":"place","category":"doctors","title":"Dr. med. Claudia Gerards","statement":"Dr. med. Claudia Gerards ist in OpenStreetMap als doctors eingetragen. Öffnungszeiten in OSM eingetragen; nicht unabhängig bestätigt.","status":"OSM-Eintrag, nicht offiziell geprüft","startDate":null,"endDate":null,"nextStep":"Aktuelle Angaben direkt beim Ort prüfen.","scale":"street","geometryPrecision":"exact","reviewState":"candidate","asOf":"2026-09-26T17:22:08.637Z","sourceCount":1,"primarySource":{"url":"https://www.openstreetmap.org/node/966084473","title":"OpenStreetMap contributors","publisher":"OpenStreetMap contributors","licence":"ODbL 1.0","reuse":"open_licence"}}},{"type":"Feature","geometry":{"type":"Point","coordinates":[7.84257,48.0028]},"properties":{"id":"osm:node-9746138758","version":"115ed9614d663e6f450a6810933c7f001fead385e664a0bf0a3a71f3cbee3883","cityId":"freiburg","kind":"place","category":"doctors","title":"Hausarztpraxis Geier Mathildenstraße","statement":"Hausarztpraxis Geier Mathildenstraße ist in OpenStreetMap als doctors eingetragen. Öffnungszeiten in OSM eingetragen; nicht unabhängig bestätigt.","status":"OSM-Eintrag, nicht offiziell geprüft","startDate":null,"endDate":null,"nextStep":"Aktuelle Angaben direkt beim Ort prüfen.","scale":"street","geometryPrecision":"exact","reviewState":"candidate","asOf":"2026-09-26T17:22:08.637Z","sourceCount":1,"primarySource":{"url":"https://www.openstreetmap.org/node/9746138758","title":"OpenStreetMap contributors","publisher":"OpenStreetMap contributors","licence":"ODbL 1.0","reuse":"open_licence"}}},{"type":"Feature","geometry":{"type":"Point","coordinates":[7.84264,48.00279]},"properties":{"id":"osm:node-9746565459","version":"a373de48cc24002e05030ba348f8f125d1535e6c6c3dd93dd5522fcd58c8213e","cityId":"freiburg","kind":"place","category":"doctors","title":"Gynäkologische Gemeinschaftspraxis Praxis für Frauenheilkunde und Geburtshilfe","statement":"Gynäkologische Gemeinschaftspraxis Praxis für Frauenheilkunde und Geburtshilfe ist in OpenStreetMap als doctors eingetragen. Öffnungszeiten in OSM eingetragen; nicht unabhängig bestätigt.","status":"OSM-Eintrag, nicht offiziell geprüft","startDate":null,"endDate":null,"nextStep":"Aktuelle Angaben direkt beim Ort prüfen.","scale":"street","geometryPrecision":"exact","reviewState":"candidate","asOf":"2026-09-26T17:22:08.637Z","sourceCount":1,"primarySource":{"url":"https://www.openstreetmap.org/node/9746565459","title":"OpenStreetMap contributors","publisher":"OpenStreetMap contributors","licence":"ODbL 1.0","reuse":"open_licence"}}},{"type":"Feature","geometry":{"type":"Point","coordinates":[7.8699,47.98813]},"properties":{"id":"osm:node-976693380","version":"a4eca78cf66ff0089d35ab565d276ab46eacd05fb70b1a14a96a2d09e0037a98","cityId":"freiburg","kind":"place","category":"supermarket","title":"Alnatura Super Natur Markt","statement":"Alnatura Super Natur Markt ist in OpenStreetMap als supermarket eingetragen. Öffnungszeiten in OSM eingetragen; nicht unabhängig bestätigt.","status":"OSM-Eintrag, nicht offiziell geprüft","startDate":null,"endDate":null,"nextStep":"Aktuelle Angaben direkt beim Ort prüfen.","scale":"street","geometryPrecision":"exact","reviewState":"candidate","asOf":"2026-09-26T17:22:08.637Z","sourceCount":1,"primarySource":{"url":"https://www.openstreetmap.org/node/976693380","title":"OpenStreetMap contributors","publisher":"OpenStreetMap contributors","licence":"ODbL 1.0","reuse":"open_licence"}}},{"type":"Feature","geometry":{"type":"Point","coordinates":[7.86981,47.98822]},"properties":{"id":"osm:node-976693389","version":"9346d2ff8d216833b6b734437ff4a816c179137ce133db9354b67ec937a5eb70","cityId":"freiburg","kind":"place","category":"pharmacy","title":"Apotheke im ZO","statement":"Apotheke im ZO ist in OpenStreetMap als pharmacy eingetragen. Öffnungszeiten in OSM eingetragen; nicht unabhängig bestätigt.","status":"OSM-Eintrag, nicht offiziell geprüft","startDate":null,"endDate":null,"nextStep":"Aktuelle Angaben direkt beim Ort prüfen.","scale":"street","geometryPrecision":"exact","reviewState":"candidate","asOf":"2026-09-26T17:22:08.637Z","sourceCount":1,"primarySource":{"url":"https://www.openstreetmap.org/node/976693389","title":"OpenStreetMap contributors","publisher":"OpenStreetMap contributors","licence":"ODbL 1.0","reuse":"open_licence"}}},{"type":"Feature","geometry":{"type":"Point","coordinates":[7.80727,47.99797]},"properties":{"id":"osm:node-976777505","version":"044c2b096daa8a0cfad46fe58bc954fe954085329fa53727aa70a4362cc09a92","cityId":"freiburg","kind":"place","category":"police","title":"Polizeiposten Freiburg Weingarten","statement":"Polizeiposten Freiburg Weingarten ist in OpenStreetMap als police eingetragen. Betrieb und Öffnungszeiten nicht geprüft.","status":"OSM-Eintrag, nicht offiziell geprüft","startDate":null,"endDate":null,"nextStep":"Aktuelle Angaben direkt beim Ort prüfen.","scale":"street","geometryPrecision":"exact","reviewState":"candidate","asOf":"2026-09-26T17:22:08.637Z","sourceCount":1,"primarySource":{"url":"https://www.openstreetmap.org/node/976777505","title":"OpenStreetMap contributors","publisher":"OpenStreetMap contributors","licence":"ODbL 1.0","reuse":"open_licence"}}},{"type":"Feature","geometry":{"type":"Point","coordinates":[7.85003,48.01327]},"properties":{"id":"osm:node-9796685062","version":"2c98914bc1c1dc0389990dd65c864d314df3ca254b0646941941f58c1068588e","cityId":"freiburg","kind":"place","category":"bakery","title":"Brotwerkstatt Till & Brot","statement":"Brotwerkstatt Till & Brot ist in OpenStreetMap als bakery eingetragen. Öffnungszeiten in OSM eingetragen; nicht unabhängig bestätigt.","status":"OSM-Eintrag, nicht offiziell geprüft","startDate":null,"endDate":null,"nextStep":"Aktuelle Angaben direkt beim Ort prüfen.","scale":"street","geometryPrecision":"exact","reviewState":"candidate","asOf":"2026-09-26T17:22:08.637Z","sourceCount":1,"primarySource":{"url":"https://www.openstreetmap.org/node/9796685062","title":"OpenStreetMap contributors","publisher":"OpenStreetMap contributors","licence":"ODbL 1.0","reuse":"open_licence"}}},{"type":"Feature","geometry":{"type":"Point","coordinates":[7.84985,48.01418]},"properties":{"id":"osm:node-9796685064","version":"b257b84e78452c8f9ac745a7e3a1f593668b55577059c146b4db5bc6d4c87b2c","cityId":"freiburg","kind":"place","category":"fitness","title":"Basic-Fit","statement":"Basic-Fit ist in OpenStreetMap als fitness eingetragen. Öffnungszeiten in OSM eingetragen; nicht unabhängig bestätigt.","status":"OSM-Eintrag, nicht offiziell geprüft","startDate":null,"endDate":null,"nextStep":"Aktuelle Angaben direkt beim Ort prüfen.","scale":"street","geometryPrecision":"exact","reviewState":"candidate","asOf":"2026-09-26T17:22:08.637Z","sourceCount":1,"primarySource":{"url":"https://www.openstreetmap.org/node/9796685064","title":"OpenStreetMap contributors","publisher":"OpenStreetMap contributors","licence":"ODbL 1.0","reuse":"open_licence"}}},{"type":"Feature","geometry":{"type":"Point","coordinates":[7.85001,48.02232]},"properties":{"id":"osm:node-9798707887","version":"d77e6847c4470aadbb4594d0fec6fb283a8b9f29f020da8a8a2cd3527ea5c842","cityId":"freiburg","kind":"place","category":"bakery","title":"Armbruster","statement":"Armbruster ist in OpenStreetMap als bakery eingetragen. Betrieb und Öffnungszeiten nicht geprüft.","status":"OSM-Eintrag, nicht offiziell geprüft","startDate":null,"endDate":null,"nextStep":"Aktuelle Angaben direkt beim Ort prüfen.","scale":"street","geometryPrecision":"exact","reviewState":"candidate","asOf":"2026-09-26T17:22:08.637Z","sourceCount":1,"primarySource":{"url":"https://www.openstreetmap.org/node/9798707887","title":"OpenStreetMap contributors","publisher":"OpenStreetMap contributors","licence":"ODbL 1.0","reuse":"open_licence"}}},{"type":"Feature","geometry":{"type":"Point","coordinates":[7.84337,47.99723]},"properties":{"id":"osm:node-9800399360","version":"9d766113c2fa1f8d762acdf22b1f44d3a02270ed1e8eaf8f9ae7deef3b2779a4","cityId":"freiburg","kind":"place","category":"doctors","title":"Dermatologie Zimmermann","statement":"Dermatologie Zimmermann ist in OpenStreetMap als doctors eingetragen. Betrieb und Öffnungszeiten nicht geprüft.","status":"OSM-Eintrag, nicht offiziell geprüft","startDate":null,"endDate":null,"nextStep":"Aktuelle Angaben direkt beim Ort prüfen.","scale":"street","geometryPrecision":"exact","reviewState":"candidate","asOf":"2026-09-26T17:22:08.637Z","sourceCount":1,"primarySource":{"url":"https://www.openstreetmap.org/node/9800399360","title":"OpenStreetMap contributors","publisher":"OpenStreetMap contributors","licence":"ODbL 1.0","reuse":"open_licence"}}},{"type":"Feature","geometry":{"type":"Point","coordinates":[7.84872,48.02161]},"properties":{"id":"osm:node-9810787835","version":"70aab0b05927c43947e344e15cb8f89451d0ef6cb6d8f53fa4b9b3ff31e90101","cityId":"freiburg","kind":"place","category":"copyshop","title":"Mail Boxes Etc.","statement":"Mail Boxes Etc. ist in OpenStreetMap als copyshop eingetragen. Betrieb und Öffnungszeiten nicht geprüft.","status":"OSM-Eintrag, nicht offiziell geprüft","startDate":null,"endDate":null,"nextStep":"Aktuelle Angaben direkt beim Ort prüfen.","scale":"street","geometryPrecision":"exact","reviewState":"candidate","asOf":"2026-09-26T17:22:08.637Z","sourceCount":1,"primarySource":{"url":"https://www.openstreetmap.org/node/9810787835","title":"OpenStreetMap contributors","publisher":"OpenStreetMap contributors","licence":"ODbL 1.0","reuse":"open_licence"}}},{"type":"Feature","geometry":{"type":"Point","coordinates":[7.86326,48.00512]},"properties":{"id":"osm:node-9812562863","version":"c90d1a88796dce8123b596f76ffc3557d503bf71c6a6dcab1ebce1af3190647b","cityId":"freiburg","kind":"place","category":"doctors","title":"Facharzt für Augenkrankheiten","statement":"Facharzt für Augenkrankheiten ist in OpenStreetMap als doctors eingetragen. Betrieb und Öffnungszeiten nicht geprüft.","status":"OSM-Eintrag, nicht offiziell geprüft","startDate":null,"endDate":null,"nextStep":"Aktuelle Angaben direkt beim Ort prüfen.","scale":"street","geometryPrecision":"exact","reviewState":"candidate","asOf":"2026-09-26T17:22:08.637Z","sourceCount":1,"primarySource":{"url":"https://www.openstreetmap.org/node/9812562863","title":"OpenStreetMap contributors","publisher":"OpenStreetMap contributors","licence":"ODbL 1.0","reuse":"open_licence"}}},{"type":"Feature","geometry":{"type":"Point","coordinates":[7.80202,48.04725]},"properties":{"id":"osm:node-9813267094","version":"f817d8671cb02671bd4ae1179dc9d34c210d0ab9d2c7215ea5d96b6bb8d91faf","cityId":"freiburg","kind":"place","category":"doctors","title":"Praxis am Dorfbrunnen","statement":"Praxis am Dorfbrunnen ist in OpenStreetMap als doctors eingetragen. Betrieb und Öffnungszeiten nicht geprüft.","status":"OSM-Eintrag, nicht offiziell geprüft","startDate":null,"endDate":null,"nextStep":"Aktuelle Angaben direkt beim Ort prüfen.","scale":"street","geometryPrecision":"exact","reviewState":"candidate","asOf":"2026-09-26T17:22:08.637Z","sourceCount":1,"primarySource":{"url":"https://www.openstreetmap.org/node/9813267094","title":"OpenStreetMap contributors","publisher":"OpenStreetMap contributors","licence":"ODbL 1.0","reuse":"open_licence"}}},{"type":"Feature","geometry":{"type":"Point","coordinates":[7.84891,47.99411]},"properties":{"id":"osm:node-9813310424","version":"2e631fee3b8cd07b24fcd6e986871e97b4ff7195857c42b29df3fb4a042b0d75","cityId":"freiburg","kind":"place","category":"doctors","title":"Hautarztpraxis","statement":"Hautarztpraxis ist in OpenStreetMap als doctors eingetragen. Betrieb und Öffnungszeiten nicht geprüft.","status":"OSM-Eintrag, nicht offiziell geprüft","startDate":null,"endDate":null,"nextStep":"Aktuelle Angaben direkt beim Ort prüfen.","scale":"street","geometryPrecision":"exact","reviewState":"candidate","asOf":"2026-09-26T17:22:08.637Z","sourceCount":1,"primarySource":{"url":"https://www.openstreetmap.org/node/9813310424","title":"OpenStreetMap contributors","publisher":"OpenStreetMap contributors","licence":"ODbL 1.0","reuse":"open_licence"}}},{"type":"Feature","geometry":{"type":"Point","coordinates":[7.84501,47.99538]},"properties":{"id":"osm:node-9817556898","version":"29426ae4e73e89ca15df875d8948a71a2aa7afc4d5617a2bf526fa7520efc5b2","cityId":"freiburg","kind":"place","category":"doctors","title":"HNO am Theater","statement":"HNO am Theater ist in OpenStreetMap als doctors eingetragen. Betrieb und Öffnungszeiten nicht geprüft.","status":"OSM-Eintrag, nicht offiziell geprüft","startDate":null,"endDate":null,"nextStep":"Aktuelle Angaben direkt beim Ort prüfen.","scale":"street","geometryPrecision":"exact","reviewState":"candidate","asOf":"2026-09-26T17:22:08.637Z","sourceCount":1,"primarySource":{"url":"https://www.openstreetmap.org/node/9817556898","title":"OpenStreetMap contributors","publisher":"OpenStreetMap contributors","licence":"ODbL 1.0","reuse":"open_licence"}}},{"type":"Feature","geometry":{"type":"Point","coordinates":[7.84994,47.99733]},"properties":{"id":"osm:node-9817658512","version":"a6e9ca4c38961eb030e0ef800d4b9f33ab58f3ac4e380ab65e634647e8064de3","cityId":"freiburg","kind":"place","category":"doctors","title":"Urologische Praxis","statement":"Urologische Praxis ist in OpenStreetMap als doctors eingetragen. Öffnungszeiten in OSM eingetragen; nicht unabhängig bestätigt.","status":"OSM-Eintrag, nicht offiziell geprüft","startDate":null,"endDate":null,"nextStep":"Aktuelle Angaben direkt beim Ort prüfen.","scale":"street","geometryPrecision":"exact","reviewState":"candidate","asOf":"2026-09-26T17:22:08.637Z","sourceCount":1,"primarySource":{"url":"https://www.openstreetmap.org/node/9817658512","title":"OpenStreetMap contributors","publisher":"OpenStreetMap contributors","licence":"ODbL 1.0","reuse":"open_licence"}}},{"type":"Feature","geometry":{"type":"Point","coordinates":[7.84809,47.99148]},"properties":{"id":"osm:node-9817671982","version":"d1d5ab83e81179c015fece772a879fccc650738105faafc97e8ae75dd55dcfd9","cityId":"freiburg","kind":"place","category":"doctors","title":"Frauenärzte am Friedrichsbau","statement":"Frauenärzte am Friedrichsbau ist in OpenStreetMap als doctors eingetragen. Betrieb und Öffnungszeiten nicht geprüft.","status":"OSM-Eintrag, nicht offiziell geprüft","startDate":null,"endDate":null,"nextStep":"Aktuelle Angaben direkt beim Ort prüfen.","scale":"street","geometryPrecision":"exact","reviewState":"candidate","asOf":"2026-09-26T17:22:08.637Z","sourceCount":1,"primarySource":{"url":"https://www.openstreetmap.org/node/9817671982","title":"OpenStreetMap contributors","publisher":"OpenStreetMap contributors","licence":"ODbL 1.0","reuse":"open_licence"}}},{"type":"Feature","geometry":{"type":"Point","coordinates":[7.84492,47.9958]},"properties":{"id":"osm:node-9817697502","version":"44cfae2ae1631eddeb1567219d527e5566d449cc1c56b2723f6879d49881b313","cityId":"freiburg","kind":"place","category":"doctors","title":"Urologie am Theater - U3","statement":"Urologie am Theater - U3 ist in OpenStreetMap als doctors eingetragen. Öffnungszeiten in OSM eingetragen; nicht unabhängig bestätigt.","status":"OSM-Eintrag, nicht offiziell geprüft","startDate":null,"endDate":null,"nextStep":"Aktuelle Angaben direkt beim Ort prüfen.","scale":"street","geometryPrecision":"exact","reviewState":"candidate","asOf":"2026-09-26T17:22:08.637Z","sourceCount":1,"primarySource":{"url":"https://www.openstreetmap.org/node/9817697502","title":"OpenStreetMap contributors","publisher":"OpenStreetMap contributors","licence":"ODbL 1.0","reuse":"open_licence"}}},{"type":"Feature","geometry":{"type":"Point","coordinates":[7.84938,47.99519]},"properties":{"id":"osm:node-9817699894","version":"1d235b5e53ba1c525c2215d4f457d0b46e3e6cbcb44cc866914748fe113bb192","cityId":"freiburg","kind":"place","category":"doctors","title":"Hausärzte am Bertoldsbrunnen","statement":"Hausärzte am Bertoldsbrunnen ist in OpenStreetMap als doctors eingetragen. Öffnungszeiten in OSM eingetragen; nicht unabhängig bestätigt.","status":"OSM-Eintrag, nicht offiziell geprüft","startDate":null,"endDate":null,"nextStep":"Aktuelle Angaben direkt beim Ort prüfen.","scale":"street","geometryPrecision":"exact","reviewState":"candidate","asOf":"2026-09-26T17:22:08.637Z","sourceCount":1,"primarySource":{"url":"https://www.openstreetmap.org/node/9817699894","title":"OpenStreetMap contributors","publisher":"OpenStreetMap contributors","licence":"ODbL 1.0","reuse":"open_licence"}}},{"type":"Feature","geometry":{"type":"Point","coordinates":[7.87429,47.98902]},"properties":{"id":"osm:node-982537350","version":"3636a9db1ca8cb713bab26a7e0dcab655b597f5f4bcbd07b912c5c893bb29834","cityId":"freiburg","kind":"place","category":"kindergarten","title":"Haus Kunterbunt","statement":"Haus Kunterbunt ist in OpenStreetMap als kindergarten eingetragen. Betrieb und Öffnungszeiten nicht geprüft.","status":"OSM-Eintrag, nicht offiziell geprüft","startDate":null,"endDate":null,"nextStep":"Aktuelle Angaben direkt beim Ort prüfen.","scale":"street","geometryPrecision":"exact","reviewState":"candidate","asOf":"2026-09-26T17:22:08.637Z","sourceCount":1,"primarySource":{"url":"https://www.openstreetmap.org/node/982537350","title":"OpenStreetMap contributors","publisher":"OpenStreetMap contributors","licence":"ODbL 1.0","reuse":"open_licence"}}},{"type":"Feature","geometry":{"type":"Point","coordinates":[7.87935,47.99092]},"properties":{"id":"osm:node-983511904","version":"087a87e422d7fbc1a557c45e7fc9a7c7208377eb10b081e87171c9d36fc280cd","cityId":"freiburg","kind":"place","category":"kindergarten","title":"Heilpädagogischer Hort","statement":"Heilpädagogischer Hort ist in OpenStreetMap als kindergarten eingetragen. Betrieb und Öffnungszeiten nicht geprüft.","status":"OSM-Eintrag, nicht offiziell geprüft","startDate":null,"endDate":null,"nextStep":"Aktuelle Angaben direkt beim Ort prüfen.","scale":"street","geometryPrecision":"exact","reviewState":"candidate","asOf":"2026-09-26T17:22:08.637Z","sourceCount":1,"primarySource":{"url":"https://www.openstreetmap.org/node/983511904","title":"OpenStreetMap contributors","publisher":"OpenStreetMap contributors","licence":"ODbL 1.0","reuse":"open_licence"}}},{"type":"Feature","geometry":{"type":"Point","coordinates":[7.85894,48.00196]},"properties":{"id":"osm:node-988372133","version":"5d6cea0c99b93262d32ee18df6c8d6bcec8c4142b3bc30e2e189605de66ded1a","cityId":"freiburg","kind":"place","category":"kindergarten","title":"Evangelischer Ludwigskindergarten","statement":"Evangelischer Ludwigskindergarten ist in OpenStreetMap als kindergarten eingetragen. Betrieb und Öffnungszeiten nicht geprüft.","status":"OSM-Eintrag, nicht offiziell geprüft","startDate":null,"endDate":null,"nextStep":"Aktuelle Angaben direkt beim Ort prüfen.","scale":"street","geometryPrecision":"exact","reviewState":"candidate","asOf":"2026-09-26T17:22:08.637Z","sourceCount":1,"primarySource":{"url":"https://www.openstreetmap.org/node/988372133","title":"OpenStreetMap contributors","publisher":"OpenStreetMap contributors","licence":"ODbL 1.0","reuse":"open_licence"}}},{"type":"Feature","geometry":{"type":"Point","coordinates":[7.85203,47.98926]},"properties":{"id":"osm:node-9889587716","version":"b36642ed0e795d01d251efb0b7c9deda518acf7b1f45d500ad1eb3e91d5d553f","cityId":"freiburg","kind":"place","category":"community_centre","title":"Haus der Jugend","statement":"Haus der Jugend ist in OpenStreetMap als community_centre eingetragen. Betrieb und Öffnungszeiten nicht geprüft.","status":"OSM-Eintrag, nicht offiziell geprüft","startDate":null,"endDate":null,"nextStep":"Aktuelle Angaben direkt beim Ort prüfen.","scale":"street","geometryPrecision":"exact","reviewState":"candidate","asOf":"2026-09-26T17:22:08.637Z","sourceCount":1,"primarySource":{"url":"https://www.openstreetmap.org/node/9889587716","title":"OpenStreetMap contributors","publisher":"OpenStreetMap contributors","licence":"ODbL 1.0","reuse":"open_licence"}}},{"type":"Feature","geometry":{"type":"Point","coordinates":[7.82212,47.97765]},"properties":{"id":"osm:node-9925112725","version":"f595c1e196b19306572abd8d454a6ec459ce7138b35ed1ee37d8888a61f83ae4","cityId":"freiburg","kind":"place","category":"school","title":"Zentrum für Atem und Körpertherapie","statement":"Zentrum für Atem und Körpertherapie ist in OpenStreetMap als school eingetragen. Betrieb und Öffnungszeiten nicht geprüft.","status":"OSM-Eintrag, nicht offiziell geprüft","startDate":null,"endDate":null,"nextStep":"Aktuelle Angaben direkt beim Ort prüfen.","scale":"street","geometryPrecision":"exact","reviewState":"candidate","asOf":"2026-09-26T17:22:08.637Z","sourceCount":1,"primarySource":{"url":"https://www.openstreetmap.org/node/9925112725","title":"OpenStreetMap contributors","publisher":"OpenStreetMap contributors","licence":"ODbL 1.0","reuse":"open_licence"}}},{"type":"Feature","geometry":{"type":"Point","coordinates":[7.84866,48.00285]},"properties":{"id":"osm:node-9927200451","version":"6cf9bede10719f8fd51edaaaca9d4cfd87485f5c6fe093febd1b881519d3e70d","cityId":"freiburg","kind":"place","category":"culture","title":"Offene Fachschaft Medizin Freiburg e.V.","statement":"Offene Fachschaft Medizin Freiburg e.V. ist in OpenStreetMap als culture eingetragen. Öffnungszeiten in OSM eingetragen; nicht unabhängig bestätigt.","status":"OSM-Eintrag, nicht offiziell geprüft","startDate":null,"endDate":null,"nextStep":"Aktuelle Angaben direkt beim Ort prüfen.","scale":"street","geometryPrecision":"exact","reviewState":"candidate","asOf":"2026-09-26T17:22:08.637Z","sourceCount":1,"primarySource":{"url":"https://www.openstreetmap.org/node/9927200451","title":"OpenStreetMap contributors","publisher":"OpenStreetMap contributors","licence":"ODbL 1.0","reuse":"open_licence"}}},{"type":"Feature","geometry":{"type":"Point","coordinates":[7.81726,47.99778]},"properties":{"id":"osm:node-993836891","version":"79b5546ae5c87f72a84b6e70b9373f1969bad016743306e3ba34b383c0700b9b","cityId":"freiburg","kind":"place","category":"supermarket","title":"Kosova Market","statement":"Kosova Market ist in OpenStreetMap als supermarket eingetragen. Öffnungszeiten in OSM eingetragen; nicht unabhängig bestätigt.","status":"OSM-Eintrag, nicht offiziell geprüft","startDate":null,"endDate":null,"nextStep":"Aktuelle Angaben direkt beim Ort prüfen.","scale":"street","geometryPrecision":"exact","reviewState":"candidate","asOf":"2026-09-26T17:22:08.637Z","sourceCount":1,"primarySource":{"url":"https://www.openstreetmap.org/node/993836891","title":"OpenStreetMap contributors","publisher":"OpenStreetMap contributors","licence":"ODbL 1.0","reuse":"open_licence"}}},{"type":"Feature","geometry":{"type":"Point","coordinates":[7.83263,48.00439]},"properties":{"id":"osm:node-9954286428","version":"b475fa2c5213edbbea4b1276bcfb3e0e23caf0e13d8bd248fb7ab9fedf75c288","cityId":"freiburg","kind":"place","category":"clinic","title":"Universitätsklinikum Freiburg - Klinik für Innere Medizin","statement":"Universitätsklinikum Freiburg - Klinik für Innere Medizin ist in OpenStreetMap als clinic eingetragen. Betrieb und Öffnungszeiten nicht geprüft.","status":"OSM-Eintrag, nicht offiziell geprüft","startDate":null,"endDate":null,"nextStep":"Aktuelle Angaben direkt beim Ort prüfen.","scale":"street","geometryPrecision":"exact","reviewState":"candidate","asOf":"2026-09-26T17:22:08.637Z","sourceCount":1,"primarySource":{"url":"https://www.openstreetmap.org/node/9954286428","title":"OpenStreetMap contributors","publisher":"OpenStreetMap contributors","licence":"ODbL 1.0","reuse":"open_licence"}}},{"type":"Feature","geometry":{"type":"Point","coordinates":[7.89428,47.98325]},"properties":{"id":"osm:node-9964518784","version":"3fef53679c4a5b2b39095ccd4408980111d8a10f58259ef442064896bc17f38a","cityId":"freiburg","kind":"place","category":"post_office","title":"Postfiliale 514","statement":"Postfiliale 514 ist in OpenStreetMap als post_office eingetragen. Öffnungszeiten in OSM eingetragen; nicht unabhängig bestätigt.","status":"OSM-Eintrag, nicht offiziell geprüft","startDate":null,"endDate":null,"nextStep":"Aktuelle Angaben direkt beim Ort prüfen.","scale":"street","geometryPrecision":"exact","reviewState":"candidate","asOf":"2026-09-26T17:22:08.637Z","sourceCount":1,"primarySource":{"url":"https://www.openstreetmap.org/node/9964518784","title":"OpenStreetMap contributors","publisher":"OpenStreetMap contributors","licence":"ODbL 1.0","reuse":"open_licence"}}},{"type":"Feature","geometry":{"type":"Point","coordinates":[7.80683,48.00008]},"properties":{"id":"osm:relation-10926292","version":"ddcbb7a122c4b1b2bf357925a077e5e9076cc1c7bdbf0793e0790c9e64c86772","cityId":"freiburg","kind":"place","category":"disc_golf","title":"Dietenbach Disc Golf Kurs","statement":"Dietenbach Disc Golf Kurs ist in OpenStreetMap als disc_golf eingetragen. Betrieb und Öffnungszeiten nicht geprüft.","status":"OSM-Eintrag, nicht offiziell geprüft","startDate":null,"endDate":null,"nextStep":"Aktuelle Angaben direkt beim Ort prüfen.","scale":"street","geometryPrecision":"approximate","reviewState":"candidate","asOf":"2026-09-26T17:22:08.637Z","sourceCount":1,"primarySource":{"url":"https://www.openstreetmap.org/relation/10926292","title":"OpenStreetMap contributors","publisher":"OpenStreetMap contributors","licence":"ODbL 1.0","reuse":"open_licence"}}},{"type":"Feature","geometry":{"type":"Point","coordinates":[7.84563,47.99328]},"properties":{"id":"osm:relation-12498527","version":"4c24a6bf3c4ba55248558ccb05c5262a7f55729669fd1496b89d06ac8892aa92","cityId":"freiburg","kind":"place","category":"dance","title":"Tanzbrunnen","statement":"Tanzbrunnen ist in OpenStreetMap als dance eingetragen. Betrieb und Öffnungszeiten nicht geprüft.","status":"OSM-Eintrag, nicht offiziell geprüft","startDate":null,"endDate":null,"nextStep":"Aktuelle Angaben direkt beim Ort prüfen.","scale":"street","geometryPrecision":"approximate","reviewState":"candidate","asOf":"2026-09-26T17:22:08.637Z","sourceCount":1,"primarySource":{"url":"https://www.openstreetmap.org/relation/12498527","title":"OpenStreetMap contributors","publisher":"OpenStreetMap contributors","licence":"ODbL 1.0","reuse":"open_licence"}}},{"type":"Feature","geometry":{"type":"Point","coordinates":[7.75832,48.00509]},"properties":{"id":"osm:relation-1268973","version":"bf7c9e1a842f0e5c14fae931de0501850ca6dd5c87dab80ff0c2814af8fa0460","cityId":"freiburg","kind":"place","category":"swimming","title":"Opfinger See","statement":"Opfinger See ist in OpenStreetMap als swimming eingetragen. Betrieb und Öffnungszeiten nicht geprüft.","status":"OSM-Eintrag, nicht offiziell geprüft","startDate":null,"endDate":null,"nextStep":"Aktuelle Angaben direkt beim Ort prüfen.","scale":"street","geometryPrecision":"approximate","reviewState":"candidate","asOf":"2026-09-26T17:22:08.637Z","sourceCount":1,"primarySource":{"url":"https://www.openstreetmap.org/relation/1268973","title":"OpenStreetMap contributors","publisher":"OpenStreetMap contributors","licence":"ODbL 1.0","reuse":"open_licence"}}},{"type":"Feature","geometry":{"type":"Point","coordinates":[7.85784,48.01717]},"properties":{"id":"osm:relation-13513647","version":"cc17eac589c592fff0c728a0473cf7b97560d44610e4b9e86742d160e4e2ac60","cityId":"freiburg","kind":"place","category":"multi","title":"TSV Alemannia Freiburg-Zähringen","statement":"TSV Alemannia Freiburg-Zähringen ist in OpenStreetMap als multi eingetragen. Betrieb und Öffnungszeiten nicht geprüft.","status":"OSM-Eintrag, nicht offiziell geprüft","startDate":null,"endDate":null,"nextStep":"Aktuelle Angaben direkt beim Ort prüfen.","scale":"street","geometryPrecision":"approximate","reviewState":"candidate","asOf":"2026-09-26T17:22:08.637Z","sourceCount":1,"primarySource":{"url":"https://www.openstreetmap.org/relation/13513647","title":"OpenStreetMap contributors","publisher":"OpenStreetMap contributors","licence":"ODbL 1.0","reuse":"open_licence"}}},{"type":"Feature","geometry":{"type":"Point","coordinates":[7.84575,47.99986]},"properties":{"id":"osm:relation-14778583","version":"2113b4e00edeb2c988660b9a06e58c5546a3284b664a40e332b13a79bfb98655","cityId":"freiburg","kind":"place","category":"school","title":"Walther-Rathenau-Gewerbeschule, Richard-Fehrenbach-Gewerbeschule, Gerhard-Graf-Sporthalle","statement":"Walther-Rathenau-Gewerbeschule, Richard-Fehrenbach-Gewerbeschule, Gerhard-Graf-Sporthalle ist in OpenStreetMap als school eingetragen. Betrieb und Öffnungszeiten nicht geprüft.","status":"OSM-Eintrag, nicht offiziell geprüft","startDate":null,"endDate":null,"nextStep":"Aktuelle Angaben direkt beim Ort prüfen.","scale":"street","geometryPrecision":"approximate","reviewState":"candidate","asOf":"2026-09-26T17:22:08.637Z","sourceCount":1,"primarySource":{"url":"https://www.openstreetmap.org/relation/14778583","title":"OpenStreetMap contributors","publisher":"OpenStreetMap contributors","licence":"ODbL 1.0","reuse":"open_licence"}}},{"type":"Feature","geometry":{"type":"Point","coordinates":[7.81877,47.98172]},"properties":{"id":"osm:relation-1580635","version":"8d09afdfe08e830978d29a22a5bf32e68dc8f1348f8128e283b026c443ed9229","cityId":"freiburg","kind":"place","category":"tennis","title":"TC Schönberg Freiburg-Sankt-Georgen","statement":"TC Schönberg Freiburg-Sankt-Georgen ist in OpenStreetMap als tennis eingetragen. Betrieb und Öffnungszeiten nicht geprüft.","status":"OSM-Eintrag, nicht offiziell geprüft","startDate":null,"endDate":null,"nextStep":"Aktuelle Angaben direkt beim Ort prüfen.","scale":"street","geometryPrecision":"approximate","reviewState":"candidate","asOf":"2026-09-26T17:22:08.637Z","sourceCount":1,"primarySource":{"url":"https://www.openstreetmap.org/relation/1580635","title":"OpenStreetMap contributors","publisher":"OpenStreetMap contributors","licence":"ODbL 1.0","reuse":"open_licence"}}},{"type":"Feature","geometry":{"type":"Point","coordinates":[7.81774,47.98253]},"properties":{"id":"osm:relation-1580637","version":"5037d53cda02972edad2c3063bc93d86e8a8d224f8cb035a2d3e745069a5a469","cityId":"freiburg","kind":"place","category":"soccer","title":"Spielvereinigung Blau-Weiß-Wiehre Freiburg","statement":"Spielvereinigung Blau-Weiß-Wiehre Freiburg ist in OpenStreetMap als soccer eingetragen. Betrieb und Öffnungszeiten nicht geprüft.","status":"OSM-Eintrag, nicht offiziell geprüft","startDate":null,"endDate":null,"nextStep":"Aktuelle Angaben direkt beim Ort prüfen.","scale":"street","geometryPrecision":"approximate","reviewState":"candidate","asOf":"2026-09-26T17:22:08.637Z","sourceCount":1,"primarySource":{"url":"https://www.openstreetmap.org/relation/1580637","title":"OpenStreetMap contributors","publisher":"OpenStreetMap contributors","licence":"ODbL 1.0","reuse":"open_licence"}}},{"type":"Feature","geometry":{"type":"Point","coordinates":[7.82254,48.01376]},"properties":{"id":"osm:relation-1580740","version":"c57adbdebc61344faf8772f4e34ce16de52243385bd152d305b60a0b28f654f5","cityId":"freiburg","kind":"place","category":"school","title":"Paul-Hindemith-Grundschule","statement":"Paul-Hindemith-Grundschule ist in OpenStreetMap als school eingetragen. Betrieb und Öffnungszeiten nicht geprüft.","status":"OSM-Eintrag, nicht offiziell geprüft","startDate":null,"endDate":null,"nextStep":"Aktuelle Angaben direkt beim Ort prüfen.","scale":"street","geometryPrecision":"approximate","reviewState":"candidate","asOf":"2026-09-26T17:22:08.637Z","sourceCount":1,"primarySource":{"url":"https://www.openstreetmap.org/relation/1580740","title":"OpenStreetMap contributors","publisher":"OpenStreetMap contributors","licence":"ODbL 1.0","reuse":"open_licence"}}},{"type":"Feature","geometry":{"type":"Point","coordinates":[7.82139,48.01287]},"properties":{"id":"osm:relation-1580741","version":"4be6d5323042d0887b6b113c88f7d5443ad34461ed554f29c85dcd227e7cf420","cityId":"freiburg","kind":"place","category":"school","title":"Wentzinger Schulen","statement":"Wentzinger Schulen ist in OpenStreetMap als school eingetragen. Betrieb und Öffnungszeiten nicht geprüft.","status":"OSM-Eintrag, nicht offiziell geprüft","startDate":null,"endDate":null,"nextStep":"Aktuelle Angaben direkt beim Ort prüfen.","scale":"street","geometryPrecision":"approximate","reviewState":"candidate","asOf":"2026-09-26T17:22:08.637Z","sourceCount":1,"primarySource":{"url":"https://www.openstreetmap.org/relation/1580741","title":"OpenStreetMap contributors","publisher":"OpenStreetMap contributors","licence":"ODbL 1.0","reuse":"open_licence"}}},{"type":"Feature","geometry":{"type":"Point","coordinates":[7.81866,48.01243]},"properties":{"id":"osm:relation-1583350","version":"2b7bc40a1da206aa40c64373c1d6fec0d8ce08678f4b1d4731cca9f0108bcc9d","cityId":"freiburg","kind":"place","category":"multi","title":"Seepark-Stadion","statement":"Seepark-Stadion ist in OpenStreetMap als multi eingetragen. Betrieb und Öffnungszeiten nicht geprüft.","status":"OSM-Eintrag, nicht offiziell geprüft","startDate":null,"endDate":null,"nextStep":"Aktuelle Angaben direkt beim Ort prüfen.","scale":"street","geometryPrecision":"approximate","reviewState":"candidate","asOf":"2026-09-26T17:22:08.637Z","sourceCount":1,"primarySource":{"url":"https://www.openstreetmap.org/relation/1583350","title":"OpenStreetMap contributors","publisher":"OpenStreetMap contributors","licence":"ODbL 1.0","reuse":"open_licence"}}},{"type":"Feature","geometry":{"type":"Point","coordinates":[7.82646,48.00716]},"properties":{"id":"osm:relation-1590128","version":"3c0228d650e81a5f1158d205bec1f41bd3b61e50c4aba8ea44ef1e004e69c85d","cityId":"freiburg","kind":"place","category":"soccer","title":"Weststadion","statement":"Weststadion ist in OpenStreetMap als soccer eingetragen. Betrieb und Öffnungszeiten nicht geprüft.","status":"OSM-Eintrag, nicht offiziell geprüft","startDate":null,"endDate":null,"nextStep":"Aktuelle Angaben direkt beim Ort prüfen.","scale":"street","geometryPrecision":"approximate","reviewState":"candidate","asOf":"2026-09-26T17:22:08.637Z","sourceCount":1,"primarySource":{"url":"https://www.openstreetmap.org/relation/1590128","title":"OpenStreetMap contributors","publisher":"OpenStreetMap contributors","licence":"ODbL 1.0","reuse":"open_licence"}}},{"type":"Feature","geometry":{"type":"Point","coordinates":[7.88843,47.98976]},"properties":{"id":"osm:relation-1614759","version":"21ef269dbf529c29aea7b6dad2d73e33e0ba14ae60708a16654025f9fac0d8cc","cityId":"freiburg","kind":"place","category":"multi","title":"PTSV Jahn Freiburg","statement":"PTSV Jahn Freiburg ist in OpenStreetMap als multi eingetragen. Betrieb und Öffnungszeiten nicht geprüft.","status":"OSM-Eintrag, nicht offiziell geprüft","startDate":null,"endDate":null,"nextStep":"Aktuelle Angaben direkt beim Ort prüfen.","scale":"street","geometryPrecision":"approximate","reviewState":"candidate","asOf":"2026-09-26T17:22:08.637Z","sourceCount":1,"primarySource":{"url":"https://www.openstreetmap.org/relation/1614759","title":"OpenStreetMap contributors","publisher":"OpenStreetMap contributors","licence":"ODbL 1.0","reuse":"open_licence"}}},{"type":"Feature","geometry":{"type":"Point","coordinates":[7.89228,47.98917]},"properties":{"id":"osm:relation-1614760","version":"b6434c4aada38a071433f6cb0a92579436ceaec7d5580c07f14d9e5d107a2b8c","cityId":"freiburg","kind":"place","category":"soccer","title":"Sportclub Freiburg","statement":"Sportclub Freiburg ist in OpenStreetMap als soccer eingetragen. Betrieb und Öffnungszeiten nicht geprüft.","status":"OSM-Eintrag, nicht offiziell geprüft","startDate":null,"endDate":null,"nextStep":"Aktuelle Angaben direkt beim Ort prüfen.","scale":"street","geometryPrecision":"approximate","reviewState":"candidate","asOf":"2026-09-26T17:22:08.637Z","sourceCount":1,"primarySource":{"url":"https://www.openstreetmap.org/relation/1614760","title":"OpenStreetMap contributors","publisher":"OpenStreetMap contributors","licence":"ODbL 1.0","reuse":"open_licence"}}},{"type":"Feature","geometry":{"type":"Point","coordinates":[7.8814,47.99003]},"properties":{"id":"osm:relation-1614761","version":"4f001959159a9effc10df7bc55d6196c19a79d304d9adb953128f77a41f70831","cityId":"freiburg","kind":"place","category":"multi","title":"Unistadion","statement":"Unistadion ist in OpenStreetMap als multi eingetragen. Betrieb und Öffnungszeiten nicht geprüft.","status":"OSM-Eintrag, nicht offiziell geprüft","startDate":null,"endDate":null,"nextStep":"Aktuelle Angaben direkt beim Ort prüfen.","scale":"street","geometryPrecision":"approximate","reviewState":"candidate","asOf":"2026-09-26T17:22:08.637Z","sourceCount":1,"primarySource":{"url":"https://www.openstreetmap.org/relation/1614761","title":"OpenStreetMap contributors","publisher":"OpenStreetMap contributors","licence":"ODbL 1.0","reuse":"open_licence"}}},{"type":"Feature","geometry":{"type":"Point","coordinates":[7.89304,47.98889]},"properties":{"id":"osm:relation-1614762","version":"12b5db8bc1fbae4277dfa79f5becd5b569ee0497e4794e8b8460ab8227419e45","cityId":"freiburg","kind":"place","category":"soccer","title":"Dreisamstadion","statement":"Dreisamstadion ist in OpenStreetMap als soccer eingetragen. Betrieb und Öffnungszeiten nicht geprüft.","status":"OSM-Eintrag, nicht offiziell geprüft","startDate":null,"endDate":null,"nextStep":"Aktuelle Angaben direkt beim Ort prüfen.","scale":"street","geometryPrecision":"approximate","reviewState":"candidate","asOf":"2026-09-26T17:22:08.637Z","sourceCount":1,"primarySource":{"url":"https://www.openstreetmap.org/relation/1614762","title":"OpenStreetMap contributors","publisher":"OpenStreetMap contributors","licence":"ODbL 1.0","reuse":"open_licence"}}},{"type":"Feature","geometry":{"type":"Point","coordinates":[7.86641,47.98703]},"properties":{"id":"osm:relation-1622192","version":"270f897ea5a7be7228bb16a4b80a9e09259e94aba7ac31ba60239a64a4f9f1ba","cityId":"freiburg","kind":"place","category":"school","title":"Lycee Turenne","statement":"Lycee Turenne ist in OpenStreetMap als school eingetragen. Betrieb und Öffnungszeiten nicht geprüft.","status":"OSM-Eintrag, nicht offiziell geprüft","startDate":null,"endDate":null,"nextStep":"Aktuelle Angaben direkt beim Ort prüfen.","scale":"street","geometryPrecision":"approximate","reviewState":"candidate","asOf":"2026-09-26T17:22:08.637Z","sourceCount":1,"primarySource":{"url":"https://www.openstreetmap.org/relation/1622192","title":"OpenStreetMap contributors","publisher":"OpenStreetMap contributors","licence":"ODbL 1.0","reuse":"open_licence"}}},{"type":"Feature","geometry":{"type":"Point","coordinates":[7.82474,47.98152]},"properties":{"id":"osm:relation-1633812","version":"a4eb65311b05a81cb43e22f9a1b963f8966034155f3123236d86e9a43c6b3db4","cityId":"freiburg","kind":"place","category":"supermarket","title":"E center Rees","statement":"E center Rees ist in OpenStreetMap als supermarket eingetragen. Öffnungszeiten in OSM eingetragen; nicht unabhängig bestätigt.","status":"OSM-Eintrag, nicht offiziell geprüft","startDate":null,"endDate":null,"nextStep":"Aktuelle Angaben direkt beim Ort prüfen.","scale":"street","geometryPrecision":"approximate","reviewState":"candidate","asOf":"2026-09-26T17:22:08.637Z","sourceCount":1,"primarySource":{"url":"https://www.openstreetmap.org/relation/1633812","title":"OpenStreetMap contributors","publisher":"OpenStreetMap contributors","licence":"ODbL 1.0","reuse":"open_licence"}}},{"type":"Feature","geometry":{"type":"Point","coordinates":[7.80602,47.9782]},"properties":{"id":"osm:relation-1636989","version":"2c4954bf4a2f6146f71482d5bc6d7e605cdfcc006e122bd66bdf75ad2ba899c4","cityId":"freiburg","kind":"place","category":"swimming;soccer;beachvolleyball","title":"Freibad Sankt Georgen","statement":"Freibad Sankt Georgen ist in OpenStreetMap als swimming;soccer;beachvolleyball eingetragen. Öffnungszeiten in OSM eingetragen; nicht unabhängig bestätigt.","status":"OSM-Eintrag, nicht offiziell geprüft","startDate":null,"endDate":null,"nextStep":"Aktuelle Angaben direkt beim Ort prüfen.","scale":"street","geometryPrecision":"approximate","reviewState":"candidate","asOf":"2026-09-26T17:22:08.637Z","sourceCount":1,"primarySource":{"url":"https://www.openstreetmap.org/relation/1636989","title":"OpenStreetMap contributors","publisher":"OpenStreetMap contributors","licence":"ODbL 1.0","reuse":"open_licence"}}},{"type":"Feature","geometry":{"type":"Point","coordinates":[7.82723,47.99077]},"properties":{"id":"osm:relation-1643226","version":"d92f1500045ee9f3a3a3b1117c960accae6c234ecbdb9af5f98986b692861356","cityId":"freiburg","kind":"place","category":"multi","title":"Staudinger-Stadion","statement":"Staudinger-Stadion ist in OpenStreetMap als multi eingetragen. Betrieb und Öffnungszeiten nicht geprüft.","status":"OSM-Eintrag, nicht offiziell geprüft","startDate":null,"endDate":null,"nextStep":"Aktuelle Angaben direkt beim Ort prüfen.","scale":"street","geometryPrecision":"approximate","reviewState":"candidate","asOf":"2026-09-26T17:22:08.637Z","sourceCount":1,"primarySource":{"url":"https://www.openstreetmap.org/relation/1643226","title":"OpenStreetMap contributors","publisher":"OpenStreetMap contributors","licence":"ODbL 1.0","reuse":"open_licence"}}},{"type":"Feature","geometry":{"type":"Point","coordinates":[7.85708,48.00758]},"properties":{"id":"osm:relation-1661621","version":"8815f83dceee5c2d170d746dd4ce9815202aabcc0dc880fb6518834651344200","cityId":"freiburg","kind":"place","category":"hospital","title":"Klinik für Psychiatrie und Psychotherapie","statement":"Klinik für Psychiatrie und Psychotherapie ist in OpenStreetMap als hospital eingetragen. Betrieb und Öffnungszeiten nicht geprüft.","status":"OSM-Eintrag, nicht offiziell geprüft","startDate":null,"endDate":null,"nextStep":"Aktuelle Angaben direkt beim Ort prüfen.","scale":"street","geometryPrecision":"approximate","reviewState":"candidate","asOf":"2026-09-26T17:22:08.637Z","sourceCount":1,"primarySource":{"url":"https://www.openstreetmap.org/relation/1661621","title":"OpenStreetMap contributors","publisher":"OpenStreetMap contributors","licence":"ODbL 1.0","reuse":"open_licence"}}},{"type":"Feature","geometry":{"type":"Point","coordinates":[7.85734,48.00832]},"properties":{"id":"osm:relation-1661624","version":"82c1c60adffdba92927865605b0f95f5b89929b10a5bf38486055f3d9c8c3435","cityId":"freiburg","kind":"place","category":"hospital","title":"Psychiatrie und Psychotherapie","statement":"Psychiatrie und Psychotherapie ist in OpenStreetMap als hospital eingetragen. Betrieb und Öffnungszeiten nicht geprüft.","status":"OSM-Eintrag, nicht offiziell geprüft","startDate":null,"endDate":null,"nextStep":"Aktuelle Angaben direkt beim Ort prüfen.","scale":"street","geometryPrecision":"approximate","reviewState":"candidate","asOf":"2026-09-26T17:22:08.637Z","sourceCount":1,"primarySource":{"url":"https://www.openstreetmap.org/relation/1661624","title":"OpenStreetMap contributors","publisher":"OpenStreetMap contributors","licence":"ODbL 1.0","reuse":"open_licence"}}},{"type":"Feature","geometry":{"type":"Point","coordinates":[7.88169,47.99249]},"properties":{"id":"osm:relation-1690177","version":"10a01916737998b8b00c2417a73937c895041d93bcab13c59548b9460868ebce","cityId":"freiburg","kind":"place","category":"multi","title":"Ökoplatz","statement":"Ökoplatz ist in OpenStreetMap als multi eingetragen. Betrieb und Öffnungszeiten nicht geprüft.","status":"OSM-Eintrag, nicht offiziell geprüft","startDate":null,"endDate":null,"nextStep":"Aktuelle Angaben direkt beim Ort prüfen.","scale":"street","geometryPrecision":"approximate","reviewState":"candidate","asOf":"2026-09-26T17:22:08.637Z","sourceCount":1,"primarySource":{"url":"https://www.openstreetmap.org/relation/1690177","title":"OpenStreetMap contributors","publisher":"OpenStreetMap contributors","licence":"ODbL 1.0","reuse":"open_licence"}}},{"type":"Feature","geometry":{"type":"Point","coordinates":[7.79933,48.04796]},"properties":{"id":"osm:relation-20615868","version":"bb474bc6bf336731f80db664e2d4a6b254ebef0984f7949bb5b636cb166217e8","cityId":"freiburg","kind":"place","category":"school","title":"Mühlmattenschule GS","statement":"Mühlmattenschule GS ist in OpenStreetMap als school eingetragen. Betrieb und Öffnungszeiten nicht geprüft.","status":"OSM-Eintrag, nicht offiziell geprüft","startDate":null,"endDate":null,"nextStep":"Aktuelle Angaben direkt beim Ort prüfen.","scale":"street","geometryPrecision":"approximate","reviewState":"candidate","asOf":"2026-09-26T17:22:08.637Z","sourceCount":1,"primarySource":{"url":"https://www.openstreetmap.org/relation/20615868","title":"OpenStreetMap contributors","publisher":"OpenStreetMap contributors","licence":"ODbL 1.0","reuse":"open_licence"}}},{"type":"Feature","geometry":{"type":"Point","coordinates":[7.85932,47.98726]},"properties":{"id":"osm:relation-2167800","version":"58103c10b1cf35beb25b8e8abbc76c3e61f4aa4262d4bafd1f0d81e915a33fd7","cityId":"freiburg","kind":"place","category":"school","title":"Walter-Eucken-Gymnasium und Kaufmännische Schulen I","statement":"Walter-Eucken-Gymnasium und Kaufmännische Schulen I ist in OpenStreetMap als school eingetragen. Betrieb und Öffnungszeiten nicht geprüft.","status":"OSM-Eintrag, nicht offiziell geprüft","startDate":null,"endDate":null,"nextStep":"Aktuelle Angaben direkt beim Ort prüfen.","scale":"street","geometryPrecision":"approximate","reviewState":"candidate","asOf":"2026-09-26T17:22:08.637Z","sourceCount":1,"primarySource":{"url":"https://www.openstreetmap.org/relation/2167800","title":"OpenStreetMap contributors","publisher":"OpenStreetMap contributors","licence":"ODbL 1.0","reuse":"open_licence"}}},{"type":"Feature","geometry":{"type":"Point","coordinates":[7.80755,48.00671]},"properties":{"id":"osm:relation-3134591","version":"7964ea8afa00c6cc5d9cc4d27dc59b7cde02b83d9659c8c4e7daf95be764582f","cityId":"freiburg","kind":"place","category":"tennis;soccer","title":"Sportfreunde Eintracht Freiburg e.V.","statement":"Sportfreunde Eintracht Freiburg e.V. ist in OpenStreetMap als tennis;soccer eingetragen. Betrieb und Öffnungszeiten nicht geprüft.","status":"OSM-Eintrag, nicht offiziell geprüft","startDate":null,"endDate":null,"nextStep":"Aktuelle Angaben direkt beim Ort prüfen.","scale":"street","geometryPrecision":"approximate","reviewState":"candidate","asOf":"2026-09-26T17:22:08.637Z","sourceCount":1,"primarySource":{"url":"https://www.openstreetmap.org/relation/3134591","title":"OpenStreetMap contributors","publisher":"OpenStreetMap contributors","licence":"ODbL 1.0","reuse":"open_licence"}}},{"type":"Feature","geometry":{"type":"Point","coordinates":[7.81652,48.00344]},"properties":{"id":"osm:relation-3155137","version":"33d0f4f01e3fc6a225e24f05cd26d3961040c45f1cbf3d76631e10b9ebd25bc1","cityId":"freiburg","kind":"place","category":"school","title":"Anne-Frank-Grundschule","statement":"Anne-Frank-Grundschule ist in OpenStreetMap als school eingetragen. Betrieb und Öffnungszeiten nicht geprüft.","status":"OSM-Eintrag, nicht offiziell geprüft","startDate":null,"endDate":null,"nextStep":"Aktuelle Angaben direkt beim Ort prüfen.","scale":"street","geometryPrecision":"approximate","reviewState":"candidate","asOf":"2026-09-26T17:22:08.637Z","sourceCount":1,"primarySource":{"url":"https://www.openstreetmap.org/relation/3155137","title":"OpenStreetMap contributors","publisher":"OpenStreetMap contributors","licence":"ODbL 1.0","reuse":"open_licence"}}},{"type":"Feature","geometry":{"type":"Point","coordinates":[7.7307,48.03275]},"properties":{"id":"osm:relation-3243945","version":"dc523ea91c7e141ca4af90f19844a4e3830811aacae1e08eeecc3f1d81ffe43a","cityId":"freiburg","kind":"place","category":"dog_racing","title":"Windhundstadion","statement":"Windhundstadion ist in OpenStreetMap als dog_racing eingetragen. Betrieb und Öffnungszeiten nicht geprüft.","status":"OSM-Eintrag, nicht offiziell geprüft","startDate":null,"endDate":null,"nextStep":"Aktuelle Angaben direkt beim Ort prüfen.","scale":"street","geometryPrecision":"approximate","reviewState":"candidate","asOf":"2026-09-26T17:22:08.637Z","sourceCount":1,"primarySource":{"url":"https://www.openstreetmap.org/relation/3243945","title":"OpenStreetMap contributors","publisher":"OpenStreetMap contributors","licence":"ODbL 1.0","reuse":"open_licence"}}},{"type":"Feature","geometry":{"type":"Point","coordinates":[7.72757,48.02073]},"properties":{"id":"osm:relation-3243947","version":"57d158717b99efbd1bdd2172dfd32cded213827b1ecc73f9a3d76ff7b3051b7f","cityId":"freiburg","kind":"place","category":"multi","title":"Krebsbachstadion","statement":"Krebsbachstadion ist in OpenStreetMap als multi eingetragen. Betrieb und Öffnungszeiten nicht geprüft.","status":"OSM-Eintrag, nicht offiziell geprüft","startDate":null,"endDate":null,"nextStep":"Aktuelle Angaben direkt beim Ort prüfen.","scale":"street","geometryPrecision":"approximate","reviewState":"candidate","asOf":"2026-09-26T17:22:08.637Z","sourceCount":1,"primarySource":{"url":"https://www.openstreetmap.org/relation/3243947","title":"OpenStreetMap contributors","publisher":"OpenStreetMap contributors","licence":"ODbL 1.0","reuse":"open_licence"}}},{"type":"Feature","geometry":{"type":"Point","coordinates":[7.84982,47.99245]},"properties":{"id":"osm:relation-3273296","version":"cc3e9b1c2253e3944552d17fc84ef91b02caf348c8e02b22648f2bb6f30cc20d","cityId":"freiburg","kind":"place","category":"school","title":"Goethe-Gymnasium","statement":"Goethe-Gymnasium ist in OpenStreetMap als school eingetragen. Betrieb und Öffnungszeiten nicht geprüft.","status":"OSM-Eintrag, nicht offiziell geprüft","startDate":null,"endDate":null,"nextStep":"Aktuelle Angaben direkt beim Ort prüfen.","scale":"street","geometryPrecision":"approximate","reviewState":"candidate","asOf":"2026-09-26T17:22:08.637Z","sourceCount":1,"primarySource":{"url":"https://www.openstreetmap.org/relation/3273296","title":"OpenStreetMap contributors","publisher":"OpenStreetMap contributors","licence":"ODbL 1.0","reuse":"open_licence"}}},{"type":"Feature","geometry":{"type":"Point","coordinates":[7.84982,47.99245]},"properties":{"id":"osm:relation-3273297","version":"33748660f65c6254516fdfe6ec25e03c11977b9acff66ae78aaf1ebff3400910","cityId":"freiburg","kind":"place","category":"school","title":"Holzmarktplatz","statement":"Holzmarktplatz ist in OpenStreetMap als school eingetragen. Betrieb und Öffnungszeiten nicht geprüft.","status":"OSM-Eintrag, nicht offiziell geprüft","startDate":null,"endDate":null,"nextStep":"Aktuelle Angaben direkt beim Ort prüfen.","scale":"street","geometryPrecision":"approximate","reviewState":"candidate","asOf":"2026-09-26T17:22:08.637Z","sourceCount":1,"primarySource":{"url":"https://www.openstreetmap.org/relation/3273297","title":"OpenStreetMap contributors","publisher":"OpenStreetMap contributors","licence":"ODbL 1.0","reuse":"open_licence"}}},{"type":"Feature","geometry":{"type":"Point","coordinates":[7.88036,47.97983]},"properties":{"id":"osm:relation-3905541","version":"36a50ae2a767138cffb4bc063e1f2cb70fa037b569349272f1e296b8aa344f55","cityId":"freiburg","kind":"place","category":"sport","title":"Schützengesellschaft Freiburg im Breisgau","statement":"Schützengesellschaft Freiburg im Breisgau ist in OpenStreetMap als sport eingetragen. Betrieb und Öffnungszeiten nicht geprüft.","status":"OSM-Eintrag, nicht offiziell geprüft","startDate":null,"endDate":null,"nextStep":"Aktuelle Angaben direkt beim Ort prüfen.","scale":"street","geometryPrecision":"approximate","reviewState":"candidate","asOf":"2026-09-26T17:22:08.637Z","sourceCount":1,"primarySource":{"url":"https://www.openstreetmap.org/relation/3905541","title":"OpenStreetMap contributors","publisher":"OpenStreetMap contributors","licence":"ODbL 1.0","reuse":"open_licence"}}},{"type":"Feature","geometry":{"type":"Point","coordinates":[7.88583,47.98998]},"properties":{"id":"osm:relation-4007874","version":"c0dfab566030891e7245ce902ecdf3c23b243d4023bb0132d8828ef3b7f2fed6","cityId":"freiburg","kind":"place","category":"american_football;badminton;soccer;handball;field_hockey;pickleball;table_tennis;volleyball;roller_skating","title":"FT-Sportpark","statement":"FT-Sportpark ist in OpenStreetMap als american_football;badminton;soccer;handball;field_hockey;pickleball;table_tennis;volleyball;roller_skating eingetragen. Betrieb und Öffnungszeiten nicht geprüft.","status":"OSM-Eintrag, nicht offiziell geprüft","startDate":null,"endDate":null,"nextStep":"Aktuelle Angaben direkt beim Ort prüfen.","scale":"street","geometryPrecision":"approximate","reviewState":"candidate","asOf":"2026-09-26T17:22:08.637Z","sourceCount":1,"primarySource":{"url":"https://www.openstreetmap.org/relation/4007874","title":"OpenStreetMap contributors","publisher":"OpenStreetMap contributors","licence":"ODbL 1.0","reuse":"open_licence"}}},{"type":"Feature","geometry":{"type":"Point","coordinates":[7.88351,47.98956]},"properties":{"id":"osm:relation-4007975","version":"dea2c176a9d8657a456edecc530a1822ea20db02e86565d9c5b60d566d1ec109","cityId":"freiburg","kind":"place","category":"tennis","title":"Freiburger Tennisclub","statement":"Freiburger Tennisclub ist in OpenStreetMap als tennis eingetragen. Betrieb und Öffnungszeiten nicht geprüft.","status":"OSM-Eintrag, nicht offiziell geprüft","startDate":null,"endDate":null,"nextStep":"Aktuelle Angaben direkt beim Ort prüfen.","scale":"street","geometryPrecision":"approximate","reviewState":"candidate","asOf":"2026-09-26T17:22:08.637Z","sourceCount":1,"primarySource":{"url":"https://www.openstreetmap.org/relation/4007975","title":"OpenStreetMap contributors","publisher":"OpenStreetMap contributors","licence":"ODbL 1.0","reuse":"open_licence"}}},{"type":"Feature","geometry":{"type":"Point","coordinates":[7.81823,47.99211]},"properties":{"id":"osm:relation-4536812","version":"219008b0bd91f3efeef4e95b4a8f902565cf18fe79c09b052f47577355f9ffc3","cityId":"freiburg","kind":"place","category":"kindergarten","title":"Melanchthon-Kindergarten","statement":"Melanchthon-Kindergarten ist in OpenStreetMap als kindergarten eingetragen. Betrieb und Öffnungszeiten nicht geprüft.","status":"OSM-Eintrag, nicht offiziell geprüft","startDate":null,"endDate":null,"nextStep":"Aktuelle Angaben direkt beim Ort prüfen.","scale":"street","geometryPrecision":"approximate","reviewState":"candidate","asOf":"2026-09-26T17:22:08.637Z","sourceCount":1,"primarySource":{"url":"https://www.openstreetmap.org/relation/4536812","title":"OpenStreetMap contributors","publisher":"OpenStreetMap contributors","licence":"ODbL 1.0","reuse":"open_licence"}}},{"type":"Feature","geometry":{"type":"Point","coordinates":[7.8463,47.99931]},"properties":{"id":"osm:relation-4555438","version":"d729a6ad01f9f0d72776820b3d17a5f6d5bceca85c790eabebfa7a572150e2d6","cityId":"freiburg","kind":"place","category":"multi","title":"Gerhard-Graf-Halle","statement":"Gerhard-Graf-Halle ist in OpenStreetMap als multi eingetragen. Betrieb und Öffnungszeiten nicht geprüft.","status":"OSM-Eintrag, nicht offiziell geprüft","startDate":null,"endDate":null,"nextStep":"Aktuelle Angaben direkt beim Ort prüfen.","scale":"street","geometryPrecision":"approximate","reviewState":"candidate","asOf":"2026-09-26T17:22:08.637Z","sourceCount":1,"primarySource":{"url":"https://www.openstreetmap.org/relation/4555438","title":"OpenStreetMap contributors","publisher":"OpenStreetMap contributors","licence":"ODbL 1.0","reuse":"open_licence"}}},{"type":"Feature","geometry":{"type":"Point","coordinates":[7.80242,48.00203]},"properties":{"id":"osm:relation-539979","version":"a79a1f12a9119adad5d0ef4475c5f10d0fa2fd562f2e10f1250dcf73dd07374a","cityId":"freiburg","kind":"place","category":"swimming","title":"Dietenbachsee","statement":"Dietenbachsee ist in OpenStreetMap als swimming eingetragen. Betrieb und Öffnungszeiten nicht geprüft.","status":"OSM-Eintrag, nicht offiziell geprüft","startDate":null,"endDate":null,"nextStep":"Aktuelle Angaben direkt beim Ort prüfen.","scale":"street","geometryPrecision":"approximate","reviewState":"candidate","asOf":"2026-09-26T17:22:08.637Z","sourceCount":1,"primarySource":{"url":"https://www.openstreetmap.org/relation/539979","title":"OpenStreetMap contributors","publisher":"OpenStreetMap contributors","licence":"ODbL 1.0","reuse":"open_licence"}}},{"type":"Feature","geometry":{"type":"Point","coordinates":[7.84227,47.99033]},"properties":{"id":"osm:relation-6530108","version":"cd57b5e15347a42a715134c72a6efec2425a7f9a652d159505a752058fb1e1f8","cityId":"freiburg","kind":"place","category":"school","title":"Montessori-Zentrum Angell","statement":"Montessori-Zentrum Angell ist in OpenStreetMap als school eingetragen. Betrieb und Öffnungszeiten nicht geprüft.","status":"OSM-Eintrag, nicht offiziell geprüft","startDate":null,"endDate":null,"nextStep":"Aktuelle Angaben direkt beim Ort prüfen.","scale":"street","geometryPrecision":"approximate","reviewState":"candidate","asOf":"2026-09-26T17:22:08.637Z","sourceCount":1,"primarySource":{"url":"https://www.openstreetmap.org/relation/6530108","title":"OpenStreetMap contributors","publisher":"OpenStreetMap contributors","licence":"ODbL 1.0","reuse":"open_licence"}}},{"type":"Feature","geometry":{"type":"Point","coordinates":[7.81943,47.99076]},"properties":{"id":"osm:relation-6545187","version":"3c22b911c496d41194b96ed70539b8e52340e23debb0d3d7513a5c0b49fd733e","cityId":"freiburg","kind":"place","category":"pharmacy","title":"Haslach-Apotheke","statement":"Haslach-Apotheke ist in OpenStreetMap als pharmacy eingetragen. Öffnungszeiten in OSM eingetragen; nicht unabhängig bestätigt.","status":"OSM-Eintrag, nicht offiziell geprüft","startDate":null,"endDate":null,"nextStep":"Aktuelle Angaben direkt beim Ort prüfen.","scale":"street","geometryPrecision":"approximate","reviewState":"candidate","asOf":"2026-09-26T17:22:08.637Z","sourceCount":1,"primarySource":{"url":"https://www.openstreetmap.org/relation/6545187","title":"OpenStreetMap contributors","publisher":"OpenStreetMap contributors","licence":"ODbL 1.0","reuse":"open_licence"}}},{"type":"Feature","geometry":{"type":"Point","coordinates":[7.82571,47.99149]},"properties":{"id":"osm:relation-6572303","version":"81c2cedaa041cd6971eca74ef2d5d15b8c7367a6827193d88d243d0281ef2a9d","cityId":"freiburg","kind":"place","category":"school","title":"Staudinger Gesamtschule","statement":"Staudinger Gesamtschule ist in OpenStreetMap als school eingetragen. Betrieb und Öffnungszeiten nicht geprüft.","status":"OSM-Eintrag, nicht offiziell geprüft","startDate":null,"endDate":null,"nextStep":"Aktuelle Angaben direkt beim Ort prüfen.","scale":"street","geometryPrecision":"approximate","reviewState":"candidate","asOf":"2026-09-26T17:22:08.637Z","sourceCount":1,"primarySource":{"url":"https://www.openstreetmap.org/relation/6572303","title":"OpenStreetMap contributors","publisher":"OpenStreetMap contributors","licence":"ODbL 1.0","reuse":"open_licence"}}},{"type":"Feature","geometry":{"type":"Point","coordinates":[7.84898,47.99614]},"properties":{"id":"osm:relation-6824","version":"fd7b7f37041cc942e055045c6dba594fbf14a7dd941a27f488a3753ebbef7e5a","cityId":"freiburg","kind":"place","category":"townhall","title":"Neues Rathaus","statement":"Neues Rathaus ist in OpenStreetMap als townhall eingetragen. Betrieb und Öffnungszeiten nicht geprüft.","status":"OSM-Eintrag, nicht offiziell geprüft","startDate":null,"endDate":null,"nextStep":"Aktuelle Angaben direkt beim Ort prüfen.","scale":"street","geometryPrecision":"approximate","reviewState":"candidate","asOf":"2026-09-26T17:22:08.637Z","sourceCount":1,"primarySource":{"url":"https://www.openstreetmap.org/relation/6824","title":"OpenStreetMap contributors","publisher":"OpenStreetMap contributors","licence":"ODbL 1.0","reuse":"open_licence"}}},{"type":"Feature","geometry":{"type":"Point","coordinates":[7.82729,47.9733]},"properties":{"id":"osm:relation-7295836","version":"e0270c2a8b5133d29d431f59ed3497ad442843e9fa30e3cd0d833a44cd3d6787","cityId":"freiburg","kind":"place","category":"school","title":"Karoline-Kaspar-Grundschule","statement":"Karoline-Kaspar-Grundschule ist in OpenStreetMap als school eingetragen. Betrieb und Öffnungszeiten nicht geprüft.","status":"OSM-Eintrag, nicht offiziell geprüft","startDate":null,"endDate":null,"nextStep":"Aktuelle Angaben direkt beim Ort prüfen.","scale":"street","geometryPrecision":"approximate","reviewState":"candidate","asOf":"2026-09-26T17:22:08.637Z","sourceCount":1,"primarySource":{"url":"https://www.openstreetmap.org/relation/7295836","title":"OpenStreetMap contributors","publisher":"OpenStreetMap contributors","licence":"ODbL 1.0","reuse":"open_licence"}}},{"type":"Feature","geometry":{"type":"Point","coordinates":[7.84369,47.99008]},"properties":{"id":"osm:relation-7413659","version":"0e53bfff05e1700cd2601ba98aece3dfb3906daddb10adee5b1a31a9cd660435","cityId":"freiburg","kind":"place","category":"school","title":"Angell Akademie","statement":"Angell Akademie ist in OpenStreetMap als school eingetragen. Betrieb und Öffnungszeiten nicht geprüft.","status":"OSM-Eintrag, nicht offiziell geprüft","startDate":null,"endDate":null,"nextStep":"Aktuelle Angaben direkt beim Ort prüfen.","scale":"street","geometryPrecision":"approximate","reviewState":"candidate","asOf":"2026-09-26T17:22:08.637Z","sourceCount":1,"primarySource":{"url":"https://www.openstreetmap.org/relation/7413659","title":"OpenStreetMap contributors","publisher":"OpenStreetMap contributors","licence":"ODbL 1.0","reuse":"open_licence"}}},{"type":"Feature","geometry":{"type":"Point","coordinates":[7.80345,48.02021]},"properties":{"id":"osm:relation-8051548","version":"372489e2fc874f054a7ffcefea1b3f1241aedf2ff9a39becd2db4f2345a4acbf","cityId":"freiburg","kind":"place","category":"kindergarten","title":"Kindergarten Edith Stein","statement":"Kindergarten Edith Stein ist in OpenStreetMap als kindergarten eingetragen. Betrieb und Öffnungszeiten nicht geprüft.","status":"OSM-Eintrag, nicht offiziell geprüft","startDate":null,"endDate":null,"nextStep":"Aktuelle Angaben direkt beim Ort prüfen.","scale":"street","geometryPrecision":"approximate","reviewState":"candidate","asOf":"2026-09-26T17:22:08.637Z","sourceCount":1,"primarySource":{"url":"https://www.openstreetmap.org/relation/8051548","title":"OpenStreetMap contributors","publisher":"OpenStreetMap contributors","licence":"ODbL 1.0","reuse":"open_licence"}}},{"type":"Feature","geometry":{"type":"Point","coordinates":[7.84409,48.0061]},"properties":{"id":"osm:relation-8845759","version":"15ca6f24b39284e766ffcf4dc4bb13cd77288a9c0e7631959d20729e1bd52cbb","cityId":"freiburg","kind":"place","category":"hospital","title":"Universitätsklinikum Freiburg","statement":"Universitätsklinikum Freiburg ist in OpenStreetMap als hospital eingetragen. Betrieb und Öffnungszeiten nicht geprüft.","status":"OSM-Eintrag, nicht offiziell geprüft","startDate":null,"endDate":null,"nextStep":"Aktuelle Angaben direkt beim Ort prüfen.","scale":"street","geometryPrecision":"approximate","reviewState":"candidate","asOf":"2026-09-26T17:22:08.637Z","sourceCount":1,"primarySource":{"url":"https://www.openstreetmap.org/relation/8845759","title":"OpenStreetMap contributors","publisher":"OpenStreetMap contributors","licence":"ODbL 1.0","reuse":"open_licence"}}},{"type":"Feature","geometry":{"type":"Point","coordinates":[7.85025,48.00883]},"properties":{"id":"osm:way-100084366","version":"e4566b54cc8b3dc5a4d04cf5dbf5ad50c3ab7d5d2437967cf391a9d83efee5ea","cityId":"freiburg","kind":"place","category":"kindergarten","title":"Kindergarten St. Konrad","statement":"Kindergarten St. Konrad ist in OpenStreetMap als kindergarten eingetragen. Betrieb und Öffnungszeiten nicht geprüft.","status":"OSM-Eintrag, nicht offiziell geprüft","startDate":null,"endDate":null,"nextStep":"Aktuelle Angaben direkt beim Ort prüfen.","scale":"street","geometryPrecision":"approximate","reviewState":"candidate","asOf":"2026-09-26T17:22:08.637Z","sourceCount":1,"primarySource":{"url":"https://www.openstreetmap.org/way/100084366","title":"OpenStreetMap contributors","publisher":"OpenStreetMap contributors","licence":"ODbL 1.0","reuse":"open_licence"}}},{"type":"Feature","geometry":{"type":"Point","coordinates":[7.80605,47.99889]},"properties":{"id":"osm:way-100185331","version":"bb85e40f77fa19b0f13b15b39a191878ac2ad3eba59e55e7c32f9c73e13083c6","cityId":"freiburg","kind":"place","category":"school","title":"Adolf-Reichwein-Schule","statement":"Adolf-Reichwein-Schule ist in OpenStreetMap als school eingetragen. Betrieb und Öffnungszeiten nicht geprüft.","status":"OSM-Eintrag, nicht offiziell geprüft","startDate":null,"endDate":null,"nextStep":"Aktuelle Angaben direkt beim Ort prüfen.","scale":"street","geometryPrecision":"approximate","reviewState":"candidate","asOf":"2026-09-26T17:22:08.637Z","sourceCount":1,"primarySource":{"url":"https://www.openstreetmap.org/way/100185331","title":"OpenStreetMap contributors","publisher":"OpenStreetMap contributors","licence":"ODbL 1.0","reuse":"open_licence"}}},{"type":"Feature","geometry":{"type":"Point","coordinates":[7.80716,48.02442]},"properties":{"id":"osm:way-100185337","version":"262ee4c2f2749016d793c4d2a9fa74d6e759f5735c0f1407885d0ce9234b3e19","cityId":"freiburg","kind":"place","category":"school","title":"Haupt-, Grund- und Sonderschule (Albert Schweitzer I-III)","statement":"Haupt-, Grund- und Sonderschule (Albert Schweitzer I-III) ist in OpenStreetMap als school eingetragen. Betrieb und Öffnungszeiten nicht geprüft.","status":"OSM-Eintrag, nicht offiziell geprüft","startDate":null,"endDate":null,"nextStep":"Aktuelle Angaben direkt beim Ort prüfen.","scale":"street","geometryPrecision":"approximate","reviewState":"candidate","asOf":"2026-09-26T17:22:08.637Z","sourceCount":1,"primarySource":{"url":"https://www.openstreetmap.org/way/100185337","title":"OpenStreetMap contributors","publisher":"OpenStreetMap contributors","licence":"ODbL 1.0","reuse":"open_licence"}}},{"type":"Feature","geometry":{"type":"Point","coordinates":[7.79243,48.00019]},"properties":{"id":"osm:way-100185342","version":"d4d5a9ed3b1fa884120f0ffc862fc6d459b20594e16dd4f557faad5510da6214","cityId":"freiburg","kind":"place","category":"school","title":"Clara-Grunwald-Schule","statement":"Clara-Grunwald-Schule ist in OpenStreetMap als school eingetragen. Betrieb und Öffnungszeiten nicht geprüft.","status":"OSM-Eintrag, nicht offiziell geprüft","startDate":null,"endDate":null,"nextStep":"Aktuelle Angaben direkt beim Ort prüfen.","scale":"street","geometryPrecision":"approximate","reviewState":"candidate","asOf":"2026-09-26T17:22:08.637Z","sourceCount":1,"primarySource":{"url":"https://www.openstreetmap.org/way/100185342","title":"OpenStreetMap contributors","publisher":"OpenStreetMap contributors","licence":"ODbL 1.0","reuse":"open_licence"}}},{"type":"Feature","geometry":{"type":"Point","coordinates":[7.86792,47.98669]},"properties":{"id":"osm:way-100185343","version":"8864b4178396f76cdc4b879e913e320bb14ca17547b4be1005e47b35a6d8f700","cityId":"freiburg","kind":"place","category":"school","title":"Emil-Thoma-Schule","statement":"Emil-Thoma-Schule ist in OpenStreetMap als school eingetragen. Betrieb und Öffnungszeiten nicht geprüft.","status":"OSM-Eintrag, nicht offiziell geprüft","startDate":null,"endDate":null,"nextStep":"Aktuelle Angaben direkt beim Ort prüfen.","scale":"street","geometryPrecision":"approximate","reviewState":"candidate","asOf":"2026-09-26T17:22:08.637Z","sourceCount":1,"primarySource":{"url":"https://www.openstreetmap.org/way/100185343","title":"OpenStreetMap contributors","publisher":"OpenStreetMap contributors","licence":"ODbL 1.0","reuse":"open_licence"}}},{"type":"Feature","geometry":{"type":"Point","coordinates":[7.80451,48.01615]},"properties":{"id":"osm:way-100423229","version":"daca5a73142cc199da4a4203a3c217977852442baca40a4751c1d5bb76d17b1a","cityId":"freiburg","kind":"place","category":"school","title":"Johannes-Schwartz-Schule","statement":"Johannes-Schwartz-Schule ist in OpenStreetMap als school eingetragen. Betrieb und Öffnungszeiten nicht geprüft.","status":"OSM-Eintrag, nicht offiziell geprüft","startDate":null,"endDate":null,"nextStep":"Aktuelle Angaben direkt beim Ort prüfen.","scale":"street","geometryPrecision":"approximate","reviewState":"candidate","asOf":"2026-09-26T17:22:08.637Z","sourceCount":1,"primarySource":{"url":"https://www.openstreetmap.org/way/100423229","title":"OpenStreetMap contributors","publisher":"OpenStreetMap contributors","licence":"ODbL 1.0","reuse":"open_licence"}}},{"type":"Feature","geometry":{"type":"Point","coordinates":[7.81281,48.01346]},"properties":{"id":"osm:way-100423245","version":"d753db6a5ba5fc053bc0d98c6f4f41bc5623186336676c1aeca114ba50d6d36f","cityId":"freiburg","kind":"place","category":"school","title":"Gerhart-Hauptmann-Schule","statement":"Gerhart-Hauptmann-Schule ist in OpenStreetMap als school eingetragen. Betrieb und Öffnungszeiten nicht geprüft.","status":"OSM-Eintrag, nicht offiziell geprüft","startDate":null,"endDate":null,"nextStep":"Aktuelle Angaben direkt beim Ort prüfen.","scale":"street","geometryPrecision":"approximate","reviewState":"candidate","asOf":"2026-09-26T17:22:08.637Z","sourceCount":1,"primarySource":{"url":"https://www.openstreetmap.org/way/100423245","title":"OpenStreetMap contributors","publisher":"OpenStreetMap contributors","licence":"ODbL 1.0","reuse":"open_licence"}}},{"type":"Feature","geometry":{"type":"Point","coordinates":[7.83604,47.99701]},"properties":{"id":"osm:way-100423250","version":"0dcd140636b34359f82509a3b41eeaacf375a59d64e782c4190063a5b9daf24a","cityId":"freiburg","kind":"place","category":"school","title":"Hebelschule","statement":"Hebelschule ist in OpenStreetMap als school eingetragen. Betrieb und Öffnungszeiten nicht geprüft.","status":"OSM-Eintrag, nicht offiziell geprüft","startDate":null,"endDate":null,"nextStep":"Aktuelle Angaben direkt beim Ort prüfen.","scale":"street","geometryPrecision":"approximate","reviewState":"candidate","asOf":"2026-09-26T17:22:08.637Z","sourceCount":1,"primarySource":{"url":"https://www.openstreetmap.org/way/100423250","title":"OpenStreetMap contributors","publisher":"OpenStreetMap contributors","licence":"ODbL 1.0","reuse":"open_licence"}}},{"type":"Feature","geometry":{"type":"Point","coordinates":[7.71783,48.02302]},"properties":{"id":"osm:way-100423259","version":"3a0779a59c63c97000af9689c2394b249818455405beb94970caabb47708424a","cityId":"freiburg","kind":"place","category":"school","title":"Hofackerschule","statement":"Hofackerschule ist in OpenStreetMap als school eingetragen. Betrieb und Öffnungszeiten nicht geprüft.","status":"OSM-Eintrag, nicht offiziell geprüft","startDate":null,"endDate":null,"nextStep":"Aktuelle Angaben direkt beim Ort prüfen.","scale":"street","geometryPrecision":"approximate","reviewState":"candidate","asOf":"2026-09-26T17:22:08.637Z","sourceCount":1,"primarySource":{"url":"https://www.openstreetmap.org/way/100423259","title":"OpenStreetMap contributors","publisher":"OpenStreetMap contributors","licence":"ODbL 1.0","reuse":"open_licence"}}},{"type":"Feature","geometry":{"type":"Point","coordinates":[7.80532,48.00243]},"properties":{"id":"osm:way-101161349","version":"c939a5daf8fc8c3310aff623b9b14e3789122ea0c2a6682c17446caae7c616a0","cityId":"freiburg","kind":"place","category":"bmx","title":"Dirtpark","statement":"Dirtpark ist in OpenStreetMap als bmx eingetragen. Betrieb und Öffnungszeiten nicht geprüft.","status":"OSM-Eintrag, nicht offiziell geprüft","startDate":null,"endDate":null,"nextStep":"Aktuelle Angaben direkt beim Ort prüfen.","scale":"street","geometryPrecision":"approximate","reviewState":"candidate","asOf":"2026-09-26T17:22:08.637Z","sourceCount":1,"primarySource":{"url":"https://www.openstreetmap.org/way/101161349","title":"OpenStreetMap contributors","publisher":"OpenStreetMap contributors","licence":"ODbL 1.0","reuse":"open_licence"}}},{"type":"Feature","geometry":{"type":"Point","coordinates":[7.84406,47.99302]},"properties":{"id":"osm:way-101186032","version":"8128326eb8f588037847fced60872ab9779dda827e836d6e418c101079e56f9f","cityId":"freiburg","kind":"place","category":"kindergarten","title":"Kita Kleine Knöpfe","statement":"Kita Kleine Knöpfe ist in OpenStreetMap als kindergarten eingetragen. Öffnungszeiten in OSM eingetragen; nicht unabhängig bestätigt.","status":"OSM-Eintrag, nicht offiziell geprüft","startDate":null,"endDate":null,"nextStep":"Aktuelle Angaben direkt beim Ort prüfen.","scale":"street","geometryPrecision":"approximate","reviewState":"candidate","asOf":"2026-09-26T17:22:08.637Z","sourceCount":1,"primarySource":{"url":"https://www.openstreetmap.org/way/101186032","title":"OpenStreetMap contributors","publisher":"OpenStreetMap contributors","licence":"ODbL 1.0","reuse":"open_licence"}}},{"type":"Feature","geometry":{"type":"Point","coordinates":[7.80997,47.99499]},"properties":{"id":"osm:way-101250545","version":"aff6f7e401ef59f7acc3346bec923f66f2c19f707cad4b9f0532d55196d99192","cityId":"freiburg","kind":"place","category":"community_centre","title":"EBW (Erwachsenenbegegnungsstätte)","statement":"EBW (Erwachsenenbegegnungsstätte) ist in OpenStreetMap als community_centre eingetragen. Betrieb und Öffnungszeiten nicht geprüft.","status":"OSM-Eintrag, nicht offiziell geprüft","startDate":null,"endDate":null,"nextStep":"Aktuelle Angaben direkt beim Ort prüfen.","scale":"street","geometryPrecision":"approximate","reviewState":"candidate","asOf":"2026-09-26T17:22:08.637Z","sourceCount":1,"primarySource":{"url":"https://www.openstreetmap.org/way/101250545","title":"OpenStreetMap contributors","publisher":"OpenStreetMap contributors","licence":"ODbL 1.0","reuse":"open_licence"}}},{"type":"Feature","geometry":{"type":"Point","coordinates":[7.81996,47.98723]},"properties":{"id":"osm:way-1015150431","version":"be667cc07cbd5549a618eb5bff3b54043b1ed20cac3e406e3f0d2c1a2e82bec0","cityId":"freiburg","kind":"place","category":"school","title":"Vigelius Grundschule","statement":"Vigelius Grundschule ist in OpenStreetMap als school eingetragen. Betrieb und Öffnungszeiten nicht geprüft.","status":"OSM-Eintrag, nicht offiziell geprüft","startDate":null,"endDate":null,"nextStep":"Aktuelle Angaben direkt beim Ort prüfen.","scale":"street","geometryPrecision":"approximate","reviewState":"candidate","asOf":"2026-09-26T17:22:08.637Z","sourceCount":1,"primarySource":{"url":"https://www.openstreetmap.org/way/1015150431","title":"OpenStreetMap contributors","publisher":"OpenStreetMap contributors","licence":"ODbL 1.0","reuse":"open_licence"}}},{"type":"Feature","geometry":{"type":"Point","coordinates":[7.84347,47.99651]},"properties":{"id":"osm:way-101577719","version":"762e77a585703ff7d1d9eaf650b64c90ccd7521c4c251cdd3648f1d3bdf77eff","cityId":"freiburg","kind":"place","category":"multi","title":"Sporthalle St. Ursula-Gymnasium","statement":"Sporthalle St. Ursula-Gymnasium ist in OpenStreetMap als multi eingetragen. Betrieb und Öffnungszeiten nicht geprüft.","status":"OSM-Eintrag, nicht offiziell geprüft","startDate":null,"endDate":null,"nextStep":"Aktuelle Angaben direkt beim Ort prüfen.","scale":"street","geometryPrecision":"approximate","reviewState":"candidate","asOf":"2026-09-26T17:22:08.637Z","sourceCount":1,"primarySource":{"url":"https://www.openstreetmap.org/way/101577719","title":"OpenStreetMap contributors","publisher":"OpenStreetMap contributors","licence":"ODbL 1.0","reuse":"open_licence"}}},{"type":"Feature","geometry":{"type":"Point","coordinates":[7.85607,48.01254]},"properties":{"id":"osm:way-102030031","version":"8dd1014e595328163ee8ac38afb6c06614f0eb94c17a88c7c762fb09144f6506","cityId":"freiburg","kind":"place","category":"school","title":"Fachschule für Sozialpädagogik","statement":"Fachschule für Sozialpädagogik ist in OpenStreetMap als school eingetragen. Betrieb und Öffnungszeiten nicht geprüft.","status":"OSM-Eintrag, nicht offiziell geprüft","startDate":null,"endDate":null,"nextStep":"Aktuelle Angaben direkt beim Ort prüfen.","scale":"street","geometryPrecision":"approximate","reviewState":"candidate","asOf":"2026-09-26T17:22:08.637Z","sourceCount":1,"primarySource":{"url":"https://www.openstreetmap.org/way/102030031","title":"OpenStreetMap contributors","publisher":"OpenStreetMap contributors","licence":"ODbL 1.0","reuse":"open_licence"}}},{"type":"Feature","geometry":{"type":"Point","coordinates":[7.81861,47.99168]},"properties":{"id":"osm:way-102405336","version":"da9be5f44a7fce288492ba406a6ced11347a2a8b007568ef5a3dce60dc6e857c","cityId":"freiburg","kind":"place","category":"multi","title":"Sporthalle Pestalozzi-Schule","statement":"Sporthalle Pestalozzi-Schule ist in OpenStreetMap als multi eingetragen. Betrieb und Öffnungszeiten nicht geprüft.","status":"OSM-Eintrag, nicht offiziell geprüft","startDate":null,"endDate":null,"nextStep":"Aktuelle Angaben direkt beim Ort prüfen.","scale":"street","geometryPrecision":"approximate","reviewState":"candidate","asOf":"2026-09-26T17:22:08.637Z","sourceCount":1,"primarySource":{"url":"https://www.openstreetmap.org/way/102405336","title":"OpenStreetMap contributors","publisher":"OpenStreetMap contributors","licence":"ODbL 1.0","reuse":"open_licence"}}},{"type":"Feature","geometry":{"type":"Point","coordinates":[7.80155,48.04866]},"properties":{"id":"osm:way-102474261","version":"f81b3ca1149d7570c27e704fc096d2d79d4ca6c5c3cbb70b130a2253f620c72f","cityId":"freiburg","kind":"place","category":"townhall","title":"Rathaus","statement":"Rathaus ist in OpenStreetMap als townhall eingetragen. Betrieb und Öffnungszeiten nicht geprüft.","status":"OSM-Eintrag, nicht offiziell geprüft","startDate":null,"endDate":null,"nextStep":"Aktuelle Angaben direkt beim Ort prüfen.","scale":"street","geometryPrecision":"approximate","reviewState":"candidate","asOf":"2026-09-26T17:22:08.637Z","sourceCount":1,"primarySource":{"url":"https://www.openstreetmap.org/way/102474261","title":"OpenStreetMap contributors","publisher":"OpenStreetMap contributors","licence":"ODbL 1.0","reuse":"open_licence"}}},{"type":"Feature","geometry":{"type":"Point","coordinates":[7.81934,47.99166]},"properties":{"id":"osm:way-102657866","version":"c4e8367dc6e7006a67dee6f0abf65fe6d91cc60b63f0be5937ceb086febb86f6","cityId":"freiburg","kind":"place","category":"school","title":"Pestalozzi-Real- und Grundschule","statement":"Pestalozzi-Real- und Grundschule ist in OpenStreetMap als school eingetragen. Betrieb und Öffnungszeiten nicht geprüft.","status":"OSM-Eintrag, nicht offiziell geprüft","startDate":null,"endDate":null,"nextStep":"Aktuelle Angaben direkt beim Ort prüfen.","scale":"street","geometryPrecision":"approximate","reviewState":"candidate","asOf":"2026-09-26T17:22:08.637Z","sourceCount":1,"primarySource":{"url":"https://www.openstreetmap.org/way/102657866","title":"OpenStreetMap contributors","publisher":"OpenStreetMap contributors","licence":"ODbL 1.0","reuse":"open_licence"}}},{"type":"Feature","geometry":{"type":"Point","coordinates":[7.82396,47.98994]},"properties":{"id":"osm:way-102661347","version":"04cc1a7042f3b51f89a2fff413b04ae93c696f328354aac0895122b2993bba35","cityId":"freiburg","kind":"place","category":"swimming","title":"Gartenhallenbad Haslach","statement":"Gartenhallenbad Haslach ist in OpenStreetMap als swimming eingetragen. Öffnungszeiten in OSM eingetragen; nicht unabhängig bestätigt.","status":"OSM-Eintrag, nicht offiziell geprüft","startDate":null,"endDate":null,"nextStep":"Aktuelle Angaben direkt beim Ort prüfen.","scale":"street","geometryPrecision":"approximate","reviewState":"candidate","asOf":"2026-09-26T17:22:08.637Z","sourceCount":1,"primarySource":{"url":"https://www.openstreetmap.org/way/102661347","title":"OpenStreetMap contributors","publisher":"OpenStreetMap contributors","licence":"ODbL 1.0","reuse":"open_licence"}}},{"type":"Feature","geometry":{"type":"Point","coordinates":[7.85412,48.01648]},"properties":{"id":"osm:way-1030548436","version":"53533a3145325a339ffd52258b1718fdc8b4c60d8b71b7cc103167c6d4e22b95","cityId":"freiburg","kind":"place","category":"school","title":"Tullaschule","statement":"Tullaschule ist in OpenStreetMap als school eingetragen. Betrieb und Öffnungszeiten nicht geprüft.","status":"OSM-Eintrag, nicht offiziell geprüft","startDate":null,"endDate":null,"nextStep":"Aktuelle Angaben direkt beim Ort prüfen.","scale":"street","geometryPrecision":"approximate","reviewState":"candidate","asOf":"2026-09-26T17:22:08.637Z","sourceCount":1,"primarySource":{"url":"https://www.openstreetmap.org/way/1030548436","title":"OpenStreetMap contributors","publisher":"OpenStreetMap contributors","licence":"ODbL 1.0","reuse":"open_licence"}}},{"type":"Feature","geometry":{"type":"Point","coordinates":[7.81575,48.01483]},"properties":{"id":"osm:way-103428513","version":"0e5cfc7f74b1a52dcba0dd8663f43917cf1b497b4f7051b4ebfadcd68f6d5f88","cityId":"freiburg","kind":"place","category":"kindergarten","title":"Katholischer Kindergarten Heilige Familie","statement":"Katholischer Kindergarten Heilige Familie ist in OpenStreetMap als kindergarten eingetragen. Betrieb und Öffnungszeiten nicht geprüft.","status":"OSM-Eintrag, nicht offiziell geprüft","startDate":null,"endDate":null,"nextStep":"Aktuelle Angaben direkt beim Ort prüfen.","scale":"street","geometryPrecision":"approximate","reviewState":"candidate","asOf":"2026-09-26T17:22:08.637Z","sourceCount":1,"primarySource":{"url":"https://www.openstreetmap.org/way/103428513","title":"OpenStreetMap contributors","publisher":"OpenStreetMap contributors","licence":"ODbL 1.0","reuse":"open_licence"}}},{"type":"Feature","geometry":{"type":"Point","coordinates":[7.82539,48.00433]},"properties":{"id":"osm:way-103436410","version":"9eb548270502778dc0429639dc85fc4d974476b1110c73bd7dd95177763c7a06","cityId":"freiburg","kind":"place","category":"kindergarten","title":"Kindertageseinrichtung Sprungbrett","statement":"Kindertageseinrichtung Sprungbrett ist in OpenStreetMap als kindergarten eingetragen. Betrieb und Öffnungszeiten nicht geprüft.","status":"OSM-Eintrag, nicht offiziell geprüft","startDate":null,"endDate":null,"nextStep":"Aktuelle Angaben direkt beim Ort prüfen.","scale":"street","geometryPrecision":"approximate","reviewState":"candidate","asOf":"2026-09-26T17:22:08.637Z","sourceCount":1,"primarySource":{"url":"https://www.openstreetmap.org/way/103436410","title":"OpenStreetMap contributors","publisher":"OpenStreetMap contributors","licence":"ODbL 1.0","reuse":"open_licence"}}},{"type":"Feature","geometry":{"type":"Point","coordinates":[7.81451,48.0257]},"properties":{"id":"osm:way-103561291","version":"e63e059de567440dbd66bf9bb9f4d40c224d18359f61be73324c4e6a39e4a7bb","cityId":"freiburg","kind":"place","category":"doctors","title":"Kinderarzt-Praxis Freiburg, Dr. med. Roland Fressle","statement":"Kinderarzt-Praxis Freiburg, Dr. med. Roland Fressle ist in OpenStreetMap als doctors eingetragen. Betrieb und Öffnungszeiten nicht geprüft.","status":"OSM-Eintrag, nicht offiziell geprüft","startDate":null,"endDate":null,"nextStep":"Aktuelle Angaben direkt beim Ort prüfen.","scale":"street","geometryPrecision":"approximate","reviewState":"candidate","asOf":"2026-09-26T17:22:08.637Z","sourceCount":1,"primarySource":{"url":"https://www.openstreetmap.org/way/103561291","title":"OpenStreetMap contributors","publisher":"OpenStreetMap contributors","licence":"ODbL 1.0","reuse":"open_licence"}}},{"type":"Feature","geometry":{"type":"Point","coordinates":[7.69714,47.96719]},"properties":{"id":"osm:way-104015937","version":"6a329019eb0dc376a1068b8b86bd7d786fa1ebf6b05620697237271de71313e2","cityId":"freiburg","kind":"place","category":"kindergarten","title":"Kita Sonnengarten","statement":"Kita Sonnengarten ist in OpenStreetMap als kindergarten eingetragen. Betrieb und Öffnungszeiten nicht geprüft.","status":"OSM-Eintrag, nicht offiziell geprüft","startDate":null,"endDate":null,"nextStep":"Aktuelle Angaben direkt beim Ort prüfen.","scale":"street","geometryPrecision":"approximate","reviewState":"candidate","asOf":"2026-09-26T17:22:08.637Z","sourceCount":1,"primarySource":{"url":"https://www.openstreetmap.org/way/104015937","title":"OpenStreetMap contributors","publisher":"OpenStreetMap contributors","licence":"ODbL 1.0","reuse":"open_licence"}}},{"type":"Feature","geometry":{"type":"Point","coordinates":[7.82445,47.99262]},"properties":{"id":"osm:way-104246043","version":"6b6e755372843f1e3374180fe4ab30f668b0525ce9111cd9ec3c9894b4879f4b","cityId":"freiburg","kind":"place","category":"multi","title":"Staudinger-Sporthalle","statement":"Staudinger-Sporthalle ist in OpenStreetMap als multi eingetragen. Betrieb und Öffnungszeiten nicht geprüft.","status":"OSM-Eintrag, nicht offiziell geprüft","startDate":null,"endDate":null,"nextStep":"Aktuelle Angaben direkt beim Ort prüfen.","scale":"street","geometryPrecision":"approximate","reviewState":"candidate","asOf":"2026-09-26T17:22:08.637Z","sourceCount":1,"primarySource":{"url":"https://www.openstreetmap.org/way/104246043","title":"OpenStreetMap contributors","publisher":"OpenStreetMap contributors","licence":"ODbL 1.0","reuse":"open_licence"}}},{"type":"Feature","geometry":{"type":"Point","coordinates":[7.71847,47.98367]},"properties":{"id":"osm:way-104397939","version":"3df2b8d3f96547e1730c73ec46cc0328c433f51e3139b43b07ffb61ce98776a4","cityId":"freiburg","kind":"place","category":"fire_station","title":"Freiwillige Feuerwehr Freiburg | Abteilung 12 Tiengen","statement":"Freiwillige Feuerwehr Freiburg | Abteilung 12 Tiengen ist in OpenStreetMap als fire_station eingetragen. Betrieb und Öffnungszeiten nicht geprüft.","status":"OSM-Eintrag, nicht offiziell geprüft","startDate":null,"endDate":null,"nextStep":"Aktuelle Angaben direkt beim Ort prüfen.","scale":"street","geometryPrecision":"approximate","reviewState":"candidate","asOf":"2026-09-26T17:22:08.637Z","sourceCount":1,"primarySource":{"url":"https://www.openstreetmap.org/way/104397939","title":"OpenStreetMap contributors","publisher":"OpenStreetMap contributors","licence":"ODbL 1.0","reuse":"open_licence"}}},{"type":"Feature","geometry":{"type":"Point","coordinates":[7.81952,48.01282]},"properties":{"id":"osm:way-1044294703","version":"b80284a721d074b124c5f7f46fa2bb760d6ab01f242f5d2cfe9512085af9cc3e","cityId":"freiburg","kind":"place","category":"multi","title":"Freisportanlage Seepark","statement":"Freisportanlage Seepark ist in OpenStreetMap als multi eingetragen. Betrieb und Öffnungszeiten nicht geprüft.","status":"OSM-Eintrag, nicht offiziell geprüft","startDate":null,"endDate":null,"nextStep":"Aktuelle Angaben direkt beim Ort prüfen.","scale":"street","geometryPrecision":"approximate","reviewState":"candidate","asOf":"2026-09-26T17:22:08.637Z","sourceCount":1,"primarySource":{"url":"https://www.openstreetmap.org/way/1044294703","title":"OpenStreetMap contributors","publisher":"OpenStreetMap contributors","licence":"ODbL 1.0","reuse":"open_licence"}}},{"type":"Feature","geometry":{"type":"Point","coordinates":[7.71622,47.98229]},"properties":{"id":"osm:way-104434355","version":"c0730faff71edc9a7d19b78ad2b30df9ac9119e650e8502376257de4473b1d15","cityId":"freiburg","kind":"place","category":"townhall","title":"Rathaus Tiengen","statement":"Rathaus Tiengen ist in OpenStreetMap als townhall eingetragen. Öffnungszeiten in OSM eingetragen; nicht unabhängig bestätigt.","status":"OSM-Eintrag, nicht offiziell geprüft","startDate":null,"endDate":null,"nextStep":"Aktuelle Angaben direkt beim Ort prüfen.","scale":"street","geometryPrecision":"approximate","reviewState":"candidate","asOf":"2026-09-26T17:22:08.637Z","sourceCount":1,"primarySource":{"url":"https://www.openstreetmap.org/way/104434355","title":"OpenStreetMap contributors","publisher":"OpenStreetMap contributors","licence":"ODbL 1.0","reuse":"open_licence"}}},{"type":"Feature","geometry":{"type":"Point","coordinates":[7.69454,47.96678]},"properties":{"id":"osm:way-105025292","version":"7284a00d7d3a8f4f210c42533b70f65a3400df958ae42bf756201c8bd612b19f","cityId":"freiburg","kind":"place","category":"supermarket","title":"Rewe","statement":"Rewe ist in OpenStreetMap als supermarket eingetragen. Öffnungszeiten in OSM eingetragen; nicht unabhängig bestätigt.","status":"OSM-Eintrag, nicht offiziell geprüft","startDate":null,"endDate":null,"nextStep":"Aktuelle Angaben direkt beim Ort prüfen.","scale":"street","geometryPrecision":"approximate","reviewState":"candidate","asOf":"2026-09-26T17:22:08.637Z","sourceCount":1,"primarySource":{"url":"https://www.openstreetmap.org/way/105025292","title":"OpenStreetMap contributors","publisher":"OpenStreetMap contributors","licence":"ODbL 1.0","reuse":"open_licence"}}},{"type":"Feature","geometry":{"type":"Point","coordinates":[7.8755,47.99443]},"properties":{"id":"osm:way-1051758788","version":"ed06d538a7cf63aa7869b36b714be302c90cba6da0aba4771b01322ec54fe1f4","cityId":"freiburg","kind":"place","category":"kindergarten","title":"Waldgruppe Haus Kunterbunt","statement":"Waldgruppe Haus Kunterbunt ist in OpenStreetMap als kindergarten eingetragen. Betrieb und Öffnungszeiten nicht geprüft.","status":"OSM-Eintrag, nicht offiziell geprüft","startDate":null,"endDate":null,"nextStep":"Aktuelle Angaben direkt beim Ort prüfen.","scale":"street","geometryPrecision":"approximate","reviewState":"candidate","asOf":"2026-09-26T17:22:08.637Z","sourceCount":1,"primarySource":{"url":"https://www.openstreetmap.org/way/1051758788","title":"OpenStreetMap contributors","publisher":"OpenStreetMap contributors","licence":"ODbL 1.0","reuse":"open_licence"}}},{"type":"Feature","geometry":{"type":"Point","coordinates":[7.77574,48.01609]},"properties":{"id":"osm:way-1052124909","version":"040f43008032b6b612544064aa01c5d945f8dfa654ccc4867badbbf39b2cc7df","cityId":"freiburg","kind":"place","category":"kindergarten","title":"Naturkita Mundenhof","statement":"Naturkita Mundenhof ist in OpenStreetMap als kindergarten eingetragen. Betrieb und Öffnungszeiten nicht geprüft.","status":"OSM-Eintrag, nicht offiziell geprüft","startDate":null,"endDate":null,"nextStep":"Aktuelle Angaben direkt beim Ort prüfen.","scale":"street","geometryPrecision":"approximate","reviewState":"candidate","asOf":"2026-09-26T17:22:08.637Z","sourceCount":1,"primarySource":{"url":"https://www.openstreetmap.org/way/1052124909","title":"OpenStreetMap contributors","publisher":"OpenStreetMap contributors","licence":"ODbL 1.0","reuse":"open_licence"}}},{"type":"Feature","geometry":{"type":"Point","coordinates":[7.7181,48.02358]},"properties":{"id":"osm:way-105538197","version":"f0ee68517d4a8c823477db8ee26070880268968d0b6fcd9db74e6bfe57b44115","cityId":"freiburg","kind":"place","category":"townhall","title":"Ortsverwaltung Waltershofen","statement":"Ortsverwaltung Waltershofen ist in OpenStreetMap als townhall eingetragen. Betrieb und Öffnungszeiten nicht geprüft.","status":"OSM-Eintrag, nicht offiziell geprüft","startDate":null,"endDate":null,"nextStep":"Aktuelle Angaben direkt beim Ort prüfen.","scale":"street","geometryPrecision":"approximate","reviewState":"candidate","asOf":"2026-09-26T17:22:08.637Z","sourceCount":1,"primarySource":{"url":"https://www.openstreetmap.org/way/105538197","title":"OpenStreetMap contributors","publisher":"OpenStreetMap contributors","licence":"ODbL 1.0","reuse":"open_licence"}}},{"type":"Feature","geometry":{"type":"Point","coordinates":[7.79912,48.04643]},"properties":{"id":"osm:way-1060168342","version":"6e9d32a8719042950e4ae4013b61f362afd921efaaddfbbe8912bde86db12b36","cityId":"freiburg","kind":"place","category":"sport","title":"Tennisclub Hochdorf","statement":"Tennisclub Hochdorf ist in OpenStreetMap als sport eingetragen. Betrieb und Öffnungszeiten nicht geprüft.","status":"OSM-Eintrag, nicht offiziell geprüft","startDate":null,"endDate":null,"nextStep":"Aktuelle Angaben direkt beim Ort prüfen.","scale":"street","geometryPrecision":"approximate","reviewState":"candidate","asOf":"2026-09-26T17:22:08.637Z","sourceCount":1,"primarySource":{"url":"https://www.openstreetmap.org/way/1060168342","title":"OpenStreetMap contributors","publisher":"OpenStreetMap contributors","licence":"ODbL 1.0","reuse":"open_licence"}}},{"type":"Feature","geometry":{"type":"Point","coordinates":[7.81118,47.98894]},"properties":{"id":"osm:way-106148445","version":"047082bdaad04111056a92ccbe2408aed48d9c6d9ece442738bdedbb4db55130","cityId":"freiburg","kind":"place","category":"kindergarten","title":"Kita Fidibus","statement":"Kita Fidibus ist in OpenStreetMap als kindergarten eingetragen. Betrieb und Öffnungszeiten nicht geprüft.","status":"OSM-Eintrag, nicht offiziell geprüft","startDate":null,"endDate":null,"nextStep":"Aktuelle Angaben direkt beim Ort prüfen.","scale":"street","geometryPrecision":"approximate","reviewState":"candidate","asOf":"2026-09-26T17:22:08.637Z","sourceCount":1,"primarySource":{"url":"https://www.openstreetmap.org/way/106148445","title":"OpenStreetMap contributors","publisher":"OpenStreetMap contributors","licence":"ODbL 1.0","reuse":"open_licence"}}},{"type":"Feature","geometry":{"type":"Point","coordinates":[7.80874,48.01011]},"properties":{"id":"osm:way-1065365566","version":"0fa16704fbfb7f2057ec203936f301c18ad11444198ff9a1f9fe8961c4678595","cityId":"freiburg","kind":"place","category":"kindergarten","title":"Matthäuskindergarten","statement":"Matthäuskindergarten ist in OpenStreetMap als kindergarten eingetragen. Betrieb und Öffnungszeiten nicht geprüft.","status":"OSM-Eintrag, nicht offiziell geprüft","startDate":null,"endDate":null,"nextStep":"Aktuelle Angaben direkt beim Ort prüfen.","scale":"street","geometryPrecision":"approximate","reviewState":"candidate","asOf":"2026-09-26T17:22:08.637Z","sourceCount":1,"primarySource":{"url":"https://www.openstreetmap.org/way/1065365566","title":"OpenStreetMap contributors","publisher":"OpenStreetMap contributors","licence":"ODbL 1.0","reuse":"open_licence"}}},{"type":"Feature","geometry":{"type":"Point","coordinates":[7.86076,47.9822]},"properties":{"id":"osm:way-108601854","version":"241b9208a9f6d33b7b4f95492749ef884acc41cd55371edda2cca708e8218546","cityId":"freiburg","kind":"place","category":"kindergarten","title":"Waldkindergarten Immergrün","statement":"Waldkindergarten Immergrün ist in OpenStreetMap als kindergarten eingetragen. Betrieb und Öffnungszeiten nicht geprüft.","status":"OSM-Eintrag, nicht offiziell geprüft","startDate":null,"endDate":null,"nextStep":"Aktuelle Angaben direkt beim Ort prüfen.","scale":"street","geometryPrecision":"approximate","reviewState":"candidate","asOf":"2026-09-26T17:22:08.637Z","sourceCount":1,"primarySource":{"url":"https://www.openstreetmap.org/way/108601854","title":"OpenStreetMap contributors","publisher":"OpenStreetMap contributors","licence":"ODbL 1.0","reuse":"open_licence"}}},{"type":"Feature","geometry":{"type":"Point","coordinates":[7.85463,48.01732]},"properties":{"id":"osm:way-1092227489","version":"2d19f4d02478c126153b20722ce3216fffe8c9128d5ad6e938e9b1525eece068","cityId":"freiburg","kind":"place","category":"kindergarten","title":"Kindergarten Sankt Elisabeth","statement":"Kindergarten Sankt Elisabeth ist in OpenStreetMap als kindergarten eingetragen. Öffnungszeiten in OSM eingetragen; nicht unabhängig bestätigt.","status":"OSM-Eintrag, nicht offiziell geprüft","startDate":null,"endDate":null,"nextStep":"Aktuelle Angaben direkt beim Ort prüfen.","scale":"street","geometryPrecision":"approximate","reviewState":"candidate","asOf":"2026-09-26T17:22:08.637Z","sourceCount":1,"primarySource":{"url":"https://www.openstreetmap.org/way/1092227489","title":"OpenStreetMap contributors","publisher":"OpenStreetMap contributors","licence":"ODbL 1.0","reuse":"open_licence"}}},{"type":"Feature","geometry":{"type":"Point","coordinates":[7.80261,48.00436]},"properties":{"id":"osm:way-1092582459","version":"6bd3392fd5ef4ccb655223b9bd64c9bae868434f943c6c97a42304aa6f126a32","cityId":"freiburg","kind":"place","category":"soccer","title":"Rosskopfblick","statement":"Rosskopfblick ist in OpenStreetMap als soccer eingetragen. Betrieb und Öffnungszeiten nicht geprüft.","status":"OSM-Eintrag, nicht offiziell geprüft","startDate":null,"endDate":null,"nextStep":"Aktuelle Angaben direkt beim Ort prüfen.","scale":"street","geometryPrecision":"approximate","reviewState":"candidate","asOf":"2026-09-26T17:22:08.637Z","sourceCount":1,"primarySource":{"url":"https://www.openstreetmap.org/way/1092582459","title":"OpenStreetMap contributors","publisher":"OpenStreetMap contributors","licence":"ODbL 1.0","reuse":"open_licence"}}},{"type":"Feature","geometry":{"type":"Point","coordinates":[7.84309,47.98533]},"properties":{"id":"osm:way-110946571","version":"7f0cfd190c4b68b61a3bd2b68aee80322307c67a9db1868fda3b6c67c01bc7c3","cityId":"freiburg","kind":"place","category":"community_centre","title":"Katholische Hochschulgemeinde","statement":"Katholische Hochschulgemeinde ist in OpenStreetMap als community_centre eingetragen. Öffnungszeiten in OSM eingetragen; nicht unabhängig bestätigt.","status":"OSM-Eintrag, nicht offiziell geprüft","startDate":null,"endDate":null,"nextStep":"Aktuelle Angaben direkt beim Ort prüfen.","scale":"street","geometryPrecision":"approximate","reviewState":"candidate","asOf":"2026-09-26T17:22:08.637Z","sourceCount":1,"primarySource":{"url":"https://www.openstreetmap.org/way/110946571","title":"OpenStreetMap contributors","publisher":"OpenStreetMap contributors","licence":"ODbL 1.0","reuse":"open_licence"}}},{"type":"Feature","geometry":{"type":"Point","coordinates":[7.88255,47.99482]},"properties":{"id":"osm:way-1109879826","version":"a816262b6a46128a10807495b4b2cc40eb73dd456122a0174ce8bfce4bbf895e","cityId":"freiburg","kind":"place","category":"basketball","title":"Mensa Courtyard","statement":"Mensa Courtyard ist in OpenStreetMap als basketball eingetragen. Betrieb und Öffnungszeiten nicht geprüft.","status":"OSM-Eintrag, nicht offiziell geprüft","startDate":null,"endDate":null,"nextStep":"Aktuelle Angaben direkt beim Ort prüfen.","scale":"street","geometryPrecision":"approximate","reviewState":"candidate","asOf":"2026-09-26T17:22:08.637Z","sourceCount":1,"primarySource":{"url":"https://www.openstreetmap.org/way/1109879826","title":"OpenStreetMap contributors","publisher":"OpenStreetMap contributors","licence":"ODbL 1.0","reuse":"open_licence"}}},{"type":"Feature","geometry":{"type":"Point","coordinates":[7.82776,47.97338]},"properties":{"id":"osm:way-111138463","version":"b7b9592d5d3f190d3286b6e723306111d5a0d94f35613a4a580f35aec3488ce9","cityId":"freiburg","kind":"place","category":"multi","title":"Karoline-Kaspar-Schule","statement":"Karoline-Kaspar-Schule ist in OpenStreetMap als multi eingetragen. Betrieb und Öffnungszeiten nicht geprüft.","status":"OSM-Eintrag, nicht offiziell geprüft","startDate":null,"endDate":null,"nextStep":"Aktuelle Angaben direkt beim Ort prüfen.","scale":"street","geometryPrecision":"approximate","reviewState":"candidate","asOf":"2026-09-26T17:22:08.637Z","sourceCount":1,"primarySource":{"url":"https://www.openstreetmap.org/way/111138463","title":"OpenStreetMap contributors","publisher":"OpenStreetMap contributors","licence":"ODbL 1.0","reuse":"open_licence"}}},{"type":"Feature","geometry":{"type":"Point","coordinates":[7.82911,47.99163]},"properties":{"id":"osm:way-112530717","version":"f2cb0cffc20b7e375bbbe0aea320823d6ef397510082b5bb72e6e926c161b006","cityId":"freiburg","kind":"place","category":"fire_station","title":"Rettungszentrum Freiburg","statement":"Rettungszentrum Freiburg ist in OpenStreetMap als fire_station eingetragen. Betrieb und Öffnungszeiten nicht geprüft.","status":"OSM-Eintrag, nicht offiziell geprüft","startDate":null,"endDate":null,"nextStep":"Aktuelle Angaben direkt beim Ort prüfen.","scale":"street","geometryPrecision":"approximate","reviewState":"candidate","asOf":"2026-09-26T17:22:08.637Z","sourceCount":1,"primarySource":{"url":"https://www.openstreetmap.org/way/112530717","title":"OpenStreetMap contributors","publisher":"OpenStreetMap contributors","licence":"ODbL 1.0","reuse":"open_licence"}}},{"type":"Feature","geometry":{"type":"Point","coordinates":[7.81223,47.97797]},"properties":{"id":"osm:way-112545167","version":"2b55912ea7ae59bbf9ca67dd5909155c649eb815b31da86361ab5f0dff6b4317","cityId":"freiburg","kind":"place","category":"school","title":"Schneeburgschule","statement":"Schneeburgschule ist in OpenStreetMap als school eingetragen. Betrieb und Öffnungszeiten nicht geprüft.","status":"OSM-Eintrag, nicht offiziell geprüft","startDate":null,"endDate":null,"nextStep":"Aktuelle Angaben direkt beim Ort prüfen.","scale":"street","geometryPrecision":"approximate","reviewState":"candidate","asOf":"2026-09-26T17:22:08.637Z","sourceCount":1,"primarySource":{"url":"https://www.openstreetmap.org/way/112545167","title":"OpenStreetMap contributors","publisher":"OpenStreetMap contributors","licence":"ODbL 1.0","reuse":"open_licence"}}},{"type":"Feature","geometry":{"type":"Point","coordinates":[7.82242,48.01108]},"properties":{"id":"osm:way-112644166","version":"9562a0c600c80e04a33fd991efc4da14c65d57563399f63f4f4e1404fe52569d","cityId":"freiburg","kind":"place","category":"swimming","title":"Hallenbad Westbad","statement":"Hallenbad Westbad ist in OpenStreetMap als swimming eingetragen. Öffnungszeiten in OSM eingetragen; nicht unabhängig bestätigt.","status":"OSM-Eintrag, nicht offiziell geprüft","startDate":null,"endDate":null,"nextStep":"Aktuelle Angaben direkt beim Ort prüfen.","scale":"street","geometryPrecision":"approximate","reviewState":"candidate","asOf":"2026-09-26T17:22:08.637Z","sourceCount":1,"primarySource":{"url":"https://www.openstreetmap.org/way/112644166","title":"OpenStreetMap contributors","publisher":"OpenStreetMap contributors","licence":"ODbL 1.0","reuse":"open_licence"}}},{"type":"Feature","geometry":{"type":"Point","coordinates":[7.81905,47.98309]},"properties":{"id":"osm:way-116352879","version":"053efc096919f91cb014b96aebc7c29714a528ba249902e808067b4f0d8d2013","cityId":"freiburg","kind":"place","category":"soccer","title":"Schönbergstadion","statement":"Schönbergstadion ist in OpenStreetMap als soccer eingetragen. Betrieb und Öffnungszeiten nicht geprüft.","status":"OSM-Eintrag, nicht offiziell geprüft","startDate":null,"endDate":null,"nextStep":"Aktuelle Angaben direkt beim Ort prüfen.","scale":"street","geometryPrecision":"approximate","reviewState":"candidate","asOf":"2026-09-26T17:22:08.637Z","sourceCount":1,"primarySource":{"url":"https://www.openstreetmap.org/way/116352879","title":"OpenStreetMap contributors","publisher":"OpenStreetMap contributors","licence":"ODbL 1.0","reuse":"open_licence"}}},{"type":"Feature","geometry":{"type":"Point","coordinates":[7.85956,47.99196]},"properties":{"id":"osm:way-116412395","version":"3e8dc251f7ca7eab4dfbade8791f02c4415280077aefe35efb3061efa9cf3f0e","cityId":"freiburg","kind":"place","category":"school","title":"Familienpflegeschule","statement":"Familienpflegeschule ist in OpenStreetMap als school eingetragen. Betrieb und Öffnungszeiten nicht geprüft.","status":"OSM-Eintrag, nicht offiziell geprüft","startDate":null,"endDate":null,"nextStep":"Aktuelle Angaben direkt beim Ort prüfen.","scale":"street","geometryPrecision":"approximate","reviewState":"candidate","asOf":"2026-09-26T17:22:08.637Z","sourceCount":1,"primarySource":{"url":"https://www.openstreetmap.org/way/116412395","title":"OpenStreetMap contributors","publisher":"OpenStreetMap contributors","licence":"ODbL 1.0","reuse":"open_licence"}}},{"type":"Feature","geometry":{"type":"Point","coordinates":[7.88114,47.98385]},"properties":{"id":"osm:way-116671526","version":"23daa22ed0ab4bdfd2d0d813c55dc4bfa7bef6f2976724ea9ab3e5d437fbea51","cityId":"freiburg","kind":"place","category":"soccer","title":"Möslestadion","statement":"Möslestadion ist in OpenStreetMap als soccer eingetragen. Betrieb und Öffnungszeiten nicht geprüft.","status":"OSM-Eintrag, nicht offiziell geprüft","startDate":null,"endDate":null,"nextStep":"Aktuelle Angaben direkt beim Ort prüfen.","scale":"street","geometryPrecision":"approximate","reviewState":"candidate","asOf":"2026-09-26T17:22:08.637Z","sourceCount":1,"primarySource":{"url":"https://www.openstreetmap.org/way/116671526","title":"OpenStreetMap contributors","publisher":"OpenStreetMap contributors","licence":"ODbL 1.0","reuse":"open_licence"}}},{"type":"Feature","geometry":{"type":"Point","coordinates":[7.79283,48.00166]},"properties":{"id":"osm:way-116783064","version":"1f43d742faf248e65dbb2c5c076d750e24a396657f712a2f8e6d748be29fdfaa","cityId":"freiburg","kind":"place","category":"athletics","title":"Weitsprunggrube","statement":"Weitsprunggrube ist in OpenStreetMap als athletics eingetragen. Betrieb und Öffnungszeiten nicht geprüft.","status":"OSM-Eintrag, nicht offiziell geprüft","startDate":null,"endDate":null,"nextStep":"Aktuelle Angaben direkt beim Ort prüfen.","scale":"street","geometryPrecision":"approximate","reviewState":"candidate","asOf":"2026-09-26T17:22:08.637Z","sourceCount":1,"primarySource":{"url":"https://www.openstreetmap.org/way/116783064","title":"OpenStreetMap contributors","publisher":"OpenStreetMap contributors","licence":"ODbL 1.0","reuse":"open_licence"}}},{"type":"Feature","geometry":{"type":"Point","coordinates":[7.83555,47.96784]},"properties":{"id":"osm:way-1184396829","version":"12d7522bf6c76a517c693cb3d924b40f619bfc5c7416cbbc9c61b06cb5e1ee5e","cityId":"freiburg","kind":"place","category":"kindergarten","title":"Waldkindergarten Sonnenwiese","statement":"Waldkindergarten Sonnenwiese ist in OpenStreetMap als kindergarten eingetragen. Betrieb und Öffnungszeiten nicht geprüft.","status":"OSM-Eintrag, nicht offiziell geprüft","startDate":null,"endDate":null,"nextStep":"Aktuelle Angaben direkt beim Ort prüfen.","scale":"street","geometryPrecision":"approximate","reviewState":"candidate","asOf":"2026-09-26T17:22:08.637Z","sourceCount":1,"primarySource":{"url":"https://www.openstreetmap.org/way/1184396829","title":"OpenStreetMap contributors","publisher":"OpenStreetMap contributors","licence":"ODbL 1.0","reuse":"open_licence"}}},{"type":"Feature","geometry":{"type":"Point","coordinates":[7.79866,47.98461]},"properties":{"id":"osm:way-119494963","version":"d59e07f0f0f6805ea83a3e0670e98688a1e7fdea51bf9977f136c40ba2b76c0e","cityId":"freiburg","kind":"place","category":"community_centre","title":"Veranstaltungsgebäude der Gartenfreunde Freiburg Breisgau Innere Elben e. V.","statement":"Veranstaltungsgebäude der Gartenfreunde Freiburg Breisgau Innere Elben e. V. ist in OpenStreetMap als community_centre eingetragen. Betrieb und Öffnungszeiten nicht geprüft.","status":"OSM-Eintrag, nicht offiziell geprüft","startDate":null,"endDate":null,"nextStep":"Aktuelle Angaben direkt beim Ort prüfen.","scale":"street","geometryPrecision":"approximate","reviewState":"candidate","asOf":"2026-09-26T17:22:08.637Z","sourceCount":1,"primarySource":{"url":"https://www.openstreetmap.org/way/119494963","title":"OpenStreetMap contributors","publisher":"OpenStreetMap contributors","licence":"ODbL 1.0","reuse":"open_licence"}}},{"type":"Feature","geometry":{"type":"Point","coordinates":[7.80007,48.0471]},"properties":{"id":"osm:way-119521161","version":"1e423590bb72d64de1c2799d9a1378ba05343be5b583921a21830a736304fb29","cityId":"freiburg","kind":"place","category":"swimming","title":"Hallenbad Hochdorf","statement":"Hallenbad Hochdorf ist in OpenStreetMap als swimming eingetragen. Betrieb und Öffnungszeiten nicht geprüft.","status":"OSM-Eintrag, nicht offiziell geprüft","startDate":null,"endDate":null,"nextStep":"Aktuelle Angaben direkt beim Ort prüfen.","scale":"street","geometryPrecision":"approximate","reviewState":"candidate","asOf":"2026-09-26T17:22:08.637Z","sourceCount":1,"primarySource":{"url":"https://www.openstreetmap.org/way/119521161","title":"OpenStreetMap contributors","publisher":"OpenStreetMap contributors","licence":"ODbL 1.0","reuse":"open_licence"}}},{"type":"Feature","geometry":{"type":"Point","coordinates":[7.80048,48.04693]},"properties":{"id":"osm:way-119521167","version":"0563a039a8ef3a0aa551ac29d8533adc3239df0cc66cee34c1220e0aaad3401f","cityId":"freiburg","kind":"place","category":"multi","title":"Mooswaldhalle","statement":"Mooswaldhalle ist in OpenStreetMap als multi eingetragen. Betrieb und Öffnungszeiten nicht geprüft.","status":"OSM-Eintrag, nicht offiziell geprüft","startDate":null,"endDate":null,"nextStep":"Aktuelle Angaben direkt beim Ort prüfen.","scale":"street","geometryPrecision":"approximate","reviewState":"candidate","asOf":"2026-09-26T17:22:08.637Z","sourceCount":1,"primarySource":{"url":"https://www.openstreetmap.org/way/119521167","title":"OpenStreetMap contributors","publisher":"OpenStreetMap contributors","licence":"ODbL 1.0","reuse":"open_licence"}}},{"type":"Feature","geometry":{"type":"Point","coordinates":[7.91327,47.98471]},"properties":{"id":"osm:way-1225777307","version":"c41aea6a017dec0c731192122ccaebc736ee7adfcc6a2315eac28eafcbace699","cityId":"freiburg","kind":"place","category":"fitness;gymnastics;calisthenics","title":"Calisthenics-Anlage (Sportdreieck Ebnet-Bewegungspark)","statement":"Calisthenics-Anlage (Sportdreieck Ebnet-Bewegungspark) ist in OpenStreetMap als fitness;gymnastics;calisthenics eingetragen. Betrieb und Öffnungszeiten nicht geprüft.","status":"OSM-Eintrag, nicht offiziell geprüft","startDate":null,"endDate":null,"nextStep":"Aktuelle Angaben direkt beim Ort prüfen.","scale":"street","geometryPrecision":"approximate","reviewState":"candidate","asOf":"2026-09-26T17:22:08.637Z","sourceCount":1,"primarySource":{"url":"https://www.openstreetmap.org/way/1225777307","title":"OpenStreetMap contributors","publisher":"OpenStreetMap contributors","licence":"ODbL 1.0","reuse":"open_licence"}}},{"type":"Feature","geometry":{"type":"Point","coordinates":[7.85482,47.98812]},"properties":{"id":"osm:way-123343979","version":"8f6da494b77cffac4af33892cbd17a82ef410a97aff7d541d6f561f589858e22","cityId":"freiburg","kind":"place","category":"school","title":"Bildungscampus der Erzdiözese Freiburg","statement":"Bildungscampus der Erzdiözese Freiburg ist in OpenStreetMap als school eingetragen. Betrieb und Öffnungszeiten nicht geprüft.","status":"OSM-Eintrag, nicht offiziell geprüft","startDate":null,"endDate":null,"nextStep":"Aktuelle Angaben direkt beim Ort prüfen.","scale":"street","geometryPrecision":"approximate","reviewState":"candidate","asOf":"2026-09-26T17:22:08.637Z","sourceCount":1,"primarySource":{"url":"https://www.openstreetmap.org/way/123343979","title":"OpenStreetMap contributors","publisher":"OpenStreetMap contributors","licence":"ODbL 1.0","reuse":"open_licence"}}},{"type":"Feature","geometry":{"type":"Point","coordinates":[7.85524,47.98793]},"properties":{"id":"osm:way-123343981","version":"0a8ad4c257bf530d42b363a16aa1238e418a28055a95af82e6d58809fd556c3d","cityId":"freiburg","kind":"place","category":"school","title":"Sankt-Ursula-Schulen","statement":"Sankt-Ursula-Schulen ist in OpenStreetMap als school eingetragen. Betrieb und Öffnungszeiten nicht geprüft.","status":"OSM-Eintrag, nicht offiziell geprüft","startDate":null,"endDate":null,"nextStep":"Aktuelle Angaben direkt beim Ort prüfen.","scale":"street","geometryPrecision":"approximate","reviewState":"candidate","asOf":"2026-09-26T17:22:08.637Z","sourceCount":1,"primarySource":{"url":"https://www.openstreetmap.org/way/123343981","title":"OpenStreetMap contributors","publisher":"OpenStreetMap contributors","licence":"ODbL 1.0","reuse":"open_licence"}}},{"type":"Feature","geometry":{"type":"Point","coordinates":[7.8448,48.00327]},"properties":{"id":"osm:way-1266830217","version":"80899fef6aa5d8225dfa89d49784fee4896921dd521167b78a59987b11dff95f","cityId":"freiburg","kind":"place","category":"fitness","title":"Calisthenics-Anlage Kenzinger Str.","statement":"Calisthenics-Anlage Kenzinger Str. ist in OpenStreetMap als fitness eingetragen. Betrieb und Öffnungszeiten nicht geprüft.","status":"OSM-Eintrag, nicht offiziell geprüft","startDate":null,"endDate":null,"nextStep":"Aktuelle Angaben direkt beim Ort prüfen.","scale":"street","geometryPrecision":"approximate","reviewState":"candidate","asOf":"2026-09-26T17:22:08.637Z","sourceCount":1,"primarySource":{"url":"https://www.openstreetmap.org/way/1266830217","title":"OpenStreetMap contributors","publisher":"OpenStreetMap contributors","licence":"ODbL 1.0","reuse":"open_licence"}}},{"type":"Feature","geometry":{"type":"Point","coordinates":[7.81872,47.99049]},"properties":{"id":"osm:way-126733150","version":"bb463c3d9a94d9643647c6461cf4f1a3319422040a4bdf2c8f2f3fb20b49e7f5","cityId":"freiburg","kind":"place","category":"supermarket","title":"Beckesepp Supermarkt, Bäckerei","statement":"Beckesepp Supermarkt, Bäckerei ist in OpenStreetMap als supermarket eingetragen. Öffnungszeiten in OSM eingetragen; nicht unabhängig bestätigt.","status":"OSM-Eintrag, nicht offiziell geprüft","startDate":null,"endDate":null,"nextStep":"Aktuelle Angaben direkt beim Ort prüfen.","scale":"street","geometryPrecision":"approximate","reviewState":"candidate","asOf":"2026-09-26T17:22:08.637Z","sourceCount":1,"primarySource":{"url":"https://www.openstreetmap.org/way/126733150","title":"OpenStreetMap contributors","publisher":"OpenStreetMap contributors","licence":"ODbL 1.0","reuse":"open_licence"}}},{"type":"Feature","geometry":{"type":"Point","coordinates":[7.81902,47.9904]},"properties":{"id":"osm:way-126733158","version":"fd4d9cf3930f7e01cf9f4b12bc84be9008474c1ea743aa9ce8b2f6a6a5685bbc","cityId":"freiburg","kind":"place","category":"doctors","title":"Arztpraxis Dr.Steinbrenner","statement":"Arztpraxis Dr.Steinbrenner ist in OpenStreetMap als doctors eingetragen. Öffnungszeiten in OSM eingetragen; nicht unabhängig bestätigt.","status":"OSM-Eintrag, nicht offiziell geprüft","startDate":null,"endDate":null,"nextStep":"Aktuelle Angaben direkt beim Ort prüfen.","scale":"street","geometryPrecision":"approximate","reviewState":"candidate","asOf":"2026-09-26T17:22:08.637Z","sourceCount":1,"primarySource":{"url":"https://www.openstreetmap.org/way/126733158","title":"OpenStreetMap contributors","publisher":"OpenStreetMap contributors","licence":"ODbL 1.0","reuse":"open_licence"}}},{"type":"Feature","geometry":{"type":"Point","coordinates":[7.86404,47.99204]},"properties":{"id":"osm:way-126794536","version":"dee435074d0bd40d48ff857b60659c727b38aaad287e88d315aab8da31f87361","cityId":"freiburg","kind":"place","category":"school","title":"Michael-Schule","statement":"Michael-Schule ist in OpenStreetMap als school eingetragen. Betrieb und Öffnungszeiten nicht geprüft.","status":"OSM-Eintrag, nicht offiziell geprüft","startDate":null,"endDate":null,"nextStep":"Aktuelle Angaben direkt beim Ort prüfen.","scale":"street","geometryPrecision":"approximate","reviewState":"candidate","asOf":"2026-09-26T17:22:08.637Z","sourceCount":1,"primarySource":{"url":"https://www.openstreetmap.org/way/126794536","title":"OpenStreetMap contributors","publisher":"OpenStreetMap contributors","licence":"ODbL 1.0","reuse":"open_licence"}}},{"type":"Feature","geometry":{"type":"Point","coordinates":[7.83417,47.98601]},"properties":{"id":"osm:way-127987505","version":"f658d61f3f0b678b2e98f5359be35cd3b3e1862686c8481041fcc0106842ba2c","cityId":"freiburg","kind":"place","category":"supermarket","title":"Lidl","statement":"Lidl ist in OpenStreetMap als supermarket eingetragen. Öffnungszeiten in OSM eingetragen; nicht unabhängig bestätigt.","status":"OSM-Eintrag, nicht offiziell geprüft","startDate":null,"endDate":null,"nextStep":"Aktuelle Angaben direkt beim Ort prüfen.","scale":"street","geometryPrecision":"approximate","reviewState":"candidate","asOf":"2026-09-26T17:22:08.637Z","sourceCount":1,"primarySource":{"url":"https://www.openstreetmap.org/way/127987505","title":"OpenStreetMap contributors","publisher":"OpenStreetMap contributors","licence":"ODbL 1.0","reuse":"open_licence"}}},{"type":"Feature","geometry":{"type":"Point","coordinates":[7.85901,48.0197]},"properties":{"id":"osm:way-1279880387","version":"08d1eb9fb0f9bcdfef69b6043c708a00216389ce563eaa8b780837aa5218b4aa","cityId":"freiburg","kind":"place","category":"kindergarten","title":"Schulkindergarten Huckepack","statement":"Schulkindergarten Huckepack ist in OpenStreetMap als kindergarten eingetragen. Öffnungszeiten in OSM eingetragen; nicht unabhängig bestätigt.","status":"OSM-Eintrag, nicht offiziell geprüft","startDate":null,"endDate":null,"nextStep":"Aktuelle Angaben direkt beim Ort prüfen.","scale":"street","geometryPrecision":"approximate","reviewState":"candidate","asOf":"2026-09-26T17:22:08.637Z","sourceCount":1,"primarySource":{"url":"https://www.openstreetmap.org/way/1279880387","title":"OpenStreetMap contributors","publisher":"OpenStreetMap contributors","licence":"ODbL 1.0","reuse":"open_licence"}}},{"type":"Feature","geometry":{"type":"Point","coordinates":[7.78324,47.99592]},"properties":{"id":"osm:way-1279934608","version":"1d4c0114766bc703778df189dc33a59fe306bcf61586554ed22721fd52452f10","cityId":"freiburg","kind":"place","category":"skateboard","title":"Scater Ramp","statement":"Scater Ramp ist in OpenStreetMap als skateboard eingetragen. Betrieb und Öffnungszeiten nicht geprüft.","status":"OSM-Eintrag, nicht offiziell geprüft","startDate":null,"endDate":null,"nextStep":"Aktuelle Angaben direkt beim Ort prüfen.","scale":"street","geometryPrecision":"approximate","reviewState":"candidate","asOf":"2026-09-26T17:22:08.637Z","sourceCount":1,"primarySource":{"url":"https://www.openstreetmap.org/way/1279934608","title":"OpenStreetMap contributors","publisher":"OpenStreetMap contributors","licence":"ODbL 1.0","reuse":"open_licence"}}},{"type":"Feature","geometry":{"type":"Point","coordinates":[7.78354,47.99678]},"properties":{"id":"osm:way-1279934609","version":"e09d9e719d048e49268edc41c2f4720017f4d7a3d86ef087b27b83f3228ee154","cityId":"freiburg","kind":"place","category":"kindergarten","title":"Naturkita","statement":"Naturkita ist in OpenStreetMap als kindergarten eingetragen. Betrieb und Öffnungszeiten nicht geprüft.","status":"OSM-Eintrag, nicht offiziell geprüft","startDate":null,"endDate":null,"nextStep":"Aktuelle Angaben direkt beim Ort prüfen.","scale":"street","geometryPrecision":"approximate","reviewState":"candidate","asOf":"2026-09-26T17:22:08.637Z","sourceCount":1,"primarySource":{"url":"https://www.openstreetmap.org/way/1279934609","title":"OpenStreetMap contributors","publisher":"OpenStreetMap contributors","licence":"ODbL 1.0","reuse":"open_licence"}}},{"type":"Feature","geometry":{"type":"Point","coordinates":[7.86502,47.98281]},"properties":{"id":"osm:way-1313582199","version":"5083b7c8f3b099b0abf7098477fd9715da7a2aded913d28b8b47d217012ea758","cityId":"freiburg","kind":"place","category":"kindergarten","title":"Waldkindergarten Hollerbusch","statement":"Waldkindergarten Hollerbusch ist in OpenStreetMap als kindergarten eingetragen. Betrieb und Öffnungszeiten nicht geprüft.","status":"OSM-Eintrag, nicht offiziell geprüft","startDate":null,"endDate":null,"nextStep":"Aktuelle Angaben direkt beim Ort prüfen.","scale":"street","geometryPrecision":"approximate","reviewState":"candidate","asOf":"2026-09-26T17:22:08.637Z","sourceCount":1,"primarySource":{"url":"https://www.openstreetmap.org/way/1313582199","title":"OpenStreetMap contributors","publisher":"OpenStreetMap contributors","licence":"ODbL 1.0","reuse":"open_licence"}}},{"type":"Feature","geometry":{"type":"Point","coordinates":[7.84624,48.00147]},"properties":{"id":"osm:way-131451031","version":"4ae3f6cbc885b00d01ddc45b06f56033e1ac07a0ee77551f9b2881276d759407","cityId":"freiburg","kind":"place","category":"student","title":"Corps Rhenania Freiburg","statement":"Corps Rhenania Freiburg ist in OpenStreetMap als student eingetragen. Betrieb und Öffnungszeiten nicht geprüft.","status":"OSM-Eintrag, nicht offiziell geprüft","startDate":null,"endDate":null,"nextStep":"Aktuelle Angaben direkt beim Ort prüfen.","scale":"street","geometryPrecision":"approximate","reviewState":"candidate","asOf":"2026-09-26T17:22:08.637Z","sourceCount":1,"primarySource":{"url":"https://www.openstreetmap.org/way/131451031","title":"OpenStreetMap contributors","publisher":"OpenStreetMap contributors","licence":"ODbL 1.0","reuse":"open_licence"}}},{"type":"Feature","geometry":{"type":"Point","coordinates":[7.85432,48.00595]},"properties":{"id":"osm:way-1314723390","version":"9620e6fd55f7fc5558b7122704b4adb14e47ea16e258f5dd0e280710b3769014","cityId":"freiburg","kind":"place","category":"kindergarten","title":"Kita Rotlaub","statement":"Kita Rotlaub ist in OpenStreetMap als kindergarten eingetragen. Betrieb und Öffnungszeiten nicht geprüft.","status":"OSM-Eintrag, nicht offiziell geprüft","startDate":null,"endDate":null,"nextStep":"Aktuelle Angaben direkt beim Ort prüfen.","scale":"street","geometryPrecision":"approximate","reviewState":"candidate","asOf":"2026-09-26T17:22:08.637Z","sourceCount":1,"primarySource":{"url":"https://www.openstreetmap.org/way/1314723390","title":"OpenStreetMap contributors","publisher":"OpenStreetMap contributors","licence":"ODbL 1.0","reuse":"open_licence"}}},{"type":"Feature","geometry":{"type":"Point","coordinates":[7.71902,47.99612]},"properties":{"id":"osm:way-1328662437","version":"71c864516f696837b8ca5d169e50d2f3a114c38154fc9c28bde2b5e9a367e385","cityId":"freiburg","kind":"place","category":"kindergarten","title":"Kindereinrichtung Storchennest","statement":"Kindereinrichtung Storchennest ist in OpenStreetMap als kindergarten eingetragen. Betrieb und Öffnungszeiten nicht geprüft.","status":"OSM-Eintrag, nicht offiziell geprüft","startDate":null,"endDate":null,"nextStep":"Aktuelle Angaben direkt beim Ort prüfen.","scale":"street","geometryPrecision":"approximate","reviewState":"candidate","asOf":"2026-09-26T17:22:08.637Z","sourceCount":1,"primarySource":{"url":"https://www.openstreetmap.org/way/1328662437","title":"OpenStreetMap contributors","publisher":"OpenStreetMap contributors","licence":"ODbL 1.0","reuse":"open_licence"}}},{"type":"Feature","geometry":{"type":"Point","coordinates":[7.82732,48.02243]},"properties":{"id":"osm:way-1354477444","version":"4784346ffcfbfa56712e754af5d34ead41e37661806e2778094e88bca7adf52f","cityId":"freiburg","kind":"place","category":"calisthenics","title":"Bewegungspark Wolfsbuck","statement":"Bewegungspark Wolfsbuck ist in OpenStreetMap als calisthenics eingetragen. Öffnungszeiten in OSM eingetragen; nicht unabhängig bestätigt.","status":"OSM-Eintrag, nicht offiziell geprüft","startDate":null,"endDate":null,"nextStep":"Aktuelle Angaben direkt beim Ort prüfen.","scale":"street","geometryPrecision":"approximate","reviewState":"candidate","asOf":"2026-09-26T17:22:08.637Z","sourceCount":1,"primarySource":{"url":"https://www.openstreetmap.org/way/1354477444","title":"OpenStreetMap contributors","publisher":"OpenStreetMap contributors","licence":"ODbL 1.0","reuse":"open_licence"}}},{"type":"Feature","geometry":{"type":"Point","coordinates":[7.87226,47.98552]},"properties":{"id":"osm:way-135461967","version":"7e041faca316a8566a564cd1aee29522a2fb15753f32059d35afb72afcc35cb2","cityId":"freiburg","kind":"place","category":"miniature_golf","title":"Minigolf am Möslepark","statement":"Minigolf am Möslepark ist in OpenStreetMap als miniature_golf eingetragen. Öffnungszeiten in OSM eingetragen; nicht unabhängig bestätigt.","status":"OSM-Eintrag, nicht offiziell geprüft","startDate":null,"endDate":null,"nextStep":"Aktuelle Angaben direkt beim Ort prüfen.","scale":"street","geometryPrecision":"approximate","reviewState":"candidate","asOf":"2026-09-26T17:22:08.637Z","sourceCount":1,"primarySource":{"url":"https://www.openstreetmap.org/way/135461967","title":"OpenStreetMap contributors","publisher":"OpenStreetMap contributors","licence":"ODbL 1.0","reuse":"open_licence"}}},{"type":"Feature","geometry":{"type":"Point","coordinates":[7.81976,47.98154]},"properties":{"id":"osm:way-135855207","version":"9d6c655f6289c2f7acc18278ea371dbb6984fd246ed22a367bc4e93ac783ef38","cityId":"freiburg","kind":"place","category":"tennis","title":"TC Schönberg","statement":"TC Schönberg ist in OpenStreetMap als tennis eingetragen. Betrieb und Öffnungszeiten nicht geprüft.","status":"OSM-Eintrag, nicht offiziell geprüft","startDate":null,"endDate":null,"nextStep":"Aktuelle Angaben direkt beim Ort prüfen.","scale":"street","geometryPrecision":"approximate","reviewState":"candidate","asOf":"2026-09-26T17:22:08.637Z","sourceCount":1,"primarySource":{"url":"https://www.openstreetmap.org/way/135855207","title":"OpenStreetMap contributors","publisher":"OpenStreetMap contributors","licence":"ODbL 1.0","reuse":"open_licence"}}},{"type":"Feature","geometry":{"type":"Point","coordinates":[7.85826,48.02574]},"properties":{"id":"osm:way-1366548885","version":"e3fb145378b3de8fb285539e141bf9799db3ff8b3413f11dbbe04a75e24a061e","cityId":"freiburg","kind":"place","category":"cycling","title":"Pumptrack an der Denzlinger Straße","statement":"Pumptrack an der Denzlinger Straße ist in OpenStreetMap als cycling eingetragen. Betrieb und Öffnungszeiten nicht geprüft.","status":"OSM-Eintrag, nicht offiziell geprüft","startDate":null,"endDate":null,"nextStep":"Aktuelle Angaben direkt beim Ort prüfen.","scale":"street","geometryPrecision":"approximate","reviewState":"candidate","asOf":"2026-09-26T17:22:08.637Z","sourceCount":1,"primarySource":{"url":"https://www.openstreetmap.org/way/1366548885","title":"OpenStreetMap contributors","publisher":"OpenStreetMap contributors","licence":"ODbL 1.0","reuse":"open_licence"}}},{"type":"Feature","geometry":{"type":"Point","coordinates":[7.71936,47.9832]},"properties":{"id":"osm:way-1370308258","version":"64cfe9c64a0d97bb0c5d9cb761845ea84cdd41f6d477be31e221a8ffb6ff64ca","cityId":"freiburg","kind":"place","category":"supermarket","title":"Edeka Brand","statement":"Edeka Brand ist in OpenStreetMap als supermarket eingetragen. Öffnungszeiten in OSM eingetragen; nicht unabhängig bestätigt.","status":"OSM-Eintrag, nicht offiziell geprüft","startDate":null,"endDate":null,"nextStep":"Aktuelle Angaben direkt beim Ort prüfen.","scale":"street","geometryPrecision":"approximate","reviewState":"candidate","asOf":"2026-09-26T17:22:08.637Z","sourceCount":1,"primarySource":{"url":"https://www.openstreetmap.org/way/1370308258","title":"OpenStreetMap contributors","publisher":"OpenStreetMap contributors","licence":"ODbL 1.0","reuse":"open_licence"}}},{"type":"Feature","geometry":{"type":"Point","coordinates":[7.85556,47.98472]},"properties":{"id":"osm:way-1424251352","version":"56b9e4281525f90183df003a2d2bf988b68418cddd25e5a9979eaa8c8ad0b259","cityId":"freiburg","kind":"place","category":"kindergarten","title":"St. Christophorus Kindergarten","statement":"St. Christophorus Kindergarten ist in OpenStreetMap als kindergarten eingetragen. Betrieb und Öffnungszeiten nicht geprüft.","status":"OSM-Eintrag, nicht offiziell geprüft","startDate":null,"endDate":null,"nextStep":"Aktuelle Angaben direkt beim Ort prüfen.","scale":"street","geometryPrecision":"approximate","reviewState":"candidate","asOf":"2026-09-26T17:22:08.637Z","sourceCount":1,"primarySource":{"url":"https://www.openstreetmap.org/way/1424251352","title":"OpenStreetMap contributors","publisher":"OpenStreetMap contributors","licence":"ODbL 1.0","reuse":"open_licence"}}},{"type":"Feature","geometry":{"type":"Point","coordinates":[7.71208,47.98338]},"properties":{"id":"osm:way-1442033213","version":"63336a5e04b66f69228b159c50e8b5a9479cce5150c3b283a9d5a1c1c73a53f6","cityId":"freiburg","kind":"place","category":"kindergarten","title":"Kita Tausendfüßler","statement":"Kita Tausendfüßler ist in OpenStreetMap als kindergarten eingetragen. Betrieb und Öffnungszeiten nicht geprüft.","status":"OSM-Eintrag, nicht offiziell geprüft","startDate":null,"endDate":null,"nextStep":"Aktuelle Angaben direkt beim Ort prüfen.","scale":"street","geometryPrecision":"approximate","reviewState":"candidate","asOf":"2026-09-26T17:22:08.637Z","sourceCount":1,"primarySource":{"url":"https://www.openstreetmap.org/way/1442033213","title":"OpenStreetMap contributors","publisher":"OpenStreetMap contributors","licence":"ODbL 1.0","reuse":"open_licence"}}},{"type":"Feature","geometry":{"type":"Point","coordinates":[7.716,47.98545]},"properties":{"id":"osm:way-1442033217","version":"387aa7e7ef8e8eabb0c6ac87b72821d7c0e436477528b7f268d9902907520d73","cityId":"freiburg","kind":"place","category":"kindergarten","title":"Evangelischer Kindergarten","statement":"Evangelischer Kindergarten ist in OpenStreetMap als kindergarten eingetragen. Betrieb und Öffnungszeiten nicht geprüft.","status":"OSM-Eintrag, nicht offiziell geprüft","startDate":null,"endDate":null,"nextStep":"Aktuelle Angaben direkt beim Ort prüfen.","scale":"street","geometryPrecision":"approximate","reviewState":"candidate","asOf":"2026-09-26T17:22:08.637Z","sourceCount":1,"primarySource":{"url":"https://www.openstreetmap.org/way/1442033217","title":"OpenStreetMap contributors","publisher":"OpenStreetMap contributors","licence":"ODbL 1.0","reuse":"open_licence"}}},{"type":"Feature","geometry":{"type":"Point","coordinates":[7.8042,48.03044]},"properties":{"id":"osm:way-144475230","version":"aaa29c5bc1460526b58dd55c7692113ea5bdad67238d037cfdc4bb4a1d57effb","cityId":"freiburg","kind":"place","category":"swimming","title":"Moosweiher","statement":"Moosweiher ist in OpenStreetMap als swimming eingetragen. Betrieb und Öffnungszeiten nicht geprüft.","status":"OSM-Eintrag, nicht offiziell geprüft","startDate":null,"endDate":null,"nextStep":"Aktuelle Angaben direkt beim Ort prüfen.","scale":"street","geometryPrecision":"approximate","reviewState":"candidate","asOf":"2026-09-26T17:22:08.637Z","sourceCount":1,"primarySource":{"url":"https://www.openstreetmap.org/way/144475230","title":"OpenStreetMap contributors","publisher":"OpenStreetMap contributors","licence":"ODbL 1.0","reuse":"open_licence"}}},{"type":"Feature","geometry":{"type":"Point","coordinates":[7.79978,47.98932]},"properties":{"id":"osm:way-145108972","version":"00c9e7a8cefc1019b96e175fc41d5496bf9ea2237db77cc0ae72993703bae7f8","cityId":"freiburg","kind":"place","category":"supermarket","title":"Aldi Süd","statement":"Aldi Süd ist in OpenStreetMap als supermarket eingetragen. Öffnungszeiten in OSM eingetragen; nicht unabhängig bestätigt.","status":"OSM-Eintrag, nicht offiziell geprüft","startDate":null,"endDate":null,"nextStep":"Aktuelle Angaben direkt beim Ort prüfen.","scale":"street","geometryPrecision":"approximate","reviewState":"candidate","asOf":"2026-09-26T17:22:08.637Z","sourceCount":1,"primarySource":{"url":"https://www.openstreetmap.org/way/145108972","title":"OpenStreetMap contributors","publisher":"OpenStreetMap contributors","licence":"ODbL 1.0","reuse":"open_licence"}}},{"type":"Feature","geometry":{"type":"Point","coordinates":[7.83177,47.98379]},"properties":{"id":"osm:way-1462048883","version":"b1f3a0ff0302d05b3e8bf86594e1602c9ac414fec0de03cec4d9b10c67e99d36","cityId":"freiburg","kind":"place","category":"kindergarten","title":"KiTa Piratenbucht","statement":"KiTa Piratenbucht ist in OpenStreetMap als kindergarten eingetragen. Betrieb und Öffnungszeiten nicht geprüft.","status":"OSM-Eintrag, nicht offiziell geprüft","startDate":null,"endDate":null,"nextStep":"Aktuelle Angaben direkt beim Ort prüfen.","scale":"street","geometryPrecision":"approximate","reviewState":"candidate","asOf":"2026-09-26T17:22:08.637Z","sourceCount":1,"primarySource":{"url":"https://www.openstreetmap.org/way/1462048883","title":"OpenStreetMap contributors","publisher":"OpenStreetMap contributors","licence":"ODbL 1.0","reuse":"open_licence"}}},{"type":"Feature","geometry":{"type":"Point","coordinates":[7.8374,47.9838]},"properties":{"id":"osm:way-1462049952","version":"31a3d9ab1863cad7050a73a69f98560dabf599a33095df4ee1dbe23d0dbb2027","cityId":"freiburg","kind":"place","category":"kindergarten","title":"Petruskindergarten","statement":"Petruskindergarten ist in OpenStreetMap als kindergarten eingetragen. Betrieb und Öffnungszeiten nicht geprüft.","status":"OSM-Eintrag, nicht offiziell geprüft","startDate":null,"endDate":null,"nextStep":"Aktuelle Angaben direkt beim Ort prüfen.","scale":"street","geometryPrecision":"approximate","reviewState":"candidate","asOf":"2026-09-26T17:22:08.637Z","sourceCount":1,"primarySource":{"url":"https://www.openstreetmap.org/way/1462049952","title":"OpenStreetMap contributors","publisher":"OpenStreetMap contributors","licence":"ODbL 1.0","reuse":"open_licence"}}},{"type":"Feature","geometry":{"type":"Point","coordinates":[7.82652,47.97322]},"properties":{"id":"osm:way-1462604587","version":"ff39d9336ad5af84a7968404e7de0afcab05a58c8b5596ecd42b03040578424c","cityId":"freiburg","kind":"place","category":"kindergarten","title":"Kindertagesstätte Vauban","statement":"Kindertagesstätte Vauban ist in OpenStreetMap als kindergarten eingetragen. Betrieb und Öffnungszeiten nicht geprüft.","status":"OSM-Eintrag, nicht offiziell geprüft","startDate":null,"endDate":null,"nextStep":"Aktuelle Angaben direkt beim Ort prüfen.","scale":"street","geometryPrecision":"approximate","reviewState":"candidate","asOf":"2026-09-26T17:22:08.637Z","sourceCount":1,"primarySource":{"url":"https://www.openstreetmap.org/way/1462604587","title":"OpenStreetMap contributors","publisher":"OpenStreetMap contributors","licence":"ODbL 1.0","reuse":"open_licence"}}},{"type":"Feature","geometry":{"type":"Point","coordinates":[7.85896,48.00822]},"properties":{"id":"osm:way-1464238772","version":"f48f19fa34d2b3c1dbee38ca1a392df94748d3167aaf2d7d0fc023d981a3362d","cityId":"freiburg","kind":"place","category":"hospital","title":"Klinik für Dermatologie und Venerologie","statement":"Klinik für Dermatologie und Venerologie ist in OpenStreetMap als hospital eingetragen. Betrieb und Öffnungszeiten nicht geprüft.","status":"OSM-Eintrag, nicht offiziell geprüft","startDate":null,"endDate":null,"nextStep":"Aktuelle Angaben direkt beim Ort prüfen.","scale":"street","geometryPrecision":"approximate","reviewState":"candidate","asOf":"2026-09-26T17:22:08.637Z","sourceCount":1,"primarySource":{"url":"https://www.openstreetmap.org/way/1464238772","title":"OpenStreetMap contributors","publisher":"OpenStreetMap contributors","licence":"ODbL 1.0","reuse":"open_licence"}}},{"type":"Feature","geometry":{"type":"Point","coordinates":[7.83764,47.98754]},"properties":{"id":"osm:way-1472648843","version":"df4b2371f573f8d0724884fb64a5258e5caaaeec28c315a115d1293f1a6d4e27","cityId":"freiburg","kind":"place","category":"school","title":"Paula-Fürst-Schule","statement":"Paula-Fürst-Schule ist in OpenStreetMap als school eingetragen. Betrieb und Öffnungszeiten nicht geprüft.","status":"OSM-Eintrag, nicht offiziell geprüft","startDate":null,"endDate":null,"nextStep":"Aktuelle Angaben direkt beim Ort prüfen.","scale":"street","geometryPrecision":"approximate","reviewState":"candidate","asOf":"2026-09-26T17:22:08.637Z","sourceCount":1,"primarySource":{"url":"https://www.openstreetmap.org/way/1472648843","title":"OpenStreetMap contributors","publisher":"OpenStreetMap contributors","licence":"ODbL 1.0","reuse":"open_licence"}}},{"type":"Feature","geometry":{"type":"Point","coordinates":[7.86103,48.0051]},"properties":{"id":"osm:way-148808900","version":"9a21dd1642b79a5afca0f199fe0fa9795337979d4f1139e6d70c0d4352b1f12e","cityId":"freiburg","kind":"place","category":"multi","title":"Sporthalle der Weiherhof-Grundschule","statement":"Sporthalle der Weiherhof-Grundschule ist in OpenStreetMap als multi eingetragen. Betrieb und Öffnungszeiten nicht geprüft.","status":"OSM-Eintrag, nicht offiziell geprüft","startDate":null,"endDate":null,"nextStep":"Aktuelle Angaben direkt beim Ort prüfen.","scale":"street","geometryPrecision":"approximate","reviewState":"candidate","asOf":"2026-09-26T17:22:08.637Z","sourceCount":1,"primarySource":{"url":"https://www.openstreetmap.org/way/148808900","title":"OpenStreetMap contributors","publisher":"OpenStreetMap contributors","licence":"ODbL 1.0","reuse":"open_licence"}}},{"type":"Feature","geometry":{"type":"Point","coordinates":[7.8143,47.99334]},"properties":{"id":"osm:way-149487484","version":"30ccf5dc0354e4e34cb90e7d093efec227816bc273ad7bc7a21feb4e084be98a","cityId":"freiburg","kind":"place","category":"community_centre","title":"Spielturm","statement":"Spielturm ist in OpenStreetMap als community_centre eingetragen. Betrieb und Öffnungszeiten nicht geprüft.","status":"OSM-Eintrag, nicht offiziell geprüft","startDate":null,"endDate":null,"nextStep":"Aktuelle Angaben direkt beim Ort prüfen.","scale":"street","geometryPrecision":"approximate","reviewState":"candidate","asOf":"2026-09-26T17:22:08.637Z","sourceCount":1,"primarySource":{"url":"https://www.openstreetmap.org/way/149487484","title":"OpenStreetMap contributors","publisher":"OpenStreetMap contributors","licence":"ODbL 1.0","reuse":"open_licence"}}},{"type":"Feature","geometry":{"type":"Point","coordinates":[7.88773,47.99062]},"properties":{"id":"osm:way-1496985709","version":"de5b12502f9a01bf345a07f691b553583ccb45b14d6225964720ec586e8acad9","cityId":"freiburg","kind":"place","category":"soccer;ultimate_frisbee;lacrosse","title":"Kunstrasen FT + PTSV","statement":"Kunstrasen FT + PTSV ist in OpenStreetMap als soccer;ultimate_frisbee;lacrosse eingetragen. Betrieb und Öffnungszeiten nicht geprüft.","status":"OSM-Eintrag, nicht offiziell geprüft","startDate":null,"endDate":null,"nextStep":"Aktuelle Angaben direkt beim Ort prüfen.","scale":"street","geometryPrecision":"approximate","reviewState":"candidate","asOf":"2026-09-26T17:22:08.637Z","sourceCount":1,"primarySource":{"url":"https://www.openstreetmap.org/way/1496985709","title":"OpenStreetMap contributors","publisher":"OpenStreetMap contributors","licence":"ODbL 1.0","reuse":"open_licence"}}},{"type":"Feature","geometry":{"type":"Point","coordinates":[7.81333,47.98794]},"properties":{"id":"osm:way-151395857","version":"06383760c9ec1d40be3b178d08c48da7954b69e068b6d7f5418b1bfeee2b8043","cityId":"freiburg","kind":"place","category":"kindergarten","title":"Kindertagesstätte Tausendfühler","statement":"Kindertagesstätte Tausendfühler ist in OpenStreetMap als kindergarten eingetragen. Betrieb und Öffnungszeiten nicht geprüft.","status":"OSM-Eintrag, nicht offiziell geprüft","startDate":null,"endDate":null,"nextStep":"Aktuelle Angaben direkt beim Ort prüfen.","scale":"street","geometryPrecision":"approximate","reviewState":"candidate","asOf":"2026-09-26T17:22:08.637Z","sourceCount":1,"primarySource":{"url":"https://www.openstreetmap.org/way/151395857","title":"OpenStreetMap contributors","publisher":"OpenStreetMap contributors","licence":"ODbL 1.0","reuse":"open_licence"}}},{"type":"Feature","geometry":{"type":"Point","coordinates":[7.86071,48.00807]},"properties":{"id":"osm:way-151527251","version":"5dafd59d16da9661eaf98aeaf9e7cdf214cc3ef1b66f5ca9b4b9c2fe73f23008","cityId":"freiburg","kind":"place","category":"kindergarten","title":"Kindergarten St. Remigius","statement":"Kindergarten St. Remigius ist in OpenStreetMap als kindergarten eingetragen. Betrieb und Öffnungszeiten nicht geprüft.","status":"OSM-Eintrag, nicht offiziell geprüft","startDate":null,"endDate":null,"nextStep":"Aktuelle Angaben direkt beim Ort prüfen.","scale":"street","geometryPrecision":"approximate","reviewState":"candidate","asOf":"2026-09-26T17:22:08.637Z","sourceCount":1,"primarySource":{"url":"https://www.openstreetmap.org/way/151527251","title":"OpenStreetMap contributors","publisher":"OpenStreetMap contributors","licence":"ODbL 1.0","reuse":"open_licence"}}},{"type":"Feature","geometry":{"type":"Point","coordinates":[7.86149,48.0065]},"properties":{"id":"osm:way-154534307","version":"bc41d71fb71919bc61f0a9b421048bd4aa490b9ae7c292ac0a0457f1b0f75eec","cityId":"freiburg","kind":"place","category":"community_centre","title":"Gemeindesaal Sankt Urban","statement":"Gemeindesaal Sankt Urban ist in OpenStreetMap als community_centre eingetragen. Öffnungszeiten in OSM eingetragen; nicht unabhängig bestätigt.","status":"OSM-Eintrag, nicht offiziell geprüft","startDate":null,"endDate":null,"nextStep":"Aktuelle Angaben direkt beim Ort prüfen.","scale":"street","geometryPrecision":"approximate","reviewState":"candidate","asOf":"2026-09-26T17:22:08.637Z","sourceCount":1,"primarySource":{"url":"https://www.openstreetmap.org/way/154534307","title":"OpenStreetMap contributors","publisher":"OpenStreetMap contributors","licence":"ODbL 1.0","reuse":"open_licence"}}},{"type":"Feature","geometry":{"type":"Point","coordinates":[7.8619,48.00651]},"properties":{"id":"osm:way-154534384","version":"d16c133c7dcd3d4e5b231e8fcb098bae385d0e6bac51f08b5b7204360fd830ac","cityId":"freiburg","kind":"place","category":"kindergarten","title":"Kindergarten St. Cäcilia","statement":"Kindergarten St. Cäcilia ist in OpenStreetMap als kindergarten eingetragen. Betrieb und Öffnungszeiten nicht geprüft.","status":"OSM-Eintrag, nicht offiziell geprüft","startDate":null,"endDate":null,"nextStep":"Aktuelle Angaben direkt beim Ort prüfen.","scale":"street","geometryPrecision":"approximate","reviewState":"candidate","asOf":"2026-09-26T17:22:08.637Z","sourceCount":1,"primarySource":{"url":"https://www.openstreetmap.org/way/154534384","title":"OpenStreetMap contributors","publisher":"OpenStreetMap contributors","licence":"ODbL 1.0","reuse":"open_licence"}}},{"type":"Feature","geometry":{"type":"Point","coordinates":[7.84544,47.99634]},"properties":{"id":"osm:way-1547366986","version":"965b9316bed80cc142980f90acb66df061155737ef89d0ce6d2be065920cfa91","cityId":"freiburg","kind":"place","category":"police","title":"Polizeirevier Freiburg-Nord","statement":"Polizeirevier Freiburg-Nord ist in OpenStreetMap als police eingetragen. Öffnungszeiten in OSM eingetragen; nicht unabhängig bestätigt.","status":"OSM-Eintrag, nicht offiziell geprüft","startDate":null,"endDate":null,"nextStep":"Aktuelle Angaben direkt beim Ort prüfen.","scale":"street","geometryPrecision":"approximate","reviewState":"candidate","asOf":"2026-09-26T17:22:08.637Z","sourceCount":1,"primarySource":{"url":"https://www.openstreetmap.org/way/1547366986","title":"OpenStreetMap contributors","publisher":"OpenStreetMap contributors","licence":"ODbL 1.0","reuse":"open_licence"}}},{"type":"Feature","geometry":{"type":"Point","coordinates":[7.83689,47.98764]},"properties":{"id":"osm:way-155436068","version":"5e412151e9ba71b2f2f7f069b6a7634ad9e1b051fc4585833fe82f5d869f79b6","cityId":"freiburg","kind":"place","category":"police","title":"Polizeirevier Freiburg-Süd","statement":"Polizeirevier Freiburg-Süd ist in OpenStreetMap als police eingetragen. Betrieb und Öffnungszeiten nicht geprüft.","status":"OSM-Eintrag, nicht offiziell geprüft","startDate":null,"endDate":null,"nextStep":"Aktuelle Angaben direkt beim Ort prüfen.","scale":"street","geometryPrecision":"approximate","reviewState":"candidate","asOf":"2026-09-26T17:22:08.637Z","sourceCount":1,"primarySource":{"url":"https://www.openstreetmap.org/way/155436068","title":"OpenStreetMap contributors","publisher":"OpenStreetMap contributors","licence":"ODbL 1.0","reuse":"open_licence"}}},{"type":"Feature","geometry":{"type":"Point","coordinates":[7.83666,47.98742]},"properties":{"id":"osm:way-155436069","version":"10b0e66cc54ad511f9715d105fb1f620408916703414e1d6326eb836be57f81e","cityId":"freiburg","kind":"place","category":"police","title":"Polizeidirektion Freiburg","statement":"Polizeidirektion Freiburg ist in OpenStreetMap als police eingetragen. Betrieb und Öffnungszeiten nicht geprüft.","status":"OSM-Eintrag, nicht offiziell geprüft","startDate":null,"endDate":null,"nextStep":"Aktuelle Angaben direkt beim Ort prüfen.","scale":"street","geometryPrecision":"approximate","reviewState":"candidate","asOf":"2026-09-26T17:22:08.637Z","sourceCount":1,"primarySource":{"url":"https://www.openstreetmap.org/way/155436069","title":"OpenStreetMap contributors","publisher":"OpenStreetMap contributors","licence":"ODbL 1.0","reuse":"open_licence"}}},{"type":"Feature","geometry":{"type":"Point","coordinates":[7.83642,47.98749]},"properties":{"id":"osm:way-155436070","version":"3dd326445d0b9d6013d504732a15bf1babb2827b2f7eefce3c435f084e7c502c","cityId":"freiburg","kind":"place","category":"police","title":"Kriminalpolizei Freiburg","statement":"Kriminalpolizei Freiburg ist in OpenStreetMap als police eingetragen. Betrieb und Öffnungszeiten nicht geprüft.","status":"OSM-Eintrag, nicht offiziell geprüft","startDate":null,"endDate":null,"nextStep":"Aktuelle Angaben direkt beim Ort prüfen.","scale":"street","geometryPrecision":"approximate","reviewState":"candidate","asOf":"2026-09-26T17:22:08.637Z","sourceCount":1,"primarySource":{"url":"https://www.openstreetmap.org/way/155436070","title":"OpenStreetMap contributors","publisher":"OpenStreetMap contributors","licence":"ODbL 1.0","reuse":"open_licence"}}},{"type":"Feature","geometry":{"type":"Point","coordinates":[7.81838,47.98121]},"properties":{"id":"osm:way-156439468","version":"b679f154615bd28c62280c3dbd7f465a736ac9a8edea687f842e4f69614f24a4","cityId":"freiburg","kind":"place","category":"climbing","title":"DAV-Kletterzentrum Freiburg","statement":"DAV-Kletterzentrum Freiburg ist in OpenStreetMap als climbing eingetragen. Öffnungszeiten in OSM eingetragen; nicht unabhängig bestätigt.","status":"OSM-Eintrag, nicht offiziell geprüft","startDate":null,"endDate":null,"nextStep":"Aktuelle Angaben direkt beim Ort prüfen.","scale":"street","geometryPrecision":"approximate","reviewState":"candidate","asOf":"2026-09-26T17:22:08.637Z","sourceCount":1,"primarySource":{"url":"https://www.openstreetmap.org/way/156439468","title":"OpenStreetMap contributors","publisher":"OpenStreetMap contributors","licence":"ODbL 1.0","reuse":"open_licence"}}},{"type":"Feature","geometry":{"type":"Point","coordinates":[7.85189,47.98735]},"properties":{"id":"osm:way-161885078","version":"3d0106eef30b35c4ae8fab1a8521d142e44ad5d89bbe1ba49b906d89f359ed7b","cityId":"freiburg","kind":"place","category":"school","title":"Walter-Eucken-Gymnasium und Kaufmännische Schulen I","statement":"Walter-Eucken-Gymnasium und Kaufmännische Schulen I ist in OpenStreetMap als school eingetragen. Betrieb und Öffnungszeiten nicht geprüft.","status":"OSM-Eintrag, nicht offiziell geprüft","startDate":null,"endDate":null,"nextStep":"Aktuelle Angaben direkt beim Ort prüfen.","scale":"street","geometryPrecision":"approximate","reviewState":"candidate","asOf":"2026-09-26T17:22:08.637Z","sourceCount":1,"primarySource":{"url":"https://www.openstreetmap.org/way/161885078","title":"OpenStreetMap contributors","publisher":"OpenStreetMap contributors","licence":"ODbL 1.0","reuse":"open_licence"}}},{"type":"Feature","geometry":{"type":"Point","coordinates":[7.85113,47.99103]},"properties":{"id":"osm:way-163840165","version":"441c3d9e7e940d595369900cfef43c2d98cc20af83c932a79d227806e74e7800","cityId":"freiburg","kind":"place","category":"hospital","title":"Sankt Elisabeth-Krankenhaus","statement":"Sankt Elisabeth-Krankenhaus ist in OpenStreetMap als hospital eingetragen. Betrieb und Öffnungszeiten nicht geprüft.","status":"OSM-Eintrag, nicht offiziell geprüft","startDate":null,"endDate":null,"nextStep":"Aktuelle Angaben direkt beim Ort prüfen.","scale":"street","geometryPrecision":"approximate","reviewState":"candidate","asOf":"2026-09-26T17:22:08.637Z","sourceCount":1,"primarySource":{"url":"https://www.openstreetmap.org/way/163840165","title":"OpenStreetMap contributors","publisher":"OpenStreetMap contributors","licence":"ODbL 1.0","reuse":"open_licence"}}},{"type":"Feature","geometry":{"type":"Point","coordinates":[7.80745,47.98603]},"properties":{"id":"osm:way-165936160","version":"31a940b914e39714f4a57db39bca8ea37c293cf93327f98015b3476bf58c06bb","cityId":"freiburg","kind":"place","category":"supermarket","title":"Netto Marken-Discount","statement":"Netto Marken-Discount ist in OpenStreetMap als supermarket eingetragen. Öffnungszeiten in OSM eingetragen; nicht unabhängig bestätigt.","status":"OSM-Eintrag, nicht offiziell geprüft","startDate":null,"endDate":null,"nextStep":"Aktuelle Angaben direkt beim Ort prüfen.","scale":"street","geometryPrecision":"approximate","reviewState":"candidate","asOf":"2026-09-26T17:22:08.637Z","sourceCount":1,"primarySource":{"url":"https://www.openstreetmap.org/way/165936160","title":"OpenStreetMap contributors","publisher":"OpenStreetMap contributors","licence":"ODbL 1.0","reuse":"open_licence"}}},{"type":"Feature","geometry":{"type":"Point","coordinates":[7.84895,47.9882]},"properties":{"id":"osm:way-166132480","version":"59e377a4125f9a61e775a8ea2a2753b02245d7b4da3ba17ef9a833823541ac91","cityId":"freiburg","kind":"place","category":"school","title":"Turnseeschule","statement":"Turnseeschule ist in OpenStreetMap als school eingetragen. Betrieb und Öffnungszeiten nicht geprüft.","status":"OSM-Eintrag, nicht offiziell geprüft","startDate":null,"endDate":null,"nextStep":"Aktuelle Angaben direkt beim Ort prüfen.","scale":"street","geometryPrecision":"approximate","reviewState":"candidate","asOf":"2026-09-26T17:22:08.637Z","sourceCount":1,"primarySource":{"url":"https://www.openstreetmap.org/way/166132480","title":"OpenStreetMap contributors","publisher":"OpenStreetMap contributors","licence":"ODbL 1.0","reuse":"open_licence"}}},{"type":"Feature","geometry":{"type":"Point","coordinates":[7.80445,48.00287]},"properties":{"id":"osm:way-177860632","version":"9b0ac3a35c0d5b03ef8f0b6bccf7a04509a9f2b80f3d281623817dd77afe24fe","cityId":"freiburg","kind":"place","category":"skateboard","title":"Skatepark Dietenbachpark","statement":"Skatepark Dietenbachpark ist in OpenStreetMap als skateboard eingetragen. Betrieb und Öffnungszeiten nicht geprüft.","status":"OSM-Eintrag, nicht offiziell geprüft","startDate":null,"endDate":null,"nextStep":"Aktuelle Angaben direkt beim Ort prüfen.","scale":"street","geometryPrecision":"approximate","reviewState":"candidate","asOf":"2026-09-26T17:22:08.637Z","sourceCount":1,"primarySource":{"url":"https://www.openstreetmap.org/way/177860632","title":"OpenStreetMap contributors","publisher":"OpenStreetMap contributors","licence":"ODbL 1.0","reuse":"open_licence"}}},{"type":"Feature","geometry":{"type":"Point","coordinates":[7.81282,47.98832]},"properties":{"id":"osm:way-178668127","version":"2f46829f3493ce13b48b1e38d2566ab49cf4644308238ed1574ef63fea084bc7","cityId":"freiburg","kind":"place","category":"boules","title":"Boulesplatz Rislerstraße","statement":"Boulesplatz Rislerstraße ist in OpenStreetMap als boules eingetragen. Betrieb und Öffnungszeiten nicht geprüft.","status":"OSM-Eintrag, nicht offiziell geprüft","startDate":null,"endDate":null,"nextStep":"Aktuelle Angaben direkt beim Ort prüfen.","scale":"street","geometryPrecision":"approximate","reviewState":"candidate","asOf":"2026-09-26T17:22:08.637Z","sourceCount":1,"primarySource":{"url":"https://www.openstreetmap.org/way/178668127","title":"OpenStreetMap contributors","publisher":"OpenStreetMap contributors","licence":"ODbL 1.0","reuse":"open_licence"}}},{"type":"Feature","geometry":{"type":"Point","coordinates":[7.81241,47.98846]},"properties":{"id":"osm:way-178668130","version":"cc6f57edfa0baa02e9e7216e4db7796807332077c28ba1054ca9ae0f28498332","cityId":"freiburg","kind":"place","category":"soccer","title":"Bolzplatz Rislerstraße","statement":"Bolzplatz Rislerstraße ist in OpenStreetMap als soccer eingetragen. Betrieb und Öffnungszeiten nicht geprüft.","status":"OSM-Eintrag, nicht offiziell geprüft","startDate":null,"endDate":null,"nextStep":"Aktuelle Angaben direkt beim Ort prüfen.","scale":"street","geometryPrecision":"approximate","reviewState":"candidate","asOf":"2026-09-26T17:22:08.637Z","sourceCount":1,"primarySource":{"url":"https://www.openstreetmap.org/way/178668130","title":"OpenStreetMap contributors","publisher":"OpenStreetMap contributors","licence":"ODbL 1.0","reuse":"open_licence"}}},{"type":"Feature","geometry":{"type":"Point","coordinates":[7.81276,47.98834]},"properties":{"id":"osm:way-178668131","version":"13413b0e40eddad1527ea8e541092a11a6570d3fe4b443d323bf27a5ad327e8d","cityId":"freiburg","kind":"place","category":"boules","title":"Boulesplatz Rislerstraße","statement":"Boulesplatz Rislerstraße ist in OpenStreetMap als boules eingetragen. Betrieb und Öffnungszeiten nicht geprüft.","status":"OSM-Eintrag, nicht offiziell geprüft","startDate":null,"endDate":null,"nextStep":"Aktuelle Angaben direkt beim Ort prüfen.","scale":"street","geometryPrecision":"approximate","reviewState":"candidate","asOf":"2026-09-26T17:22:08.637Z","sourceCount":1,"primarySource":{"url":"https://www.openstreetmap.org/way/178668131","title":"OpenStreetMap contributors","publisher":"OpenStreetMap contributors","licence":"ODbL 1.0","reuse":"open_licence"}}},{"type":"Feature","geometry":{"type":"Point","coordinates":[7.8044,47.98381]},"properties":{"id":"osm:way-178721734","version":"eca3975dd8a1d06e2ac45a45fd7a7e06e36b236760bc332ea2585508d5a23067","cityId":"freiburg","kind":"place","category":"school","title":"Kopernikus Grundschule","statement":"Kopernikus Grundschule ist in OpenStreetMap als school eingetragen. Betrieb und Öffnungszeiten nicht geprüft.","status":"OSM-Eintrag, nicht offiziell geprüft","startDate":null,"endDate":null,"nextStep":"Aktuelle Angaben direkt beim Ort prüfen.","scale":"street","geometryPrecision":"approximate","reviewState":"candidate","asOf":"2026-09-26T17:22:08.637Z","sourceCount":1,"primarySource":{"url":"https://www.openstreetmap.org/way/178721734","title":"OpenStreetMap contributors","publisher":"OpenStreetMap contributors","licence":"ODbL 1.0","reuse":"open_licence"}}},{"type":"Feature","geometry":{"type":"Point","coordinates":[7.80288,48.00357]},"properties":{"id":"osm:way-179102093","version":"f5270324afc648de5ff8ec4a242501385490de6f6d10934f4411f10497a91bc9","cityId":"freiburg","kind":"place","category":"sport","title":"Clubheim Freiburger FC","statement":"Clubheim Freiburger FC ist in OpenStreetMap als sport eingetragen. Betrieb und Öffnungszeiten nicht geprüft.","status":"OSM-Eintrag, nicht offiziell geprüft","startDate":null,"endDate":null,"nextStep":"Aktuelle Angaben direkt beim Ort prüfen.","scale":"street","geometryPrecision":"approximate","reviewState":"candidate","asOf":"2026-09-26T17:22:08.637Z","sourceCount":1,"primarySource":{"url":"https://www.openstreetmap.org/way/179102093","title":"OpenStreetMap contributors","publisher":"OpenStreetMap contributors","licence":"ODbL 1.0","reuse":"open_licence"}}},{"type":"Feature","geometry":{"type":"Point","coordinates":[7.81329,47.98772]},"properties":{"id":"osm:way-185330401","version":"47cac2788ae1639af6fd1c1e3a911c35624b3ad2c48f698ed1e7457742dc6061","cityId":"freiburg","kind":"place","category":"school","title":"Deutsch-französische Grundschule","statement":"Deutsch-französische Grundschule ist in OpenStreetMap als school eingetragen. Betrieb und Öffnungszeiten nicht geprüft.","status":"OSM-Eintrag, nicht offiziell geprüft","startDate":null,"endDate":null,"nextStep":"Aktuelle Angaben direkt beim Ort prüfen.","scale":"street","geometryPrecision":"approximate","reviewState":"candidate","asOf":"2026-09-26T17:22:08.637Z","sourceCount":1,"primarySource":{"url":"https://www.openstreetmap.org/way/185330401","title":"OpenStreetMap contributors","publisher":"OpenStreetMap contributors","licence":"ODbL 1.0","reuse":"open_licence"}}},{"type":"Feature","geometry":{"type":"Point","coordinates":[7.88944,47.98631]},"properties":{"id":"osm:way-186936233","version":"f95481826e52ef7955d8eacf140aac7577f77033e576a3ef0895bd9ca0cc6a7d","cityId":"freiburg","kind":"place","category":"school","title":"Internationale Schule im Römerhof","statement":"Internationale Schule im Römerhof ist in OpenStreetMap als school eingetragen. Betrieb und Öffnungszeiten nicht geprüft.","status":"OSM-Eintrag, nicht offiziell geprüft","startDate":null,"endDate":null,"nextStep":"Aktuelle Angaben direkt beim Ort prüfen.","scale":"street","geometryPrecision":"approximate","reviewState":"candidate","asOf":"2026-09-26T17:22:08.637Z","sourceCount":1,"primarySource":{"url":"https://www.openstreetmap.org/way/186936233","title":"OpenStreetMap contributors","publisher":"OpenStreetMap contributors","licence":"ODbL 1.0","reuse":"open_licence"}}},{"type":"Feature","geometry":{"type":"Point","coordinates":[7.81797,48.01037]},"properties":{"id":"osm:way-199793060","version":"e72e28a24a8b34124657d75162b318cd6952d56692faefff6a30e95fc072e636","cityId":"freiburg","kind":"place","category":"swimming","title":"Flückigersee","statement":"Flückigersee ist in OpenStreetMap als swimming eingetragen. Betrieb und Öffnungszeiten nicht geprüft.","status":"OSM-Eintrag, nicht offiziell geprüft","startDate":null,"endDate":null,"nextStep":"Aktuelle Angaben direkt beim Ort prüfen.","scale":"street","geometryPrecision":"approximate","reviewState":"candidate","asOf":"2026-09-26T17:22:08.637Z","sourceCount":1,"primarySource":{"url":"https://www.openstreetmap.org/way/199793060","title":"OpenStreetMap contributors","publisher":"OpenStreetMap contributors","licence":"ODbL 1.0","reuse":"open_licence"}}},{"type":"Feature","geometry":{"type":"Point","coordinates":[7.82135,48.01817]},"properties":{"id":"osm:way-200310644","version":"e1f067596a6f9cd8d19f5e5a9bcfb263704a4f64e6ecbc54ae743aafab601086","cityId":"freiburg","kind":"place","category":"multi","title":"Turnhalle Mooswaldschule","statement":"Turnhalle Mooswaldschule ist in OpenStreetMap als multi eingetragen. Betrieb und Öffnungszeiten nicht geprüft.","status":"OSM-Eintrag, nicht offiziell geprüft","startDate":null,"endDate":null,"nextStep":"Aktuelle Angaben direkt beim Ort prüfen.","scale":"street","geometryPrecision":"approximate","reviewState":"candidate","asOf":"2026-09-26T17:22:08.637Z","sourceCount":1,"primarySource":{"url":"https://www.openstreetmap.org/way/200310644","title":"OpenStreetMap contributors","publisher":"OpenStreetMap contributors","licence":"ODbL 1.0","reuse":"open_licence"}}},{"type":"Feature","geometry":{"type":"Point","coordinates":[7.83161,48.01059]},"properties":{"id":"osm:way-200986318","version":"a2133b779b4558cec4730bf5f7dad03002824514e5af69fc3079d9e612b8f196","cityId":"freiburg","kind":"place","category":"supermarket","title":"Lidl","statement":"Lidl ist in OpenStreetMap als supermarket eingetragen. Öffnungszeiten in OSM eingetragen; nicht unabhängig bestätigt.","status":"OSM-Eintrag, nicht offiziell geprüft","startDate":null,"endDate":null,"nextStep":"Aktuelle Angaben direkt beim Ort prüfen.","scale":"street","geometryPrecision":"approximate","reviewState":"candidate","asOf":"2026-09-26T17:22:08.637Z","sourceCount":1,"primarySource":{"url":"https://www.openstreetmap.org/way/200986318","title":"OpenStreetMap contributors","publisher":"OpenStreetMap contributors","licence":"ODbL 1.0","reuse":"open_licence"}}},{"type":"Feature","geometry":{"type":"Point","coordinates":[7.78665,47.99623]},"properties":{"id":"osm:way-201845919","version":"0da10ef00384bc697742e2be768bd33a80be1b0e91fa1c5bd0425f2ba26c4982","cityId":"freiburg","kind":"place","category":"kindergarten","title":"Die wilde 13","statement":"Die wilde 13 ist in OpenStreetMap als kindergarten eingetragen. Betrieb und Öffnungszeiten nicht geprüft.","status":"OSM-Eintrag, nicht offiziell geprüft","startDate":null,"endDate":null,"nextStep":"Aktuelle Angaben direkt beim Ort prüfen.","scale":"street","geometryPrecision":"approximate","reviewState":"candidate","asOf":"2026-09-26T17:22:08.637Z","sourceCount":1,"primarySource":{"url":"https://www.openstreetmap.org/way/201845919","title":"OpenStreetMap contributors","publisher":"OpenStreetMap contributors","licence":"ODbL 1.0","reuse":"open_licence"}}},{"type":"Feature","geometry":{"type":"Point","coordinates":[7.79026,47.99595]},"properties":{"id":"osm:way-202953808","version":"c86add211a1520643fa074849a6aa1ceda7dfeda502d667d13c3dd11e61f8bf9","cityId":"freiburg","kind":"place","category":"fire_station","title":"Freiwillige Feuerwehr Freiburg | Abteilung 05 Rieselfeld","statement":"Freiwillige Feuerwehr Freiburg | Abteilung 05 Rieselfeld ist in OpenStreetMap als fire_station eingetragen. Betrieb und Öffnungszeiten nicht geprüft.","status":"OSM-Eintrag, nicht offiziell geprüft","startDate":null,"endDate":null,"nextStep":"Aktuelle Angaben direkt beim Ort prüfen.","scale":"street","geometryPrecision":"approximate","reviewState":"candidate","asOf":"2026-09-26T17:22:08.637Z","sourceCount":1,"primarySource":{"url":"https://www.openstreetmap.org/way/202953808","title":"OpenStreetMap contributors","publisher":"OpenStreetMap contributors","licence":"ODbL 1.0","reuse":"open_licence"}}},{"type":"Feature","geometry":{"type":"Point","coordinates":[7.76761,47.9836]},"properties":{"id":"osm:way-203165017","version":"f148b396496750066a084985d6a19dfbd239be9537df025aac4bd78f1b2d3eed","cityId":"freiburg","kind":"place","category":"swimming","title":"Keidel Therme","statement":"Keidel Therme ist in OpenStreetMap als swimming eingetragen. Öffnungszeiten in OSM eingetragen; nicht unabhängig bestätigt.","status":"OSM-Eintrag, nicht offiziell geprüft","startDate":null,"endDate":null,"nextStep":"Aktuelle Angaben direkt beim Ort prüfen.","scale":"street","geometryPrecision":"approximate","reviewState":"candidate","asOf":"2026-09-26T17:22:08.637Z","sourceCount":1,"primarySource":{"url":"https://www.openstreetmap.org/way/203165017","title":"OpenStreetMap contributors","publisher":"OpenStreetMap contributors","licence":"ODbL 1.0","reuse":"open_licence"}}},{"type":"Feature","geometry":{"type":"Point","coordinates":[7.79301,47.99454]},"properties":{"id":"osm:way-203174012","version":"1d2b0d7307884268ac96714ed6b5329de643c8f996fd27f0b390cdbe244c8f90","cityId":"freiburg","kind":"place","category":"multi","title":"Fitness-Loft Haid","statement":"Fitness-Loft Haid ist in OpenStreetMap als multi eingetragen. Öffnungszeiten in OSM eingetragen; nicht unabhängig bestätigt.","status":"OSM-Eintrag, nicht offiziell geprüft","startDate":null,"endDate":null,"nextStep":"Aktuelle Angaben direkt beim Ort prüfen.","scale":"street","geometryPrecision":"approximate","reviewState":"candidate","asOf":"2026-09-26T17:22:08.637Z","sourceCount":1,"primarySource":{"url":"https://www.openstreetmap.org/way/203174012","title":"OpenStreetMap contributors","publisher":"OpenStreetMap contributors","licence":"ODbL 1.0","reuse":"open_licence"}}},{"type":"Feature","geometry":{"type":"Point","coordinates":[7.80395,47.9835]},"properties":{"id":"osm:way-203529767","version":"2b4fe3fa48c7fa55656d9dc5f9d06a928504dbbe30ead1ed725dc147a6a8b555","cityId":"freiburg","kind":"place","category":"supermarket","title":"Edeka Rees","statement":"Edeka Rees ist in OpenStreetMap als supermarket eingetragen. Öffnungszeiten in OSM eingetragen; nicht unabhängig bestätigt.","status":"OSM-Eintrag, nicht offiziell geprüft","startDate":null,"endDate":null,"nextStep":"Aktuelle Angaben direkt beim Ort prüfen.","scale":"street","geometryPrecision":"approximate","reviewState":"candidate","asOf":"2026-09-26T17:22:08.637Z","sourceCount":1,"primarySource":{"url":"https://www.openstreetmap.org/way/203529767","title":"OpenStreetMap contributors","publisher":"OpenStreetMap contributors","licence":"ODbL 1.0","reuse":"open_licence"}}},{"type":"Feature","geometry":{"type":"Point","coordinates":[7.81439,48.02381]},"properties":{"id":"osm:way-206286768","version":"8dec8f3bd43e95c7e9220ca3eb523f37c3bc1dead60a98af1c50275177a44593","cityId":"freiburg","kind":"place","category":"clinic","title":"Praxisklinik 2000","statement":"Praxisklinik 2000 ist in OpenStreetMap als clinic eingetragen. Betrieb und Öffnungszeiten nicht geprüft.","status":"OSM-Eintrag, nicht offiziell geprüft","startDate":null,"endDate":null,"nextStep":"Aktuelle Angaben direkt beim Ort prüfen.","scale":"street","geometryPrecision":"approximate","reviewState":"candidate","asOf":"2026-09-26T17:22:08.637Z","sourceCount":1,"primarySource":{"url":"https://www.openstreetmap.org/way/206286768","title":"OpenStreetMap contributors","publisher":"OpenStreetMap contributors","licence":"ODbL 1.0","reuse":"open_licence"}}},{"type":"Feature","geometry":{"type":"Point","coordinates":[7.81441,48.0647]},"properties":{"id":"osm:way-207506038","version":"1b9a7326cb86741acfbbce9e46761eaa7ac8d5f9a855a9b8184f7b94839a7e1d","cityId":"freiburg","kind":"place","category":"water_ski","title":"Wasserski am Tunisee","statement":"Wasserski am Tunisee ist in OpenStreetMap als water_ski eingetragen. Betrieb und Öffnungszeiten nicht geprüft.","status":"OSM-Eintrag, nicht offiziell geprüft","startDate":null,"endDate":null,"nextStep":"Aktuelle Angaben direkt beim Ort prüfen.","scale":"street","geometryPrecision":"approximate","reviewState":"candidate","asOf":"2026-09-26T17:22:08.637Z","sourceCount":1,"primarySource":{"url":"https://www.openstreetmap.org/way/207506038","title":"OpenStreetMap contributors","publisher":"OpenStreetMap contributors","licence":"ODbL 1.0","reuse":"open_licence"}}},{"type":"Feature","geometry":{"type":"Point","coordinates":[7.82839,47.9779]},"properties":{"id":"osm:way-208251566","version":"5ffd5032d60e31c5946ad133bd516cb850a67ff5e1dd34858908717b3184f65c","cityId":"freiburg","kind":"place","category":"school","title":"Evangelisches Montessori-Schulhaus Freiburg","statement":"Evangelisches Montessori-Schulhaus Freiburg ist in OpenStreetMap als school eingetragen. Betrieb und Öffnungszeiten nicht geprüft.","status":"OSM-Eintrag, nicht offiziell geprüft","startDate":null,"endDate":null,"nextStep":"Aktuelle Angaben direkt beim Ort prüfen.","scale":"street","geometryPrecision":"approximate","reviewState":"candidate","asOf":"2026-09-26T17:22:08.637Z","sourceCount":1,"primarySource":{"url":"https://www.openstreetmap.org/way/208251566","title":"OpenStreetMap contributors","publisher":"OpenStreetMap contributors","licence":"ODbL 1.0","reuse":"open_licence"}}},{"type":"Feature","geometry":{"type":"Point","coordinates":[7.90526,47.98709]},"properties":{"id":"osm:way-218108328","version":"c06d0f5cd2e4c755e49511a643348c3f1f98e21581135621ae39d4688a220c77","cityId":"freiburg","kind":"place","category":"townhall","title":"Rathaus","statement":"Rathaus ist in OpenStreetMap als townhall eingetragen. Betrieb und Öffnungszeiten nicht geprüft.","status":"OSM-Eintrag, nicht offiziell geprüft","startDate":null,"endDate":null,"nextStep":"Aktuelle Angaben direkt beim Ort prüfen.","scale":"street","geometryPrecision":"approximate","reviewState":"candidate","asOf":"2026-09-26T17:22:08.637Z","sourceCount":1,"primarySource":{"url":"https://www.openstreetmap.org/way/218108328","title":"OpenStreetMap contributors","publisher":"OpenStreetMap contributors","licence":"ODbL 1.0","reuse":"open_licence"}}},{"type":"Feature","geometry":{"type":"Point","coordinates":[7.84491,47.99421]},"properties":{"id":"osm:way-219971985","version":"9015ac571cd2c6cd407978726e874098c6723def9e1312cf2f69581f65363b60","cityId":"freiburg","kind":"place","category":"library","title":"Universitätsbibliothek","statement":"Universitätsbibliothek ist in OpenStreetMap als library eingetragen. Öffnungszeiten in OSM eingetragen; nicht unabhängig bestätigt.","status":"OSM-Eintrag, nicht offiziell geprüft","startDate":null,"endDate":null,"nextStep":"Aktuelle Angaben direkt beim Ort prüfen.","scale":"street","geometryPrecision":"approximate","reviewState":"candidate","asOf":"2026-09-26T17:22:08.637Z","sourceCount":1,"primarySource":{"url":"https://www.openstreetmap.org/way/219971985","title":"OpenStreetMap contributors","publisher":"OpenStreetMap contributors","licence":"ODbL 1.0","reuse":"open_licence"}}},{"type":"Feature","geometry":{"type":"Point","coordinates":[7.84213,47.99175]},"properties":{"id":"osm:way-23021254","version":"a697186b60e7ddfa2c10d9735f34512a4914a4eb94975777a171953e317dec7f","cityId":"freiburg","kind":"place","category":"swimming","title":"Faulerbad","statement":"Faulerbad ist in OpenStreetMap als swimming eingetragen. Öffnungszeiten in OSM eingetragen; nicht unabhängig bestätigt.","status":"OSM-Eintrag, nicht offiziell geprüft","startDate":null,"endDate":null,"nextStep":"Aktuelle Angaben direkt beim Ort prüfen.","scale":"street","geometryPrecision":"approximate","reviewState":"candidate","asOf":"2026-09-26T17:22:08.637Z","sourceCount":1,"primarySource":{"url":"https://www.openstreetmap.org/way/23021254","title":"OpenStreetMap contributors","publisher":"OpenStreetMap contributors","licence":"ODbL 1.0","reuse":"open_licence"}}},{"type":"Feature","geometry":{"type":"Point","coordinates":[7.69091,47.96792]},"properties":{"id":"osm:way-23094016","version":"4bed74321bde1b3213db57991be07a7b399480047b010c3ae18514cc1dbf6f1d","cityId":"freiburg","kind":"place","category":"soccer","title":"Tunibergstadion","statement":"Tunibergstadion ist in OpenStreetMap als soccer eingetragen. Betrieb und Öffnungszeiten nicht geprüft.","status":"OSM-Eintrag, nicht offiziell geprüft","startDate":null,"endDate":null,"nextStep":"Aktuelle Angaben direkt beim Ort prüfen.","scale":"street","geometryPrecision":"approximate","reviewState":"candidate","asOf":"2026-09-26T17:22:08.637Z","sourceCount":1,"primarySource":{"url":"https://www.openstreetmap.org/way/23094016","title":"OpenStreetMap contributors","publisher":"OpenStreetMap contributors","licence":"ODbL 1.0","reuse":"open_licence"}}},{"type":"Feature","geometry":{"type":"Point","coordinates":[7.84921,47.99643]},"properties":{"id":"osm:way-23226923","version":"365fbf16ae14fd3a1bceded49e9ff09030844c1344e2ed7f045e111b389de403","cityId":"freiburg","kind":"place","category":"townhall","title":"Altes Rathaus","statement":"Altes Rathaus ist in OpenStreetMap als townhall eingetragen. Öffnungszeiten in OSM eingetragen; nicht unabhängig bestätigt.","status":"OSM-Eintrag, nicht offiziell geprüft","startDate":null,"endDate":null,"nextStep":"Aktuelle Angaben direkt beim Ort prüfen.","scale":"street","geometryPrecision":"approximate","reviewState":"candidate","asOf":"2026-09-26T17:22:08.637Z","sourceCount":1,"primarySource":{"url":"https://www.openstreetmap.org/way/23226923","title":"OpenStreetMap contributors","publisher":"OpenStreetMap contributors","licence":"ODbL 1.0","reuse":"open_licence"}}},{"type":"Feature","geometry":{"type":"Point","coordinates":[7.82529,47.97524]},"properties":{"id":"osm:way-24056170","version":"01dc2c9dd1f8ba43133f92bc78f97ec772f6bb2a3d4b5bcd6468dc8b8271d85e","cityId":"freiburg","kind":"place","category":"community_centre","title":"Stadtteilzentrum Haus 037","statement":"Stadtteilzentrum Haus 037 ist in OpenStreetMap als community_centre eingetragen. Betrieb und Öffnungszeiten nicht geprüft.","status":"OSM-Eintrag, nicht offiziell geprüft","startDate":null,"endDate":null,"nextStep":"Aktuelle Angaben direkt beim Ort prüfen.","scale":"street","geometryPrecision":"approximate","reviewState":"candidate","asOf":"2026-09-26T17:22:08.637Z","sourceCount":1,"primarySource":{"url":"https://www.openstreetmap.org/way/24056170","title":"OpenStreetMap contributors","publisher":"OpenStreetMap contributors","licence":"ODbL 1.0","reuse":"open_licence"}}},{"type":"Feature","geometry":{"type":"Point","coordinates":[7.81476,47.97636]},"properties":{"id":"osm:way-24066484","version":"3917017168534a56534032483762e19105ca1582cafbdf5a6a31675619c6f721","cityId":"freiburg","kind":"place","category":"school","title":"Hauptgebäude","statement":"Hauptgebäude ist in OpenStreetMap als school eingetragen. Betrieb und Öffnungszeiten nicht geprüft.","status":"OSM-Eintrag, nicht offiziell geprüft","startDate":null,"endDate":null,"nextStep":"Aktuelle Angaben direkt beim Ort prüfen.","scale":"street","geometryPrecision":"approximate","reviewState":"candidate","asOf":"2026-09-26T17:22:08.637Z","sourceCount":1,"primarySource":{"url":"https://www.openstreetmap.org/way/24066484","title":"OpenStreetMap contributors","publisher":"OpenStreetMap contributors","licence":"ODbL 1.0","reuse":"open_licence"}}},{"type":"Feature","geometry":{"type":"Point","coordinates":[7.81459,47.97622]},"properties":{"id":"osm:way-24066486","version":"b3c91e019fc6152166aa62a5262bb1176a09ad45f5b9a8b2a6ded146d80a36ac","cityId":"freiburg","kind":"place","category":"school","title":"Waldorfschule St. Georgen","statement":"Waldorfschule St. Georgen ist in OpenStreetMap als school eingetragen. Betrieb und Öffnungszeiten nicht geprüft.","status":"OSM-Eintrag, nicht offiziell geprüft","startDate":null,"endDate":null,"nextStep":"Aktuelle Angaben direkt beim Ort prüfen.","scale":"street","geometryPrecision":"approximate","reviewState":"candidate","asOf":"2026-09-26T17:22:08.637Z","sourceCount":1,"primarySource":{"url":"https://www.openstreetmap.org/way/24066486","title":"OpenStreetMap contributors","publisher":"OpenStreetMap contributors","licence":"ODbL 1.0","reuse":"open_licence"}}},{"type":"Feature","geometry":{"type":"Point","coordinates":[7.80514,48.01766]},"properties":{"id":"osm:way-242413460","version":"af73123c4c42f3bd5c17812264efbcf45572d8896fe9e04c43df062ed64a9083","cityId":"freiburg","kind":"place","category":"multi","title":"Bundschuh Halle","statement":"Bundschuh Halle ist in OpenStreetMap als multi eingetragen. Betrieb und Öffnungszeiten nicht geprüft.","status":"OSM-Eintrag, nicht offiziell geprüft","startDate":null,"endDate":null,"nextStep":"Aktuelle Angaben direkt beim Ort prüfen.","scale":"street","geometryPrecision":"approximate","reviewState":"candidate","asOf":"2026-09-26T17:22:08.637Z","sourceCount":1,"primarySource":{"url":"https://www.openstreetmap.org/way/242413460","title":"OpenStreetMap contributors","publisher":"OpenStreetMap contributors","licence":"ODbL 1.0","reuse":"open_licence"}}},{"type":"Feature","geometry":{"type":"Point","coordinates":[7.78643,47.99573]},"properties":{"id":"osm:way-24611406","version":"e8af87b8884a7ebf80366aec7d4ec7ac9565ce148c678a6513739787f0d11c79","cityId":"freiburg","kind":"place","category":"beachvolleyball","title":"Beachvolleyball","statement":"Beachvolleyball ist in OpenStreetMap als beachvolleyball eingetragen. Betrieb und Öffnungszeiten nicht geprüft.","status":"OSM-Eintrag, nicht offiziell geprüft","startDate":null,"endDate":null,"nextStep":"Aktuelle Angaben direkt beim Ort prüfen.","scale":"street","geometryPrecision":"approximate","reviewState":"candidate","asOf":"2026-09-26T17:22:08.637Z","sourceCount":1,"primarySource":{"url":"https://www.openstreetmap.org/way/24611406","title":"OpenStreetMap contributors","publisher":"OpenStreetMap contributors","licence":"ODbL 1.0","reuse":"open_licence"}}},{"type":"Feature","geometry":{"type":"Point","coordinates":[7.78483,47.99596]},"properties":{"id":"osm:way-24611424","version":"5be0901a1cca1c224490717d4d5b9f1d0e6c06039ea5f3f594a664b6377abdf6","cityId":"freiburg","kind":"place","category":"skateboard","title":"Skaterplatz","statement":"Skaterplatz ist in OpenStreetMap als skateboard eingetragen. Betrieb und Öffnungszeiten nicht geprüft.","status":"OSM-Eintrag, nicht offiziell geprüft","startDate":null,"endDate":null,"nextStep":"Aktuelle Angaben direkt beim Ort prüfen.","scale":"street","geometryPrecision":"approximate","reviewState":"candidate","asOf":"2026-09-26T17:22:08.637Z","sourceCount":1,"primarySource":{"url":"https://www.openstreetmap.org/way/24611424","title":"OpenStreetMap contributors","publisher":"OpenStreetMap contributors","licence":"ODbL 1.0","reuse":"open_licence"}}},{"type":"Feature","geometry":{"type":"Point","coordinates":[7.79366,48.00158]},"properties":{"id":"osm:way-24612428","version":"868a82c7f9055392c4355cdf59bc5c30a6cb4a09bd38de6e0c7b9505892777e6","cityId":"freiburg","kind":"place","category":"basketball","title":"Sepp-Glaser-Halle","statement":"Sepp-Glaser-Halle ist in OpenStreetMap als basketball eingetragen. Betrieb und Öffnungszeiten nicht geprüft.","status":"OSM-Eintrag, nicht offiziell geprüft","startDate":null,"endDate":null,"nextStep":"Aktuelle Angaben direkt beim Ort prüfen.","scale":"street","geometryPrecision":"approximate","reviewState":"candidate","asOf":"2026-09-26T17:22:08.637Z","sourceCount":1,"primarySource":{"url":"https://www.openstreetmap.org/way/24612428","title":"OpenStreetMap contributors","publisher":"OpenStreetMap contributors","licence":"ODbL 1.0","reuse":"open_licence"}}},{"type":"Feature","geometry":{"type":"Point","coordinates":[7.78124,47.99732]},"properties":{"id":"osm:way-24612477","version":"30afbe4054f9cc7f10d59e3ae95dee3e71bd15df235c7d02020caf05de2355b1","cityId":"freiburg","kind":"place","category":"climbing_adventure","title":"Waldseilgarten Freiburg","statement":"Waldseilgarten Freiburg ist in OpenStreetMap als climbing_adventure eingetragen. Betrieb und Öffnungszeiten nicht geprüft.","status":"OSM-Eintrag, nicht offiziell geprüft","startDate":null,"endDate":null,"nextStep":"Aktuelle Angaben direkt beim Ort prüfen.","scale":"street","geometryPrecision":"approximate","reviewState":"candidate","asOf":"2026-09-26T17:22:08.637Z","sourceCount":1,"primarySource":{"url":"https://www.openstreetmap.org/way/24612477","title":"OpenStreetMap contributors","publisher":"OpenStreetMap contributors","licence":"ODbL 1.0","reuse":"open_licence"}}},{"type":"Feature","geometry":{"type":"Point","coordinates":[7.81229,47.97751]},"properties":{"id":"osm:way-24630410","version":"ccb024b3f8f1d97a78de0cd0580794313630d5341fcafc57d75b87219d4d1ddc","cityId":"freiburg","kind":"place","category":"school","title":"Theodor-Heuss-Gymnasium","statement":"Theodor-Heuss-Gymnasium ist in OpenStreetMap als school eingetragen. Betrieb und Öffnungszeiten nicht geprüft.","status":"OSM-Eintrag, nicht offiziell geprüft","startDate":null,"endDate":null,"nextStep":"Aktuelle Angaben direkt beim Ort prüfen.","scale":"street","geometryPrecision":"approximate","reviewState":"candidate","asOf":"2026-09-26T17:22:08.637Z","sourceCount":1,"primarySource":{"url":"https://www.openstreetmap.org/way/24630410","title":"OpenStreetMap contributors","publisher":"OpenStreetMap contributors","licence":"ODbL 1.0","reuse":"open_licence"}}},{"type":"Feature","geometry":{"type":"Point","coordinates":[7.79303,47.99606]},"properties":{"id":"osm:way-24635000","version":"9ef368529f4da7fb4f194410f8a9abf65aec3e64f847ddbfe7932e88f9d53b59","cityId":"freiburg","kind":"place","category":"school","title":"Waldorfschule Freiburg-Rieselfeld","statement":"Waldorfschule Freiburg-Rieselfeld ist in OpenStreetMap als school eingetragen. Betrieb und Öffnungszeiten nicht geprüft.","status":"OSM-Eintrag, nicht offiziell geprüft","startDate":null,"endDate":null,"nextStep":"Aktuelle Angaben direkt beim Ort prüfen.","scale":"street","geometryPrecision":"approximate","reviewState":"candidate","asOf":"2026-09-26T17:22:08.637Z","sourceCount":1,"primarySource":{"url":"https://www.openstreetmap.org/way/24635000","title":"OpenStreetMap contributors","publisher":"OpenStreetMap contributors","licence":"ODbL 1.0","reuse":"open_licence"}}},{"type":"Feature","geometry":{"type":"Point","coordinates":[7.82056,47.97493]},"properties":{"id":"osm:way-24691791","version":"8e5c532a7ec8920bf66848a3e2f60837527b1273613e9a0c19995e57f744a0f4","cityId":"freiburg","kind":"place","category":"kindergarten","title":"Kita Immergrün","statement":"Kita Immergrün ist in OpenStreetMap als kindergarten eingetragen. Betrieb und Öffnungszeiten nicht geprüft.","status":"OSM-Eintrag, nicht offiziell geprüft","startDate":null,"endDate":null,"nextStep":"Aktuelle Angaben direkt beim Ort prüfen.","scale":"street","geometryPrecision":"approximate","reviewState":"candidate","asOf":"2026-09-26T17:22:08.637Z","sourceCount":1,"primarySource":{"url":"https://www.openstreetmap.org/way/24691791","title":"OpenStreetMap contributors","publisher":"OpenStreetMap contributors","licence":"ODbL 1.0","reuse":"open_licence"}}},{"type":"Feature","geometry":{"type":"Point","coordinates":[7.84163,47.98332]},"properties":{"id":"osm:way-24720821","version":"368b57005f1ef04d44716d8ce4e9672c0ad3f9a6ac8fcbdbe889f22519fff8d3","cityId":"freiburg","kind":"place","category":"swimming","title":"Lorettobad","statement":"Lorettobad ist in OpenStreetMap als swimming eingetragen. Öffnungszeiten in OSM eingetragen; nicht unabhängig bestätigt.","status":"OSM-Eintrag, nicht offiziell geprüft","startDate":null,"endDate":null,"nextStep":"Aktuelle Angaben direkt beim Ort prüfen.","scale":"street","geometryPrecision":"approximate","reviewState":"candidate","asOf":"2026-09-26T17:22:08.637Z","sourceCount":1,"primarySource":{"url":"https://www.openstreetmap.org/way/24720821","title":"OpenStreetMap contributors","publisher":"OpenStreetMap contributors","licence":"ODbL 1.0","reuse":"open_licence"}}},{"type":"Feature","geometry":{"type":"Point","coordinates":[7.79339,48.00128]},"properties":{"id":"osm:way-24739191","version":"b1a9fa4569403fbdbe87d3114fbdaabdd67b65148c64fa5664fc02cbfaa49f6e","cityId":"freiburg","kind":"place","category":"school","title":"Kepler-Gymnasium","statement":"Kepler-Gymnasium ist in OpenStreetMap als school eingetragen. Betrieb und Öffnungszeiten nicht geprüft.","status":"OSM-Eintrag, nicht offiziell geprüft","startDate":null,"endDate":null,"nextStep":"Aktuelle Angaben direkt beim Ort prüfen.","scale":"street","geometryPrecision":"approximate","reviewState":"candidate","asOf":"2026-09-26T17:22:08.637Z","sourceCount":1,"primarySource":{"url":"https://www.openstreetmap.org/way/24739191","title":"OpenStreetMap contributors","publisher":"OpenStreetMap contributors","licence":"ODbL 1.0","reuse":"open_licence"}}},{"type":"Feature","geometry":{"type":"Point","coordinates":[7.8409,47.98641]},"properties":{"id":"osm:way-24739882","version":"5dd88231c836e5ffc7331308ff22e69396146a7b6bf49427ea905b2615d17e57","cityId":"freiburg","kind":"place","category":"school","title":"Waldorfschule Freiburg-Wiehre","statement":"Waldorfschule Freiburg-Wiehre ist in OpenStreetMap als school eingetragen. Betrieb und Öffnungszeiten nicht geprüft.","status":"OSM-Eintrag, nicht offiziell geprüft","startDate":null,"endDate":null,"nextStep":"Aktuelle Angaben direkt beim Ort prüfen.","scale":"street","geometryPrecision":"approximate","reviewState":"candidate","asOf":"2026-09-26T17:22:08.637Z","sourceCount":1,"primarySource":{"url":"https://www.openstreetmap.org/way/24739882","title":"OpenStreetMap contributors","publisher":"OpenStreetMap contributors","licence":"ODbL 1.0","reuse":"open_licence"}}},{"type":"Feature","geometry":{"type":"Point","coordinates":[7.8404,47.99042]},"properties":{"id":"osm:way-24740342","version":"37bbc4dbe52f868eedf9039022ed8f26e78118cf2384d54e82ecc6a237e58393","cityId":"freiburg","kind":"place","category":"school","title":"Rotteck-Gymnasium","statement":"Rotteck-Gymnasium ist in OpenStreetMap als school eingetragen. Betrieb und Öffnungszeiten nicht geprüft.","status":"OSM-Eintrag, nicht offiziell geprüft","startDate":null,"endDate":null,"nextStep":"Aktuelle Angaben direkt beim Ort prüfen.","scale":"street","geometryPrecision":"approximate","reviewState":"candidate","asOf":"2026-09-26T17:22:08.637Z","sourceCount":1,"primarySource":{"url":"https://www.openstreetmap.org/way/24740342","title":"OpenStreetMap contributors","publisher":"OpenStreetMap contributors","licence":"ODbL 1.0","reuse":"open_licence"}}},{"type":"Feature","geometry":{"type":"Point","coordinates":[7.80168,47.99323]},"properties":{"id":"osm:way-251257106","version":"827b779afb963dda9ddaf22ad8761a51f923e50671b6c2c5b5958bd16557413c","cityId":"freiburg","kind":"place","category":"kindergarten","title":"Don Bosco","statement":"Don Bosco ist in OpenStreetMap als kindergarten eingetragen. Betrieb und Öffnungszeiten nicht geprüft.","status":"OSM-Eintrag, nicht offiziell geprüft","startDate":null,"endDate":null,"nextStep":"Aktuelle Angaben direkt beim Ort prüfen.","scale":"street","geometryPrecision":"approximate","reviewState":"candidate","asOf":"2026-09-26T17:22:08.637Z","sourceCount":1,"primarySource":{"url":"https://www.openstreetmap.org/way/251257106","title":"OpenStreetMap contributors","publisher":"OpenStreetMap contributors","licence":"ODbL 1.0","reuse":"open_licence"}}},{"type":"Feature","geometry":{"type":"Point","coordinates":[7.86402,47.98872]},"properties":{"id":"osm:way-254431244","version":"1da9b1204adac3d5c35129b7a3173c6807422efa5f6b51a2e2af4286d71bfae4","cityId":"freiburg","kind":"place","category":"doctors","title":"Praxis am Eck","statement":"Praxis am Eck ist in OpenStreetMap als doctors eingetragen. Betrieb und Öffnungszeiten nicht geprüft.","status":"OSM-Eintrag, nicht offiziell geprüft","startDate":null,"endDate":null,"nextStep":"Aktuelle Angaben direkt beim Ort prüfen.","scale":"street","geometryPrecision":"approximate","reviewState":"candidate","asOf":"2026-09-26T17:22:08.637Z","sourceCount":1,"primarySource":{"url":"https://www.openstreetmap.org/way/254431244","title":"OpenStreetMap contributors","publisher":"OpenStreetMap contributors","licence":"ODbL 1.0","reuse":"open_licence"}}},{"type":"Feature","geometry":{"type":"Point","coordinates":[7.85944,48.02197]},"properties":{"id":"osm:way-26326628","version":"3e556b7439f6bb43301c412f842b841d1c7ecab707e390be50bf24e4197a5dd1","cityId":"freiburg","kind":"place","category":"school","title":"Emil-Gött-Schule","statement":"Emil-Gött-Schule ist in OpenStreetMap als school eingetragen. Betrieb und Öffnungszeiten nicht geprüft.","status":"OSM-Eintrag, nicht offiziell geprüft","startDate":null,"endDate":null,"nextStep":"Aktuelle Angaben direkt beim Ort prüfen.","scale":"street","geometryPrecision":"approximate","reviewState":"candidate","asOf":"2026-09-26T17:22:08.637Z","sourceCount":1,"primarySource":{"url":"https://www.openstreetmap.org/way/26326628","title":"OpenStreetMap contributors","publisher":"OpenStreetMap contributors","licence":"ODbL 1.0","reuse":"open_licence"}}},{"type":"Feature","geometry":{"type":"Point","coordinates":[7.85237,48.04013]},"properties":{"id":"osm:way-26757765","version":"e3c47c9fbc5148d9f9ba6b82024f6631d8b91d9c34c928c0bb8f7c4339c23afc","cityId":"freiburg","kind":"place","category":"soccer","title":"Marian-Rutka-Platz","statement":"Marian-Rutka-Platz ist in OpenStreetMap als soccer eingetragen. Betrieb und Öffnungszeiten nicht geprüft.","status":"OSM-Eintrag, nicht offiziell geprüft","startDate":null,"endDate":null,"nextStep":"Aktuelle Angaben direkt beim Ort prüfen.","scale":"street","geometryPrecision":"approximate","reviewState":"candidate","asOf":"2026-09-26T17:22:08.637Z","sourceCount":1,"primarySource":{"url":"https://www.openstreetmap.org/way/26757765","title":"OpenStreetMap contributors","publisher":"OpenStreetMap contributors","licence":"ODbL 1.0","reuse":"open_licence"}}},{"type":"Feature","geometry":{"type":"Point","coordinates":[7.82246,48.01064]},"properties":{"id":"osm:way-27204789","version":"80a8d39a339fdad904d5403da87d6d12d2f5680965534c4e069c1db00c052218","cityId":"freiburg","kind":"place","category":"swimming","title":"Westbad","statement":"Westbad ist in OpenStreetMap als swimming eingetragen. Öffnungszeiten in OSM eingetragen; nicht unabhängig bestätigt.","status":"OSM-Eintrag, nicht offiziell geprüft","startDate":null,"endDate":null,"nextStep":"Aktuelle Angaben direkt beim Ort prüfen.","scale":"street","geometryPrecision":"approximate","reviewState":"candidate","asOf":"2026-09-26T17:22:08.637Z","sourceCount":1,"primarySource":{"url":"https://www.openstreetmap.org/way/27204789","title":"OpenStreetMap contributors","publisher":"OpenStreetMap contributors","licence":"ODbL 1.0","reuse":"open_licence"}}},{"type":"Feature","geometry":{"type":"Point","coordinates":[7.84962,48.02233]},"properties":{"id":"osm:way-27605351","version":"d7fbfc990b73fc3663b9dde8df51c96e4094f473b43a91f3b10cf2c85900ee1f","cityId":"freiburg","kind":"place","category":"supermarket","title":"REWE","statement":"REWE ist in OpenStreetMap als supermarket eingetragen. Öffnungszeiten in OSM eingetragen; nicht unabhängig bestätigt.","status":"OSM-Eintrag, nicht offiziell geprüft","startDate":null,"endDate":null,"nextStep":"Aktuelle Angaben direkt beim Ort prüfen.","scale":"street","geometryPrecision":"approximate","reviewState":"candidate","asOf":"2026-09-26T17:22:08.637Z","sourceCount":1,"primarySource":{"url":"https://www.openstreetmap.org/way/27605351","title":"OpenStreetMap contributors","publisher":"OpenStreetMap contributors","licence":"ODbL 1.0","reuse":"open_licence"}}},{"type":"Feature","geometry":{"type":"Point","coordinates":[7.72651,47.98261]},"properties":{"id":"osm:way-28114387","version":"b9d0a6b9ee9eeedea6cc38b1c0908f7acf418c0806df869f1a35d851fb673f71","cityId":"freiburg","kind":"place","category":"soccer","title":"Sportplatz Tiengen","statement":"Sportplatz Tiengen ist in OpenStreetMap als soccer eingetragen. Betrieb und Öffnungszeiten nicht geprüft.","status":"OSM-Eintrag, nicht offiziell geprüft","startDate":null,"endDate":null,"nextStep":"Aktuelle Angaben direkt beim Ort prüfen.","scale":"street","geometryPrecision":"approximate","reviewState":"candidate","asOf":"2026-09-26T17:22:08.637Z","sourceCount":1,"primarySource":{"url":"https://www.openstreetmap.org/way/28114387","title":"OpenStreetMap contributors","publisher":"OpenStreetMap contributors","licence":"ODbL 1.0","reuse":"open_licence"}}},{"type":"Feature","geometry":{"type":"Point","coordinates":[7.85735,47.99958]},"properties":{"id":"osm:way-281442965","version":"ab30a3163e8ab0143e84652baa2f8f74afa0c9547fe0ad3321f737099f096b40","cityId":"freiburg","kind":"place","category":"townhall","title":"Landratsamt Breisgau-Hochschwarzwald","statement":"Landratsamt Breisgau-Hochschwarzwald ist in OpenStreetMap als townhall eingetragen. Betrieb und Öffnungszeiten nicht geprüft.","status":"OSM-Eintrag, nicht offiziell geprüft","startDate":null,"endDate":null,"nextStep":"Aktuelle Angaben direkt beim Ort prüfen.","scale":"street","geometryPrecision":"approximate","reviewState":"candidate","asOf":"2026-09-26T17:22:08.637Z","sourceCount":1,"primarySource":{"url":"https://www.openstreetmap.org/way/281442965","title":"OpenStreetMap contributors","publisher":"OpenStreetMap contributors","licence":"ODbL 1.0","reuse":"open_licence"}}},{"type":"Feature","geometry":{"type":"Point","coordinates":[7.88188,47.98311]},"properties":{"id":"osm:way-290779942","version":"1fa6b532c1319cce01451221852cce18479e48cde349e9d9d2c335510057d995","cityId":"freiburg","kind":"place","category":"soccer;tennis","title":"Freiburger Fußballschule","statement":"Freiburger Fußballschule ist in OpenStreetMap als soccer;tennis eingetragen. Betrieb und Öffnungszeiten nicht geprüft.","status":"OSM-Eintrag, nicht offiziell geprüft","startDate":null,"endDate":null,"nextStep":"Aktuelle Angaben direkt beim Ort prüfen.","scale":"street","geometryPrecision":"approximate","reviewState":"candidate","asOf":"2026-09-26T17:22:08.637Z","sourceCount":1,"primarySource":{"url":"https://www.openstreetmap.org/way/290779942","title":"OpenStreetMap contributors","publisher":"OpenStreetMap contributors","licence":"ODbL 1.0","reuse":"open_licence"}}},{"type":"Feature","geometry":{"type":"Point","coordinates":[7.85243,48.0017]},"properties":{"id":"osm:way-291788488","version":"cf3491101d2ec40e26d05ff97a8425a908ae28c82155ddb5debc5f17ac3e7533","cityId":"freiburg","kind":"place","category":"hospital","title":"Sankt Josefskrankenhaus","statement":"Sankt Josefskrankenhaus ist in OpenStreetMap als hospital eingetragen. Öffnungszeiten in OSM eingetragen; nicht unabhängig bestätigt.","status":"OSM-Eintrag, nicht offiziell geprüft","startDate":null,"endDate":null,"nextStep":"Aktuelle Angaben direkt beim Ort prüfen.","scale":"street","geometryPrecision":"approximate","reviewState":"candidate","asOf":"2026-09-26T17:22:08.637Z","sourceCount":1,"primarySource":{"url":"https://www.openstreetmap.org/way/291788488","title":"OpenStreetMap contributors","publisher":"OpenStreetMap contributors","licence":"ODbL 1.0","reuse":"open_licence"}}},{"type":"Feature","geometry":{"type":"Point","coordinates":[7.81561,47.97594]},"properties":{"id":"osm:way-292125067","version":"369736ef7d9d7509c58acb2b4a9b78a7a777f2c427668725099cfd641034f75e","cityId":"freiburg","kind":"place","category":"school","title":"Saalgebäude","statement":"Saalgebäude ist in OpenStreetMap als school eingetragen. Betrieb und Öffnungszeiten nicht geprüft.","status":"OSM-Eintrag, nicht offiziell geprüft","startDate":null,"endDate":null,"nextStep":"Aktuelle Angaben direkt beim Ort prüfen.","scale":"street","geometryPrecision":"approximate","reviewState":"candidate","asOf":"2026-09-26T17:22:08.637Z","sourceCount":1,"primarySource":{"url":"https://www.openstreetmap.org/way/292125067","title":"OpenStreetMap contributors","publisher":"OpenStreetMap contributors","licence":"ODbL 1.0","reuse":"open_licence"}}},{"type":"Feature","geometry":{"type":"Point","coordinates":[7.87429,47.99359]},"properties":{"id":"osm:way-293805114","version":"416548da12c9baf2ca9e88d9d8c725f2194835621672840c5abe4e3c076f69cf","cityId":"freiburg","kind":"place","category":"kindergarten","title":"Haus für Kinder am Hirzberg","statement":"Haus für Kinder am Hirzberg ist in OpenStreetMap als kindergarten eingetragen. Betrieb und Öffnungszeiten nicht geprüft.","status":"OSM-Eintrag, nicht offiziell geprüft","startDate":null,"endDate":null,"nextStep":"Aktuelle Angaben direkt beim Ort prüfen.","scale":"street","geometryPrecision":"approximate","reviewState":"candidate","asOf":"2026-09-26T17:22:08.637Z","sourceCount":1,"primarySource":{"url":"https://www.openstreetmap.org/way/293805114","title":"OpenStreetMap contributors","publisher":"OpenStreetMap contributors","licence":"ODbL 1.0","reuse":"open_licence"}}},{"type":"Feature","geometry":{"type":"Point","coordinates":[7.90396,47.98436]},"properties":{"id":"osm:way-293940802","version":"826b40ae2a36909eca5fbba36bf633f108e7aa5c5a8bdafffe5e980f158cd763","cityId":"freiburg","kind":"place","category":"school","title":"Feyel-Schule","statement":"Feyel-Schule ist in OpenStreetMap als school eingetragen. Betrieb und Öffnungszeiten nicht geprüft.","status":"OSM-Eintrag, nicht offiziell geprüft","startDate":null,"endDate":null,"nextStep":"Aktuelle Angaben direkt beim Ort prüfen.","scale":"street","geometryPrecision":"approximate","reviewState":"candidate","asOf":"2026-09-26T17:22:08.637Z","sourceCount":1,"primarySource":{"url":"https://www.openstreetmap.org/way/293940802","title":"OpenStreetMap contributors","publisher":"OpenStreetMap contributors","licence":"ODbL 1.0","reuse":"open_licence"}}},{"type":"Feature","geometry":{"type":"Point","coordinates":[7.9086,47.96927]},"properties":{"id":"osm:way-294776976","version":"b6ca09ef84ae07fea22b28838eca95c09b72b55fe4e099beee91099a92f2bf06","cityId":"freiburg","kind":"place","category":"school","title":"Schauinslandschule","statement":"Schauinslandschule ist in OpenStreetMap als school eingetragen. Betrieb und Öffnungszeiten nicht geprüft.","status":"OSM-Eintrag, nicht offiziell geprüft","startDate":null,"endDate":null,"nextStep":"Aktuelle Angaben direkt beim Ort prüfen.","scale":"street","geometryPrecision":"approximate","reviewState":"candidate","asOf":"2026-09-26T17:22:08.637Z","sourceCount":1,"primarySource":{"url":"https://www.openstreetmap.org/way/294776976","title":"OpenStreetMap contributors","publisher":"OpenStreetMap contributors","licence":"ODbL 1.0","reuse":"open_licence"}}},{"type":"Feature","geometry":{"type":"Point","coordinates":[7.87824,47.98593]},"properties":{"id":"osm:way-296368474","version":"d42c898b336aedfc8a0b3bc8f84798112919ff9022d1acb31a5188fca6ddc91e","cityId":"freiburg","kind":"place","category":"school","title":"Demokratische Schule Kapriole","statement":"Demokratische Schule Kapriole ist in OpenStreetMap als school eingetragen. Betrieb und Öffnungszeiten nicht geprüft.","status":"OSM-Eintrag, nicht offiziell geprüft","startDate":null,"endDate":null,"nextStep":"Aktuelle Angaben direkt beim Ort prüfen.","scale":"street","geometryPrecision":"approximate","reviewState":"candidate","asOf":"2026-09-26T17:22:08.637Z","sourceCount":1,"primarySource":{"url":"https://www.openstreetmap.org/way/296368474","title":"OpenStreetMap contributors","publisher":"OpenStreetMap contributors","licence":"ODbL 1.0","reuse":"open_licence"}}},{"type":"Feature","geometry":{"type":"Point","coordinates":[7.88542,47.98983]},"properties":{"id":"osm:way-301551007","version":"d550b5b902267b31e3e42d5bae83bdb7d2fe326caad9b243a411d27e3ffbfb56","cityId":"freiburg","kind":"place","category":"roller_skating","title":"Schauenberghalle","statement":"Schauenberghalle ist in OpenStreetMap als roller_skating eingetragen. Betrieb und Öffnungszeiten nicht geprüft.","status":"OSM-Eintrag, nicht offiziell geprüft","startDate":null,"endDate":null,"nextStep":"Aktuelle Angaben direkt beim Ort prüfen.","scale":"street","geometryPrecision":"approximate","reviewState":"candidate","asOf":"2026-09-26T17:22:08.637Z","sourceCount":1,"primarySource":{"url":"https://www.openstreetmap.org/way/301551007","title":"OpenStreetMap contributors","publisher":"OpenStreetMap contributors","licence":"ODbL 1.0","reuse":"open_licence"}}},{"type":"Feature","geometry":{"type":"Point","coordinates":[7.88765,47.98921]},"properties":{"id":"osm:way-301551015","version":"15ee3877f5a77e53315bc0d1c4b2afed580051ad006434a0c6f29852782aa994","cityId":"freiburg","kind":"place","category":"soccer","title":"Platz 2","statement":"Platz 2 ist in OpenStreetMap als soccer eingetragen. Betrieb und Öffnungszeiten nicht geprüft.","status":"OSM-Eintrag, nicht offiziell geprüft","startDate":null,"endDate":null,"nextStep":"Aktuelle Angaben direkt beim Ort prüfen.","scale":"street","geometryPrecision":"approximate","reviewState":"candidate","asOf":"2026-09-26T17:22:08.637Z","sourceCount":1,"primarySource":{"url":"https://www.openstreetmap.org/way/301551015","title":"OpenStreetMap contributors","publisher":"OpenStreetMap contributors","licence":"ODbL 1.0","reuse":"open_licence"}}},{"type":"Feature","geometry":{"type":"Point","coordinates":[7.88508,47.98899]},"properties":{"id":"osm:way-301551050","version":"aa12fcf20b4a4bec7280ba9e9b57b281e07dcafc0c17ee347981f0c697e480f5","cityId":"freiburg","kind":"place","category":"school","title":"Sportgrundschule","statement":"Sportgrundschule ist in OpenStreetMap als school eingetragen. Betrieb und Öffnungszeiten nicht geprüft.","status":"OSM-Eintrag, nicht offiziell geprüft","startDate":null,"endDate":null,"nextStep":"Aktuelle Angaben direkt beim Ort prüfen.","scale":"street","geometryPrecision":"approximate","reviewState":"candidate","asOf":"2026-09-26T17:22:08.637Z","sourceCount":1,"primarySource":{"url":"https://www.openstreetmap.org/way/301551050","title":"OpenStreetMap contributors","publisher":"OpenStreetMap contributors","licence":"ODbL 1.0","reuse":"open_licence"}}},{"type":"Feature","geometry":{"type":"Point","coordinates":[7.88597,47.98978]},"properties":{"id":"osm:way-301551051","version":"e568f7e5638f99452701ca72b586f4b12a1f67ecd6822ffc3625d3d90889a695","cityId":"freiburg","kind":"place","category":"kindergarten","title":"Sportkindergarten","statement":"Sportkindergarten ist in OpenStreetMap als kindergarten eingetragen. Betrieb und Öffnungszeiten nicht geprüft.","status":"OSM-Eintrag, nicht offiziell geprüft","startDate":null,"endDate":null,"nextStep":"Aktuelle Angaben direkt beim Ort prüfen.","scale":"street","geometryPrecision":"approximate","reviewState":"candidate","asOf":"2026-09-26T17:22:08.637Z","sourceCount":1,"primarySource":{"url":"https://www.openstreetmap.org/way/301551051","title":"OpenStreetMap contributors","publisher":"OpenStreetMap contributors","licence":"ODbL 1.0","reuse":"open_licence"}}},{"type":"Feature","geometry":{"type":"Point","coordinates":[7.81538,47.99428]},"properties":{"id":"osm:way-310540490","version":"5f1c1f3cf930b675e7e3b21e049fd6d4afefcbfefe57fde512ec1cdaf5a7ff38","cityId":"freiburg","kind":"place","category":"community_centre","title":"Hochhaus-Gärtner","statement":"Hochhaus-Gärtner ist in OpenStreetMap als community_centre eingetragen. Betrieb und Öffnungszeiten nicht geprüft.","status":"OSM-Eintrag, nicht offiziell geprüft","startDate":null,"endDate":null,"nextStep":"Aktuelle Angaben direkt beim Ort prüfen.","scale":"street","geometryPrecision":"approximate","reviewState":"candidate","asOf":"2026-09-26T17:22:08.637Z","sourceCount":1,"primarySource":{"url":"https://www.openstreetmap.org/way/310540490","title":"OpenStreetMap contributors","publisher":"OpenStreetMap contributors","licence":"ODbL 1.0","reuse":"open_licence"}}},{"type":"Feature","geometry":{"type":"Point","coordinates":[7.79659,47.98016]},"properties":{"id":"osm:way-318222791","version":"a1516116230f75d41b7312dda32f09f56bbe0720a261ea5e0b200095d5b34ae1","cityId":"freiburg","kind":"place","category":"kindergarten","title":"Johannesgarten","statement":"Johannesgarten ist in OpenStreetMap als kindergarten eingetragen. Betrieb und Öffnungszeiten nicht geprüft.","status":"OSM-Eintrag, nicht offiziell geprüft","startDate":null,"endDate":null,"nextStep":"Aktuelle Angaben direkt beim Ort prüfen.","scale":"street","geometryPrecision":"approximate","reviewState":"candidate","asOf":"2026-09-26T17:22:08.637Z","sourceCount":1,"primarySource":{"url":"https://www.openstreetmap.org/way/318222791","title":"OpenStreetMap contributors","publisher":"OpenStreetMap contributors","licence":"ODbL 1.0","reuse":"open_licence"}}},{"type":"Feature","geometry":{"type":"Point","coordinates":[7.80045,47.98047]},"properties":{"id":"osm:way-32038111","version":"2eaf464b8271bafc4f966882d9e6b0fd530e58db66c6632ab7b790fe0e9f164a","cityId":"freiburg","kind":"place","category":"school","title":"Schönbergschule","statement":"Schönbergschule ist in OpenStreetMap als school eingetragen. Betrieb und Öffnungszeiten nicht geprüft.","status":"OSM-Eintrag, nicht offiziell geprüft","startDate":null,"endDate":null,"nextStep":"Aktuelle Angaben direkt beim Ort prüfen.","scale":"street","geometryPrecision":"approximate","reviewState":"candidate","asOf":"2026-09-26T17:22:08.637Z","sourceCount":1,"primarySource":{"url":"https://www.openstreetmap.org/way/32038111","title":"OpenStreetMap contributors","publisher":"OpenStreetMap contributors","licence":"ODbL 1.0","reuse":"open_licence"}}},{"type":"Feature","geometry":{"type":"Point","coordinates":[7.82746,48.00021]},"properties":{"id":"osm:way-32038605","version":"2c570dd9396856fb947467b0d9c7b67573ed2520004a8842a20d0112b610d6b5","cityId":"freiburg","kind":"place","category":"school","title":"Berufliches Schulzentrum","statement":"Berufliches Schulzentrum ist in OpenStreetMap als school eingetragen. Betrieb und Öffnungszeiten nicht geprüft.","status":"OSM-Eintrag, nicht offiziell geprüft","startDate":null,"endDate":null,"nextStep":"Aktuelle Angaben direkt beim Ort prüfen.","scale":"street","geometryPrecision":"approximate","reviewState":"candidate","asOf":"2026-09-26T17:22:08.637Z","sourceCount":1,"primarySource":{"url":"https://www.openstreetmap.org/way/32038605","title":"OpenStreetMap contributors","publisher":"OpenStreetMap contributors","licence":"ODbL 1.0","reuse":"open_licence"}}},{"type":"Feature","geometry":{"type":"Point","coordinates":[7.83628,47.99772]},"properties":{"id":"osm:way-327630269","version":"5638b2a0cc54e592ea1d197ed1cb78c525723dd9675ed79086524e3f7c482376","cityId":"freiburg","kind":"place","category":"school","title":"Hansjakob-Realschule","statement":"Hansjakob-Realschule ist in OpenStreetMap als school eingetragen. Betrieb und Öffnungszeiten nicht geprüft.","status":"OSM-Eintrag, nicht offiziell geprüft","startDate":null,"endDate":null,"nextStep":"Aktuelle Angaben direkt beim Ort prüfen.","scale":"street","geometryPrecision":"approximate","reviewState":"candidate","asOf":"2026-09-26T17:22:08.637Z","sourceCount":1,"primarySource":{"url":"https://www.openstreetmap.org/way/327630269","title":"OpenStreetMap contributors","publisher":"OpenStreetMap contributors","licence":"ODbL 1.0","reuse":"open_licence"}}},{"type":"Feature","geometry":{"type":"Point","coordinates":[7.8459,47.989]},"properties":{"id":"osm:way-32940292","version":"03234294c1565ab9273f18552bd02ed6e867c4fc45b8b69632186fcfcdea93d7","cityId":"freiburg","kind":"place","category":"school","title":"Gertrud-Luckner-Gewerbeschule, Außenstelle; Staatl. Akademie der bild. Künste","statement":"Gertrud-Luckner-Gewerbeschule, Außenstelle; Staatl. Akademie der bild. Künste ist in OpenStreetMap als school eingetragen. Betrieb und Öffnungszeiten nicht geprüft.","status":"OSM-Eintrag, nicht offiziell geprüft","startDate":null,"endDate":null,"nextStep":"Aktuelle Angaben direkt beim Ort prüfen.","scale":"street","geometryPrecision":"approximate","reviewState":"candidate","asOf":"2026-09-26T17:22:08.637Z","sourceCount":1,"primarySource":{"url":"https://www.openstreetmap.org/way/32940292","title":"OpenStreetMap contributors","publisher":"OpenStreetMap contributors","licence":"ODbL 1.0","reuse":"open_licence"}}},{"type":"Feature","geometry":{"type":"Point","coordinates":[7.7947,48.00257]},"properties":{"id":"osm:way-336577800","version":"e8771abd0350c2efd0b83c89ec224553b7d13580c74b264a48d6a5be217fcf32","cityId":"freiburg","kind":"place","category":"soccer","title":"Kunstrasenplatz SVO","statement":"Kunstrasenplatz SVO ist in OpenStreetMap als soccer eingetragen. Betrieb und Öffnungszeiten nicht geprüft.","status":"OSM-Eintrag, nicht offiziell geprüft","startDate":null,"endDate":null,"nextStep":"Aktuelle Angaben direkt beim Ort prüfen.","scale":"street","geometryPrecision":"approximate","reviewState":"candidate","asOf":"2026-09-26T17:22:08.637Z","sourceCount":1,"primarySource":{"url":"https://www.openstreetmap.org/way/336577800","title":"OpenStreetMap contributors","publisher":"OpenStreetMap contributors","licence":"ODbL 1.0","reuse":"open_licence"}}},{"type":"Feature","geometry":{"type":"Point","coordinates":[7.82335,48.01452]},"properties":{"id":"osm:way-33901722","version":"53bc340bab6560f5ee56b4a43f9c16b016ca830600b751767e1b7bc3dd8e702d","cityId":"freiburg","kind":"place","category":"community_centre","title":"Fritz Hüttinger Haus","statement":"Fritz Hüttinger Haus ist in OpenStreetMap als community_centre eingetragen. Betrieb und Öffnungszeiten nicht geprüft.","status":"OSM-Eintrag, nicht offiziell geprüft","startDate":null,"endDate":null,"nextStep":"Aktuelle Angaben direkt beim Ort prüfen.","scale":"street","geometryPrecision":"approximate","reviewState":"candidate","asOf":"2026-09-26T17:22:08.637Z","sourceCount":1,"primarySource":{"url":"https://www.openstreetmap.org/way/33901722","title":"OpenStreetMap contributors","publisher":"OpenStreetMap contributors","licence":"ODbL 1.0","reuse":"open_licence"}}},{"type":"Feature","geometry":{"type":"Point","coordinates":[7.83657,48.00694]},"properties":{"id":"osm:way-33903884","version":"ccdd3f17de53a75fb1c502b61250385d699d1b20fc4d25f2403355198e252d42","cityId":"freiburg","kind":"place","category":"clinic","title":"Dialysestation","statement":"Dialysestation ist in OpenStreetMap als clinic eingetragen. Betrieb und Öffnungszeiten nicht geprüft.","status":"OSM-Eintrag, nicht offiziell geprüft","startDate":null,"endDate":null,"nextStep":"Aktuelle Angaben direkt beim Ort prüfen.","scale":"street","geometryPrecision":"approximate","reviewState":"candidate","asOf":"2026-09-26T17:22:08.637Z","sourceCount":1,"primarySource":{"url":"https://www.openstreetmap.org/way/33903884","title":"OpenStreetMap contributors","publisher":"OpenStreetMap contributors","licence":"ODbL 1.0","reuse":"open_licence"}}},{"type":"Feature","geometry":{"type":"Point","coordinates":[7.82172,48.0116]},"properties":{"id":"osm:way-33910420","version":"da65d77c20da50cdfa2e2165c26d565cae8cd00eac9a03ecafc39d876bbcb306","cityId":"freiburg","kind":"place","category":"multi","title":"Wentzinger-Sporthalle (Große Halle)","statement":"Wentzinger-Sporthalle (Große Halle) ist in OpenStreetMap als multi eingetragen. Betrieb und Öffnungszeiten nicht geprüft.","status":"OSM-Eintrag, nicht offiziell geprüft","startDate":null,"endDate":null,"nextStep":"Aktuelle Angaben direkt beim Ort prüfen.","scale":"street","geometryPrecision":"approximate","reviewState":"candidate","asOf":"2026-09-26T17:22:08.637Z","sourceCount":1,"primarySource":{"url":"https://www.openstreetmap.org/way/33910420","title":"OpenStreetMap contributors","publisher":"OpenStreetMap contributors","licence":"ODbL 1.0","reuse":"open_licence"}}},{"type":"Feature","geometry":{"type":"Point","coordinates":[7.82244,48.01155]},"properties":{"id":"osm:way-33910421","version":"7ff5615056e4f3bc83ef0fd473ee7cbf5b16a2dcd2eea4e74fa5e69cb4102b13","cityId":"freiburg","kind":"place","category":"multi","title":"Wentzinger-Großturnhalle (Kleine Halle)","statement":"Wentzinger-Großturnhalle (Kleine Halle) ist in OpenStreetMap als multi eingetragen. Betrieb und Öffnungszeiten nicht geprüft.","status":"OSM-Eintrag, nicht offiziell geprüft","startDate":null,"endDate":null,"nextStep":"Aktuelle Angaben direkt beim Ort prüfen.","scale":"street","geometryPrecision":"approximate","reviewState":"candidate","asOf":"2026-09-26T17:22:08.637Z","sourceCount":1,"primarySource":{"url":"https://www.openstreetmap.org/way/33910421","title":"OpenStreetMap contributors","publisher":"OpenStreetMap contributors","licence":"ODbL 1.0","reuse":"open_licence"}}},{"type":"Feature","geometry":{"type":"Point","coordinates":[7.82098,48.01185]},"properties":{"id":"osm:way-33910780","version":"4fc0327e0f126a7d8c92434007588c39787b9db84a5f205c43c7d8474c20870c","cityId":"freiburg","kind":"place","category":"community_centre","title":"Ökostation Freiburg","statement":"Ökostation Freiburg ist in OpenStreetMap als community_centre eingetragen. Öffnungszeiten in OSM eingetragen; nicht unabhängig bestätigt.","status":"OSM-Eintrag, nicht offiziell geprüft","startDate":null,"endDate":null,"nextStep":"Aktuelle Angaben direkt beim Ort prüfen.","scale":"street","geometryPrecision":"approximate","reviewState":"candidate","asOf":"2026-09-26T17:22:08.637Z","sourceCount":1,"primarySource":{"url":"https://www.openstreetmap.org/way/33910780","title":"OpenStreetMap contributors","publisher":"OpenStreetMap contributors","licence":"ODbL 1.0","reuse":"open_licence"}}},{"type":"Feature","geometry":{"type":"Point","coordinates":[7.83142,48.00383]},"properties":{"id":"osm:way-34019882","version":"1856627ee57b574eaf0c662e6be9c5d3d94bbbf5feb5ea8031f87e19838d3712","cityId":"freiburg","kind":"place","category":"clinic","title":"Zentrum für Geriatrie und Gerontologie (ZGGF)","statement":"Zentrum für Geriatrie und Gerontologie (ZGGF) ist in OpenStreetMap als clinic eingetragen. Betrieb und Öffnungszeiten nicht geprüft.","status":"OSM-Eintrag, nicht offiziell geprüft","startDate":null,"endDate":null,"nextStep":"Aktuelle Angaben direkt beim Ort prüfen.","scale":"street","geometryPrecision":"approximate","reviewState":"candidate","asOf":"2026-09-26T17:22:08.637Z","sourceCount":1,"primarySource":{"url":"https://www.openstreetmap.org/way/34019882","title":"OpenStreetMap contributors","publisher":"OpenStreetMap contributors","licence":"ODbL 1.0","reuse":"open_licence"}}},{"type":"Feature","geometry":{"type":"Point","coordinates":[7.82501,48.00968]},"properties":{"id":"osm:way-34021803","version":"f1b5c14ec3cfab244e5f3058ce03ab00217a7e00acae364a30f91ca4b3dfc400","cityId":"freiburg","kind":"place","category":"multi","title":"Sportpark Freiburg","statement":"Sportpark Freiburg ist in OpenStreetMap als multi eingetragen. Betrieb und Öffnungszeiten nicht geprüft.","status":"OSM-Eintrag, nicht offiziell geprüft","startDate":null,"endDate":null,"nextStep":"Aktuelle Angaben direkt beim Ort prüfen.","scale":"street","geometryPrecision":"approximate","reviewState":"candidate","asOf":"2026-09-26T17:22:08.637Z","sourceCount":1,"primarySource":{"url":"https://www.openstreetmap.org/way/34021803","title":"OpenStreetMap contributors","publisher":"OpenStreetMap contributors","licence":"ODbL 1.0","reuse":"open_licence"}}},{"type":"Feature","geometry":{"type":"Point","coordinates":[7.82641,48.0088]},"properties":{"id":"osm:way-34021804","version":"8417b8bdb9de58202088a4851089c3cabd7fbc92afe712c119d0ee67dffa6776","cityId":"freiburg","kind":"place","category":"ice_skating;ice_hockey","title":"Echte Helden Arena","statement":"Echte Helden Arena ist in OpenStreetMap als ice_skating;ice_hockey eingetragen. Betrieb und Öffnungszeiten nicht geprüft.","status":"OSM-Eintrag, nicht offiziell geprüft","startDate":null,"endDate":null,"nextStep":"Aktuelle Angaben direkt beim Ort prüfen.","scale":"street","geometryPrecision":"approximate","reviewState":"candidate","asOf":"2026-09-26T17:22:08.637Z","sourceCount":1,"primarySource":{"url":"https://www.openstreetmap.org/way/34021804","title":"OpenStreetMap contributors","publisher":"OpenStreetMap contributors","licence":"ODbL 1.0","reuse":"open_licence"}}},{"type":"Feature","geometry":{"type":"Point","coordinates":[7.82215,48.00945]},"properties":{"id":"osm:way-345797386","version":"db4a80e6265b2280c617074e54d9f8e576d36728bacaf2ada5c1eba924b0a606","cityId":"freiburg","kind":"place","category":"sport","title":"Badischer Pétanque Verein e.V. Freiburg","statement":"Badischer Pétanque Verein e.V. Freiburg ist in OpenStreetMap als sport eingetragen. Betrieb und Öffnungszeiten nicht geprüft.","status":"OSM-Eintrag, nicht offiziell geprüft","startDate":null,"endDate":null,"nextStep":"Aktuelle Angaben direkt beim Ort prüfen.","scale":"street","geometryPrecision":"approximate","reviewState":"candidate","asOf":"2026-09-26T17:22:08.637Z","sourceCount":1,"primarySource":{"url":"https://www.openstreetmap.org/way/345797386","title":"OpenStreetMap contributors","publisher":"OpenStreetMap contributors","licence":"ODbL 1.0","reuse":"open_licence"}}},{"type":"Feature","geometry":{"type":"Point","coordinates":[7.82054,47.99572]},"properties":{"id":"osm:way-34998035","version":"a81a8d9e3d1a2e6566e98255b54101acc1942d93081a644b351ba56b13c9390d","cityId":"freiburg","kind":"place","category":"kindergarten","title":"Schülerhort am Luckenbach","statement":"Schülerhort am Luckenbach ist in OpenStreetMap als kindergarten eingetragen. Betrieb und Öffnungszeiten nicht geprüft.","status":"OSM-Eintrag, nicht offiziell geprüft","startDate":null,"endDate":null,"nextStep":"Aktuelle Angaben direkt beim Ort prüfen.","scale":"street","geometryPrecision":"approximate","reviewState":"candidate","asOf":"2026-09-26T17:22:08.637Z","sourceCount":1,"primarySource":{"url":"https://www.openstreetmap.org/way/34998035","title":"OpenStreetMap contributors","publisher":"OpenStreetMap contributors","licence":"ODbL 1.0","reuse":"open_licence"}}},{"type":"Feature","geometry":{"type":"Point","coordinates":[7.76703,47.98226]},"properties":{"id":"osm:way-35919931","version":"fd20f1314d00f6d21df6384365167d961eea22b761fbbd3db6944b0f45d32406","cityId":"freiburg","kind":"place","category":"clinic","title":"Celenus Fachklinik Freiburg","statement":"Celenus Fachklinik Freiburg ist in OpenStreetMap als clinic eingetragen. Betrieb und Öffnungszeiten nicht geprüft.","status":"OSM-Eintrag, nicht offiziell geprüft","startDate":null,"endDate":null,"nextStep":"Aktuelle Angaben direkt beim Ort prüfen.","scale":"street","geometryPrecision":"approximate","reviewState":"candidate","asOf":"2026-09-26T17:22:08.637Z","sourceCount":1,"primarySource":{"url":"https://www.openstreetmap.org/way/35919931","title":"OpenStreetMap contributors","publisher":"OpenStreetMap contributors","licence":"ODbL 1.0","reuse":"open_licence"}}},{"type":"Feature","geometry":{"type":"Point","coordinates":[7.8399,47.98296]},"properties":{"id":"osm:way-36685494","version":"76573992c54bd28d02873ab7434bf1cf638f256dfa52d97754144dfa0efc9681","cityId":"freiburg","kind":"place","category":"hospital","title":"Loretto-Krankenhaus","statement":"Loretto-Krankenhaus ist in OpenStreetMap als hospital eingetragen. Öffnungszeiten in OSM eingetragen; nicht unabhängig bestätigt.","status":"OSM-Eintrag, nicht offiziell geprüft","startDate":null,"endDate":null,"nextStep":"Aktuelle Angaben direkt beim Ort prüfen.","scale":"street","geometryPrecision":"approximate","reviewState":"candidate","asOf":"2026-09-26T17:22:08.637Z","sourceCount":1,"primarySource":{"url":"https://www.openstreetmap.org/way/36685494","title":"OpenStreetMap contributors","publisher":"OpenStreetMap contributors","licence":"ODbL 1.0","reuse":"open_licence"}}},{"type":"Feature","geometry":{"type":"Point","coordinates":[7.89594,47.98836]},"properties":{"id":"osm:way-36857243","version":"75aec32fb8cc85e932809f944e6ae8fab2cf4658a2198515de36273c8b926080","cityId":"freiburg","kind":"place","category":"swimming","title":"Strandbad","statement":"Strandbad ist in OpenStreetMap als swimming eingetragen. Öffnungszeiten in OSM eingetragen; nicht unabhängig bestätigt.","status":"OSM-Eintrag, nicht offiziell geprüft","startDate":null,"endDate":null,"nextStep":"Aktuelle Angaben direkt beim Ort prüfen.","scale":"street","geometryPrecision":"approximate","reviewState":"candidate","asOf":"2026-09-26T17:22:08.637Z","sourceCount":1,"primarySource":{"url":"https://www.openstreetmap.org/way/36857243","title":"OpenStreetMap contributors","publisher":"OpenStreetMap contributors","licence":"ODbL 1.0","reuse":"open_licence"}}},{"type":"Feature","geometry":{"type":"Point","coordinates":[7.89145,47.98983]},"properties":{"id":"osm:way-36917788","version":"31eab73cc5f3894d6195c48cb3a6bab0b56b4868c0299a96b1d890f1eaa7af6d","cityId":"freiburg","kind":"place","category":"soccer","title":"Trainingsplatz","statement":"Trainingsplatz ist in OpenStreetMap als soccer eingetragen. Betrieb und Öffnungszeiten nicht geprüft.","status":"OSM-Eintrag, nicht offiziell geprüft","startDate":null,"endDate":null,"nextStep":"Aktuelle Angaben direkt beim Ort prüfen.","scale":"street","geometryPrecision":"approximate","reviewState":"candidate","asOf":"2026-09-26T17:22:08.637Z","sourceCount":1,"primarySource":{"url":"https://www.openstreetmap.org/way/36917788","title":"OpenStreetMap contributors","publisher":"OpenStreetMap contributors","licence":"ODbL 1.0","reuse":"open_licence"}}},{"type":"Feature","geometry":{"type":"Point","coordinates":[7.88148,47.99124]},"properties":{"id":"osm:way-36935030","version":"2a739c27b6df855ec1df94c428b79b16ba8374b58aa8798a10e081a57dbed87c","cityId":"freiburg","kind":"place","category":"multi","title":"Übungsplatz","statement":"Übungsplatz ist in OpenStreetMap als multi eingetragen. Betrieb und Öffnungszeiten nicht geprüft.","status":"OSM-Eintrag, nicht offiziell geprüft","startDate":null,"endDate":null,"nextStep":"Aktuelle Angaben direkt beim Ort prüfen.","scale":"street","geometryPrecision":"approximate","reviewState":"candidate","asOf":"2026-09-26T17:22:08.637Z","sourceCount":1,"primarySource":{"url":"https://www.openstreetmap.org/way/36935030","title":"OpenStreetMap contributors","publisher":"OpenStreetMap contributors","licence":"ODbL 1.0","reuse":"open_licence"}}},{"type":"Feature","geometry":{"type":"Point","coordinates":[7.88668,47.99084]},"properties":{"id":"osm:way-36950649","version":"9d5e95ea158fd23a61c86df8e5eca64157de6be72a8f37ed6214df1469f70e37","cityId":"freiburg","kind":"place","category":"field_hockey","title":"Kunstrasenplatz FT Freiburg","statement":"Kunstrasenplatz FT Freiburg ist in OpenStreetMap als field_hockey eingetragen. Betrieb und Öffnungszeiten nicht geprüft.","status":"OSM-Eintrag, nicht offiziell geprüft","startDate":null,"endDate":null,"nextStep":"Aktuelle Angaben direkt beim Ort prüfen.","scale":"street","geometryPrecision":"approximate","reviewState":"candidate","asOf":"2026-09-26T17:22:08.637Z","sourceCount":1,"primarySource":{"url":"https://www.openstreetmap.org/way/36950649","title":"OpenStreetMap contributors","publisher":"OpenStreetMap contributors","licence":"ODbL 1.0","reuse":"open_licence"}}},{"type":"Feature","geometry":{"type":"Point","coordinates":[7.88668,47.98934]},"properties":{"id":"osm:way-36950677","version":"d8023d2dc9ead024e9a150c712e7e9882ae71f0533f583897e9fc500e60efc7c","cityId":"freiburg","kind":"place","category":"soccer;lacrosse;ultimate_frisbee","title":"Platz 3","statement":"Platz 3 ist in OpenStreetMap als soccer;lacrosse;ultimate_frisbee eingetragen. Betrieb und Öffnungszeiten nicht geprüft.","status":"OSM-Eintrag, nicht offiziell geprüft","startDate":null,"endDate":null,"nextStep":"Aktuelle Angaben direkt beim Ort prüfen.","scale":"street","geometryPrecision":"approximate","reviewState":"candidate","asOf":"2026-09-26T17:22:08.637Z","sourceCount":1,"primarySource":{"url":"https://www.openstreetmap.org/way/36950677","title":"OpenStreetMap contributors","publisher":"OpenStreetMap contributors","licence":"ODbL 1.0","reuse":"open_licence"}}},{"type":"Feature","geometry":{"type":"Point","coordinates":[7.8722,47.98552]},"properties":{"id":"osm:way-37108522","version":"b9c0aa488e9760a3d6dcba04e3938c16e84644b8ebc98643578d0749f8f6eff8","cityId":"freiburg","kind":"place","category":"miniature_golf;tennis","title":"Kleingolf- und Tennisanlage Rohde","statement":"Kleingolf- und Tennisanlage Rohde ist in OpenStreetMap als miniature_golf;tennis eingetragen. Öffnungszeiten in OSM eingetragen; nicht unabhängig bestätigt.","status":"OSM-Eintrag, nicht offiziell geprüft","startDate":null,"endDate":null,"nextStep":"Aktuelle Angaben direkt beim Ort prüfen.","scale":"street","geometryPrecision":"approximate","reviewState":"candidate","asOf":"2026-09-26T17:22:08.637Z","sourceCount":1,"primarySource":{"url":"https://www.openstreetmap.org/way/37108522","title":"OpenStreetMap contributors","publisher":"OpenStreetMap contributors","licence":"ODbL 1.0","reuse":"open_licence"}}},{"type":"Feature","geometry":{"type":"Point","coordinates":[7.82043,47.98648]},"properties":{"id":"osm:way-37351560","version":"780d4a87f3113d81a9ef8833935c03d6aa5cf6fd46b5b48ce17c41ef12f60c08","cityId":"freiburg","kind":"place","category":"school","title":"Vigeliusschule II","statement":"Vigeliusschule II ist in OpenStreetMap als school eingetragen. Betrieb und Öffnungszeiten nicht geprüft.","status":"OSM-Eintrag, nicht offiziell geprüft","startDate":null,"endDate":null,"nextStep":"Aktuelle Angaben direkt beim Ort prüfen.","scale":"street","geometryPrecision":"approximate","reviewState":"candidate","asOf":"2026-09-26T17:22:08.637Z","sourceCount":1,"primarySource":{"url":"https://www.openstreetmap.org/way/37351560","title":"OpenStreetMap contributors","publisher":"OpenStreetMap contributors","licence":"ODbL 1.0","reuse":"open_licence"}}},{"type":"Feature","geometry":{"type":"Point","coordinates":[7.82008,47.98733]},"properties":{"id":"osm:way-37351600","version":"d0528b9c85b6aae920d482eb3146fbf9ca707d3d3d790c00dd283dbdfd64a9e1","cityId":"freiburg","kind":"place","category":"school","title":"Vigeliusschule I","statement":"Vigeliusschule I ist in OpenStreetMap als school eingetragen. Betrieb und Öffnungszeiten nicht geprüft.","status":"OSM-Eintrag, nicht offiziell geprüft","startDate":null,"endDate":null,"nextStep":"Aktuelle Angaben direkt beim Ort prüfen.","scale":"street","geometryPrecision":"approximate","reviewState":"candidate","asOf":"2026-09-26T17:22:08.637Z","sourceCount":1,"primarySource":{"url":"https://www.openstreetmap.org/way/37351600","title":"OpenStreetMap contributors","publisher":"OpenStreetMap contributors","licence":"ODbL 1.0","reuse":"open_licence"}}},{"type":"Feature","geometry":{"type":"Point","coordinates":[7.82128,47.9871]},"properties":{"id":"osm:way-37375742","version":"4c42ab12ecd82a1abf491f52040d12a23e6fae29234db80d7516c279be303b8a","cityId":"freiburg","kind":"place","category":"school","title":"Schenkendorfschule","statement":"Schenkendorfschule ist in OpenStreetMap als school eingetragen. Betrieb und Öffnungszeiten nicht geprüft.","status":"OSM-Eintrag, nicht offiziell geprüft","startDate":null,"endDate":null,"nextStep":"Aktuelle Angaben direkt beim Ort prüfen.","scale":"street","geometryPrecision":"approximate","reviewState":"candidate","asOf":"2026-09-26T17:22:08.637Z","sourceCount":1,"primarySource":{"url":"https://www.openstreetmap.org/way/37375742","title":"OpenStreetMap contributors","publisher":"OpenStreetMap contributors","licence":"ODbL 1.0","reuse":"open_licence"}}},{"type":"Feature","geometry":{"type":"Point","coordinates":[7.88919,47.98987]},"properties":{"id":"osm:way-37418584","version":"c7e7aff2ce85ab40f3b03515aa8bcd72ea2c84c3910643d85cd771c56366f399","cityId":"freiburg","kind":"place","category":"soccer","title":"Platz 1","statement":"Platz 1 ist in OpenStreetMap als soccer eingetragen. Betrieb und Öffnungszeiten nicht geprüft.","status":"OSM-Eintrag, nicht offiziell geprüft","startDate":null,"endDate":null,"nextStep":"Aktuelle Angaben direkt beim Ort prüfen.","scale":"street","geometryPrecision":"approximate","reviewState":"candidate","asOf":"2026-09-26T17:22:08.637Z","sourceCount":1,"primarySource":{"url":"https://www.openstreetmap.org/way/37418584","title":"OpenStreetMap contributors","publisher":"OpenStreetMap contributors","licence":"ODbL 1.0","reuse":"open_licence"}}},{"type":"Feature","geometry":{"type":"Point","coordinates":[7.87301,47.99019]},"properties":{"id":"osm:way-37434161","version":"0606e640119015bb1793509f6b1e8c230ada7b9eae2dbf68527ee88ffdc43ed0","cityId":"freiburg","kind":"place","category":"school","title":"Deutsch-Französisches Gymnasium","statement":"Deutsch-Französisches Gymnasium ist in OpenStreetMap als school eingetragen. Betrieb und Öffnungszeiten nicht geprüft.","status":"OSM-Eintrag, nicht offiziell geprüft","startDate":null,"endDate":null,"nextStep":"Aktuelle Angaben direkt beim Ort prüfen.","scale":"street","geometryPrecision":"approximate","reviewState":"candidate","asOf":"2026-09-26T17:22:08.637Z","sourceCount":1,"primarySource":{"url":"https://www.openstreetmap.org/way/37434161","title":"OpenStreetMap contributors","publisher":"OpenStreetMap contributors","licence":"ODbL 1.0","reuse":"open_licence"}}},{"type":"Feature","geometry":{"type":"Point","coordinates":[7.87575,47.9902]},"properties":{"id":"osm:way-37434162","version":"dc4bc3cd6ded2e713fcfdcd80225efb09de3583dff8918f5ee43f24f82413c55","cityId":"freiburg","kind":"place","category":"school","title":"Berthold-Gymnasium","statement":"Berthold-Gymnasium ist in OpenStreetMap als school eingetragen. Betrieb und Öffnungszeiten nicht geprüft.","status":"OSM-Eintrag, nicht offiziell geprüft","startDate":null,"endDate":null,"nextStep":"Aktuelle Angaben direkt beim Ort prüfen.","scale":"street","geometryPrecision":"approximate","reviewState":"candidate","asOf":"2026-09-26T17:22:08.637Z","sourceCount":1,"primarySource":{"url":"https://www.openstreetmap.org/way/37434162","title":"OpenStreetMap contributors","publisher":"OpenStreetMap contributors","licence":"ODbL 1.0","reuse":"open_licence"}}},{"type":"Feature","geometry":{"type":"Point","coordinates":[7.80462,48.01775]},"properties":{"id":"osm:way-37480072","version":"71bbd29d61ea7555a2adb467d6ad81287d02754061cc114d498294525dc2991f","cityId":"freiburg","kind":"place","category":"swimming","title":"Hallenbad Lehen","statement":"Hallenbad Lehen ist in OpenStreetMap als swimming eingetragen. Öffnungszeiten in OSM eingetragen; nicht unabhängig bestätigt.","status":"OSM-Eintrag, nicht offiziell geprüft","startDate":null,"endDate":null,"nextStep":"Aktuelle Angaben direkt beim Ort prüfen.","scale":"street","geometryPrecision":"approximate","reviewState":"candidate","asOf":"2026-09-26T17:22:08.637Z","sourceCount":1,"primarySource":{"url":"https://www.openstreetmap.org/way/37480072","title":"OpenStreetMap contributors","publisher":"OpenStreetMap contributors","licence":"ODbL 1.0","reuse":"open_licence"}}},{"type":"Feature","geometry":{"type":"Point","coordinates":[7.89768,47.98629]},"properties":{"id":"osm:way-374850371","version":"eb9c76359fbbc302a6f7b3bce028070fa709a17b07fc8593e9e79f7894b5321b","cityId":"freiburg","kind":"place","category":"kindergarten","title":"Kita Rappelkiste","statement":"Kita Rappelkiste ist in OpenStreetMap als kindergarten eingetragen. Betrieb und Öffnungszeiten nicht geprüft.","status":"OSM-Eintrag, nicht offiziell geprüft","startDate":null,"endDate":null,"nextStep":"Aktuelle Angaben direkt beim Ort prüfen.","scale":"street","geometryPrecision":"approximate","reviewState":"candidate","asOf":"2026-09-26T17:22:08.637Z","sourceCount":1,"primarySource":{"url":"https://www.openstreetmap.org/way/374850371","title":"OpenStreetMap contributors","publisher":"OpenStreetMap contributors","licence":"ODbL 1.0","reuse":"open_licence"}}},{"type":"Feature","geometry":{"type":"Point","coordinates":[7.84422,47.9978]},"properties":{"id":"osm:way-37561023","version":"a8acea25bbdeca3d75274e2b773ec815da95143ddd75407d216625b2eb0466b2","cityId":"freiburg","kind":"place","category":"school","title":"St. Ursula Gymnasium","statement":"St. Ursula Gymnasium ist in OpenStreetMap als school eingetragen. Betrieb und Öffnungszeiten nicht geprüft.","status":"OSM-Eintrag, nicht offiziell geprüft","startDate":null,"endDate":null,"nextStep":"Aktuelle Angaben direkt beim Ort prüfen.","scale":"street","geometryPrecision":"approximate","reviewState":"candidate","asOf":"2026-09-26T17:22:08.637Z","sourceCount":1,"primarySource":{"url":"https://www.openstreetmap.org/way/37561023","title":"OpenStreetMap contributors","publisher":"OpenStreetMap contributors","licence":"ODbL 1.0","reuse":"open_licence"}}},{"type":"Feature","geometry":{"type":"Point","coordinates":[7.89671,47.98008]},"properties":{"id":"osm:way-375977475","version":"5b5327a48fd7562603dd29df3d9dda2e7e14e4ce896d72c8726e905eca4e7e81","cityId":"freiburg","kind":"place","category":"multi","title":"Sporthalle","statement":"Sporthalle ist in OpenStreetMap als multi eingetragen. Betrieb und Öffnungszeiten nicht geprüft.","status":"OSM-Eintrag, nicht offiziell geprüft","startDate":null,"endDate":null,"nextStep":"Aktuelle Angaben direkt beim Ort prüfen.","scale":"street","geometryPrecision":"approximate","reviewState":"candidate","asOf":"2026-09-26T17:22:08.637Z","sourceCount":1,"primarySource":{"url":"https://www.openstreetmap.org/way/375977475","title":"OpenStreetMap contributors","publisher":"OpenStreetMap contributors","licence":"ODbL 1.0","reuse":"open_licence"}}},{"type":"Feature","geometry":{"type":"Point","coordinates":[7.89644,47.97989]},"properties":{"id":"osm:way-375999342","version":"9ef01cb1415a3817abc2ee96df0143dcd736d697fd1c14f2112537533508408f","cityId":"freiburg","kind":"place","category":"school","title":"Reinhold-Schneider-Schule","statement":"Reinhold-Schneider-Schule ist in OpenStreetMap als school eingetragen. Betrieb und Öffnungszeiten nicht geprüft.","status":"OSM-Eintrag, nicht offiziell geprüft","startDate":null,"endDate":null,"nextStep":"Aktuelle Angaben direkt beim Ort prüfen.","scale":"street","geometryPrecision":"approximate","reviewState":"candidate","asOf":"2026-09-26T17:22:08.637Z","sourceCount":1,"primarySource":{"url":"https://www.openstreetmap.org/way/375999342","title":"OpenStreetMap contributors","publisher":"OpenStreetMap contributors","licence":"ODbL 1.0","reuse":"open_licence"}}},{"type":"Feature","geometry":{"type":"Point","coordinates":[7.89677,47.97849]},"properties":{"id":"osm:way-375999343","version":"ee013a50dbc1dc003345cb195e07923cc9ddae41f9dd5c06ac81545df0adbe2e","cityId":"freiburg","kind":"place","category":"kindergarten","title":"Kindergarten St. Barbara","statement":"Kindergarten St. Barbara ist in OpenStreetMap als kindergarten eingetragen. Betrieb und Öffnungszeiten nicht geprüft.","status":"OSM-Eintrag, nicht offiziell geprüft","startDate":null,"endDate":null,"nextStep":"Aktuelle Angaben direkt beim Ort prüfen.","scale":"street","geometryPrecision":"approximate","reviewState":"candidate","asOf":"2026-09-26T17:22:08.637Z","sourceCount":1,"primarySource":{"url":"https://www.openstreetmap.org/way/375999343","title":"OpenStreetMap contributors","publisher":"OpenStreetMap contributors","licence":"ODbL 1.0","reuse":"open_licence"}}},{"type":"Feature","geometry":{"type":"Point","coordinates":[7.88578,47.99114]},"properties":{"id":"osm:way-377650750","version":"fea62799f328eba491dfe84813d715519e80ac0c61cf6a2ad93a93c1e547d40d","cityId":"freiburg","kind":"place","category":"athletics","title":"Kugelstoßen","statement":"Kugelstoßen ist in OpenStreetMap als athletics eingetragen. Betrieb und Öffnungszeiten nicht geprüft.","status":"OSM-Eintrag, nicht offiziell geprüft","startDate":null,"endDate":null,"nextStep":"Aktuelle Angaben direkt beim Ort prüfen.","scale":"street","geometryPrecision":"approximate","reviewState":"candidate","asOf":"2026-09-26T17:22:08.637Z","sourceCount":1,"primarySource":{"url":"https://www.openstreetmap.org/way/377650750","title":"OpenStreetMap contributors","publisher":"OpenStreetMap contributors","licence":"ODbL 1.0","reuse":"open_licence"}}},{"type":"Feature","geometry":{"type":"Point","coordinates":[7.91031,47.97724]},"properties":{"id":"osm:way-385917522","version":"e578af66755fca8c51b34b42d2a91523123ea48305360a6e75521014bfedbaac","cityId":"freiburg","kind":"place","category":"soccer","title":"Bolzplatz Alemannenstraße","statement":"Bolzplatz Alemannenstraße ist in OpenStreetMap als soccer eingetragen. Betrieb und Öffnungszeiten nicht geprüft.","status":"OSM-Eintrag, nicht offiziell geprüft","startDate":null,"endDate":null,"nextStep":"Aktuelle Angaben direkt beim Ort prüfen.","scale":"street","geometryPrecision":"approximate","reviewState":"candidate","asOf":"2026-09-26T17:22:08.637Z","sourceCount":1,"primarySource":{"url":"https://www.openstreetmap.org/way/385917522","title":"OpenStreetMap contributors","publisher":"OpenStreetMap contributors","licence":"ODbL 1.0","reuse":"open_licence"}}},{"type":"Feature","geometry":{"type":"Point","coordinates":[7.81519,48.0238]},"properties":{"id":"osm:way-386263507","version":"47b97f3f401f5dde7b9b1eee5f42240d065b937b1d02f22f58e529322c8c869f","cityId":"freiburg","kind":"place","category":"hospital","title":"Evangelisches Diakoniekrankenhaus Freiburg","statement":"Evangelisches Diakoniekrankenhaus Freiburg ist in OpenStreetMap als hospital eingetragen. Betrieb und Öffnungszeiten nicht geprüft.","status":"OSM-Eintrag, nicht offiziell geprüft","startDate":null,"endDate":null,"nextStep":"Aktuelle Angaben direkt beim Ort prüfen.","scale":"street","geometryPrecision":"approximate","reviewState":"candidate","asOf":"2026-09-26T17:22:08.637Z","sourceCount":1,"primarySource":{"url":"https://www.openstreetmap.org/way/386263507","title":"OpenStreetMap contributors","publisher":"OpenStreetMap contributors","licence":"ODbL 1.0","reuse":"open_licence"}}},{"type":"Feature","geometry":{"type":"Point","coordinates":[7.71222,47.98381]},"properties":{"id":"osm:way-38784406","version":"2ea0aebe1281b7d49c862f71d8c2f8df0f53bc917111779f9f34c2703e31a4da","cityId":"freiburg","kind":"place","category":"school","title":"Markgrafenschule","statement":"Markgrafenschule ist in OpenStreetMap als school eingetragen. Betrieb und Öffnungszeiten nicht geprüft.","status":"OSM-Eintrag, nicht offiziell geprüft","startDate":null,"endDate":null,"nextStep":"Aktuelle Angaben direkt beim Ort prüfen.","scale":"street","geometryPrecision":"approximate","reviewState":"candidate","asOf":"2026-09-26T17:22:08.637Z","sourceCount":1,"primarySource":{"url":"https://www.openstreetmap.org/way/38784406","title":"OpenStreetMap contributors","publisher":"OpenStreetMap contributors","licence":"ODbL 1.0","reuse":"open_licence"}}},{"type":"Feature","geometry":{"type":"Point","coordinates":[7.71709,48.00033]},"properties":{"id":"osm:way-409880056","version":"265929b98f4a954b6efb23ebc414206de5a7f27519b8ef65fb2efb3ac5b4e9c7","cityId":"freiburg","kind":"place","category":"supermarket","title":"Biomarkt am Tuniberg","statement":"Biomarkt am Tuniberg ist in OpenStreetMap als supermarket eingetragen. Öffnungszeiten in OSM eingetragen; nicht unabhängig bestätigt.","status":"OSM-Eintrag, nicht offiziell geprüft","startDate":null,"endDate":null,"nextStep":"Aktuelle Angaben direkt beim Ort prüfen.","scale":"street","geometryPrecision":"approximate","reviewState":"candidate","asOf":"2026-09-26T17:22:08.637Z","sourceCount":1,"primarySource":{"url":"https://www.openstreetmap.org/way/409880056","title":"OpenStreetMap contributors","publisher":"OpenStreetMap contributors","licence":"ODbL 1.0","reuse":"open_licence"}}},{"type":"Feature","geometry":{"type":"Point","coordinates":[7.81005,47.97094]},"properties":{"id":"osm:way-41426015","version":"d7a87553f3511942dc4440cdff32650cb81afe65d47d6fb123bd9d10ee5684a1","cityId":"freiburg","kind":"place","category":"shooting","title":"Schützenhaus","statement":"Schützenhaus ist in OpenStreetMap als shooting eingetragen. Betrieb und Öffnungszeiten nicht geprüft.","status":"OSM-Eintrag, nicht offiziell geprüft","startDate":null,"endDate":null,"nextStep":"Aktuelle Angaben direkt beim Ort prüfen.","scale":"street","geometryPrecision":"approximate","reviewState":"candidate","asOf":"2026-09-26T17:22:08.637Z","sourceCount":1,"primarySource":{"url":"https://www.openstreetmap.org/way/41426015","title":"OpenStreetMap contributors","publisher":"OpenStreetMap contributors","licence":"ODbL 1.0","reuse":"open_licence"}}},{"type":"Feature","geometry":{"type":"Point","coordinates":[7.90364,47.98441]},"properties":{"id":"osm:way-41880009","version":"9ef8896e172bc5db232cdc4569fa57f26b897a51f30411b156127c62585f220a","cityId":"freiburg","kind":"place","category":"multi","title":"Dreisamhalle","statement":"Dreisamhalle ist in OpenStreetMap als multi eingetragen. Betrieb und Öffnungszeiten nicht geprüft.","status":"OSM-Eintrag, nicht offiziell geprüft","startDate":null,"endDate":null,"nextStep":"Aktuelle Angaben direkt beim Ort prüfen.","scale":"street","geometryPrecision":"approximate","reviewState":"candidate","asOf":"2026-09-26T17:22:08.637Z","sourceCount":1,"primarySource":{"url":"https://www.openstreetmap.org/way/41880009","title":"OpenStreetMap contributors","publisher":"OpenStreetMap contributors","licence":"ODbL 1.0","reuse":"open_licence"}}},{"type":"Feature","geometry":{"type":"Point","coordinates":[7.88408,47.99039]},"properties":{"id":"osm:way-42072414","version":"3c4efd2546eb1dee416f000712cf4fd44a3b80fc1232f7edf18b06a521256842","cityId":"freiburg","kind":"place","category":"swimming","title":"FT Bad","statement":"FT Bad ist in OpenStreetMap als swimming eingetragen. Betrieb und Öffnungszeiten nicht geprüft.","status":"OSM-Eintrag, nicht offiziell geprüft","startDate":null,"endDate":null,"nextStep":"Aktuelle Angaben direkt beim Ort prüfen.","scale":"street","geometryPrecision":"approximate","reviewState":"candidate","asOf":"2026-09-26T17:22:08.637Z","sourceCount":1,"primarySource":{"url":"https://www.openstreetmap.org/way/42072414","title":"OpenStreetMap contributors","publisher":"OpenStreetMap contributors","licence":"ODbL 1.0","reuse":"open_licence"}}},{"type":"Feature","geometry":{"type":"Point","coordinates":[7.80374,48.00048]},"properties":{"id":"osm:way-426896567","version":"6d9976bc101e63b1c0289faea09e8b8f5371e91062d91eff34f8f88bbf348180","cityId":"freiburg","kind":"place","category":"beachvolleyball","title":"Beach Volleyball","statement":"Beach Volleyball ist in OpenStreetMap als beachvolleyball eingetragen. Betrieb und Öffnungszeiten nicht geprüft.","status":"OSM-Eintrag, nicht offiziell geprüft","startDate":null,"endDate":null,"nextStep":"Aktuelle Angaben direkt beim Ort prüfen.","scale":"street","geometryPrecision":"approximate","reviewState":"candidate","asOf":"2026-09-26T17:22:08.637Z","sourceCount":1,"primarySource":{"url":"https://www.openstreetmap.org/way/426896567","title":"OpenStreetMap contributors","publisher":"OpenStreetMap contributors","licence":"ODbL 1.0","reuse":"open_licence"}}},{"type":"Feature","geometry":{"type":"Point","coordinates":[7.83588,47.99634]},"properties":{"id":"osm:way-437692880","version":"0c58acb000da7ec9e0189eb5d900bd3d992415d36b3757e4be4121f394265701","cityId":"freiburg","kind":"place","category":"kindergarten","title":"Kita","statement":"Kita ist in OpenStreetMap als kindergarten eingetragen. Betrieb und Öffnungszeiten nicht geprüft.","status":"OSM-Eintrag, nicht offiziell geprüft","startDate":null,"endDate":null,"nextStep":"Aktuelle Angaben direkt beim Ort prüfen.","scale":"street","geometryPrecision":"approximate","reviewState":"candidate","asOf":"2026-09-26T17:22:08.637Z","sourceCount":1,"primarySource":{"url":"https://www.openstreetmap.org/way/437692880","title":"OpenStreetMap contributors","publisher":"OpenStreetMap contributors","licence":"ODbL 1.0","reuse":"open_licence"}}},{"type":"Feature","geometry":{"type":"Point","coordinates":[7.82597,48.00045]},"properties":{"id":"osm:way-443029104","version":"7de2aef480f6289e49b7bb250a1379f2273eb64902e488d1b3515e93d55c845a","cityId":"freiburg","kind":"place","category":"multi","title":"Gerolf-Staschull-Sporthalle","statement":"Gerolf-Staschull-Sporthalle ist in OpenStreetMap als multi eingetragen. Betrieb und Öffnungszeiten nicht geprüft.","status":"OSM-Eintrag, nicht offiziell geprüft","startDate":null,"endDate":null,"nextStep":"Aktuelle Angaben direkt beim Ort prüfen.","scale":"street","geometryPrecision":"approximate","reviewState":"candidate","asOf":"2026-09-26T17:22:08.637Z","sourceCount":1,"primarySource":{"url":"https://www.openstreetmap.org/way/443029104","title":"OpenStreetMap contributors","publisher":"OpenStreetMap contributors","licence":"ODbL 1.0","reuse":"open_licence"}}},{"type":"Feature","geometry":{"type":"Point","coordinates":[7.80821,47.98005]},"properties":{"id":"osm:way-460768551","version":"74b19906eb140a975cda03f9ffa9c6d6b68f7ef89bddf830b8087cc49865df6c","cityId":"freiburg","kind":"place","category":"kindergarten","title":"Oberlin Kindergarten","statement":"Oberlin Kindergarten ist in OpenStreetMap als kindergarten eingetragen. Betrieb und Öffnungszeiten nicht geprüft.","status":"OSM-Eintrag, nicht offiziell geprüft","startDate":null,"endDate":null,"nextStep":"Aktuelle Angaben direkt beim Ort prüfen.","scale":"street","geometryPrecision":"approximate","reviewState":"candidate","asOf":"2026-09-26T17:22:08.637Z","sourceCount":1,"primarySource":{"url":"https://www.openstreetmap.org/way/460768551","title":"OpenStreetMap contributors","publisher":"OpenStreetMap contributors","licence":"ODbL 1.0","reuse":"open_licence"}}},{"type":"Feature","geometry":{"type":"Point","coordinates":[7.80671,47.98026]},"properties":{"id":"osm:way-460768553","version":"74f6dfc1920f7a11b3746751f20480d66e0e6a84da7e7012f44323d7981537fe","cityId":"freiburg","kind":"place","category":"kindergarten","title":"Die Spielkiste","statement":"Die Spielkiste ist in OpenStreetMap als kindergarten eingetragen. Betrieb und Öffnungszeiten nicht geprüft.","status":"OSM-Eintrag, nicht offiziell geprüft","startDate":null,"endDate":null,"nextStep":"Aktuelle Angaben direkt beim Ort prüfen.","scale":"street","geometryPrecision":"approximate","reviewState":"candidate","asOf":"2026-09-26T17:22:08.637Z","sourceCount":1,"primarySource":{"url":"https://www.openstreetmap.org/way/460768553","title":"OpenStreetMap contributors","publisher":"OpenStreetMap contributors","licence":"ODbL 1.0","reuse":"open_licence"}}},{"type":"Feature","geometry":{"type":"Point","coordinates":[7.88245,47.99023]},"properties":{"id":"osm:way-47215288","version":"59bb0d69aab3589c46a6c84b49e1a74fa206b678a63f15df4998c653a42b6e42","cityId":"freiburg","kind":"place","category":"multi","title":"Halle 2","statement":"Halle 2 ist in OpenStreetMap als multi eingetragen. Betrieb und Öffnungszeiten nicht geprüft.","status":"OSM-Eintrag, nicht offiziell geprüft","startDate":null,"endDate":null,"nextStep":"Aktuelle Angaben direkt beim Ort prüfen.","scale":"street","geometryPrecision":"approximate","reviewState":"candidate","asOf":"2026-09-26T17:22:08.637Z","sourceCount":1,"primarySource":{"url":"https://www.openstreetmap.org/way/47215288","title":"OpenStreetMap contributors","publisher":"OpenStreetMap contributors","licence":"ODbL 1.0","reuse":"open_licence"}}},{"type":"Feature","geometry":{"type":"Point","coordinates":[7.88314,47.99071]},"properties":{"id":"osm:way-47215289","version":"f010745fadedb93d48714fde4180c7af8db5595aae88225efe4af2a97dcad1b5","cityId":"freiburg","kind":"place","category":"multi","title":"Halle 1","statement":"Halle 1 ist in OpenStreetMap als multi eingetragen. Betrieb und Öffnungszeiten nicht geprüft.","status":"OSM-Eintrag, nicht offiziell geprüft","startDate":null,"endDate":null,"nextStep":"Aktuelle Angaben direkt beim Ort prüfen.","scale":"street","geometryPrecision":"approximate","reviewState":"candidate","asOf":"2026-09-26T17:22:08.637Z","sourceCount":1,"primarySource":{"url":"https://www.openstreetmap.org/way/47215289","title":"OpenStreetMap contributors","publisher":"OpenStreetMap contributors","licence":"ODbL 1.0","reuse":"open_licence"}}},{"type":"Feature","geometry":{"type":"Point","coordinates":[7.79046,48.00119]},"properties":{"id":"osm:way-474137362","version":"801500abc925417ea0a3b5db1408a05b15a4670bb95a16c74ff9e081b4e833d5","cityId":"freiburg","kind":"place","category":"kindergarten","title":"FT-Sportkindergarten","statement":"FT-Sportkindergarten ist in OpenStreetMap als kindergarten eingetragen. Betrieb und Öffnungszeiten nicht geprüft.","status":"OSM-Eintrag, nicht offiziell geprüft","startDate":null,"endDate":null,"nextStep":"Aktuelle Angaben direkt beim Ort prüfen.","scale":"street","geometryPrecision":"approximate","reviewState":"candidate","asOf":"2026-09-26T17:22:08.637Z","sourceCount":1,"primarySource":{"url":"https://www.openstreetmap.org/way/474137362","title":"OpenStreetMap contributors","publisher":"OpenStreetMap contributors","licence":"ODbL 1.0","reuse":"open_licence"}}},{"type":"Feature","geometry":{"type":"Point","coordinates":[7.79483,48.00044]},"properties":{"id":"osm:way-474240009","version":"0497c7b4e43390488352d49922d9e9ceef2f34a6fa1f2ec4c8b773536b9c6ac4","cityId":"freiburg","kind":"place","category":"kindergarten","title":"Kinderhaus Taka-Tuka-Land","statement":"Kinderhaus Taka-Tuka-Land ist in OpenStreetMap als kindergarten eingetragen. Betrieb und Öffnungszeiten nicht geprüft.","status":"OSM-Eintrag, nicht offiziell geprüft","startDate":null,"endDate":null,"nextStep":"Aktuelle Angaben direkt beim Ort prüfen.","scale":"street","geometryPrecision":"approximate","reviewState":"candidate","asOf":"2026-09-26T17:22:08.637Z","sourceCount":1,"primarySource":{"url":"https://www.openstreetmap.org/way/474240009","title":"OpenStreetMap contributors","publisher":"OpenStreetMap contributors","licence":"ODbL 1.0","reuse":"open_licence"}}},{"type":"Feature","geometry":{"type":"Point","coordinates":[7.79019,48.00045]},"properties":{"id":"osm:way-474240682","version":"d68b8ca48ae4f11023b407ca5a1622e8aed13eef3d848108b98653059be21813","cityId":"freiburg","kind":"place","category":"school","title":"Clara-Grunwald-Schule II","statement":"Clara-Grunwald-Schule II ist in OpenStreetMap als school eingetragen. Betrieb und Öffnungszeiten nicht geprüft.","status":"OSM-Eintrag, nicht offiziell geprüft","startDate":null,"endDate":null,"nextStep":"Aktuelle Angaben direkt beim Ort prüfen.","scale":"street","geometryPrecision":"approximate","reviewState":"candidate","asOf":"2026-09-26T17:22:08.637Z","sourceCount":1,"primarySource":{"url":"https://www.openstreetmap.org/way/474240682","title":"OpenStreetMap contributors","publisher":"OpenStreetMap contributors","licence":"ODbL 1.0","reuse":"open_licence"}}},{"type":"Feature","geometry":{"type":"Point","coordinates":[7.78888,47.99852]},"properties":{"id":"osm:way-474391003","version":"bf8d23c744123f6f2cff3a5ccb9f6f80ba0ce8a750163afd33cc70c87ec5f03b","cityId":"freiburg","kind":"place","category":"kindergarten","title":"Kinderhaus Arche Noah","statement":"Kinderhaus Arche Noah ist in OpenStreetMap als kindergarten eingetragen. Betrieb und Öffnungszeiten nicht geprüft.","status":"OSM-Eintrag, nicht offiziell geprüft","startDate":null,"endDate":null,"nextStep":"Aktuelle Angaben direkt beim Ort prüfen.","scale":"street","geometryPrecision":"approximate","reviewState":"candidate","asOf":"2026-09-26T17:22:08.637Z","sourceCount":1,"primarySource":{"url":"https://www.openstreetmap.org/way/474391003","title":"OpenStreetMap contributors","publisher":"OpenStreetMap contributors","licence":"ODbL 1.0","reuse":"open_licence"}}},{"type":"Feature","geometry":{"type":"Point","coordinates":[7.79667,47.99739]},"properties":{"id":"osm:way-474392919","version":"81752b2a8369bc9b4eb27bb8cd517335279f83617a5fd8750b16b171d701eda7","cityId":"freiburg","kind":"place","category":"kindergarten","title":"Kita Rieselfeld","statement":"Kita Rieselfeld ist in OpenStreetMap als kindergarten eingetragen. Betrieb und Öffnungszeiten nicht geprüft.","status":"OSM-Eintrag, nicht offiziell geprüft","startDate":null,"endDate":null,"nextStep":"Aktuelle Angaben direkt beim Ort prüfen.","scale":"street","geometryPrecision":"approximate","reviewState":"candidate","asOf":"2026-09-26T17:22:08.637Z","sourceCount":1,"primarySource":{"url":"https://www.openstreetmap.org/way/474392919","title":"OpenStreetMap contributors","publisher":"OpenStreetMap contributors","licence":"ODbL 1.0","reuse":"open_licence"}}},{"type":"Feature","geometry":{"type":"Point","coordinates":[7.81308,47.99542]},"properties":{"id":"osm:way-474817951","version":"0bfff8c84069f1bb97df2e273db10a18af1beab7e865746036d81d2305d22fe2","cityId":"freiburg","kind":"place","category":"kindergarten","title":"Violett","statement":"Violett ist in OpenStreetMap als kindergarten eingetragen. Betrieb und Öffnungszeiten nicht geprüft.","status":"OSM-Eintrag, nicht offiziell geprüft","startDate":null,"endDate":null,"nextStep":"Aktuelle Angaben direkt beim Ort prüfen.","scale":"street","geometryPrecision":"approximate","reviewState":"candidate","asOf":"2026-09-26T17:22:08.637Z","sourceCount":1,"primarySource":{"url":"https://www.openstreetmap.org/way/474817951","title":"OpenStreetMap contributors","publisher":"OpenStreetMap contributors","licence":"ODbL 1.0","reuse":"open_licence"}}},{"type":"Feature","geometry":{"type":"Point","coordinates":[7.83237,48.00057]},"properties":{"id":"osm:way-482886053","version":"656bd36c2d6acaec97f2e3228d877da243f1689a344bab31b6eb56e8d1e2e6ee","cityId":"freiburg","kind":"place","category":"townhall","title":"Rathaus im Stühlinger Gebäude A","statement":"Rathaus im Stühlinger Gebäude A ist in OpenStreetMap als townhall eingetragen. Öffnungszeiten in OSM eingetragen; nicht unabhängig bestätigt.","status":"OSM-Eintrag, nicht offiziell geprüft","startDate":null,"endDate":null,"nextStep":"Aktuelle Angaben direkt beim Ort prüfen.","scale":"street","geometryPrecision":"approximate","reviewState":"candidate","asOf":"2026-09-26T17:22:08.637Z","sourceCount":1,"primarySource":{"url":"https://www.openstreetmap.org/way/482886053","title":"OpenStreetMap contributors","publisher":"OpenStreetMap contributors","licence":"ODbL 1.0","reuse":"open_licence"}}},{"type":"Feature","geometry":{"type":"Point","coordinates":[7.81113,47.98889]},"properties":{"id":"osm:way-483437348","version":"d8263ba632cbcbe90e11e93ab0ef0656d2c9b2a1e021667aa61e2d5f33f865a7","cityId":"freiburg","kind":"place","category":"kindergarten","title":"AWO-Kita-Fifibus","statement":"AWO-Kita-Fifibus ist in OpenStreetMap als kindergarten eingetragen. Betrieb und Öffnungszeiten nicht geprüft.","status":"OSM-Eintrag, nicht offiziell geprüft","startDate":null,"endDate":null,"nextStep":"Aktuelle Angaben direkt beim Ort prüfen.","scale":"street","geometryPrecision":"approximate","reviewState":"candidate","asOf":"2026-09-26T17:22:08.637Z","sourceCount":1,"primarySource":{"url":"https://www.openstreetmap.org/way/483437348","title":"OpenStreetMap contributors","publisher":"OpenStreetMap contributors","licence":"ODbL 1.0","reuse":"open_licence"}}},{"type":"Feature","geometry":{"type":"Point","coordinates":[7.81729,48.06189]},"properties":{"id":"osm:way-4870494","version":"5b357b7a62bcb4a5d638b9ca12e874e29f89cd766102df011223adf2881d6bfd","cityId":"freiburg","kind":"place","category":"swimming","title":"Silbersee","statement":"Silbersee ist in OpenStreetMap als swimming eingetragen. Betrieb und Öffnungszeiten nicht geprüft.","status":"OSM-Eintrag, nicht offiziell geprüft","startDate":null,"endDate":null,"nextStep":"Aktuelle Angaben direkt beim Ort prüfen.","scale":"street","geometryPrecision":"approximate","reviewState":"candidate","asOf":"2026-09-26T17:22:08.637Z","sourceCount":1,"primarySource":{"url":"https://www.openstreetmap.org/way/4870494","title":"OpenStreetMap contributors","publisher":"OpenStreetMap contributors","licence":"ODbL 1.0","reuse":"open_licence"}}},{"type":"Feature","geometry":{"type":"Point","coordinates":[7.85834,47.99653]},"properties":{"id":"osm:way-48919494","version":"d5c38ebb7d21ee74b02b3e580c3bdf5b471108b0db4fb86ad4b7d36b3c794a67","cityId":"freiburg","kind":"place","category":"sport","title":"Haus des Schwarzwaldvereins e.V.","statement":"Haus des Schwarzwaldvereins e.V. ist in OpenStreetMap als sport eingetragen. Betrieb und Öffnungszeiten nicht geprüft.","status":"OSM-Eintrag, nicht offiziell geprüft","startDate":null,"endDate":null,"nextStep":"Aktuelle Angaben direkt beim Ort prüfen.","scale":"street","geometryPrecision":"approximate","reviewState":"candidate","asOf":"2026-09-26T17:22:08.637Z","sourceCount":1,"primarySource":{"url":"https://www.openstreetmap.org/way/48919494","title":"OpenStreetMap contributors","publisher":"OpenStreetMap contributors","licence":"ODbL 1.0","reuse":"open_licence"}}},{"type":"Feature","geometry":{"type":"Point","coordinates":[7.85135,48.00004]},"properties":{"id":"osm:way-491169920","version":"a45d2941866e71d8d4fc134622a98618e9a21b7222db1703f013f521ef0ba665","cityId":"freiburg","kind":"place","category":"school","title":"Merian-Schule","statement":"Merian-Schule ist in OpenStreetMap als school eingetragen. Betrieb und Öffnungszeiten nicht geprüft.","status":"OSM-Eintrag, nicht offiziell geprüft","startDate":null,"endDate":null,"nextStep":"Aktuelle Angaben direkt beim Ort prüfen.","scale":"street","geometryPrecision":"approximate","reviewState":"candidate","asOf":"2026-09-26T17:22:08.637Z","sourceCount":1,"primarySource":{"url":"https://www.openstreetmap.org/way/491169920","title":"OpenStreetMap contributors","publisher":"OpenStreetMap contributors","licence":"ODbL 1.0","reuse":"open_licence"}}},{"type":"Feature","geometry":{"type":"Point","coordinates":[7.83172,48.00148]},"properties":{"id":"osm:way-492332626","version":"cf80729b55e0acb672828a3b9204c28d0d7a64e80ede2a76192dd332e1e7d6b9","cityId":"freiburg","kind":"place","category":"kindergarten","title":"Kita am Eschholzpark","statement":"Kita am Eschholzpark ist in OpenStreetMap als kindergarten eingetragen. Betrieb und Öffnungszeiten nicht geprüft.","status":"OSM-Eintrag, nicht offiziell geprüft","startDate":null,"endDate":null,"nextStep":"Aktuelle Angaben direkt beim Ort prüfen.","scale":"street","geometryPrecision":"approximate","reviewState":"candidate","asOf":"2026-09-26T17:22:08.637Z","sourceCount":1,"primarySource":{"url":"https://www.openstreetmap.org/way/492332626","title":"OpenStreetMap contributors","publisher":"OpenStreetMap contributors","licence":"ODbL 1.0","reuse":"open_licence"}}},{"type":"Feature","geometry":{"type":"Point","coordinates":[7.83359,47.99452]},"properties":{"id":"osm:way-51205681","version":"1c8491f75a031949d34bdf7f574111d88cc460fe72abc165cda1803cb17c59e5","cityId":"freiburg","kind":"place","category":"community_centre","title":"LetzFetz","statement":"LetzFetz ist in OpenStreetMap als community_centre eingetragen. Betrieb und Öffnungszeiten nicht geprüft.","status":"OSM-Eintrag, nicht offiziell geprüft","startDate":null,"endDate":null,"nextStep":"Aktuelle Angaben direkt beim Ort prüfen.","scale":"street","geometryPrecision":"approximate","reviewState":"candidate","asOf":"2026-09-26T17:22:08.637Z","sourceCount":1,"primarySource":{"url":"https://www.openstreetmap.org/way/51205681","title":"OpenStreetMap contributors","publisher":"OpenStreetMap contributors","licence":"ODbL 1.0","reuse":"open_licence"}}},{"type":"Feature","geometry":{"type":"Point","coordinates":[7.80048,47.98317]},"properties":{"id":"osm:way-512849410","version":"81f97be4deb1203f8333ad73daad6bbf89f2772f29d630eae7fdff708b781881","cityId":"freiburg","kind":"place","category":"kindergarten","title":"Wellenreiter","statement":"Wellenreiter ist in OpenStreetMap als kindergarten eingetragen. Betrieb und Öffnungszeiten nicht geprüft.","status":"OSM-Eintrag, nicht offiziell geprüft","startDate":null,"endDate":null,"nextStep":"Aktuelle Angaben direkt beim Ort prüfen.","scale":"street","geometryPrecision":"approximate","reviewState":"candidate","asOf":"2026-09-26T17:22:08.637Z","sourceCount":1,"primarySource":{"url":"https://www.openstreetmap.org/way/512849410","title":"OpenStreetMap contributors","publisher":"OpenStreetMap contributors","licence":"ODbL 1.0","reuse":"open_licence"}}},{"type":"Feature","geometry":{"type":"Point","coordinates":[7.87697,47.98575]},"properties":{"id":"osm:way-521594045","version":"4f3380fa9c0c73b66860299ae9d27fd5b2cb45ccfeab3bbeadd78ab639d1d954","cityId":"freiburg","kind":"place","category":"soccer","title":"Bolzplatz Konrad-Günther-Park","statement":"Bolzplatz Konrad-Günther-Park ist in OpenStreetMap als soccer eingetragen. Betrieb und Öffnungszeiten nicht geprüft.","status":"OSM-Eintrag, nicht offiziell geprüft","startDate":null,"endDate":null,"nextStep":"Aktuelle Angaben direkt beim Ort prüfen.","scale":"street","geometryPrecision":"approximate","reviewState":"candidate","asOf":"2026-09-26T17:22:08.637Z","sourceCount":1,"primarySource":{"url":"https://www.openstreetmap.org/way/521594045","title":"OpenStreetMap contributors","publisher":"OpenStreetMap contributors","licence":"ODbL 1.0","reuse":"open_licence"}}},{"type":"Feature","geometry":{"type":"Point","coordinates":[7.88283,47.92429]},"properties":{"id":"osm:way-526779958","version":"b160de41c4e3f19c70160de0ad6b0137d35c59ce70203cbc4dfe06b4007eedfa","cityId":"freiburg","kind":"place","category":"climbing","title":"Unterer Stäpfelefelsen","statement":"Unterer Stäpfelefelsen ist in OpenStreetMap als climbing eingetragen. Öffnungszeiten in OSM eingetragen; nicht unabhängig bestätigt.","status":"OSM-Eintrag, nicht offiziell geprüft","startDate":null,"endDate":null,"nextStep":"Aktuelle Angaben direkt beim Ort prüfen.","scale":"street","geometryPrecision":"approximate","reviewState":"candidate","asOf":"2026-09-26T17:22:08.637Z","sourceCount":1,"primarySource":{"url":"https://www.openstreetmap.org/way/526779958","title":"OpenStreetMap contributors","publisher":"OpenStreetMap contributors","licence":"ODbL 1.0","reuse":"open_licence"}}},{"type":"Feature","geometry":{"type":"Point","coordinates":[7.88334,47.92356]},"properties":{"id":"osm:way-526779961","version":"b018aa35a1835c74966541b28954d63d59ff36340ef8c7f72a52e3f7071b0f8c","cityId":"freiburg","kind":"place","category":"climbing","title":"Oberer Stäpfelefelsen","statement":"Oberer Stäpfelefelsen ist in OpenStreetMap als climbing eingetragen. Öffnungszeiten in OSM eingetragen; nicht unabhängig bestätigt.","status":"OSM-Eintrag, nicht offiziell geprüft","startDate":null,"endDate":null,"nextStep":"Aktuelle Angaben direkt beim Ort prüfen.","scale":"street","geometryPrecision":"approximate","reviewState":"candidate","asOf":"2026-09-26T17:22:08.637Z","sourceCount":1,"primarySource":{"url":"https://www.openstreetmap.org/way/526779961","title":"OpenStreetMap contributors","publisher":"OpenStreetMap contributors","licence":"ODbL 1.0","reuse":"open_licence"}}},{"type":"Feature","geometry":{"type":"Point","coordinates":[7.84511,48.00493]},"properties":{"id":"osm:way-54827285","version":"a9f27d96cb6ac011b781ec2268b4b698fb62c14c55a83cbf45b4ec26376b1656","cityId":"freiburg","kind":"place","category":"school","title":"Lortzing-Schule","statement":"Lortzing-Schule ist in OpenStreetMap als school eingetragen. Betrieb und Öffnungszeiten nicht geprüft.","status":"OSM-Eintrag, nicht offiziell geprüft","startDate":null,"endDate":null,"nextStep":"Aktuelle Angaben direkt beim Ort prüfen.","scale":"street","geometryPrecision":"approximate","reviewState":"candidate","asOf":"2026-09-26T17:22:08.637Z","sourceCount":1,"primarySource":{"url":"https://www.openstreetmap.org/way/54827285","title":"OpenStreetMap contributors","publisher":"OpenStreetMap contributors","licence":"ODbL 1.0","reuse":"open_licence"}}},{"type":"Feature","geometry":{"type":"Point","coordinates":[7.72053,48.00108]},"properties":{"id":"osm:way-549600609","version":"be26b4d1f3304a8c814613b893976142ca25bfbc1a68e911e40e41c9e206fbf8","cityId":"freiburg","kind":"place","category":"school","title":"Tunibergschule","statement":"Tunibergschule ist in OpenStreetMap als school eingetragen. Betrieb und Öffnungszeiten nicht geprüft.","status":"OSM-Eintrag, nicht offiziell geprüft","startDate":null,"endDate":null,"nextStep":"Aktuelle Angaben direkt beim Ort prüfen.","scale":"street","geometryPrecision":"approximate","reviewState":"candidate","asOf":"2026-09-26T17:22:08.637Z","sourceCount":1,"primarySource":{"url":"https://www.openstreetmap.org/way/549600609","title":"OpenStreetMap contributors","publisher":"OpenStreetMap contributors","licence":"ODbL 1.0","reuse":"open_licence"}}},{"type":"Feature","geometry":{"type":"Point","coordinates":[7.80193,48.04931]},"properties":{"id":"osm:way-555309251","version":"08603a4c98e17f17586c29c3d62589f71d4a3e70c2646568522eb0cedd1fcc4d","cityId":"freiburg","kind":"place","category":"community_centre","title":"Michael-Denzlinger-Haus","statement":"Michael-Denzlinger-Haus ist in OpenStreetMap als community_centre eingetragen. Betrieb und Öffnungszeiten nicht geprüft.","status":"OSM-Eintrag, nicht offiziell geprüft","startDate":null,"endDate":null,"nextStep":"Aktuelle Angaben direkt beim Ort prüfen.","scale":"street","geometryPrecision":"approximate","reviewState":"candidate","asOf":"2026-09-26T17:22:08.637Z","sourceCount":1,"primarySource":{"url":"https://www.openstreetmap.org/way/555309251","title":"OpenStreetMap contributors","publisher":"OpenStreetMap contributors","licence":"ODbL 1.0","reuse":"open_licence"}}},{"type":"Feature","geometry":{"type":"Point","coordinates":[7.79564,48.0496]},"properties":{"id":"osm:way-558299416","version":"2250fbd8e4afe38cf7dcece7789d16e0ebde9fda4fd11895b9c9276d8dd9b01e","cityId":"freiburg","kind":"place","category":"community_centre","title":"Kinder- und Jugendhaus","statement":"Kinder- und Jugendhaus ist in OpenStreetMap als community_centre eingetragen. Betrieb und Öffnungszeiten nicht geprüft.","status":"OSM-Eintrag, nicht offiziell geprüft","startDate":null,"endDate":null,"nextStep":"Aktuelle Angaben direkt beim Ort prüfen.","scale":"street","geometryPrecision":"approximate","reviewState":"candidate","asOf":"2026-09-26T17:22:08.637Z","sourceCount":1,"primarySource":{"url":"https://www.openstreetmap.org/way/558299416","title":"OpenStreetMap contributors","publisher":"OpenStreetMap contributors","licence":"ODbL 1.0","reuse":"open_licence"}}},{"type":"Feature","geometry":{"type":"Point","coordinates":[7.69163,47.96706]},"properties":{"id":"osm:way-55868434","version":"1f30640563080031dff7462350059a1c889bee7f2489cff66a6d0a7519a3ff54","cityId":"freiburg","kind":"place","category":"soccer","title":"Hartplatz","statement":"Hartplatz ist in OpenStreetMap als soccer eingetragen. Betrieb und Öffnungszeiten nicht geprüft.","status":"OSM-Eintrag, nicht offiziell geprüft","startDate":null,"endDate":null,"nextStep":"Aktuelle Angaben direkt beim Ort prüfen.","scale":"street","geometryPrecision":"approximate","reviewState":"candidate","asOf":"2026-09-26T17:22:08.637Z","sourceCount":1,"primarySource":{"url":"https://www.openstreetmap.org/way/55868434","title":"OpenStreetMap contributors","publisher":"OpenStreetMap contributors","licence":"ODbL 1.0","reuse":"open_licence"}}},{"type":"Feature","geometry":{"type":"Point","coordinates":[7.80157,48.05029]},"properties":{"id":"osm:way-608107357","version":"87dadc2b5c291bbf912bfad78078b7ee0638475e65274d4b0a0c1fd10cfaa973","cityId":"freiburg","kind":"place","category":"library","title":"Öffentliche Bücherei","statement":"Öffentliche Bücherei ist in OpenStreetMap als library eingetragen. Öffnungszeiten in OSM eingetragen; nicht unabhängig bestätigt.","status":"OSM-Eintrag, nicht offiziell geprüft","startDate":null,"endDate":null,"nextStep":"Aktuelle Angaben direkt beim Ort prüfen.","scale":"street","geometryPrecision":"approximate","reviewState":"candidate","asOf":"2026-09-26T17:22:08.637Z","sourceCount":1,"primarySource":{"url":"https://www.openstreetmap.org/way/608107357","title":"OpenStreetMap contributors","publisher":"OpenStreetMap contributors","licence":"ODbL 1.0","reuse":"open_licence"}}},{"type":"Feature","geometry":{"type":"Point","coordinates":[7.80146,47.98383]},"properties":{"id":"osm:way-614477589","version":"f6c69a2b36ce480d4004720323a0468805c56108c996128c3bd28f0d0312bdf8","cityId":"freiburg","kind":"place","category":"fire_station","title":"Freiwillige Feuerwehr Freiburg | Abteilung 06 Sankt Georgen","statement":"Freiwillige Feuerwehr Freiburg | Abteilung 06 Sankt Georgen ist in OpenStreetMap als fire_station eingetragen. Betrieb und Öffnungszeiten nicht geprüft.","status":"OSM-Eintrag, nicht offiziell geprüft","startDate":null,"endDate":null,"nextStep":"Aktuelle Angaben direkt beim Ort prüfen.","scale":"street","geometryPrecision":"approximate","reviewState":"candidate","asOf":"2026-09-26T17:22:08.637Z","sourceCount":1,"primarySource":{"url":"https://www.openstreetmap.org/way/614477589","title":"OpenStreetMap contributors","publisher":"OpenStreetMap contributors","licence":"ODbL 1.0","reuse":"open_licence"}}},{"type":"Feature","geometry":{"type":"Point","coordinates":[7.85323,48.01517]},"properties":{"id":"osm:way-616290040","version":"2d0f9b78a061e123cbbbdd8fa5ba75ea9c76fb65517e93b0be38da1807f4b342","cityId":"freiburg","kind":"place","category":"kindergarten","title":"Kindertagesstätte Hornusstraße","statement":"Kindertagesstätte Hornusstraße ist in OpenStreetMap als kindergarten eingetragen. Öffnungszeiten in OSM eingetragen; nicht unabhängig bestätigt.","status":"OSM-Eintrag, nicht offiziell geprüft","startDate":null,"endDate":null,"nextStep":"Aktuelle Angaben direkt beim Ort prüfen.","scale":"street","geometryPrecision":"approximate","reviewState":"candidate","asOf":"2026-09-26T17:22:08.637Z","sourceCount":1,"primarySource":{"url":"https://www.openstreetmap.org/way/616290040","title":"OpenStreetMap contributors","publisher":"OpenStreetMap contributors","licence":"ODbL 1.0","reuse":"open_licence"}}},{"type":"Feature","geometry":{"type":"Point","coordinates":[7.8536,47.96877]},"properties":{"id":"osm:way-61645287","version":"7650cded5c4e43173283a09f7d2b851af77986171d76e2d4b03df74132e82c0c","cityId":"freiburg","kind":"place","category":"kindergarten","title":"Waldkindergarten Günterstal","statement":"Waldkindergarten Günterstal ist in OpenStreetMap als kindergarten eingetragen. Betrieb und Öffnungszeiten nicht geprüft.","status":"OSM-Eintrag, nicht offiziell geprüft","startDate":null,"endDate":null,"nextStep":"Aktuelle Angaben direkt beim Ort prüfen.","scale":"street","geometryPrecision":"approximate","reviewState":"candidate","asOf":"2026-09-26T17:22:08.637Z","sourceCount":1,"primarySource":{"url":"https://www.openstreetmap.org/way/61645287","title":"OpenStreetMap contributors","publisher":"OpenStreetMap contributors","licence":"ODbL 1.0","reuse":"open_licence"}}},{"type":"Feature","geometry":{"type":"Point","coordinates":[7.84567,48.00597]},"properties":{"id":"osm:way-617204771","version":"1afe458c58c0b12ee6180e594e19c6336738a979da919a5274315d6363141d22","cityId":"freiburg","kind":"place","category":"kindergarten","title":"St. Bernhard Kindergarten","statement":"St. Bernhard Kindergarten ist in OpenStreetMap als kindergarten eingetragen. Betrieb und Öffnungszeiten nicht geprüft.","status":"OSM-Eintrag, nicht offiziell geprüft","startDate":null,"endDate":null,"nextStep":"Aktuelle Angaben direkt beim Ort prüfen.","scale":"street","geometryPrecision":"approximate","reviewState":"candidate","asOf":"2026-09-26T17:22:08.637Z","sourceCount":1,"primarySource":{"url":"https://www.openstreetmap.org/way/617204771","title":"OpenStreetMap contributors","publisher":"OpenStreetMap contributors","licence":"ODbL 1.0","reuse":"open_licence"}}},{"type":"Feature","geometry":{"type":"Point","coordinates":[7.82992,47.9978]},"properties":{"id":"osm:way-617462272","version":"e62d1d33079abdd5a4165dd62532bc5df97609d759a2757c24543e8f3150fcae","cityId":"freiburg","kind":"place","category":"kindergarten","title":"Evangelischer Kindergarten d.Kreuzkirche","statement":"Evangelischer Kindergarten d.Kreuzkirche ist in OpenStreetMap als kindergarten eingetragen. Betrieb und Öffnungszeiten nicht geprüft.","status":"OSM-Eintrag, nicht offiziell geprüft","startDate":null,"endDate":null,"nextStep":"Aktuelle Angaben direkt beim Ort prüfen.","scale":"street","geometryPrecision":"approximate","reviewState":"candidate","asOf":"2026-09-26T17:22:08.637Z","sourceCount":1,"primarySource":{"url":"https://www.openstreetmap.org/way/617462272","title":"OpenStreetMap contributors","publisher":"OpenStreetMap contributors","licence":"ODbL 1.0","reuse":"open_licence"}}},{"type":"Feature","geometry":{"type":"Point","coordinates":[7.88023,47.922]},"properties":{"id":"osm:way-617881373","version":"b64413953ddbf0a406d0899fe03ed982735fd59db4cddc85540e977a69334d3f","cityId":"freiburg","kind":"place","category":"climbing","title":"Vorderer Stäpfelefelsen","statement":"Vorderer Stäpfelefelsen ist in OpenStreetMap als climbing eingetragen. Öffnungszeiten in OSM eingetragen; nicht unabhängig bestätigt.","status":"OSM-Eintrag, nicht offiziell geprüft","startDate":null,"endDate":null,"nextStep":"Aktuelle Angaben direkt beim Ort prüfen.","scale":"street","geometryPrecision":"approximate","reviewState":"candidate","asOf":"2026-09-26T17:22:08.637Z","sourceCount":1,"primarySource":{"url":"https://www.openstreetmap.org/way/617881373","title":"OpenStreetMap contributors","publisher":"OpenStreetMap contributors","licence":"ODbL 1.0","reuse":"open_licence"}}},{"type":"Feature","geometry":{"type":"Point","coordinates":[7.84913,48.01556]},"properties":{"id":"osm:way-619730103","version":"51606ea6e42933caf0b121a32ab6b32642aae6278ea79d74cf2aea49025b3fb5","cityId":"freiburg","kind":"place","category":"kindergarten","title":"Kita Shalom","statement":"Kita Shalom ist in OpenStreetMap als kindergarten eingetragen. Öffnungszeiten in OSM eingetragen; nicht unabhängig bestätigt.","status":"OSM-Eintrag, nicht offiziell geprüft","startDate":null,"endDate":null,"nextStep":"Aktuelle Angaben direkt beim Ort prüfen.","scale":"street","geometryPrecision":"approximate","reviewState":"candidate","asOf":"2026-09-26T17:22:08.637Z","sourceCount":1,"primarySource":{"url":"https://www.openstreetmap.org/way/619730103","title":"OpenStreetMap contributors","publisher":"OpenStreetMap contributors","licence":"ODbL 1.0","reuse":"open_licence"}}},{"type":"Feature","geometry":{"type":"Point","coordinates":[7.84055,48.00101]},"properties":{"id":"osm:way-620875854","version":"8180367b8005ec5eb004781c0484d87c29f9f31d514bf29ec8b28af1de5b6c8f","cityId":"freiburg","kind":"place","category":"kindergarten","title":"Tagesstätte Uni-Kita","statement":"Tagesstätte Uni-Kita ist in OpenStreetMap als kindergarten eingetragen. Betrieb und Öffnungszeiten nicht geprüft.","status":"OSM-Eintrag, nicht offiziell geprüft","startDate":null,"endDate":null,"nextStep":"Aktuelle Angaben direkt beim Ort prüfen.","scale":"street","geometryPrecision":"approximate","reviewState":"candidate","asOf":"2026-09-26T17:22:08.637Z","sourceCount":1,"primarySource":{"url":"https://www.openstreetmap.org/way/620875854","title":"OpenStreetMap contributors","publisher":"OpenStreetMap contributors","licence":"ODbL 1.0","reuse":"open_licence"}}},{"type":"Feature","geometry":{"type":"Point","coordinates":[7.84302,47.98189]},"properties":{"id":"osm:way-620949492","version":"32747c361c7c28878fa3f9e6576f7e0f5da84d795bd9d3ca9e5bfc79948b2ec0","cityId":"freiburg","kind":"place","category":"kindergarten","title":"Maria Montessori","statement":"Maria Montessori ist in OpenStreetMap als kindergarten eingetragen. Betrieb und Öffnungszeiten nicht geprüft.","status":"OSM-Eintrag, nicht offiziell geprüft","startDate":null,"endDate":null,"nextStep":"Aktuelle Angaben direkt beim Ort prüfen.","scale":"street","geometryPrecision":"approximate","reviewState":"candidate","asOf":"2026-09-26T17:22:08.637Z","sourceCount":1,"primarySource":{"url":"https://www.openstreetmap.org/way/620949492","title":"OpenStreetMap contributors","publisher":"OpenStreetMap contributors","licence":"ODbL 1.0","reuse":"open_licence"}}},{"type":"Feature","geometry":{"type":"Point","coordinates":[7.84804,47.98397]},"properties":{"id":"osm:way-620950018","version":"475731d44ee114c5980fc0465a9dd5924b7636ab4525a816ae50b6e21c801cc9","cityId":"freiburg","kind":"place","category":"school","title":"Vianova-Schule","statement":"Vianova-Schule ist in OpenStreetMap als school eingetragen. Betrieb und Öffnungszeiten nicht geprüft.","status":"OSM-Eintrag, nicht offiziell geprüft","startDate":null,"endDate":null,"nextStep":"Aktuelle Angaben direkt beim Ort prüfen.","scale":"street","geometryPrecision":"approximate","reviewState":"candidate","asOf":"2026-09-26T17:22:08.637Z","sourceCount":1,"primarySource":{"url":"https://www.openstreetmap.org/way/620950018","title":"OpenStreetMap contributors","publisher":"OpenStreetMap contributors","licence":"ODbL 1.0","reuse":"open_licence"}}},{"type":"Feature","geometry":{"type":"Point","coordinates":[7.8049,47.9807]},"properties":{"id":"osm:way-626007621","version":"25466278d177f8479b794775ed164275c95b7365c07be7c4dc0b9d497c8245f7","cityId":"freiburg","kind":"place","category":"kindergarten","title":"Kinderhaus St. Georg","statement":"Kinderhaus St. Georg ist in OpenStreetMap als kindergarten eingetragen. Betrieb und Öffnungszeiten nicht geprüft.","status":"OSM-Eintrag, nicht offiziell geprüft","startDate":null,"endDate":null,"nextStep":"Aktuelle Angaben direkt beim Ort prüfen.","scale":"street","geometryPrecision":"approximate","reviewState":"candidate","asOf":"2026-09-26T17:22:08.637Z","sourceCount":1,"primarySource":{"url":"https://www.openstreetmap.org/way/626007621","title":"OpenStreetMap contributors","publisher":"OpenStreetMap contributors","licence":"ODbL 1.0","reuse":"open_licence"}}},{"type":"Feature","geometry":{"type":"Point","coordinates":[7.82951,47.98834]},"properties":{"id":"osm:way-650029159","version":"720a13b433b3c9bb6f98e32797eebc17aa5fe5a2bfa4b994f017bbfb711ca963","cityId":"freiburg","kind":"place","category":"kindergarten","title":"Kita Grünschnabel","statement":"Kita Grünschnabel ist in OpenStreetMap als kindergarten eingetragen. Betrieb und Öffnungszeiten nicht geprüft.","status":"OSM-Eintrag, nicht offiziell geprüft","startDate":null,"endDate":null,"nextStep":"Aktuelle Angaben direkt beim Ort prüfen.","scale":"street","geometryPrecision":"approximate","reviewState":"candidate","asOf":"2026-09-26T17:22:08.637Z","sourceCount":1,"primarySource":{"url":"https://www.openstreetmap.org/way/650029159","title":"OpenStreetMap contributors","publisher":"OpenStreetMap contributors","licence":"ODbL 1.0","reuse":"open_licence"}}},{"type":"Feature","geometry":{"type":"Point","coordinates":[7.82389,47.97776]},"properties":{"id":"osm:way-651217533","version":"baeec6688aa3d7ba06e58fe9b3ba44afdc1df79333bfe5470339f07dec403c44","cityId":"freiburg","kind":"place","category":"kindergarten","title":"Familienzentrum Kita Wiesengrün","statement":"Familienzentrum Kita Wiesengrün ist in OpenStreetMap als kindergarten eingetragen. Betrieb und Öffnungszeiten nicht geprüft.","status":"OSM-Eintrag, nicht offiziell geprüft","startDate":null,"endDate":null,"nextStep":"Aktuelle Angaben direkt beim Ort prüfen.","scale":"street","geometryPrecision":"approximate","reviewState":"candidate","asOf":"2026-09-26T17:22:08.637Z","sourceCount":1,"primarySource":{"url":"https://www.openstreetmap.org/way/651217533","title":"OpenStreetMap contributors","publisher":"OpenStreetMap contributors","licence":"ODbL 1.0","reuse":"open_licence"}}},{"type":"Feature","geometry":{"type":"Point","coordinates":[7.81417,47.9785]},"properties":{"id":"osm:way-651226258","version":"f73f6d863d8d1a61e13194f0e76a23e7c4a1bb44da837ff00eca4e0aac7281ab","cityId":"freiburg","kind":"place","category":"kindergarten","title":"KiTa St. Peter und Paul","statement":"KiTa St. Peter und Paul ist in OpenStreetMap als kindergarten eingetragen. Betrieb und Öffnungszeiten nicht geprüft.","status":"OSM-Eintrag, nicht offiziell geprüft","startDate":null,"endDate":null,"nextStep":"Aktuelle Angaben direkt beim Ort prüfen.","scale":"street","geometryPrecision":"approximate","reviewState":"candidate","asOf":"2026-09-26T17:22:08.637Z","sourceCount":1,"primarySource":{"url":"https://www.openstreetmap.org/way/651226258","title":"OpenStreetMap contributors","publisher":"OpenStreetMap contributors","licence":"ODbL 1.0","reuse":"open_licence"}}},{"type":"Feature","geometry":{"type":"Point","coordinates":[7.83272,48.00576]},"properties":{"id":"osm:way-652911100","version":"9d30760eb1412cba9276100950cb9b410bc5b21eb0429d10cdbb65ae82831403","cityId":"freiburg","kind":"place","category":"kindergarten","title":"Kindergarten St. Josef","statement":"Kindergarten St. Josef ist in OpenStreetMap als kindergarten eingetragen. Betrieb und Öffnungszeiten nicht geprüft.","status":"OSM-Eintrag, nicht offiziell geprüft","startDate":null,"endDate":null,"nextStep":"Aktuelle Angaben direkt beim Ort prüfen.","scale":"street","geometryPrecision":"approximate","reviewState":"candidate","asOf":"2026-09-26T17:22:08.637Z","sourceCount":1,"primarySource":{"url":"https://www.openstreetmap.org/way/652911100","title":"OpenStreetMap contributors","publisher":"OpenStreetMap contributors","licence":"ODbL 1.0","reuse":"open_licence"}}},{"type":"Feature","geometry":{"type":"Point","coordinates":[7.81163,47.99706]},"properties":{"id":"osm:way-656281950","version":"40603c61e289433419decf4605a44228a9d96b57d646e56dc7d95704ae8d3a81","cityId":"freiburg","kind":"place","category":"kindergarten","title":"KLEEBLATT","statement":"KLEEBLATT ist in OpenStreetMap als kindergarten eingetragen. Betrieb und Öffnungszeiten nicht geprüft.","status":"OSM-Eintrag, nicht offiziell geprüft","startDate":null,"endDate":null,"nextStep":"Aktuelle Angaben direkt beim Ort prüfen.","scale":"street","geometryPrecision":"approximate","reviewState":"candidate","asOf":"2026-09-26T17:22:08.637Z","sourceCount":1,"primarySource":{"url":"https://www.openstreetmap.org/way/656281950","title":"OpenStreetMap contributors","publisher":"OpenStreetMap contributors","licence":"ODbL 1.0","reuse":"open_licence"}}},{"type":"Feature","geometry":{"type":"Point","coordinates":[7.80833,47.99178]},"properties":{"id":"osm:way-656281951","version":"746f20c621330cccb136712d6b505d5b381e6967c16bd7f8ce6d4241d6dd8f85","cityId":"freiburg","kind":"place","category":"kindergarten","title":"Waldorfkindergarten Auf der Haid","statement":"Waldorfkindergarten Auf der Haid ist in OpenStreetMap als kindergarten eingetragen. Betrieb und Öffnungszeiten nicht geprüft.","status":"OSM-Eintrag, nicht offiziell geprüft","startDate":null,"endDate":null,"nextStep":"Aktuelle Angaben direkt beim Ort prüfen.","scale":"street","geometryPrecision":"approximate","reviewState":"candidate","asOf":"2026-09-26T17:22:08.637Z","sourceCount":1,"primarySource":{"url":"https://www.openstreetmap.org/way/656281951","title":"OpenStreetMap contributors","publisher":"OpenStreetMap contributors","licence":"ODbL 1.0","reuse":"open_licence"}}},{"type":"Feature","geometry":{"type":"Point","coordinates":[7.79301,47.99433]},"properties":{"id":"osm:way-656281952","version":"80c4760c2dda2aee77f53352ead42d40400d97c575c7cebf54f57073985fd208","cityId":"freiburg","kind":"place","category":"kindergarten","title":"Kita Zum Kuckuck","statement":"Kita Zum Kuckuck ist in OpenStreetMap als kindergarten eingetragen. Betrieb und Öffnungszeiten nicht geprüft.","status":"OSM-Eintrag, nicht offiziell geprüft","startDate":null,"endDate":null,"nextStep":"Aktuelle Angaben direkt beim Ort prüfen.","scale":"street","geometryPrecision":"approximate","reviewState":"candidate","asOf":"2026-09-26T17:22:08.637Z","sourceCount":1,"primarySource":{"url":"https://www.openstreetmap.org/way/656281952","title":"OpenStreetMap contributors","publisher":"OpenStreetMap contributors","licence":"ODbL 1.0","reuse":"open_licence"}}},{"type":"Feature","geometry":{"type":"Point","coordinates":[7.82241,48.00298]},"properties":{"id":"osm:way-656595090","version":"629e6f7a7d8c28db5e88273b854e5b7dfb23dff7a7936bb578ebdf87c8c9e0ff","cityId":"freiburg","kind":"place","category":"kindergarten","title":"Löwenzahn","statement":"Löwenzahn ist in OpenStreetMap als kindergarten eingetragen. Betrieb und Öffnungszeiten nicht geprüft.","status":"OSM-Eintrag, nicht offiziell geprüft","startDate":null,"endDate":null,"nextStep":"Aktuelle Angaben direkt beim Ort prüfen.","scale":"street","geometryPrecision":"approximate","reviewState":"candidate","asOf":"2026-09-26T17:22:08.637Z","sourceCount":1,"primarySource":{"url":"https://www.openstreetmap.org/way/656595090","title":"OpenStreetMap contributors","publisher":"OpenStreetMap contributors","licence":"ODbL 1.0","reuse":"open_licence"}}},{"type":"Feature","geometry":{"type":"Point","coordinates":[7.87469,48.00551]},"properties":{"id":"osm:way-656606617","version":"062ab14080c8dcd42771b04ab2066daa113af72c0996f3dc446df9fdd81fb19a","cityId":"freiburg","kind":"place","category":"school","title":"Haus Tobias","statement":"Haus Tobias ist in OpenStreetMap als school eingetragen. Betrieb und Öffnungszeiten nicht geprüft.","status":"OSM-Eintrag, nicht offiziell geprüft","startDate":null,"endDate":null,"nextStep":"Aktuelle Angaben direkt beim Ort prüfen.","scale":"street","geometryPrecision":"approximate","reviewState":"candidate","asOf":"2026-09-26T17:22:08.637Z","sourceCount":1,"primarySource":{"url":"https://www.openstreetmap.org/way/656606617","title":"OpenStreetMap contributors","publisher":"OpenStreetMap contributors","licence":"ODbL 1.0","reuse":"open_licence"}}},{"type":"Feature","geometry":{"type":"Point","coordinates":[7.81237,47.99537]},"properties":{"id":"osm:way-660221141","version":"85552574db804bb4e7f5d0c2b225aff09b0535a3dbea4db8fae4042c42f91a8f","cityId":"freiburg","kind":"place","category":"kindergarten","title":"Heilpädagogischer Hort Weingarten","statement":"Heilpädagogischer Hort Weingarten ist in OpenStreetMap als kindergarten eingetragen. Betrieb und Öffnungszeiten nicht geprüft.","status":"OSM-Eintrag, nicht offiziell geprüft","startDate":null,"endDate":null,"nextStep":"Aktuelle Angaben direkt beim Ort prüfen.","scale":"street","geometryPrecision":"approximate","reviewState":"candidate","asOf":"2026-09-26T17:22:08.637Z","sourceCount":1,"primarySource":{"url":"https://www.openstreetmap.org/way/660221141","title":"OpenStreetMap contributors","publisher":"OpenStreetMap contributors","licence":"ODbL 1.0","reuse":"open_licence"}}},{"type":"Feature","geometry":{"type":"Point","coordinates":[7.91287,47.98389]},"properties":{"id":"osm:way-666462944","version":"7e8fd9c9263bc88faa62ea2e696589cce2ea43328fdf44de175a4cc788f88a13","cityId":"freiburg","kind":"place","category":"soccer","title":"Sportplatz Ebnet","statement":"Sportplatz Ebnet ist in OpenStreetMap als soccer eingetragen. Betrieb und Öffnungszeiten nicht geprüft.","status":"OSM-Eintrag, nicht offiziell geprüft","startDate":null,"endDate":null,"nextStep":"Aktuelle Angaben direkt beim Ort prüfen.","scale":"street","geometryPrecision":"approximate","reviewState":"candidate","asOf":"2026-09-26T17:22:08.637Z","sourceCount":1,"primarySource":{"url":"https://www.openstreetmap.org/way/666462944","title":"OpenStreetMap contributors","publisher":"OpenStreetMap contributors","licence":"ODbL 1.0","reuse":"open_licence"}}},{"type":"Feature","geometry":{"type":"Point","coordinates":[7.91247,47.98343]},"properties":{"id":"osm:way-666462948","version":"42f51147546991369cd1e983adefb811cc56dc8776ae635e7b830c9646fb1108","cityId":"freiburg","kind":"place","category":"soccer","title":"Nebenplatz","statement":"Nebenplatz ist in OpenStreetMap als soccer eingetragen. Betrieb und Öffnungszeiten nicht geprüft.","status":"OSM-Eintrag, nicht offiziell geprüft","startDate":null,"endDate":null,"nextStep":"Aktuelle Angaben direkt beim Ort prüfen.","scale":"street","geometryPrecision":"approximate","reviewState":"candidate","asOf":"2026-09-26T17:22:08.637Z","sourceCount":1,"primarySource":{"url":"https://www.openstreetmap.org/way/666462948","title":"OpenStreetMap contributors","publisher":"OpenStreetMap contributors","licence":"ODbL 1.0","reuse":"open_licence"}}},{"type":"Feature","geometry":{"type":"Point","coordinates":[7.91308,47.98416]},"properties":{"id":"osm:way-666462949","version":"381fc0453d3811e63af775f52054f90d2d36a159cd5a0fa0f6a55eaafb7f840f","cityId":"freiburg","kind":"place","category":"soccer","title":"Hauptplatz","statement":"Hauptplatz ist in OpenStreetMap als soccer eingetragen. Betrieb und Öffnungszeiten nicht geprüft.","status":"OSM-Eintrag, nicht offiziell geprüft","startDate":null,"endDate":null,"nextStep":"Aktuelle Angaben direkt beim Ort prüfen.","scale":"street","geometryPrecision":"approximate","reviewState":"candidate","asOf":"2026-09-26T17:22:08.637Z","sourceCount":1,"primarySource":{"url":"https://www.openstreetmap.org/way/666462949","title":"OpenStreetMap contributors","publisher":"OpenStreetMap contributors","licence":"ODbL 1.0","reuse":"open_licence"}}},{"type":"Feature","geometry":{"type":"Point","coordinates":[7.72353,48.00135]},"properties":{"id":"osm:way-67252422","version":"74bc6c9e59b2a9c879d908c46df3c7782ab72bf153a5f22b4e173bc53f7256fb","cityId":"freiburg","kind":"place","category":"sport","title":"Vereinsheim Tennis-Club Opfingen","statement":"Vereinsheim Tennis-Club Opfingen ist in OpenStreetMap als sport eingetragen. Betrieb und Öffnungszeiten nicht geprüft.","status":"OSM-Eintrag, nicht offiziell geprüft","startDate":null,"endDate":null,"nextStep":"Aktuelle Angaben direkt beim Ort prüfen.","scale":"street","geometryPrecision":"approximate","reviewState":"candidate","asOf":"2026-09-26T17:22:08.637Z","sourceCount":1,"primarySource":{"url":"https://www.openstreetmap.org/way/67252422","title":"OpenStreetMap contributors","publisher":"OpenStreetMap contributors","licence":"ODbL 1.0","reuse":"open_licence"}}},{"type":"Feature","geometry":{"type":"Point","coordinates":[7.72036,48.0004]},"properties":{"id":"osm:way-67261166","version":"613a56e91395ea7e55956ff59fb7a17790cb740ebd5c82ed390d335aa14b277a","cityId":"freiburg","kind":"place","category":"fire_station","title":"Freiwillige Feuerwehr Freiburg | Abteilung 10 Opfingen","statement":"Freiwillige Feuerwehr Freiburg | Abteilung 10 Opfingen ist in OpenStreetMap als fire_station eingetragen. Betrieb und Öffnungszeiten nicht geprüft.","status":"OSM-Eintrag, nicht offiziell geprüft","startDate":null,"endDate":null,"nextStep":"Aktuelle Angaben direkt beim Ort prüfen.","scale":"street","geometryPrecision":"approximate","reviewState":"candidate","asOf":"2026-09-26T17:22:08.637Z","sourceCount":1,"primarySource":{"url":"https://www.openstreetmap.org/way/67261166","title":"OpenStreetMap contributors","publisher":"OpenStreetMap contributors","licence":"ODbL 1.0","reuse":"open_licence"}}},{"type":"Feature","geometry":{"type":"Point","coordinates":[7.84079,48.00053]},"properties":{"id":"osm:way-696765397","version":"a5da775fde345280e0af0eceb881209054c336540586990f00d7560dac9179d4","cityId":"freiburg","kind":"place","category":"supermarket","title":"Ariana Orient House","statement":"Ariana Orient House ist in OpenStreetMap als supermarket eingetragen. Öffnungszeiten in OSM eingetragen; nicht unabhängig bestätigt.","status":"OSM-Eintrag, nicht offiziell geprüft","startDate":null,"endDate":null,"nextStep":"Aktuelle Angaben direkt beim Ort prüfen.","scale":"street","geometryPrecision":"approximate","reviewState":"candidate","asOf":"2026-09-26T17:22:08.637Z","sourceCount":1,"primarySource":{"url":"https://www.openstreetmap.org/way/696765397","title":"OpenStreetMap contributors","publisher":"OpenStreetMap contributors","licence":"ODbL 1.0","reuse":"open_licence"}}},{"type":"Feature","geometry":{"type":"Point","coordinates":[7.90356,47.98587]},"properties":{"id":"osm:way-730186559","version":"70463a6ea89281c60afbf66c8a45d416adface7bef36b7a1af27691231542db8","cityId":"freiburg","kind":"place","category":"kindergarten","title":"Waldorfkindergarten Morgenstern e.V.","statement":"Waldorfkindergarten Morgenstern e.V. ist in OpenStreetMap als kindergarten eingetragen. Betrieb und Öffnungszeiten nicht geprüft.","status":"OSM-Eintrag, nicht offiziell geprüft","startDate":null,"endDate":null,"nextStep":"Aktuelle Angaben direkt beim Ort prüfen.","scale":"street","geometryPrecision":"approximate","reviewState":"candidate","asOf":"2026-09-26T17:22:08.637Z","sourceCount":1,"primarySource":{"url":"https://www.openstreetmap.org/way/730186559","title":"OpenStreetMap contributors","publisher":"OpenStreetMap contributors","licence":"ODbL 1.0","reuse":"open_licence"}}},{"type":"Feature","geometry":{"type":"Point","coordinates":[7.80299,47.97893]},"properties":{"id":"osm:way-770922993","version":"3f39ab8f012122e528c3755b58b0dc4d430d8ee42df7752dc98f70f53efa3e38","cityId":"freiburg","kind":"place","category":"community_centre","title":"Stubenareal","statement":"Stubenareal ist in OpenStreetMap als community_centre eingetragen. Betrieb und Öffnungszeiten nicht geprüft.","status":"OSM-Eintrag, nicht offiziell geprüft","startDate":null,"endDate":null,"nextStep":"Aktuelle Angaben direkt beim Ort prüfen.","scale":"street","geometryPrecision":"approximate","reviewState":"candidate","asOf":"2026-09-26T17:22:08.637Z","sourceCount":1,"primarySource":{"url":"https://www.openstreetmap.org/way/770922993","title":"OpenStreetMap contributors","publisher":"OpenStreetMap contributors","licence":"ODbL 1.0","reuse":"open_licence"}}},{"type":"Feature","geometry":{"type":"Point","coordinates":[7.89042,47.97704]},"properties":{"id":"osm:way-775698999","version":"9ffcf26af4f17fd6f57295be7eb8522089fa9ba36d969e2b35e7a84ce8d4af3f","cityId":"freiburg","kind":"place","category":"kindergarten","title":"Kita Eichbergkinder","statement":"Kita Eichbergkinder ist in OpenStreetMap als kindergarten eingetragen. Betrieb und Öffnungszeiten nicht geprüft.","status":"OSM-Eintrag, nicht offiziell geprüft","startDate":null,"endDate":null,"nextStep":"Aktuelle Angaben direkt beim Ort prüfen.","scale":"street","geometryPrecision":"approximate","reviewState":"candidate","asOf":"2026-09-26T17:22:08.637Z","sourceCount":1,"primarySource":{"url":"https://www.openstreetmap.org/way/775698999","title":"OpenStreetMap contributors","publisher":"OpenStreetMap contributors","licence":"ODbL 1.0","reuse":"open_licence"}}},{"type":"Feature","geometry":{"type":"Point","coordinates":[7.79883,48.04785]},"properties":{"id":"osm:way-78489728","version":"7dd48ce539c23de42c169ad7244c8817913dbeae736f8bd5afc09e134005781a","cityId":"freiburg","kind":"place","category":"kindergarten","title":"Kita Löwenzahn","statement":"Kita Löwenzahn ist in OpenStreetMap als kindergarten eingetragen. Betrieb und Öffnungszeiten nicht geprüft.","status":"OSM-Eintrag, nicht offiziell geprüft","startDate":null,"endDate":null,"nextStep":"Aktuelle Angaben direkt beim Ort prüfen.","scale":"street","geometryPrecision":"approximate","reviewState":"candidate","asOf":"2026-09-26T17:22:08.637Z","sourceCount":1,"primarySource":{"url":"https://www.openstreetmap.org/way/78489728","title":"OpenStreetMap contributors","publisher":"OpenStreetMap contributors","licence":"ODbL 1.0","reuse":"open_licence"}}},{"type":"Feature","geometry":{"type":"Point","coordinates":[7.81324,48.02428]},"properties":{"id":"osm:way-79686161","version":"5aa5f01178d3d5a69ce9c89dc03d2a5cd0e96be1a63c8bcfd850b8d76d9cab95","cityId":"freiburg","kind":"place","category":"school","title":"Freie Christliche Schule","statement":"Freie Christliche Schule ist in OpenStreetMap als school eingetragen. Betrieb und Öffnungszeiten nicht geprüft.","status":"OSM-Eintrag, nicht offiziell geprüft","startDate":null,"endDate":null,"nextStep":"Aktuelle Angaben direkt beim Ort prüfen.","scale":"street","geometryPrecision":"approximate","reviewState":"candidate","asOf":"2026-09-26T17:22:08.637Z","sourceCount":1,"primarySource":{"url":"https://www.openstreetmap.org/way/79686161","title":"OpenStreetMap contributors","publisher":"OpenStreetMap contributors","licence":"ODbL 1.0","reuse":"open_licence"}}},{"type":"Feature","geometry":{"type":"Point","coordinates":[7.72335,48.00117]},"properties":{"id":"osm:way-800531485","version":"20444fc04c2a1f53a4492fdc98a1a30f8747ab605f0b31ee0b9a897585e0eafd","cityId":"freiburg","kind":"place","category":"tennis","title":"Tennis-Club Opfingen e.V.","statement":"Tennis-Club Opfingen e.V. ist in OpenStreetMap als tennis eingetragen. Betrieb und Öffnungszeiten nicht geprüft.","status":"OSM-Eintrag, nicht offiziell geprüft","startDate":null,"endDate":null,"nextStep":"Aktuelle Angaben direkt beim Ort prüfen.","scale":"street","geometryPrecision":"approximate","reviewState":"candidate","asOf":"2026-09-26T17:22:08.637Z","sourceCount":1,"primarySource":{"url":"https://www.openstreetmap.org/way/800531485","title":"OpenStreetMap contributors","publisher":"OpenStreetMap contributors","licence":"ODbL 1.0","reuse":"open_licence"}}},{"type":"Feature","geometry":{"type":"Point","coordinates":[7.7237,48.00191]},"properties":{"id":"osm:way-800531488","version":"42fa9ff1629afde8cb81d11e140d8719ff4645aff51cc2ba35cb154d54593bd3","cityId":"freiburg","kind":"place","category":"athletics;soccer","title":"Sportverein Opfingen e.V.","statement":"Sportverein Opfingen e.V. ist in OpenStreetMap als athletics;soccer eingetragen. Betrieb und Öffnungszeiten nicht geprüft.","status":"OSM-Eintrag, nicht offiziell geprüft","startDate":null,"endDate":null,"nextStep":"Aktuelle Angaben direkt beim Ort prüfen.","scale":"street","geometryPrecision":"approximate","reviewState":"candidate","asOf":"2026-09-26T17:22:08.637Z","sourceCount":1,"primarySource":{"url":"https://www.openstreetmap.org/way/800531488","title":"OpenStreetMap contributors","publisher":"OpenStreetMap contributors","licence":"ODbL 1.0","reuse":"open_licence"}}},{"type":"Feature","geometry":{"type":"Point","coordinates":[7.83046,48.02009]},"properties":{"id":"osm:way-815493209","version":"f785199c35c9c515da0e3353e5a0f9f6feb932134e77c2f20f5fb92547529813","cityId":"freiburg","kind":"place","category":"soccer","title":"Trainingsplatz 1","statement":"Trainingsplatz 1 ist in OpenStreetMap als soccer eingetragen. Betrieb und Öffnungszeiten nicht geprüft.","status":"OSM-Eintrag, nicht offiziell geprüft","startDate":null,"endDate":null,"nextStep":"Aktuelle Angaben direkt beim Ort prüfen.","scale":"street","geometryPrecision":"approximate","reviewState":"candidate","asOf":"2026-09-26T17:22:08.637Z","sourceCount":1,"primarySource":{"url":"https://www.openstreetmap.org/way/815493209","title":"OpenStreetMap contributors","publisher":"OpenStreetMap contributors","licence":"ODbL 1.0","reuse":"open_licence"}}},{"type":"Feature","geometry":{"type":"Point","coordinates":[7.83112,48.01932]},"properties":{"id":"osm:way-815493210","version":"f7a83dfa296d9a7f113c3f186951babafd224db8208d53197b35499648aedd03","cityId":"freiburg","kind":"place","category":"soccer","title":"Trainingsplatz 2","statement":"Trainingsplatz 2 ist in OpenStreetMap als soccer eingetragen. Betrieb und Öffnungszeiten nicht geprüft.","status":"OSM-Eintrag, nicht offiziell geprüft","startDate":null,"endDate":null,"nextStep":"Aktuelle Angaben direkt beim Ort prüfen.","scale":"street","geometryPrecision":"approximate","reviewState":"candidate","asOf":"2026-09-26T17:22:08.637Z","sourceCount":1,"primarySource":{"url":"https://www.openstreetmap.org/way/815493210","title":"OpenStreetMap contributors","publisher":"OpenStreetMap contributors","licence":"ODbL 1.0","reuse":"open_licence"}}},{"type":"Feature","geometry":{"type":"Point","coordinates":[7.8268,47.99896]},"properties":{"id":"osm:way-82294066","version":"eaeb8167b0312dc71aeed44e577233101a375b42aec4a79efa07cdc0017745ea","cityId":"freiburg","kind":"place","category":"kindergarten","title":"Kindergarten Sankt Marien","statement":"Kindergarten Sankt Marien ist in OpenStreetMap als kindergarten eingetragen. Betrieb und Öffnungszeiten nicht geprüft.","status":"OSM-Eintrag, nicht offiziell geprüft","startDate":null,"endDate":null,"nextStep":"Aktuelle Angaben direkt beim Ort prüfen.","scale":"street","geometryPrecision":"approximate","reviewState":"candidate","asOf":"2026-09-26T17:22:08.637Z","sourceCount":1,"primarySource":{"url":"https://www.openstreetmap.org/way/82294066","title":"OpenStreetMap contributors","publisher":"OpenStreetMap contributors","licence":"ODbL 1.0","reuse":"open_licence"}}},{"type":"Feature","geometry":{"type":"Point","coordinates":[7.83131,47.99915]},"properties":{"id":"osm:way-83372944","version":"ae3751b6b3f3692a86d4f6e669066d271bd7647f514394a2fcb20d6e1d71c606","cityId":"freiburg","kind":"place","category":"school","title":"Max-Weber-Schule","statement":"Max-Weber-Schule ist in OpenStreetMap als school eingetragen. Öffnungszeiten in OSM eingetragen; nicht unabhängig bestätigt.","status":"OSM-Eintrag, nicht offiziell geprüft","startDate":null,"endDate":null,"nextStep":"Aktuelle Angaben direkt beim Ort prüfen.","scale":"street","geometryPrecision":"approximate","reviewState":"candidate","asOf":"2026-09-26T17:22:08.637Z","sourceCount":1,"primarySource":{"url":"https://www.openstreetmap.org/way/83372944","title":"OpenStreetMap contributors","publisher":"OpenStreetMap contributors","licence":"ODbL 1.0","reuse":"open_licence"}}},{"type":"Feature","geometry":{"type":"Point","coordinates":[7.80484,47.99584]},"properties":{"id":"osm:way-83921807","version":"2e8b0cdb9e17e34021462a08774390b6ea576f3d48ab34393cdb9fdd084e9f8a","cityId":"freiburg","kind":"place","category":"kindergarten","title":"KiTa Wirbelwind","statement":"KiTa Wirbelwind ist in OpenStreetMap als kindergarten eingetragen. Betrieb und Öffnungszeiten nicht geprüft.","status":"OSM-Eintrag, nicht offiziell geprüft","startDate":null,"endDate":null,"nextStep":"Aktuelle Angaben direkt beim Ort prüfen.","scale":"street","geometryPrecision":"approximate","reviewState":"candidate","asOf":"2026-09-26T17:22:08.637Z","sourceCount":1,"primarySource":{"url":"https://www.openstreetmap.org/way/83921807","title":"OpenStreetMap contributors","publisher":"OpenStreetMap contributors","licence":"ODbL 1.0","reuse":"open_licence"}}},{"type":"Feature","geometry":{"type":"Point","coordinates":[7.72711,48.02189]},"properties":{"id":"osm:way-84301644","version":"d3fe4d7de34ade81e8e820136cd3c77d3c363fe2503576e571246936aca42ef0","cityId":"freiburg","kind":"place","category":"kindergarten","title":"Flohkiste","statement":"Flohkiste ist in OpenStreetMap als kindergarten eingetragen. Betrieb und Öffnungszeiten nicht geprüft.","status":"OSM-Eintrag, nicht offiziell geprüft","startDate":null,"endDate":null,"nextStep":"Aktuelle Angaben direkt beim Ort prüfen.","scale":"street","geometryPrecision":"approximate","reviewState":"candidate","asOf":"2026-09-26T17:22:08.637Z","sourceCount":1,"primarySource":{"url":"https://www.openstreetmap.org/way/84301644","title":"OpenStreetMap contributors","publisher":"OpenStreetMap contributors","licence":"ODbL 1.0","reuse":"open_licence"}}},{"type":"Feature","geometry":{"type":"Point","coordinates":[7.72796,48.0224]},"properties":{"id":"osm:way-84301649","version":"c3c9010144e18a9c3da03e225c6ec3c3ccff053c9201b1b65c15c03d9923c321","cityId":"freiburg","kind":"place","category":"community_centre","title":"Jugendtreff","statement":"Jugendtreff ist in OpenStreetMap als community_centre eingetragen. Betrieb und Öffnungszeiten nicht geprüft.","status":"OSM-Eintrag, nicht offiziell geprüft","startDate":null,"endDate":null,"nextStep":"Aktuelle Angaben direkt beim Ort prüfen.","scale":"street","geometryPrecision":"approximate","reviewState":"candidate","asOf":"2026-09-26T17:22:08.637Z","sourceCount":1,"primarySource":{"url":"https://www.openstreetmap.org/way/84301649","title":"OpenStreetMap contributors","publisher":"OpenStreetMap contributors","licence":"ODbL 1.0","reuse":"open_licence"}}},{"type":"Feature","geometry":{"type":"Point","coordinates":[7.7278,48.0219]},"properties":{"id":"osm:way-84301652","version":"ffd233763534c95fd90f23748e46fbf76f0a2352ea7b3e96d4346e3c23f5692e","cityId":"freiburg","kind":"place","category":"fire_station","title":"Freiwillige Feuerwehr Freiburg | Abteilung 11 Waltershofen","statement":"Freiwillige Feuerwehr Freiburg | Abteilung 11 Waltershofen ist in OpenStreetMap als fire_station eingetragen. Betrieb und Öffnungszeiten nicht geprüft.","status":"OSM-Eintrag, nicht offiziell geprüft","startDate":null,"endDate":null,"nextStep":"Aktuelle Angaben direkt beim Ort prüfen.","scale":"street","geometryPrecision":"approximate","reviewState":"candidate","asOf":"2026-09-26T17:22:08.637Z","sourceCount":1,"primarySource":{"url":"https://www.openstreetmap.org/way/84301652","title":"OpenStreetMap contributors","publisher":"OpenStreetMap contributors","licence":"ODbL 1.0","reuse":"open_licence"}}},{"type":"Feature","geometry":{"type":"Point","coordinates":[7.8551,47.9999]},"properties":{"id":"osm:way-85253101","version":"c8e06ec5dc4baee46eb13f7a4808f1957464af6b463c03d5c756de22e0866a4d","cityId":"freiburg","kind":"place","category":"multi","title":"Sporthalle Karlschule","statement":"Sporthalle Karlschule ist in OpenStreetMap als multi eingetragen. Betrieb und Öffnungszeiten nicht geprüft.","status":"OSM-Eintrag, nicht offiziell geprüft","startDate":null,"endDate":null,"nextStep":"Aktuelle Angaben direkt beim Ort prüfen.","scale":"street","geometryPrecision":"approximate","reviewState":"candidate","asOf":"2026-09-26T17:22:08.637Z","sourceCount":1,"primarySource":{"url":"https://www.openstreetmap.org/way/85253101","title":"OpenStreetMap contributors","publisher":"OpenStreetMap contributors","licence":"ODbL 1.0","reuse":"open_licence"}}},{"type":"Feature","geometry":{"type":"Point","coordinates":[7.85537,48.00013]},"properties":{"id":"osm:way-85253103","version":"1e9bd5666cf66b5b50761288be0eb34e1e7babb8dcce1af5b928e0fab8879600","cityId":"freiburg","kind":"place","category":"school","title":"Karlschule","statement":"Karlschule ist in OpenStreetMap als school eingetragen. Betrieb und Öffnungszeiten nicht geprüft.","status":"OSM-Eintrag, nicht offiziell geprüft","startDate":null,"endDate":null,"nextStep":"Aktuelle Angaben direkt beim Ort prüfen.","scale":"street","geometryPrecision":"approximate","reviewState":"candidate","asOf":"2026-09-26T17:22:08.637Z","sourceCount":1,"primarySource":{"url":"https://www.openstreetmap.org/way/85253103","title":"OpenStreetMap contributors","publisher":"OpenStreetMap contributors","licence":"ODbL 1.0","reuse":"open_licence"}}},{"type":"Feature","geometry":{"type":"Point","coordinates":[7.87556,47.9595]},"properties":{"id":"osm:way-858576246","version":"88032c52cda36545a21b30667950c137358f3cbd3868beea5c92ca9f4e751dc1","cityId":"freiburg","kind":"place","category":"kindergarten","title":"Waldkita am Maienbach","statement":"Waldkita am Maienbach ist in OpenStreetMap als kindergarten eingetragen. Betrieb und Öffnungszeiten nicht geprüft.","status":"OSM-Eintrag, nicht offiziell geprüft","startDate":null,"endDate":null,"nextStep":"Aktuelle Angaben direkt beim Ort prüfen.","scale":"street","geometryPrecision":"approximate","reviewState":"candidate","asOf":"2026-09-26T17:22:08.637Z","sourceCount":1,"primarySource":{"url":"https://www.openstreetmap.org/way/858576246","title":"OpenStreetMap contributors","publisher":"OpenStreetMap contributors","licence":"ODbL 1.0","reuse":"open_licence"}}},{"type":"Feature","geometry":{"type":"Point","coordinates":[7.88866,47.99062]},"properties":{"id":"osm:way-87401953","version":"86c99fb673958f4fb3ff112b1144daebc638e6ba68475ef91d54d18178e90b52","cityId":"freiburg","kind":"place","category":"soccer;lacrosse","title":"Platz 4","statement":"Platz 4 ist in OpenStreetMap als soccer;lacrosse eingetragen. Betrieb und Öffnungszeiten nicht geprüft.","status":"OSM-Eintrag, nicht offiziell geprüft","startDate":null,"endDate":null,"nextStep":"Aktuelle Angaben direkt beim Ort prüfen.","scale":"street","geometryPrecision":"approximate","reviewState":"candidate","asOf":"2026-09-26T17:22:08.637Z","sourceCount":1,"primarySource":{"url":"https://www.openstreetmap.org/way/87401953","title":"OpenStreetMap contributors","publisher":"OpenStreetMap contributors","licence":"ODbL 1.0","reuse":"open_licence"}}},{"type":"Feature","geometry":{"type":"Point","coordinates":[7.88547,47.99019]},"properties":{"id":"osm:way-87401958","version":"b131dd40fcdab2d95fc602cc6593b7d858817e9de9c58c5eef4014981f9ae80e","cityId":"freiburg","kind":"place","category":"multi","title":"Burdahalle","statement":"Burdahalle ist in OpenStreetMap als multi eingetragen. Betrieb und Öffnungszeiten nicht geprüft.","status":"OSM-Eintrag, nicht offiziell geprüft","startDate":null,"endDate":null,"nextStep":"Aktuelle Angaben direkt beim Ort prüfen.","scale":"street","geometryPrecision":"approximate","reviewState":"candidate","asOf":"2026-09-26T17:22:08.637Z","sourceCount":1,"primarySource":{"url":"https://www.openstreetmap.org/way/87401958","title":"OpenStreetMap contributors","publisher":"OpenStreetMap contributors","licence":"ODbL 1.0","reuse":"open_licence"}}},{"type":"Feature","geometry":{"type":"Point","coordinates":[7.8912,47.98522]},"properties":{"id":"osm:way-87422873","version":"08e47d252b4b2af667ab2045f52e2ffa57dd1358de173c05056f0f5eece7e8d4","cityId":"freiburg","kind":"place","category":"supermarket","title":"Beckesepp Supermarkt, Bäckerei","statement":"Beckesepp Supermarkt, Bäckerei ist in OpenStreetMap als supermarket eingetragen. Öffnungszeiten in OSM eingetragen; nicht unabhängig bestätigt.","status":"OSM-Eintrag, nicht offiziell geprüft","startDate":null,"endDate":null,"nextStep":"Aktuelle Angaben direkt beim Ort prüfen.","scale":"street","geometryPrecision":"approximate","reviewState":"candidate","asOf":"2026-09-26T17:22:08.637Z","sourceCount":1,"primarySource":{"url":"https://www.openstreetmap.org/way/87422873","title":"OpenStreetMap contributors","publisher":"OpenStreetMap contributors","licence":"ODbL 1.0","reuse":"open_licence"}}},{"type":"Feature","geometry":{"type":"Point","coordinates":[7.90121,47.986]},"properties":{"id":"osm:way-87450089","version":"7075168b7c9593c91a3e83bddcd2c972e6d480d83719df3e9ca5c9d4b1ea0430","cityId":"freiburg","kind":"place","category":"equestrian","title":"Reithalle","statement":"Reithalle ist in OpenStreetMap als equestrian eingetragen. Betrieb und Öffnungszeiten nicht geprüft.","status":"OSM-Eintrag, nicht offiziell geprüft","startDate":null,"endDate":null,"nextStep":"Aktuelle Angaben direkt beim Ort prüfen.","scale":"street","geometryPrecision":"approximate","reviewState":"candidate","asOf":"2026-09-26T17:22:08.637Z","sourceCount":1,"primarySource":{"url":"https://www.openstreetmap.org/way/87450089","title":"OpenStreetMap contributors","publisher":"OpenStreetMap contributors","licence":"ODbL 1.0","reuse":"open_licence"}}},{"type":"Feature","geometry":{"type":"Point","coordinates":[7.89436,47.99098]},"properties":{"id":"osm:way-87669991","version":"a125f0eddca83a2015ef57dc33a089c5d7d7bcf622ea71fe0d7489fc4c92cacd","cityId":"freiburg","kind":"place","category":"basketball;soccer;table_tennis","title":"DJH Jugendherberge Freiburg","statement":"DJH Jugendherberge Freiburg ist in OpenStreetMap als basketball;soccer;table_tennis eingetragen. Öffnungszeiten in OSM eingetragen; nicht unabhängig bestätigt.","status":"OSM-Eintrag, nicht offiziell geprüft","startDate":null,"endDate":null,"nextStep":"Aktuelle Angaben direkt beim Ort prüfen.","scale":"street","geometryPrecision":"approximate","reviewState":"candidate","asOf":"2026-09-26T17:22:08.637Z","sourceCount":1,"primarySource":{"url":"https://www.openstreetmap.org/way/87669991","title":"OpenStreetMap contributors","publisher":"OpenStreetMap contributors","licence":"ODbL 1.0","reuse":"open_licence"}}},{"type":"Feature","geometry":{"type":"Point","coordinates":[7.88418,47.98861]},"properties":{"id":"osm:way-87781947","version":"d26201e4bec34ad50ea07c4429db9cc07b6d48862c29740b05e1e9c46333d4c6","cityId":"freiburg","kind":"place","category":"kindergarten","title":"Kita Kleine Füchse","statement":"Kita Kleine Füchse ist in OpenStreetMap als kindergarten eingetragen. Betrieb und Öffnungszeiten nicht geprüft.","status":"OSM-Eintrag, nicht offiziell geprüft","startDate":null,"endDate":null,"nextStep":"Aktuelle Angaben direkt beim Ort prüfen.","scale":"street","geometryPrecision":"approximate","reviewState":"candidate","asOf":"2026-09-26T17:22:08.637Z","sourceCount":1,"primarySource":{"url":"https://www.openstreetmap.org/way/87781947","title":"OpenStreetMap contributors","publisher":"OpenStreetMap contributors","licence":"ODbL 1.0","reuse":"open_licence"}}},{"type":"Feature","geometry":{"type":"Point","coordinates":[7.89608,47.97992]},"properties":{"id":"osm:way-88054665","version":"3a9ceb8ec5577970ed3cc090c638c7a24b3df9cc35bd010c4dc7b1fe01b10e91","cityId":"freiburg","kind":"place","category":"school","title":"Reinhold-Schneider-Schule","statement":"Reinhold-Schneider-Schule ist in OpenStreetMap als school eingetragen. Betrieb und Öffnungszeiten nicht geprüft.","status":"OSM-Eintrag, nicht offiziell geprüft","startDate":null,"endDate":null,"nextStep":"Aktuelle Angaben direkt beim Ort prüfen.","scale":"street","geometryPrecision":"approximate","reviewState":"candidate","asOf":"2026-09-26T17:22:08.637Z","sourceCount":1,"primarySource":{"url":"https://www.openstreetmap.org/way/88054665","title":"OpenStreetMap contributors","publisher":"OpenStreetMap contributors","licence":"ODbL 1.0","reuse":"open_licence"}}},{"type":"Feature","geometry":{"type":"Point","coordinates":[7.8955,47.98056]},"properties":{"id":"osm:way-88054671","version":"5e2a63f78f1484ebdeab314f7da12f8d0abf4840e509432d42face4d5e2c081c","cityId":"freiburg","kind":"place","category":"library","title":"Bibliothek der Pädagogischen Hochschule Freiburg","statement":"Bibliothek der Pädagogischen Hochschule Freiburg ist in OpenStreetMap als library eingetragen. Öffnungszeiten in OSM eingetragen; nicht unabhängig bestätigt.","status":"OSM-Eintrag, nicht offiziell geprüft","startDate":null,"endDate":null,"nextStep":"Aktuelle Angaben direkt beim Ort prüfen.","scale":"street","geometryPrecision":"approximate","reviewState":"candidate","asOf":"2026-09-26T17:22:08.637Z","sourceCount":1,"primarySource":{"url":"https://www.openstreetmap.org/way/88054671","title":"OpenStreetMap contributors","publisher":"OpenStreetMap contributors","licence":"ODbL 1.0","reuse":"open_licence"}}},{"type":"Feature","geometry":{"type":"Point","coordinates":[7.85861,48.01931]},"properties":{"id":"osm:way-88282187","version":"83180f08fb5f0d5befcf3b0dbbffabd4e96b121a4195004bfafa4a8b915f1fdd","cityId":"freiburg","kind":"place","category":"community_centre","title":"Bürgerhaus Zähringen","statement":"Bürgerhaus Zähringen ist in OpenStreetMap als community_centre eingetragen. Betrieb und Öffnungszeiten nicht geprüft.","status":"OSM-Eintrag, nicht offiziell geprüft","startDate":null,"endDate":null,"nextStep":"Aktuelle Angaben direkt beim Ort prüfen.","scale":"street","geometryPrecision":"approximate","reviewState":"candidate","asOf":"2026-09-26T17:22:08.637Z","sourceCount":1,"primarySource":{"url":"https://www.openstreetmap.org/way/88282187","title":"OpenStreetMap contributors","publisher":"OpenStreetMap contributors","licence":"ODbL 1.0","reuse":"open_licence"}}},{"type":"Feature","geometry":{"type":"Point","coordinates":[7.85932,48.01926]},"properties":{"id":"osm:way-88284831","version":"1ca63908fd7b88e25e40d252da12192c7f75f525540693e501abfcd6f3e191e8","cityId":"freiburg","kind":"place","category":"multi","title":"Jahn-Sporthalle","statement":"Jahn-Sporthalle ist in OpenStreetMap als multi eingetragen. Betrieb und Öffnungszeiten nicht geprüft.","status":"OSM-Eintrag, nicht offiziell geprüft","startDate":null,"endDate":null,"nextStep":"Aktuelle Angaben direkt beim Ort prüfen.","scale":"street","geometryPrecision":"approximate","reviewState":"candidate","asOf":"2026-09-26T17:22:08.637Z","sourceCount":1,"primarySource":{"url":"https://www.openstreetmap.org/way/88284831","title":"OpenStreetMap contributors","publisher":"OpenStreetMap contributors","licence":"ODbL 1.0","reuse":"open_licence"}}},{"type":"Feature","geometry":{"type":"Point","coordinates":[7.87684,47.98766]},"properties":{"id":"osm:way-88285560","version":"fb829177d2df63aeea24e774dae3d4e0e43e590976ce99f01ea333cc41b4cc5e","cityId":"freiburg","kind":"place","category":"kindergarten","title":"St. Carolus","statement":"St. Carolus ist in OpenStreetMap als kindergarten eingetragen. Betrieb und Öffnungszeiten nicht geprüft.","status":"OSM-Eintrag, nicht offiziell geprüft","startDate":null,"endDate":null,"nextStep":"Aktuelle Angaben direkt beim Ort prüfen.","scale":"street","geometryPrecision":"approximate","reviewState":"candidate","asOf":"2026-09-26T17:22:08.637Z","sourceCount":1,"primarySource":{"url":"https://www.openstreetmap.org/way/88285560","title":"OpenStreetMap contributors","publisher":"OpenStreetMap contributors","licence":"ODbL 1.0","reuse":"open_licence"}}},{"type":"Feature","geometry":{"type":"Point","coordinates":[7.85449,47.98663]},"properties":{"id":"osm:way-88526901","version":"e785072fc096c7e2b70f70966687b6bac69471626a4989995c31496f5b9cf01d","cityId":"freiburg","kind":"place","category":"kindergarten","title":"Freiburger Kindernest","statement":"Freiburger Kindernest ist in OpenStreetMap als kindergarten eingetragen. Betrieb und Öffnungszeiten nicht geprüft.","status":"OSM-Eintrag, nicht offiziell geprüft","startDate":null,"endDate":null,"nextStep":"Aktuelle Angaben direkt beim Ort prüfen.","scale":"street","geometryPrecision":"approximate","reviewState":"candidate","asOf":"2026-09-26T17:22:08.637Z","sourceCount":1,"primarySource":{"url":"https://www.openstreetmap.org/way/88526901","title":"OpenStreetMap contributors","publisher":"OpenStreetMap contributors","licence":"ODbL 1.0","reuse":"open_licence"}}},{"type":"Feature","geometry":{"type":"Point","coordinates":[7.79974,47.9972]},"properties":{"id":"osm:way-887376278","version":"c08501c46dda0e63b0cead06153e20d88cbb2f2d61d793ebe41ed4b405af69dc","cityId":"freiburg","kind":"place","category":"shooting","title":"Schießstand SSV Freiburg Haslach","statement":"Schießstand SSV Freiburg Haslach ist in OpenStreetMap als shooting eingetragen. Betrieb und Öffnungszeiten nicht geprüft.","status":"OSM-Eintrag, nicht offiziell geprüft","startDate":null,"endDate":null,"nextStep":"Aktuelle Angaben direkt beim Ort prüfen.","scale":"street","geometryPrecision":"approximate","reviewState":"candidate","asOf":"2026-09-26T17:22:08.637Z","sourceCount":1,"primarySource":{"url":"https://www.openstreetmap.org/way/887376278","title":"OpenStreetMap contributors","publisher":"OpenStreetMap contributors","licence":"ODbL 1.0","reuse":"open_licence"}}},{"type":"Feature","geometry":{"type":"Point","coordinates":[7.82159,48.00216]},"properties":{"id":"osm:way-88855840","version":"9491d398793e2690a92b16566828c7d6cd771c5de4ba0d498e6b92fec38b0811","cityId":"freiburg","kind":"place","category":"police","title":"Polizeipräsidium Freiburg","statement":"Polizeipräsidium Freiburg ist in OpenStreetMap als police eingetragen. Betrieb und Öffnungszeiten nicht geprüft.","status":"OSM-Eintrag, nicht offiziell geprüft","startDate":null,"endDate":null,"nextStep":"Aktuelle Angaben direkt beim Ort prüfen.","scale":"street","geometryPrecision":"approximate","reviewState":"candidate","asOf":"2026-09-26T17:22:08.637Z","sourceCount":1,"primarySource":{"url":"https://www.openstreetmap.org/way/88855840","title":"OpenStreetMap contributors","publisher":"OpenStreetMap contributors","licence":"ODbL 1.0","reuse":"open_licence"}}},{"type":"Feature","geometry":{"type":"Point","coordinates":[7.71895,48.02414]},"properties":{"id":"osm:way-892688664","version":"9f4c040b61614214697512a2189fbe1bb4c41131c7756d2d4293384dce4b3bda","cityId":"freiburg","kind":"place","category":"bakery","title":"Jo’s","statement":"Jo’s ist in OpenStreetMap als bakery eingetragen. Öffnungszeiten in OSM eingetragen; nicht unabhängig bestätigt.","status":"OSM-Eintrag, nicht offiziell geprüft","startDate":null,"endDate":null,"nextStep":"Aktuelle Angaben direkt beim Ort prüfen.","scale":"street","geometryPrecision":"approximate","reviewState":"candidate","asOf":"2026-09-26T17:22:08.637Z","sourceCount":1,"primarySource":{"url":"https://www.openstreetmap.org/way/892688664","title":"OpenStreetMap contributors","publisher":"OpenStreetMap contributors","licence":"ODbL 1.0","reuse":"open_licence"}}},{"type":"Feature","geometry":{"type":"Point","coordinates":[7.71941,48.02339]},"properties":{"id":"osm:way-892771600","version":"7573b73ab0ff64d38dcfb8c5045af5b6cd16d7fc948b983edacab651c52124fe","cityId":"freiburg","kind":"place","category":"pharmacy","title":"Saulus-Apotheke","statement":"Saulus-Apotheke ist in OpenStreetMap als pharmacy eingetragen. Betrieb und Öffnungszeiten nicht geprüft.","status":"OSM-Eintrag, nicht offiziell geprüft","startDate":null,"endDate":null,"nextStep":"Aktuelle Angaben direkt beim Ort prüfen.","scale":"street","geometryPrecision":"approximate","reviewState":"candidate","asOf":"2026-09-26T17:22:08.637Z","sourceCount":1,"primarySource":{"url":"https://www.openstreetmap.org/way/892771600","title":"OpenStreetMap contributors","publisher":"OpenStreetMap contributors","licence":"ODbL 1.0","reuse":"open_licence"}}},{"type":"Feature","geometry":{"type":"Point","coordinates":[7.72276,48.02593]},"properties":{"id":"osm:way-892798956","version":"cf0f772bbed1120483e7792b8cf8ba062050f8feb911ea36d1859a7edf7dd0dc","cityId":"freiburg","kind":"place","category":"bakery","title":"Bäckerei Napolitano","statement":"Bäckerei Napolitano ist in OpenStreetMap als bakery eingetragen. Betrieb und Öffnungszeiten nicht geprüft.","status":"OSM-Eintrag, nicht offiziell geprüft","startDate":null,"endDate":null,"nextStep":"Aktuelle Angaben direkt beim Ort prüfen.","scale":"street","geometryPrecision":"approximate","reviewState":"candidate","asOf":"2026-09-26T17:22:08.637Z","sourceCount":1,"primarySource":{"url":"https://www.openstreetmap.org/way/892798956","title":"OpenStreetMap contributors","publisher":"OpenStreetMap contributors","licence":"ODbL 1.0","reuse":"open_licence"}}},{"type":"Feature","geometry":{"type":"Point","coordinates":[7.88618,47.99036]},"properties":{"id":"osm:way-89796689","version":"7f3db41ecca2c224f80a51d9b2d40c8aa624138f50897aa3d5623c00b9913fab","cityId":"freiburg","kind":"place","category":"kindergarten","title":"Kinderkrippe","statement":"Kinderkrippe ist in OpenStreetMap als kindergarten eingetragen. Betrieb und Öffnungszeiten nicht geprüft.","status":"OSM-Eintrag, nicht offiziell geprüft","startDate":null,"endDate":null,"nextStep":"Aktuelle Angaben direkt beim Ort prüfen.","scale":"street","geometryPrecision":"approximate","reviewState":"candidate","asOf":"2026-09-26T17:22:08.637Z","sourceCount":1,"primarySource":{"url":"https://www.openstreetmap.org/way/89796689","title":"OpenStreetMap contributors","publisher":"OpenStreetMap contributors","licence":"ODbL 1.0","reuse":"open_licence"}}},{"type":"Feature","geometry":{"type":"Point","coordinates":[7.88581,47.9893]},"properties":{"id":"osm:way-89884237","version":"60b6fc00451eaefb3235e15b02776a0e89201538dfd0c6a784612fc1e3d68924","cityId":"freiburg","kind":"place","category":"multi","title":"Act-Now-Halle","statement":"Act-Now-Halle ist in OpenStreetMap als multi eingetragen. Betrieb und Öffnungszeiten nicht geprüft.","status":"OSM-Eintrag, nicht offiziell geprüft","startDate":null,"endDate":null,"nextStep":"Aktuelle Angaben direkt beim Ort prüfen.","scale":"street","geometryPrecision":"approximate","reviewState":"candidate","asOf":"2026-09-26T17:22:08.637Z","sourceCount":1,"primarySource":{"url":"https://www.openstreetmap.org/way/89884237","title":"OpenStreetMap contributors","publisher":"OpenStreetMap contributors","licence":"ODbL 1.0","reuse":"open_licence"}}},{"type":"Feature","geometry":{"type":"Point","coordinates":[7.81428,48.0126]},"properties":{"id":"osm:way-90533328","version":"2b1c80c04a0b6beadce2a9fd99f48a98a932418a36f493a8aedb502357cf39fe","cityId":"freiburg","kind":"place","category":"community_centre","title":"Bürgerhaus Seepark","statement":"Bürgerhaus Seepark ist in OpenStreetMap als community_centre eingetragen. Betrieb und Öffnungszeiten nicht geprüft.","status":"OSM-Eintrag, nicht offiziell geprüft","startDate":null,"endDate":null,"nextStep":"Aktuelle Angaben direkt beim Ort prüfen.","scale":"street","geometryPrecision":"approximate","reviewState":"candidate","asOf":"2026-09-26T17:22:08.637Z","sourceCount":1,"primarySource":{"url":"https://www.openstreetmap.org/way/90533328","title":"OpenStreetMap contributors","publisher":"OpenStreetMap contributors","licence":"ODbL 1.0","reuse":"open_licence"}}},{"type":"Feature","geometry":{"type":"Point","coordinates":[7.79687,47.98054]},"properties":{"id":"osm:way-90708375","version":"8bf1974bf15b3b01a4af82029e4a15d7a6774bef9a9283a5f53dea9ea9662758","cityId":"freiburg","kind":"place","category":"community_centre","title":"Pfarrzentrum St. Georg","statement":"Pfarrzentrum St. Georg ist in OpenStreetMap als community_centre eingetragen. Betrieb und Öffnungszeiten nicht geprüft.","status":"OSM-Eintrag, nicht offiziell geprüft","startDate":null,"endDate":null,"nextStep":"Aktuelle Angaben direkt beim Ort prüfen.","scale":"street","geometryPrecision":"approximate","reviewState":"candidate","asOf":"2026-09-26T17:22:08.637Z","sourceCount":1,"primarySource":{"url":"https://www.openstreetmap.org/way/90708375","title":"OpenStreetMap contributors","publisher":"OpenStreetMap contributors","licence":"ODbL 1.0","reuse":"open_licence"}}},{"type":"Feature","geometry":{"type":"Point","coordinates":[7.85099,48.02275]},"properties":{"id":"osm:way-90710841","version":"ededdc8467cb9608f42b09b99145de87e9f04d34ff4a34d5b12ca4553048ea97","cityId":"freiburg","kind":"place","category":"supermarket","title":"Aldi Süd","statement":"Aldi Süd ist in OpenStreetMap als supermarket eingetragen. Öffnungszeiten in OSM eingetragen; nicht unabhängig bestätigt.","status":"OSM-Eintrag, nicht offiziell geprüft","startDate":null,"endDate":null,"nextStep":"Aktuelle Angaben direkt beim Ort prüfen.","scale":"street","geometryPrecision":"approximate","reviewState":"candidate","asOf":"2026-09-26T17:22:08.637Z","sourceCount":1,"primarySource":{"url":"https://www.openstreetmap.org/way/90710841","title":"OpenStreetMap contributors","publisher":"OpenStreetMap contributors","licence":"ODbL 1.0","reuse":"open_licence"}}},{"type":"Feature","geometry":{"type":"Point","coordinates":[7.82969,48.02162]},"properties":{"id":"osm:way-908440531","version":"54e9ac1021bd3c1589ccf34fddfe6d61d54ed57f4a617f8e40452e6273defc73","cityId":"freiburg","kind":"place","category":"soccer","title":"Europa-Park Stadion","statement":"Europa-Park Stadion ist in OpenStreetMap als soccer eingetragen. Betrieb und Öffnungszeiten nicht geprüft.","status":"OSM-Eintrag, nicht offiziell geprüft","startDate":null,"endDate":null,"nextStep":"Aktuelle Angaben direkt beim Ort prüfen.","scale":"street","geometryPrecision":"approximate","reviewState":"candidate","asOf":"2026-09-26T17:22:08.637Z","sourceCount":1,"primarySource":{"url":"https://www.openstreetmap.org/way/908440531","title":"OpenStreetMap contributors","publisher":"OpenStreetMap contributors","licence":"ODbL 1.0","reuse":"open_licence"}}},{"type":"Feature","geometry":{"type":"Point","coordinates":[7.81838,47.98099]},"properties":{"id":"osm:way-91125482","version":"9ec59f712042398f2df8072b702a41b2195d35311aea02adb9b362999e084352","cityId":"freiburg","kind":"place","category":"community_centre","title":"DAV Freiburg Sektionshaus","statement":"DAV Freiburg Sektionshaus ist in OpenStreetMap als community_centre eingetragen. Öffnungszeiten in OSM eingetragen; nicht unabhängig bestätigt.","status":"OSM-Eintrag, nicht offiziell geprüft","startDate":null,"endDate":null,"nextStep":"Aktuelle Angaben direkt beim Ort prüfen.","scale":"street","geometryPrecision":"approximate","reviewState":"candidate","asOf":"2026-09-26T17:22:08.637Z","sourceCount":1,"primarySource":{"url":"https://www.openstreetmap.org/way/91125482","title":"OpenStreetMap contributors","publisher":"OpenStreetMap contributors","licence":"ODbL 1.0","reuse":"open_licence"}}},{"type":"Feature","geometry":{"type":"Point","coordinates":[7.82269,47.97917]},"properties":{"id":"osm:way-91140032","version":"fa5e3f4ef72cc2676c214f3a7fe14aa24d47f0446be33739e91a09ff752bf865","cityId":"freiburg","kind":"place","category":"boxing;kickboxing;power_drills;grappling;mma;jiu_jitsu","title":"Fightclub Freiburg e.V.","statement":"Fightclub Freiburg e.V. ist in OpenStreetMap als boxing;kickboxing;power_drills;grappling;mma;jiu_jitsu eingetragen. Betrieb und Öffnungszeiten nicht geprüft.","status":"OSM-Eintrag, nicht offiziell geprüft","startDate":null,"endDate":null,"nextStep":"Aktuelle Angaben direkt beim Ort prüfen.","scale":"street","geometryPrecision":"approximate","reviewState":"candidate","asOf":"2026-09-26T17:22:08.637Z","sourceCount":1,"primarySource":{"url":"https://www.openstreetmap.org/way/91140032","title":"OpenStreetMap contributors","publisher":"OpenStreetMap contributors","licence":"ODbL 1.0","reuse":"open_licence"}}},{"type":"Feature","geometry":{"type":"Point","coordinates":[7.80022,48.04722]},"properties":{"id":"osm:way-91281754","version":"aa3d669d1396c7824fc1058d58cac84282040d6fac5cd1a0100645c4c842965b","cityId":"freiburg","kind":"place","category":"swimming","title":"Hallenbad Hochdorf","statement":"Hallenbad Hochdorf ist in OpenStreetMap als swimming eingetragen. Öffnungszeiten in OSM eingetragen; nicht unabhängig bestätigt.","status":"OSM-Eintrag, nicht offiziell geprüft","startDate":null,"endDate":null,"nextStep":"Aktuelle Angaben direkt beim Ort prüfen.","scale":"street","geometryPrecision":"approximate","reviewState":"candidate","asOf":"2026-09-26T17:22:08.637Z","sourceCount":1,"primarySource":{"url":"https://www.openstreetmap.org/way/91281754","title":"OpenStreetMap contributors","publisher":"OpenStreetMap contributors","licence":"ODbL 1.0","reuse":"open_licence"}}},{"type":"Feature","geometry":{"type":"Point","coordinates":[7.79928,48.04791]},"properties":{"id":"osm:way-91281755","version":"f238991a7d79ee7ddd43e0fd64eed6e36445641b61d986b9ef2d43068f03b833","cityId":"freiburg","kind":"place","category":"school","title":"Mühlmattenschule","statement":"Mühlmattenschule ist in OpenStreetMap als school eingetragen. Betrieb und Öffnungszeiten nicht geprüft.","status":"OSM-Eintrag, nicht offiziell geprüft","startDate":null,"endDate":null,"nextStep":"Aktuelle Angaben direkt beim Ort prüfen.","scale":"street","geometryPrecision":"approximate","reviewState":"candidate","asOf":"2026-09-26T17:22:08.637Z","sourceCount":1,"primarySource":{"url":"https://www.openstreetmap.org/way/91281755","title":"OpenStreetMap contributors","publisher":"OpenStreetMap contributors","licence":"ODbL 1.0","reuse":"open_licence"}}},{"type":"Feature","geometry":{"type":"Point","coordinates":[7.79892,48.04692]},"properties":{"id":"osm:way-91281756","version":"0edb2df2101bc968dc33c687dfe4dc1551a436d1ab0870e2566deac3c074afbc","cityId":"freiburg","kind":"place","category":"tennis","title":"Tennisclub Hochdorf","statement":"Tennisclub Hochdorf ist in OpenStreetMap als tennis eingetragen. Betrieb und Öffnungszeiten nicht geprüft.","status":"OSM-Eintrag, nicht offiziell geprüft","startDate":null,"endDate":null,"nextStep":"Aktuelle Angaben direkt beim Ort prüfen.","scale":"street","geometryPrecision":"approximate","reviewState":"candidate","asOf":"2026-09-26T17:22:08.637Z","sourceCount":1,"primarySource":{"url":"https://www.openstreetmap.org/way/91281756","title":"OpenStreetMap contributors","publisher":"OpenStreetMap contributors","licence":"ODbL 1.0","reuse":"open_licence"}}},{"type":"Feature","geometry":{"type":"Point","coordinates":[7.80026,48.04774]},"properties":{"id":"osm:way-91281758","version":"b02e3978f69e540f2a5ffee538bac27ca11e7ff9049b5c84a8688e601ee57909","cityId":"freiburg","kind":"place","category":"community_centre","title":"Katharina-von-Bora-Haus, Ev. Gemeindezentrum","statement":"Katharina-von-Bora-Haus, Ev. Gemeindezentrum ist in OpenStreetMap als community_centre eingetragen. Betrieb und Öffnungszeiten nicht geprüft.","status":"OSM-Eintrag, nicht offiziell geprüft","startDate":null,"endDate":null,"nextStep":"Aktuelle Angaben direkt beim Ort prüfen.","scale":"street","geometryPrecision":"approximate","reviewState":"candidate","asOf":"2026-09-26T17:22:08.637Z","sourceCount":1,"primarySource":{"url":"https://www.openstreetmap.org/way/91281758","title":"OpenStreetMap contributors","publisher":"OpenStreetMap contributors","licence":"ODbL 1.0","reuse":"open_licence"}}},{"type":"Feature","geometry":{"type":"Point","coordinates":[7.90891,47.96467]},"properties":{"id":"osm:way-91598102","version":"197e3c6afc6388c43723f8c7ac2fcfddc3dbfd69fafbee5c6dfc52420305c601","cityId":"freiburg","kind":"place","category":"townhall","title":"Rathaus Kappel","statement":"Rathaus Kappel ist in OpenStreetMap als townhall eingetragen. Öffnungszeiten in OSM eingetragen; nicht unabhängig bestätigt.","status":"OSM-Eintrag, nicht offiziell geprüft","startDate":null,"endDate":null,"nextStep":"Aktuelle Angaben direkt beim Ort prüfen.","scale":"street","geometryPrecision":"approximate","reviewState":"candidate","asOf":"2026-09-26T17:22:08.637Z","sourceCount":1,"primarySource":{"url":"https://www.openstreetmap.org/way/91598102","title":"OpenStreetMap contributors","publisher":"OpenStreetMap contributors","licence":"ODbL 1.0","reuse":"open_licence"}}},{"type":"Feature","geometry":{"type":"Point","coordinates":[7.90766,47.96609]},"properties":{"id":"osm:way-91598177","version":"b0c4c9c5ab629d36f4d0c75421a6199cc6afa54c583772b4e27ecf4c74e1b40a","cityId":"freiburg","kind":"place","category":"community_centre","title":"Gemeindeheim Kappel","statement":"Gemeindeheim Kappel ist in OpenStreetMap als community_centre eingetragen. Betrieb und Öffnungszeiten nicht geprüft.","status":"OSM-Eintrag, nicht offiziell geprüft","startDate":null,"endDate":null,"nextStep":"Aktuelle Angaben direkt beim Ort prüfen.","scale":"street","geometryPrecision":"approximate","reviewState":"candidate","asOf":"2026-09-26T17:22:08.637Z","sourceCount":1,"primarySource":{"url":"https://www.openstreetmap.org/way/91598177","title":"OpenStreetMap contributors","publisher":"OpenStreetMap contributors","licence":"ODbL 1.0","reuse":"open_licence"}}},{"type":"Feature","geometry":{"type":"Point","coordinates":[7.89707,47.97992]},"properties":{"id":"osm:way-91760016","version":"04587be3ce9fcd4b6392cb06f66e16b776479cd139d15fe33fe8e257f2c80f6a","cityId":"freiburg","kind":"place","category":"community_centre","title":"Gemeindeheim St. Barbara","statement":"Gemeindeheim St. Barbara ist in OpenStreetMap als community_centre eingetragen. Betrieb und Öffnungszeiten nicht geprüft.","status":"OSM-Eintrag, nicht offiziell geprüft","startDate":null,"endDate":null,"nextStep":"Aktuelle Angaben direkt beim Ort prüfen.","scale":"street","geometryPrecision":"approximate","reviewState":"candidate","asOf":"2026-09-26T17:22:08.637Z","sourceCount":1,"primarySource":{"url":"https://www.openstreetmap.org/way/91760016","title":"OpenStreetMap contributors","publisher":"OpenStreetMap contributors","licence":"ODbL 1.0","reuse":"open_licence"}}},{"type":"Feature","geometry":{"type":"Point","coordinates":[7.89649,47.9795]},"properties":{"id":"osm:way-91760097","version":"a24d4aa9903477985bec2aaaa23dc6aea6343c581ad106e8e96b481a66c3c84d","cityId":"freiburg","kind":"place","category":"community_centre","title":"Gemeindehalle Littenweiler","statement":"Gemeindehalle Littenweiler ist in OpenStreetMap als community_centre eingetragen. Betrieb und Öffnungszeiten nicht geprüft.","status":"OSM-Eintrag, nicht offiziell geprüft","startDate":null,"endDate":null,"nextStep":"Aktuelle Angaben direkt beim Ort prüfen.","scale":"street","geometryPrecision":"approximate","reviewState":"candidate","asOf":"2026-09-26T17:22:08.637Z","sourceCount":1,"primarySource":{"url":"https://www.openstreetmap.org/way/91760097","title":"OpenStreetMap contributors","publisher":"OpenStreetMap contributors","licence":"ODbL 1.0","reuse":"open_licence"}}},{"type":"Feature","geometry":{"type":"Point","coordinates":[7.90452,47.98039]},"properties":{"id":"osm:way-91799901","version":"26ce817a81832163b1ec7b67b900b3fe6b7a52bfb9fcac8180a7866b1f13f55e","cityId":"freiburg","kind":"place","category":"supermarket","title":"Edeka Rees","statement":"Edeka Rees ist in OpenStreetMap als supermarket eingetragen. Öffnungszeiten in OSM eingetragen; nicht unabhängig bestätigt.","status":"OSM-Eintrag, nicht offiziell geprüft","startDate":null,"endDate":null,"nextStep":"Aktuelle Angaben direkt beim Ort prüfen.","scale":"street","geometryPrecision":"approximate","reviewState":"candidate","asOf":"2026-09-26T17:22:08.637Z","sourceCount":1,"primarySource":{"url":"https://www.openstreetmap.org/way/91799901","title":"OpenStreetMap contributors","publisher":"OpenStreetMap contributors","licence":"ODbL 1.0","reuse":"open_licence"}}},{"type":"Feature","geometry":{"type":"Point","coordinates":[7.84893,47.98542]},"properties":{"id":"osm:way-92111133","version":"4360869dd876268190caecf00d252b60acb91890e1200b26634d41c0c2e45928","cityId":"freiburg","kind":"place","category":"fire_station","title":"Freiwillige Feuerwehr Freiburg Abteilung 01 - Oberstadt Abteilung 07 - Wiehre","statement":"Freiwillige Feuerwehr Freiburg Abteilung 01 - Oberstadt Abteilung 07 - Wiehre ist in OpenStreetMap als fire_station eingetragen. Betrieb und Öffnungszeiten nicht geprüft.","status":"OSM-Eintrag, nicht offiziell geprüft","startDate":null,"endDate":null,"nextStep":"Aktuelle Angaben direkt beim Ort prüfen.","scale":"street","geometryPrecision":"approximate","reviewState":"candidate","asOf":"2026-09-26T17:22:08.637Z","sourceCount":1,"primarySource":{"url":"https://www.openstreetmap.org/way/92111133","title":"OpenStreetMap contributors","publisher":"OpenStreetMap contributors","licence":"ODbL 1.0","reuse":"open_licence"}}},{"type":"Feature","geometry":{"type":"Point","coordinates":[7.85891,48.00424]},"properties":{"id":"osm:way-92404904","version":"8a1cdfd5ea49ab1319e154601501be22eb2fbb0001f3868b6567e02cd2195746","cityId":"freiburg","kind":"place","category":"school","title":"Friedrich-Gymnasium","statement":"Friedrich-Gymnasium ist in OpenStreetMap als school eingetragen. Betrieb und Öffnungszeiten nicht geprüft.","status":"OSM-Eintrag, nicht offiziell geprüft","startDate":null,"endDate":null,"nextStep":"Aktuelle Angaben direkt beim Ort prüfen.","scale":"street","geometryPrecision":"approximate","reviewState":"candidate","asOf":"2026-09-26T17:22:08.637Z","sourceCount":1,"primarySource":{"url":"https://www.openstreetmap.org/way/92404904","title":"OpenStreetMap contributors","publisher":"OpenStreetMap contributors","licence":"ODbL 1.0","reuse":"open_licence"}}},{"type":"Feature","geometry":{"type":"Point","coordinates":[7.86226,48.0108]},"properties":{"id":"osm:way-92414379","version":"af4f863331a5ee77d7f70c5ac479d0f7195594e556c3cbf84512fa2401a9b296","cityId":"freiburg","kind":"place","category":"multi","title":"Sporthalle des Droste-Hülshoff-Gymnasiums","statement":"Sporthalle des Droste-Hülshoff-Gymnasiums ist in OpenStreetMap als multi eingetragen. Betrieb und Öffnungszeiten nicht geprüft.","status":"OSM-Eintrag, nicht offiziell geprüft","startDate":null,"endDate":null,"nextStep":"Aktuelle Angaben direkt beim Ort prüfen.","scale":"street","geometryPrecision":"approximate","reviewState":"candidate","asOf":"2026-09-26T17:22:08.637Z","sourceCount":1,"primarySource":{"url":"https://www.openstreetmap.org/way/92414379","title":"OpenStreetMap contributors","publisher":"OpenStreetMap contributors","licence":"ODbL 1.0","reuse":"open_licence"}}},{"type":"Feature","geometry":{"type":"Point","coordinates":[7.86163,48.01029]},"properties":{"id":"osm:way-92414380","version":"f60cc6f4815009e894dffefdde78ed0e35b62294986e9593a6f61e5774bee3e6","cityId":"freiburg","kind":"place","category":"school","title":"Droste-Hülshoff-Gymnasium","statement":"Droste-Hülshoff-Gymnasium ist in OpenStreetMap als school eingetragen. Betrieb und Öffnungszeiten nicht geprüft.","status":"OSM-Eintrag, nicht offiziell geprüft","startDate":null,"endDate":null,"nextStep":"Aktuelle Angaben direkt beim Ort prüfen.","scale":"street","geometryPrecision":"approximate","reviewState":"candidate","asOf":"2026-09-26T17:22:08.637Z","sourceCount":1,"primarySource":{"url":"https://www.openstreetmap.org/way/92414380","title":"OpenStreetMap contributors","publisher":"OpenStreetMap contributors","licence":"ODbL 1.0","reuse":"open_licence"}}},{"type":"Feature","geometry":{"type":"Point","coordinates":[7.84132,47.98389]},"properties":{"id":"osm:way-92678787","version":"48dea67c070cab43f5d709925c1a84cc3e6c20f41f39f3af9be86c2998ebf59f","cityId":"freiburg","kind":"place","category":"swimming","title":"Familienbad","statement":"Familienbad ist in OpenStreetMap als swimming eingetragen. Betrieb und Öffnungszeiten nicht geprüft.","status":"OSM-Eintrag, nicht offiziell geprüft","startDate":null,"endDate":null,"nextStep":"Aktuelle Angaben direkt beim Ort prüfen.","scale":"street","geometryPrecision":"approximate","reviewState":"candidate","asOf":"2026-09-26T17:22:08.637Z","sourceCount":1,"primarySource":{"url":"https://www.openstreetmap.org/way/92678787","title":"OpenStreetMap contributors","publisher":"OpenStreetMap contributors","licence":"ODbL 1.0","reuse":"open_licence"}}},{"type":"Feature","geometry":{"type":"Point","coordinates":[7.84192,47.98354]},"properties":{"id":"osm:way-92678791","version":"13b718bf492e86a964b45b317b594ed6afa552067ac9cbf37d5ca672a05a0b03","cityId":"freiburg","kind":"place","category":"swimming","title":"Damenbad","statement":"Damenbad ist in OpenStreetMap als swimming eingetragen. Betrieb und Öffnungszeiten nicht geprüft.","status":"OSM-Eintrag, nicht offiziell geprüft","startDate":null,"endDate":null,"nextStep":"Aktuelle Angaben direkt beim Ort prüfen.","scale":"street","geometryPrecision":"approximate","reviewState":"candidate","asOf":"2026-09-26T17:22:08.637Z","sourceCount":1,"primarySource":{"url":"https://www.openstreetmap.org/way/92678791","title":"OpenStreetMap contributors","publisher":"OpenStreetMap contributors","licence":"ODbL 1.0","reuse":"open_licence"}}},{"type":"Feature","geometry":{"type":"Point","coordinates":[7.82474,48.01014]},"properties":{"id":"osm:way-931817588","version":"726244c28930702b2d9b297bbe9c42d6d70d819050cebf2fd85c51939b65826f","cityId":"freiburg","kind":"place","category":"9pin","title":"Heinz Rösch Kegelsporthalle","statement":"Heinz Rösch Kegelsporthalle ist in OpenStreetMap als 9pin eingetragen. Betrieb und Öffnungszeiten nicht geprüft.","status":"OSM-Eintrag, nicht offiziell geprüft","startDate":null,"endDate":null,"nextStep":"Aktuelle Angaben direkt beim Ort prüfen.","scale":"street","geometryPrecision":"approximate","reviewState":"candidate","asOf":"2026-09-26T17:22:08.637Z","sourceCount":1,"primarySource":{"url":"https://www.openstreetmap.org/way/931817588","title":"OpenStreetMap contributors","publisher":"OpenStreetMap contributors","licence":"ODbL 1.0","reuse":"open_licence"}}},{"type":"Feature","geometry":{"type":"Point","coordinates":[7.83854,48.01947]},"properties":{"id":"osm:way-93255412","version":"907a9987847c1518b33e8f301b93ac3e4195abf5096ffd0bc7491dbeb92ec2af","cityId":"freiburg","kind":"place","category":"community_centre","title":"Walter-Pfister-Clubheim","statement":"Walter-Pfister-Clubheim ist in OpenStreetMap als community_centre eingetragen. Betrieb und Öffnungszeiten nicht geprüft.","status":"OSM-Eintrag, nicht offiziell geprüft","startDate":null,"endDate":null,"nextStep":"Aktuelle Angaben direkt beim Ort prüfen.","scale":"street","geometryPrecision":"approximate","reviewState":"candidate","asOf":"2026-09-26T17:22:08.637Z","sourceCount":1,"primarySource":{"url":"https://www.openstreetmap.org/way/93255412","title":"OpenStreetMap contributors","publisher":"OpenStreetMap contributors","licence":"ODbL 1.0","reuse":"open_licence"}}},{"type":"Feature","geometry":{"type":"Point","coordinates":[7.89757,47.98726]},"properties":{"id":"osm:way-93257205","version":"7ee89ec94a25b7da4c692eef897733fca801b3cbe11abb4b3ce1cfa0c7040409","cityId":"freiburg","kind":"place","category":"social","title":"Jugend- und Bürgerforum Haus 197","statement":"Jugend- und Bürgerforum Haus 197 ist in OpenStreetMap als social eingetragen. Betrieb und Öffnungszeiten nicht geprüft.","status":"OSM-Eintrag, nicht offiziell geprüft","startDate":null,"endDate":null,"nextStep":"Aktuelle Angaben direkt beim Ort prüfen.","scale":"street","geometryPrecision":"approximate","reviewState":"candidate","asOf":"2026-09-26T17:22:08.637Z","sourceCount":1,"primarySource":{"url":"https://www.openstreetmap.org/way/93257205","title":"OpenStreetMap contributors","publisher":"OpenStreetMap contributors","licence":"ODbL 1.0","reuse":"open_licence"}}},{"type":"Feature","geometry":{"type":"Point","coordinates":[7.80805,48.02373]},"properties":{"id":"osm:way-93329919","version":"1d6e40c8e87f2687b338fda9e1c5d9fe474dd77cedd59418037106b8a4a95d44","cityId":"freiburg","kind":"place","category":"community_centre","title":"Haus der Begegnung","statement":"Haus der Begegnung ist in OpenStreetMap als community_centre eingetragen. Betrieb und Öffnungszeiten nicht geprüft.","status":"OSM-Eintrag, nicht offiziell geprüft","startDate":null,"endDate":null,"nextStep":"Aktuelle Angaben direkt beim Ort prüfen.","scale":"street","geometryPrecision":"approximate","reviewState":"candidate","asOf":"2026-09-26T17:22:08.637Z","sourceCount":1,"primarySource":{"url":"https://www.openstreetmap.org/way/93329919","title":"OpenStreetMap contributors","publisher":"OpenStreetMap contributors","licence":"ODbL 1.0","reuse":"open_licence"}}},{"type":"Feature","geometry":{"type":"Point","coordinates":[7.84261,47.98416]},"properties":{"id":"osm:way-94353732","version":"6e52383134b12abcff74e41c3e660cbbe75b9c69fa045ea889a7f2fe595b57ae","cityId":"freiburg","kind":"place","category":"school","title":"Loretto-Grundschule","statement":"Loretto-Grundschule ist in OpenStreetMap als school eingetragen. Betrieb und Öffnungszeiten nicht geprüft.","status":"OSM-Eintrag, nicht offiziell geprüft","startDate":null,"endDate":null,"nextStep":"Aktuelle Angaben direkt beim Ort prüfen.","scale":"street","geometryPrecision":"approximate","reviewState":"candidate","asOf":"2026-09-26T17:22:08.637Z","sourceCount":1,"primarySource":{"url":"https://www.openstreetmap.org/way/94353732","title":"OpenStreetMap contributors","publisher":"OpenStreetMap contributors","licence":"ODbL 1.0","reuse":"open_licence"}}},{"type":"Feature","geometry":{"type":"Point","coordinates":[7.847,47.98942]},"properties":{"id":"osm:way-97645024","version":"fba71cbee89dc25bae8b2d001d997f5e13d71ea955f0db17db30fdf09aa0f13d","cityId":"freiburg","kind":"place","category":"school","title":"Lessing-Realschule","statement":"Lessing-Realschule ist in OpenStreetMap als school eingetragen. Öffnungszeiten in OSM eingetragen; nicht unabhängig bestätigt.","status":"OSM-Eintrag, nicht offiziell geprüft","startDate":null,"endDate":null,"nextStep":"Aktuelle Angaben direkt beim Ort prüfen.","scale":"street","geometryPrecision":"approximate","reviewState":"candidate","asOf":"2026-09-26T17:22:08.637Z","sourceCount":1,"primarySource":{"url":"https://www.openstreetmap.org/way/97645024","title":"OpenStreetMap contributors","publisher":"OpenStreetMap contributors","licence":"ODbL 1.0","reuse":"open_licence"}}},{"type":"Feature","geometry":{"type":"Point","coordinates":[7.82229,48.01766]},"properties":{"id":"osm:way-98623841","version":"a98280ce8c87bb81b43b01602413531f46a9ed128588a5d2f43c9bf96683235c","cityId":"freiburg","kind":"place","category":"school","title":"Mooswaldschule","statement":"Mooswaldschule ist in OpenStreetMap als school eingetragen. Betrieb und Öffnungszeiten nicht geprüft.","status":"OSM-Eintrag, nicht offiziell geprüft","startDate":null,"endDate":null,"nextStep":"Aktuelle Angaben direkt beim Ort prüfen.","scale":"street","geometryPrecision":"approximate","reviewState":"candidate","asOf":"2026-09-26T17:22:08.637Z","sourceCount":1,"primarySource":{"url":"https://www.openstreetmap.org/way/98623841","title":"OpenStreetMap contributors","publisher":"OpenStreetMap contributors","licence":"ODbL 1.0","reuse":"open_licence"}}},{"type":"Feature","geometry":{"type":"Point","coordinates":[7.8141,47.97612]},"properties":{"id":"osm:way-990281498","version":"823f175a635a4290a194acd2fdaefae3b871bddade24a93041b9ffcc101286d3","cityId":"freiburg","kind":"place","category":"school","title":"Werkgebäude","statement":"Werkgebäude ist in OpenStreetMap als school eingetragen. Betrieb und Öffnungszeiten nicht geprüft.","status":"OSM-Eintrag, nicht offiziell geprüft","startDate":null,"endDate":null,"nextStep":"Aktuelle Angaben direkt beim Ort prüfen.","scale":"street","geometryPrecision":"approximate","reviewState":"candidate","asOf":"2026-09-26T17:22:08.637Z","sourceCount":1,"primarySource":{"url":"https://www.openstreetmap.org/way/990281498","title":"OpenStreetMap contributors","publisher":"OpenStreetMap contributors","licence":"ODbL 1.0","reuse":"open_licence"}}},{"type":"Feature","geometry":{"type":"Point","coordinates":[7.82287,48.00952]},"properties":{"id":"osm:way-990579218","version":"dcd33bb4432fb495f973e960acf4d2545cdd375f99618218be2de1ea31086544","cityId":"freiburg","kind":"place","category":"scuba_diving","title":"1. Tauchclub Freiburg e.V.","statement":"1. Tauchclub Freiburg e.V. ist in OpenStreetMap als scuba_diving eingetragen. Betrieb und Öffnungszeiten nicht geprüft.","status":"OSM-Eintrag, nicht offiziell geprüft","startDate":null,"endDate":null,"nextStep":"Aktuelle Angaben direkt beim Ort prüfen.","scale":"street","geometryPrecision":"approximate","reviewState":"candidate","asOf":"2026-09-26T17:22:08.637Z","sourceCount":1,"primarySource":{"url":"https://www.openstreetmap.org/way/990579218","title":"OpenStreetMap contributors","publisher":"OpenStreetMap contributors","licence":"ODbL 1.0","reuse":"open_licence"}}},{"type":"Feature","geometry":{"type":"Point","coordinates":[7.84736,47.98236]},"properties":{"id":"osm:way-99877156","version":"2d1eb68dbc1bbee3d5ec55104b6fb021f8be1215d4eb36b2ecb00cc664091b17","cityId":"freiburg","kind":"place","category":"school","title":"Montessori-Grundschule","statement":"Montessori-Grundschule ist in OpenStreetMap als school eingetragen. Betrieb und Öffnungszeiten nicht geprüft.","status":"OSM-Eintrag, nicht offiziell geprüft","startDate":null,"endDate":null,"nextStep":"Aktuelle Angaben direkt beim Ort prüfen.","scale":"street","geometryPrecision":"approximate","reviewState":"candidate","asOf":"2026-09-26T17:22:08.637Z","sourceCount":1,"primarySource":{"url":"https://www.openstreetmap.org/way/99877156","title":"OpenStreetMap contributors","publisher":"OpenStreetMap contributors","licence":"ODbL 1.0","reuse":"open_licence"}}}]}
