{
  "type": "FeatureCollection",
  "features": [
    {
      "type": "Feature",
      "geometry": null,
      "properties": {
        "id": "atlas:altstadt-plan69",
        "version": "83aac7ef1b1045314d5d902c1a0414ad2c4b9a8300351e196a71eec506462787",
        "cityId": "strausberg",
        "kind": "planning",
        "category": "Stadtplanung",
        "title": "Strausberger Altstadt · Plan 69/24",
        "statement": "Eigenes Planverfahren für die Altstadt; vom konkreten Altstadt Quartier 67/22 zu unterscheiden.",
        "status": "Aufstellungsbeschluss dokumentiert",
        "startDate": null,
        "endDate": null,
        "nextStep": "Neueren Entwurfs- oder Beteiligungsstand nachführen.",
        "unknowns": [
          "Aktueller Bearbeitungsstand",
          "Nächster veröffentlichter Termin"
        ],
        "scale": "city",
        "geometryPrecision": "none",
        "sources": [
          {
            "url": "https://www.stadt-strausberg.de/bauleitplanung-2/#rb_dasl_accordion_2_collapse3",
            "title": "Stadt Strausberg · Verfahrensunterlagen",
            "publisher": "www.stadt-strausberg.de",
            "locator": "atlas project altstadt-plan69; Stadt Strausberg · Verfahrensunterlagen",
            "retrievedAt": "2026-09-26T17:16:59.816Z",
            "sha256": null,
            "snapshot": false,
            "licence": "unknown",
            "reuse": "facts_with_attribution"
          },
          {
            "url": "https://www.stadt-strausberg.de/wp-content/uploads/2024/08/Beschlussblatt.pdf",
            "title": "Beschlussblatt · 16.05.2024",
            "publisher": "www.stadt-strausberg.de",
            "locator": "atlas project altstadt-plan69; Beschlussblatt · 16.05.2024",
            "retrievedAt": "2026-09-26T17:16:59.816Z",
            "sha256": null,
            "snapshot": false,
            "licence": "unknown",
            "reuse": "facts_with_attribution"
          }
        ],
        "extraction": {
          "method": "structured"
        },
        "reviewState": "candidate",
        "asOf": "2026-09-05"
      }
    },
    {
      "type": "Feature",
      "geometry": {
        "type": "Polygon",
        "coordinates": [
          [
            [
              13.8841385,
              52.581485
            ],
            [
              13.8837245,
              52.5815469
            ],
            [
              13.8835144,
              52.5817769
            ],
            [
              13.8820951,
              52.5818625
            ],
            [
              13.8817578,
              52.5809974
            ],
            [
              13.8822184,
              52.5809531
            ],
            [
              13.8827167,
              52.5809164
            ],
            [
              13.8829129,
              52.580895
            ],
            [
              13.8828198,
              52.5804839
            ],
            [
              13.8831923,
              52.5804625
            ],
            [
              13.8832552,
              52.5808446
            ],
            [
              13.883381,
              52.5808201
            ],
            [
              13.8834741,
              52.5811632
            ],
            [
              13.8840165,
              52.5811227
            ],
            [
              13.8841385,
              52.581485
            ]
          ]
        ]
      },
      "properties": {
        "id": "atlas:altstadt-quartier",
        "version": "d3473c5cdf0d9fa25e54cb0a49417b8cd535c5eb996e9a628b2f667131e7bee0",
        "cityId": "strausberg",
        "kind": "consultation",
        "category": "Wohnen & Stadtentwicklung",
        "title": "Altstadt Quartier",
        "statement": "Leerstände und Baulücken sollen einem Quartier mit Wohnungen, Handel und Dienstleistungen weichen. Die Stadt schafft dafür die planungsrechtlichen Voraussetzungen; Vorhabenträger ist TAMAX.",
        "status": "Beteiligungsfrist endete am 2026-09-20; aktueller Verfahrensstand nicht bestätigt",
        "startDate": "2026-08-17",
        "endDate": "2026-09-20",
        "nextStep": "Nach Fristende: Stellungnahmen bis 20.09.2026; anschließend Abwägung und weitere Entscheidung der Stadtverordnetenversammlung. Ein Termin dafür ist in den ausgewerteten Quellen nicht belegt.",
        "unknowns": [
          "Verbindlicher Baubeginn und Fertigstellungstermin",
          "Aktuell terminbestimmende Abhängigkeit",
          "Abschluss von Satzungsverfahren und Durchführungsvertrag"
        ],
        "scale": "neighbourhood",
        "geometryPrecision": "area",
        "sources": [
          {
            "url": "https://www.stadt-strausberg.de/wp-content/uploads/2026/08/20260600_BP67-22_Entwurf_Begruendung.pdf",
            "title": "Planbegründung · Entwurf Juni 2026",
            "publisher": "www.stadt-strausberg.de",
            "locator": "65 PDF-Seiten; S. 1–2, 9, 26–27, 58, 60",
            "retrievedAt": "2026-09-26T17:16:59.816Z",
            "sha256": null,
            "snapshot": false,
            "licence": "unknown",
            "reuse": "facts_with_attribution"
          },
          {
            "url": "https://www.stadt-strausberg.de/wp-content/uploads/2026/08/20240917_BP67-22_Beschlussblatt_Aenderung-Aufstellungsbeschluss.pdf",
            "title": "Beschlussblatt · 07.11.2024",
            "publisher": "www.stadt-strausberg.de",
            "locator": "PDF-Seite 1, Beschluss-Datum",
            "retrievedAt": "2026-09-26T17:16:59.816Z",
            "sha256": null,
            "snapshot": false,
            "licence": "unknown",
            "reuse": "facts_with_attribution"
          },
          {
            "url": "https://bb.beteiligung.diplanung.de/verfahren/altstadtquartier-srb/public/detail",
            "title": "DiPlan · Beteiligung und Verfahrensgebiet",
            "publisher": "bb.beteiligung.diplanung.de",
            "locator": "atlas project altstadt-quartier; DiPlan · Beteiligung und Verfahrensgebiet",
            "retrievedAt": "2026-09-26T17:16:59.816Z",
            "sha256": null,
            "snapshot": false,
            "licence": "unknown",
            "reuse": "facts_with_attribution"
          },
          {
            "url": "https://www.stadt-strausberg.de/bauleitplanung-2/#rb_dasl_accordion_2_collapse5",
            "title": "Stadt Strausberg · Verfahrensunterlagen",
            "publisher": "www.stadt-strausberg.de",
            "locator": "atlas project altstadt-quartier; Stadt Strausberg · Verfahrensunterlagen",
            "retrievedAt": "2026-09-26T17:16:59.816Z",
            "sha256": null,
            "snapshot": false,
            "licence": "unknown",
            "reuse": "facts_with_attribution"
          },
          {
            "url": "https://www.stadt-strausberg.de/aktuelles/#post-30247",
            "title": "Stadtmitteilung · Entwurfsbeschluss und Auslegung",
            "publisher": "www.stadt-strausberg.de",
            "locator": "atlas project altstadt-quartier; Stadtmitteilung · Entwurfsbeschluss und Auslegung",
            "retrievedAt": "2026-09-26T17:16:59.816Z",
            "sha256": null,
            "snapshot": false,
            "licence": "unknown",
            "reuse": "facts_with_attribution"
          },
          {
            "url": "https://www.stadt-strausberg.de/wp-content/uploads/2026/08/20260702_Bekanntmachung-Offenlage-BP67-22.pdf",
            "title": "Amtliche Bekanntmachung · Entwurfsbeschluss und Auslegung",
            "publisher": "www.stadt-strausberg.de",
            "locator": "PDF-Seite 1; BV-SVV-2026/0243, 02.07.2026",
            "retrievedAt": "2026-09-26T17:16:59.816Z",
            "sha256": null,
            "snapshot": false,
            "licence": "unknown",
            "reuse": "facts_with_attribution"
          }
        ],
        "extraction": {
          "method": "structured"
        },
        "reviewState": "candidate",
        "asOf": "2026-09-05"
      }
    },
    {
      "type": "Feature",
      "geometry": {
        "type": "Point",
        "coordinates": [
          13.9082183,
          52.5875324
        ]
      },
      "properties": {
        "id": "atlas:biotop",
        "version": "8d62998d93ed03a95b05562659af98529161ed04cf7bc44171576759424fcccb",
        "cityId": "strausberg",
        "kind": "planning",
        "category": "Verkehr & Infrastruktur",
        "title": "Am Biotop · Fernwärmeleitung",
        "statement": "Leitungsarbeiten und eine zeitweilige Sperrung wurden für 2025 angekündigt.",
        "status": "Ältere Baunachricht; aktueller Stand fehlt",
        "startDate": null,
        "endDate": null,
        "nextStep": "Neuere Abschluss- oder Fortschrittsmeldung ergänzen.",
        "unknowns": [
          "Tatsächlicher Abschluss",
          "Aktuelle Einschränkungen"
        ],
        "scale": "neighbourhood",
        "geometryPrecision": "approximate",
        "sources": [
          {
            "url": "https://www.stadt-strausberg.de/aktuelles/#post-27771",
            "title": "Stadtmitteilung",
            "publisher": "www.stadt-strausberg.de",
            "locator": "atlas project biotop; Stadtmitteilung",
            "retrievedAt": "2026-09-26T17:16:59.816Z",
            "sha256": null,
            "snapshot": false,
            "licence": "unknown",
            "reuse": "facts_with_attribution"
          },
          {
            "url": "https://nominatim.openstreetmap.org/search?q=Am+Biotop%2C+Strausberg%2C+Germany&format=jsonv2&limit=2&countrycodes=de",
            "title": "OpenStreetMap · ungefährer Ortsbezug",
            "publisher": "nominatim.openstreetmap.org",
            "locator": "atlas project biotop; OpenStreetMap · ungefährer Ortsbezug",
            "retrievedAt": "2026-09-26T17:16:59.816Z",
            "sha256": null,
            "snapshot": false,
            "licence": "unknown",
            "reuse": "facts_with_attribution"
          }
        ],
        "extraction": {
          "method": "structured"
        },
        "reviewState": "candidate",
        "asOf": "2026-09-05"
      }
    },
    {
      "type": "Feature",
      "geometry": {
        "type": "Point",
        "coordinates": [
          13.8792022,
          52.5807887
        ]
      },
      "properties": {
        "id": "atlas:fischerkietz",
        "version": "b963296b8da8f4e62fbbc93747836ab4b507b89633df2572a96797ea48ccfeac",
        "cityId": "strausberg",
        "kind": "planning",
        "category": "Spiel & Grün",
        "title": "Spielplatz Fischerkietz",
        "statement": "Die Stadt meldet den Ersatz des früher gesperrten Spielplatzes und die Freigabe.",
        "status": "Neuer Spielplatz freigegeben",
        "startDate": null,
        "endDate": null,
        "nextStep": "Abschlussmeldung mit Datum nachführen.",
        "unknowns": [
          "Exakter Tag der Freigabe"
        ],
        "scale": "neighbourhood",
        "geometryPrecision": "approximate",
        "sources": [
          {
            "url": "https://www.stadt-strausberg.de/aktuelles/#post-28198",
            "title": "Stadtmitteilung",
            "publisher": "www.stadt-strausberg.de",
            "locator": "atlas project fischerkietz; Stadtmitteilung",
            "retrievedAt": "2026-09-26T17:16:59.816Z",
            "sha256": null,
            "snapshot": false,
            "licence": "unknown",
            "reuse": "facts_with_attribution"
          },
          {
            "url": "https://nominatim.openstreetmap.org/search?q=Fischerkietz%2C+Strausberg%2C+Germany&format=jsonv2&limit=2&countrycodes=de",
            "title": "OpenStreetMap · ungefährer Ortsbezug",
            "publisher": "nominatim.openstreetmap.org",
            "locator": "atlas project fischerkietz; OpenStreetMap · ungefährer Ortsbezug",
            "retrievedAt": "2026-09-26T17:16:59.816Z",
            "sha256": null,
            "snapshot": false,
            "licence": "unknown",
            "reuse": "facts_with_attribution"
          }
        ],
        "extraction": {
          "method": "structured"
        },
        "reviewState": "candidate",
        "asOf": "2026-09-05"
      }
    },
    {
      "type": "Feature",
      "geometry": {
        "type": "Point",
        "coordinates": [
          13.8794724,
          52.5699722
        ]
      },
      "properties": {
        "id": "atlas:fliessstrasse",
        "version": "8c45e46c8b5cb5549d417e304f92262ca87778863160f57f98e01a18ee21ce34",
        "cityId": "strausberg",
        "kind": "planning",
        "category": "Wohnen & Stadtentwicklung",
        "title": "Wohngebiet an der Fließstraße",
        "statement": "Wohngebietsplanung mit Verkehrs- und Grünflächen, verbunden mit der dritten FNP-Änderung.",
        "status": "Ältere Verfahrensunterlagen; neuer Stand fehlt",
        "startDate": null,
        "endDate": null,
        "nextStep": "Aktuellen Verfahrensstand statt des alten Dokumentpakets abgleichen.",
        "unknowns": [
          "Fortgang seit der frühen Beteiligung",
          "Umsetzung und Terminplan"
        ],
        "scale": "neighbourhood",
        "geometryPrecision": "approximate",
        "sources": [
          {
            "url": "https://www.stadt-strausberg.de/bauleitplanung-2/#rb_dasl_accordion_2_collapse7",
            "title": "Stadt Strausberg · Verfahrensunterlagen",
            "publisher": "www.stadt-strausberg.de",
            "locator": "atlas project fliessstrasse; Stadt Strausberg · Verfahrensunterlagen",
            "retrievedAt": "2026-09-26T17:16:59.816Z",
            "sha256": null,
            "snapshot": false,
            "licence": "unknown",
            "reuse": "facts_with_attribution"
          },
          {
            "url": "https://nominatim.openstreetmap.org/search?q=Flie%C3%9Fstra%C3%9Fe%2C+Strausberg%2C+Germany&format=jsonv2&limit=2&countrycodes=de",
            "title": "OpenStreetMap · ungefährer Ortsbezug",
            "publisher": "nominatim.openstreetmap.org",
            "locator": "atlas project fliessstrasse; OpenStreetMap · ungefährer Ortsbezug",
            "retrievedAt": "2026-09-26T17:16:59.816Z",
            "sha256": null,
            "snapshot": false,
            "licence": "unknown",
            "reuse": "facts_with_attribution"
          }
        ],
        "extraction": {
          "method": "structured"
        },
        "reviewState": "candidate",
        "asOf": "2026-09-05"
      }
    },
    {
      "type": "Feature",
      "geometry": {
        "type": "Point",
        "coordinates": [
          13.8655315,
          52.5448351
        ]
      },
      "properties": {
        "id": "atlas:garzauer-bruecke",
        "version": "8acc17f963f250babcbd5f6a7d7464e9e885e14bb14f81eda84fa6a967a97f79",
        "cityId": "strausberg",
        "kind": "planning",
        "category": "Verkehr & Infrastruktur",
        "title": "Eisenbahnbrücke Garzauer Straße",
        "statement": "Die neuere Stadtmitteilung meldet den Abschluss von Brücke und Straßenraum. Sie ersetzt den früheren Verzögerungsstand.",
        "status": "Bauabschluss und Freigabe gemeldet",
        "startDate": null,
        "endDate": null,
        "nextStep": "Abschlussmeldung als aktuellen Nachweis erhalten.",
        "unknowns": [
          "Genauer Veröffentlichungstag der Freigabemeldung"
        ],
        "scale": "neighbourhood",
        "geometryPrecision": "approximate",
        "sources": [
          {
            "url": "https://www.stadt-strausberg.de/aktuelles/#post-29740",
            "title": "Stadt · Brücke wieder frei",
            "publisher": "www.stadt-strausberg.de",
            "locator": "atlas project garzauer-bruecke; Stadt · Brücke wieder frei",
            "retrievedAt": "2026-09-26T17:16:59.816Z",
            "sha256": null,
            "snapshot": false,
            "licence": "unknown",
            "reuse": "facts_with_attribution"
          },
          {
            "url": "https://www.stadt-strausberg.de/aktuelles/#post-29416",
            "title": "Stadt · frühere Verzögerungsgründe",
            "publisher": "www.stadt-strausberg.de",
            "locator": "atlas project garzauer-bruecke; Stadt · frühere Verzögerungsgründe",
            "retrievedAt": "2026-09-26T17:16:59.816Z",
            "sha256": null,
            "snapshot": false,
            "licence": "unknown",
            "reuse": "facts_with_attribution"
          },
          {
            "url": "https://www.stadt-strausberg.de/aktuelles/#post-26629",
            "title": "Stadt · Bauankündigung",
            "publisher": "www.stadt-strausberg.de",
            "locator": "atlas project garzauer-bruecke; Stadt · Bauankündigung",
            "retrievedAt": "2026-09-26T17:16:59.816Z",
            "sha256": null,
            "snapshot": false,
            "licence": "unknown",
            "reuse": "facts_with_attribution"
          },
          {
            "url": "https://nominatim.openstreetmap.org/search?q=Garzauer+Stra%C3%9Fe%2C+Strausberg%2C+Germany&format=jsonv2&limit=2&countrycodes=de",
            "title": "OpenStreetMap · ungefährer Ortsbezug",
            "publisher": "nominatim.openstreetmap.org",
            "locator": "atlas project garzauer-bruecke; OpenStreetMap · ungefährer Ortsbezug",
            "retrievedAt": "2026-09-26T17:16:59.816Z",
            "sha256": null,
            "snapshot": false,
            "licence": "unknown",
            "reuse": "facts_with_attribution"
          }
        ],
        "extraction": {
          "method": "structured"
        },
        "reviewState": "candidate",
        "asOf": "2026-09-05"
      }
    },
    {
      "type": "Feature",
      "geometry": {
        "type": "Point",
        "coordinates": [
          13.8442935,
          52.5371006
        ]
      },
      "properties": {
        "id": "atlas:gleise",
        "version": "cb0736d2d3a461b6fe01bfabb792a56b371c777f2d2ac9e6fd9cce9fa27f07d9",
        "cityId": "strausberg",
        "kind": "planning",
        "category": "Verkehr & Infrastruktur",
        "title": "Straßenbahn · Gleiserneuerung",
        "statement": "Erneuerung eines etwa 1,4 Kilometer langen Gleisabschnitts mit angekündigtem Ersatzverkehr.",
        "status": "Sommermaßnahme angekündigt; Abschluss offen",
        "startDate": null,
        "endDate": null,
        "nextStep": "Abschlussmeldung und aktuellen Betrieb anhand neuer Betreiberinformation prüfen.",
        "unknowns": [
          "Tatsächlicher Abschluss nach dem Zieltermin 23.08.2026"
        ],
        "scale": "neighbourhood",
        "geometryPrecision": "approximate",
        "sources": [
          {
            "url": "https://www.stadt-strausberg.de/aktuelles/#post-29786",
            "title": "Stadt · Gleiserneuerung Sommer 2026",
            "publisher": "www.stadt-strausberg.de",
            "locator": "atlas project gleise; Stadt · Gleiserneuerung Sommer 2026",
            "retrievedAt": "2026-09-26T17:16:59.816Z",
            "sha256": null,
            "snapshot": false,
            "licence": "unknown",
            "reuse": "facts_with_attribution"
          },
          {
            "url": "https://nominatim.openstreetmap.org/search?q=Landhausstra%C3%9Fe%2C+Strausberg%2C+Germany&format=jsonv2&limit=2&countrycodes=de",
            "title": "OpenStreetMap · ungefährer Ortsbezug",
            "publisher": "nominatim.openstreetmap.org",
            "locator": "atlas project gleise; OpenStreetMap · ungefährer Ortsbezug",
            "retrievedAt": "2026-09-26T17:16:59.816Z",
            "sha256": null,
            "snapshot": false,
            "licence": "unknown",
            "reuse": "facts_with_attribution"
          }
        ],
        "extraction": {
          "method": "structured"
        },
        "reviewState": "candidate",
        "asOf": "2026-09-05"
      }
    },
    {
      "type": "Feature",
      "geometry": {
        "type": "Point",
        "coordinates": [
          13.8809284,
          52.5808061
        ]
      },
      "properties": {
        "id": "atlas:grosse-strasse",
        "version": "c21b494cfa10509c8283c2629ab947d4cf5c9ee4decc25ff65789e7b67309c0a",
        "cityId": "strausberg",
        "kind": "planning",
        "category": "Straßen & Wege",
        "title": "Große Straße · Pflastertest",
        "statement": "Ein Schleifversuch soll prüfen, ob das Pflaster für Fahrräder, Rollatoren und Rollstühle besser befahrbar wird.",
        "status": "Testfläche ab KW 37/38 angekündigt",
        "startDate": null,
        "endDate": null,
        "nextStep": "Testfläche bearbeiten und Eignung für eine größere Anwendung bewerten.",
        "unknowns": [
          "Tatsächlicher Start",
          "Testergebnis und Entscheidung über weitere Flächen"
        ],
        "scale": "neighbourhood",
        "geometryPrecision": "approximate",
        "sources": [
          {
            "url": "https://www.stadt-strausberg.de/aktuelles/#post-30260",
            "title": "Stadt · Präzisionsschleifen",
            "publisher": "www.stadt-strausberg.de",
            "locator": "atlas project grosse-strasse; Stadt · Präzisionsschleifen",
            "retrievedAt": "2026-09-26T17:16:59.816Z",
            "sha256": null,
            "snapshot": false,
            "licence": "unknown",
            "reuse": "facts_with_attribution"
          },
          {
            "url": "https://nominatim.openstreetmap.org/search?q=Markt%2C+Strausberg%2C+Germany&format=jsonv2&limit=2&countrycodes=de",
            "title": "OpenStreetMap · ungefährer Ortsbezug",
            "publisher": "nominatim.openstreetmap.org",
            "locator": "atlas project grosse-strasse; OpenStreetMap · ungefährer Ortsbezug",
            "retrievedAt": "2026-09-26T17:16:59.816Z",
            "sha256": null,
            "snapshot": false,
            "licence": "unknown",
            "reuse": "facts_with_attribution"
          }
        ],
        "extraction": {
          "method": "structured"
        },
        "reviewState": "candidate",
        "asOf": "2026-09-05"
      }
    },
    {
      "type": "Feature",
      "geometry": {
        "type": "Point",
        "coordinates": [
          13.8816194,
          52.5731098
        ]
      },
      "properties": {
        "id": "atlas:heger-walk",
        "version": "b0080f74f66d9f2525851d00c8785631dfcdb981b0c7310a927b609bdd6afc36",
        "cityId": "strausberg",
        "kind": "planning",
        "category": "Wohnen & Stadtentwicklung",
        "title": "Quartier Hegermühlen-/Walkmühlenstraße",
        "statement": "KW-Development plant ein Quartier mit sieben Mehrfamilienhäusern und einer öffentlichen Wegeverbindung.",
        "status": "Stellungnahmefrist beendet; Folgestand offen",
        "startDate": null,
        "endDate": null,
        "nextStep": "Ergebnis des Verfahrens und konkrete Umsetzungstermine veröffentlichen.",
        "unknowns": [
          "Entscheidung nach der Beteiligung",
          "Verbindlicher Baubeginn"
        ],
        "scale": "neighbourhood",
        "geometryPrecision": "approximate",
        "sources": [
          {
            "url": "https://www.stadt-strausberg.de/aktuelles/#post-29451",
            "title": "Stadt · Beteiligung zum Wohnquartier",
            "publisher": "www.stadt-strausberg.de",
            "locator": "atlas project heger-walk; Stadt · Beteiligung zum Wohnquartier",
            "retrievedAt": "2026-09-26T17:16:59.816Z",
            "sha256": null,
            "snapshot": false,
            "licence": "unknown",
            "reuse": "facts_with_attribution"
          },
          {
            "url": "https://nominatim.openstreetmap.org/search?q=Walkm%C3%BChlenstra%C3%9Fe%2C+Strausberg%2C+Germany&format=jsonv2&limit=2&countrycodes=de",
            "title": "OpenStreetMap · ungefährer Ortsbezug",
            "publisher": "nominatim.openstreetmap.org",
            "locator": "atlas project heger-walk; OpenStreetMap · ungefährer Ortsbezug",
            "retrievedAt": "2026-09-26T17:16:59.816Z",
            "sha256": null,
            "snapshot": false,
            "licence": "unknown",
            "reuse": "facts_with_attribution"
          }
        ],
        "extraction": {
          "method": "structured"
        },
        "reviewState": "candidate",
        "asOf": "2026-09-05"
      }
    },
    {
      "type": "Feature",
      "geometry": {
        "type": "Point",
        "coordinates": [
          13.8811156,
          52.564608
        ]
      },
      "properties": {
        "id": "atlas:hubertusallee",
        "version": "f74b6b13a1d3d23c08775737e5cc752a94937fd58e93756a5c948d0335a58cc7",
        "cityId": "strausberg",
        "kind": "planning",
        "category": "Spiel & Grün",
        "title": "Spielplatz Hubertusallee",
        "statement": "Neuer Spielplatz für Kinder von sechs bis zwölf Jahren. Die Stadt nennt etwa 85.000 Euro aus städtischen Mitteln.",
        "status": "Baubeginn für 01.09.2026 angekündigt",
        "startDate": null,
        "endDate": null,
        "nextStep": "Aufbau, Aushärten der Fundamente und Sicherheitsprüfung; erst danach Freigabe.",
        "unknowns": [
          "Tatsächlicher Baustart",
          "Konkreter Eröffnungstermin"
        ],
        "scale": "neighbourhood",
        "geometryPrecision": "approximate",
        "sources": [
          {
            "url": "https://www.stadt-strausberg.de/aktuelles/#post-30243",
            "title": "Stadt · Neuer Spielplatz Hubertusallee",
            "publisher": "www.stadt-strausberg.de",
            "locator": "atlas project hubertusallee; Stadt · Neuer Spielplatz Hubertusallee",
            "retrievedAt": "2026-09-26T17:16:59.816Z",
            "sha256": null,
            "snapshot": false,
            "licence": "unknown",
            "reuse": "facts_with_attribution"
          },
          {
            "url": "https://nominatim.openstreetmap.org/search?q=Hubertusallee%2C+Strausberg%2C+Germany&format=jsonv2&limit=2&countrycodes=de",
            "title": "OpenStreetMap · ungefährer Ortsbezug",
            "publisher": "nominatim.openstreetmap.org",
            "locator": "atlas project hubertusallee; OpenStreetMap · ungefährer Ortsbezug",
            "retrievedAt": "2026-09-26T17:16:59.816Z",
            "sha256": null,
            "snapshot": false,
            "licence": "unknown",
            "reuse": "facts_with_attribution"
          }
        ],
        "extraction": {
          "method": "structured"
        },
        "reviewState": "candidate",
        "asOf": "2026-09-05"
      }
    },
    {
      "type": "Feature",
      "geometry": {
        "type": "Polygon",
        "coordinates": [
          [
            [
              13.8344796,
              52.5380846
            ],
            [
              13.8353352,
              52.5379362
            ],
            [
              13.8353881,
              52.5377939
            ],
            [
              13.8368797,
              52.5375266
            ],
            [
              13.8372979,
              52.5384478
            ],
            [
              13.834865,
              52.538815
            ],
            [
              13.8348072,
              52.5387569
            ],
            [
              13.8344796,
              52.5380846
            ]
          ]
        ]
      },
      "properties": {
        "id": "atlas:kieferngrund",
        "version": "394f773597446670dccba0d626f53ef7ad16e45dfec1961e8b8dcc3c576f50c1",
        "cityId": "strausberg",
        "kind": "planning",
        "category": "Wohnen & Stadtentwicklung",
        "title": "Wohnen am Kieferngrund",
        "statement": "Wohnungsbau am südlichen Stadteingang. Das veröffentlichte Konzept nennt zehn Mehrfamilienhäuser und etwa 200 Wohnungen.",
        "status": "Beteiligung beendet; Folgestand offen",
        "startDate": null,
        "endDate": null,
        "nextStep": "Aktuellen Beschluss- und Umsetzungsstand mit Stadtplanung abgleichen.",
        "unknowns": [
          "Neuester Beschluss nach der Beteiligung",
          "Baustart und Fertigstellung"
        ],
        "scale": "neighbourhood",
        "geometryPrecision": "area",
        "sources": [
          {
            "url": "https://www.stadt-strausberg.de/bauleitplanung-2/#rb_dasl_accordion_2_collapse2",
            "title": "Stadt Strausberg · Verfahrensunterlagen",
            "publisher": "www.stadt-strausberg.de",
            "locator": "atlas project kieferngrund; Stadt Strausberg · Verfahrensunterlagen",
            "retrievedAt": "2026-09-26T17:16:59.816Z",
            "sha256": null,
            "snapshot": false,
            "licence": "unknown",
            "reuse": "facts_with_attribution"
          },
          {
            "url": "https://bb.beteiligung.diplanung.de/verfahren/kieferngrund/public/detail",
            "title": "DiPlan · Verfahrensstand und Gebiet",
            "publisher": "bb.beteiligung.diplanung.de",
            "locator": "atlas project kieferngrund; DiPlan · Verfahrensstand und Gebiet",
            "retrievedAt": "2026-09-26T17:16:59.816Z",
            "sha256": null,
            "snapshot": false,
            "licence": "unknown",
            "reuse": "facts_with_attribution"
          },
          {
            "url": "https://www.stadt-strausberg.de/bauleitplanung-2/#rb_dasl_accordion_1_collapse9",
            "title": "Stadt · parallele FNP-Änderung",
            "publisher": "www.stadt-strausberg.de",
            "locator": "atlas project kieferngrund; Stadt · parallele FNP-Änderung",
            "retrievedAt": "2026-09-26T17:16:59.816Z",
            "sha256": null,
            "snapshot": false,
            "licence": "unknown",
            "reuse": "facts_with_attribution"
          }
        ],
        "extraction": {
          "method": "structured"
        },
        "reviewState": "candidate",
        "asOf": "2026-09-05"
      }
    },
    {
      "type": "Feature",
      "geometry": {
        "type": "Point",
        "coordinates": [
          13.8944832,
          52.569344
        ]
      },
      "properties": {
        "id": "atlas:kinderland",
        "version": "de1b6528adccb732e38fe9159d9ecc81736c7d92d2e17a6f2f5aef9810e41fb5",
        "cityId": "strausberg",
        "kind": "planning",
        "category": "Schule & Betreuung",
        "title": "Kita Kinderland · U3-Spielplatz",
        "statement": "Die Stadt berichtet über die Einweihung des U3-Spielplatzes als Abschluss des dritten Abschnitts.",
        "status": "Dritter Abschnitt der Außenanlagen eröffnet",
        "startDate": null,
        "endDate": null,
        "nextStep": "Abschlussnachweis für den Projektverlauf erhalten.",
        "unknowns": [
          "Keine offene Bauphase aus dieser Meldung ableitbar"
        ],
        "scale": "neighbourhood",
        "geometryPrecision": "approximate",
        "sources": [
          {
            "url": "https://www.stadt-strausberg.de/aktuelles/#post-27357",
            "title": "Stadtmitteilung",
            "publisher": "www.stadt-strausberg.de",
            "locator": "atlas project kinderland; Stadtmitteilung",
            "retrievedAt": "2026-09-26T17:16:59.816Z",
            "sha256": null,
            "snapshot": false,
            "licence": "unknown",
            "reuse": "facts_with_attribution"
          },
          {
            "url": "https://nominatim.openstreetmap.org/search?q=Kita+Kinderland%2C+Strausberg%2C+Germany&format=jsonv2&limit=2&countrycodes=de",
            "title": "OpenStreetMap · ungefährer Ortsbezug",
            "publisher": "nominatim.openstreetmap.org",
            "locator": "atlas project kinderland; OpenStreetMap · ungefährer Ortsbezug",
            "retrievedAt": "2026-09-26T17:16:59.816Z",
            "sha256": null,
            "snapshot": false,
            "licence": "unknown",
            "reuse": "facts_with_attribution"
          }
        ],
        "extraction": {
          "method": "structured"
        },
        "reviewState": "candidate",
        "asOf": "2026-09-05"
      }
    },
    {
      "type": "Feature",
      "geometry": {
        "type": "Point",
        "coordinates": [
          13.9677091,
          52.568624
        ]
      },
      "properties": {
        "id": "atlas:klosterdorfer",
        "version": "ad1c61646d33a623dde580af7694d9db081024b8c53a3f043c8e5d11c1c3704a",
        "cityId": "strausberg",
        "kind": "construction",
        "category": "Straßen & Wege",
        "title": "Klosterdorfer Straße",
        "statement": "Die Stadt berichtet über den Straßenbau. Ein früheres Bauende als Ende September 2026 wird in Aussicht gestellt.",
        "status": "Asphalttragschicht eingebracht; Randanlagen in Arbeit",
        "startDate": null,
        "endDate": null,
        "nextStep": "Deckschicht und Restarbeiten; eine tatsächliche Freigabe gesondert belegen.",
        "unknowns": [
          "Genaues Datum der jüngsten undatierten Fortschrittsmeldung",
          "Verbindlicher Freigabetermin"
        ],
        "scale": "neighbourhood",
        "geometryPrecision": "approximate",
        "sources": [
          {
            "url": "https://www.stadt-strausberg.de/aktuelles/#post-29750",
            "title": "Stadtmitteilung · Baufortschritt",
            "publisher": "www.stadt-strausberg.de",
            "locator": "atlas project klosterdorfer; Stadtmitteilung · Baufortschritt",
            "retrievedAt": "2026-09-26T17:16:59.816Z",
            "sha256": null,
            "snapshot": false,
            "licence": "unknown",
            "reuse": "facts_with_attribution"
          },
          {
            "url": "https://www.stadt-strausberg.de/aktuelles/#post-27947",
            "title": "Stadtmitteilung · Baustart",
            "publisher": "www.stadt-strausberg.de",
            "locator": "atlas project klosterdorfer; Stadtmitteilung · Baustart",
            "retrievedAt": "2026-09-26T17:16:59.816Z",
            "sha256": null,
            "snapshot": false,
            "licence": "unknown",
            "reuse": "facts_with_attribution"
          },
          {
            "url": "https://www.stadt-strausberg.de/massnahmen/",
            "title": "Stadt · Tiefbaumaßnahmen",
            "publisher": "www.stadt-strausberg.de",
            "locator": "atlas project klosterdorfer; Stadt · Tiefbaumaßnahmen",
            "retrievedAt": "2026-09-26T17:16:59.816Z",
            "sha256": null,
            "snapshot": false,
            "licence": "unknown",
            "reuse": "facts_with_attribution"
          },
          {
            "url": "https://nominatim.openstreetmap.org/search?q=Klosterdorfer+Stra%C3%9Fe%2C+Hohenstein%2C+Strausberg%2C+Germany&format=jsonv2&limit=2&countrycodes=de",
            "title": "OpenStreetMap · ungefährer Ortsbezug",
            "publisher": "nominatim.openstreetmap.org",
            "locator": "atlas project klosterdorfer; OpenStreetMap · ungefährer Ortsbezug",
            "retrievedAt": "2026-09-26T17:16:59.816Z",
            "sha256": null,
            "snapshot": false,
            "licence": "unknown",
            "reuse": "facts_with_attribution"
          }
        ],
        "extraction": {
          "method": "structured"
        },
        "reviewState": "candidate",
        "asOf": "2026-09-05"
      }
    },
    {
      "type": "Feature",
      "geometry": {
        "type": "Point",
        "coordinates": [
          13.9008693,
          52.5888518
        ]
      },
      "properties": {
        "id": "atlas:krankenhaus",
        "version": "8af6ea1f5cc8ef9a91cd7e935ce4c59d03314a2c1b17922979620d71e0a228f0",
        "cityId": "strausberg",
        "kind": "planning",
        "category": "Gesundheit",
        "title": "Krankenhaus · Anbau Haus D",
        "statement": "Ein Anbau schafft Platz für Interims-OP, Labor und Verwaltung. Die Meldung vom März 2025 nennt anschließende OP-Modernisierung.",
        "status": "Baubeginn belegt; aktueller Fortschritt offen",
        "startDate": null,
        "endDate": null,
        "nextStep": "Neueren Fortschrittsbericht des Krankenhauses abgleichen.",
        "unknowns": [
          "Fortschritt seit März 2025",
          "Bestätigung der Zieltermine"
        ],
        "scale": "neighbourhood",
        "geometryPrecision": "approximate",
        "sources": [
          {
            "url": "https://www.stadt-strausberg.de/aktuelles/#post-26616",
            "title": "Krankenhausmitteilung auf der Stadtseite",
            "publisher": "www.stadt-strausberg.de",
            "locator": "atlas project krankenhaus; Krankenhausmitteilung auf der Stadtseite",
            "retrievedAt": "2026-09-26T17:16:59.816Z",
            "sha256": null,
            "snapshot": false,
            "licence": "unknown",
            "reuse": "facts_with_attribution"
          },
          {
            "url": "https://nominatim.openstreetmap.org/search?q=Krankenhaus+M%C3%A4rkisch-Oderland%2C+Strausberg%2C+Germany&format=jsonv2&limit=2&countrycodes=de",
            "title": "OpenStreetMap · ungefährer Ortsbezug",
            "publisher": "nominatim.openstreetmap.org",
            "locator": "atlas project krankenhaus; OpenStreetMap · ungefährer Ortsbezug",
            "retrievedAt": "2026-09-26T17:16:59.816Z",
            "sha256": null,
            "snapshot": false,
            "licence": "unknown",
            "reuse": "facts_with_attribution"
          }
        ],
        "extraction": {
          "method": "structured"
        },
        "reviewState": "candidate",
        "asOf": "2026-09-05"
      }
    },
    {
      "type": "Feature",
      "geometry": {
        "type": "Point",
        "coordinates": [
          13.8805243,
          52.5833897
        ]
      },
      "properties": {
        "id": "atlas:kulturpark",
        "version": "855d6bf216b87856ecb0e2202c17e9493a421e8cbf6c54e54d20dd652286f4be",
        "cityId": "strausberg",
        "kind": "planning",
        "category": "Spiel & Grün",
        "title": "Kulturpark",
        "statement": "Spielplatz, Volleyball und Nachbarschaftsgarten sind Teil des eröffneten ersten Abschnitts. Das Gesamtprojekt soll bis 2028 folgen.",
        "status": "Erster Abschnitt eröffnet; weitere Abschnitte geplant",
        "startDate": null,
        "endDate": null,
        "nextStep": "Fortgang des Service- und Funktionsgebäudes: Der Vergabeindex listet weitere Baugewerke. Zuschläge und Baufortschritt sind noch abzugleichen.",
        "unknowns": [
          "Aktueller Stand der übrigen Bauabschnitte",
          "Einzeltermine für Zugang und Funktionsgebäude"
        ],
        "scale": "neighbourhood",
        "geometryPrecision": "approximate",
        "sources": [
          {
            "url": "https://www.stadt-strausberg.de/aktuelles/#post-29617",
            "title": "Stadt · Eröffnung des ersten Bauabschnitts",
            "publisher": "www.stadt-strausberg.de",
            "locator": "atlas project kulturpark; Stadt · Eröffnung des ersten Bauabschnitts",
            "retrievedAt": "2026-09-26T17:16:59.816Z",
            "sha256": null,
            "snapshot": false,
            "licence": "unknown",
            "reuse": "facts_with_attribution"
          },
          {
            "url": "https://www.stadt-strausberg.de/aktuelles/#post-27746",
            "title": "Stadt · früherer Ablaufplan",
            "publisher": "www.stadt-strausberg.de",
            "locator": "atlas project kulturpark; Stadt · früherer Ablaufplan",
            "retrievedAt": "2026-09-26T17:16:59.816Z",
            "sha256": null,
            "snapshot": false,
            "licence": "unknown",
            "reuse": "facts_with_attribution"
          },
          {
            "url": "https://nominatim.openstreetmap.org/search?q=Kulturpark%2C+Strausberg%2C+Germany&format=jsonv2&limit=2&countrycodes=de",
            "title": "OpenStreetMap · ungefährer Ortsbezug",
            "publisher": "nominatim.openstreetmap.org",
            "locator": "atlas project kulturpark; OpenStreetMap · ungefährer Ortsbezug",
            "retrievedAt": "2026-09-26T17:16:59.816Z",
            "sha256": null,
            "snapshot": false,
            "licence": "unknown",
            "reuse": "facts_with_attribution"
          },
          {
            "url": "https://www.stadt-strausberg.de/vergaben-ausschreibungen-2/",
            "title": "Stadt Strausberg · Vergaben am Servicegebäude",
            "publisher": "www.stadt-strausberg.de",
            "locator": "TD ÖA 19/26, 20/26, 21/26 · drei Gewerke, ein bestehendes Projekt",
            "retrievedAt": "2026-09-06",
            "sha256": null,
            "snapshot": false,
            "licence": "unknown",
            "reuse": "facts_with_attribution"
          }
        ],
        "extraction": {
          "method": "structured"
        },
        "reviewState": "candidate",
        "asOf": "2026-09-05"
      }
    },
    {
      "type": "Feature",
      "geometry": {
        "type": "Point",
        "coordinates": [
          13.8805877,
          52.5759269
        ]
      },
      "properties": {
        "id": "atlas:lustgarten",
        "version": "254f1ad308e665ef988cf33df29847ee93cf0441f27daf30ffe5b8e3ee4ae583",
        "cityId": "strausberg",
        "kind": "planning",
        "category": "Verkehr & Infrastruktur",
        "title": "Kundenpavillon Lustgarten",
        "statement": "Umbau des Kundenpavillons mit zeitweiliger Verlegung des Fahrkartenverkaufs.",
        "status": "Ältere Baunachricht; aktueller Stand fehlt",
        "startDate": null,
        "endDate": null,
        "nextStep": "Neuere Abschluss- oder Fortschrittsmeldung ergänzen.",
        "unknowns": [
          "Tatsächlicher Abschluss",
          "Aktuelle Einschränkungen"
        ],
        "scale": "neighbourhood",
        "geometryPrecision": "approximate",
        "sources": [
          {
            "url": "https://www.stadt-strausberg.de/aktuelles/#post-26642",
            "title": "Stadtmitteilung",
            "publisher": "www.stadt-strausberg.de",
            "locator": "atlas project lustgarten; Stadtmitteilung",
            "retrievedAt": "2026-09-26T17:16:59.816Z",
            "sha256": null,
            "snapshot": false,
            "licence": "unknown",
            "reuse": "facts_with_attribution"
          },
          {
            "url": "https://nominatim.openstreetmap.org/search?q=Lustgarten%2C+Strausberg%2C+Germany&format=jsonv2&limit=2&countrycodes=de",
            "title": "OpenStreetMap · ungefährer Ortsbezug",
            "publisher": "nominatim.openstreetmap.org",
            "locator": "atlas project lustgarten; OpenStreetMap · ungefährer Ortsbezug",
            "retrievedAt": "2026-09-26T17:16:59.816Z",
            "sha256": null,
            "snapshot": false,
            "licence": "unknown",
            "reuse": "facts_with_attribution"
          }
        ],
        "extraction": {
          "method": "structured"
        },
        "reviewState": "candidate",
        "asOf": "2026-09-05"
      }
    },
    {
      "type": "Feature",
      "geometry": {
        "type": "Point",
        "coordinates": [
          13.8907984,
          52.5784309
        ]
      },
      "properties": {
        "id": "atlas:muehlenweg",
        "version": "a1ce74c711da2ae66a31e0a6ab7c980c71e1bd179e4fc8f7216c97017b086e0a",
        "cityId": "strausberg",
        "kind": "planning",
        "category": "Wohnen & Stadtentwicklung",
        "title": "Mühlenweg-West",
        "statement": "Die Stadt führt das Verfahren weiterhin unter den Plänen in Aufstellung.",
        "status": "Älterer Aufstellungsbeschluss; neuer Stand fehlt",
        "startDate": null,
        "endDate": null,
        "nextStep": "Neueren Verfahrensstand und bestätigte Gebietsgrenze ergänzen.",
        "unknowns": [
          "Fortgang seit 2020",
          "Aktuelle Umsetzungsperspektive"
        ],
        "scale": "neighbourhood",
        "geometryPrecision": "approximate",
        "sources": [
          {
            "url": "https://www.stadt-strausberg.de/bauleitplanung-2/#rb_dasl_accordion_2_collapse6",
            "title": "Stadt Strausberg · Verfahrensunterlagen",
            "publisher": "www.stadt-strausberg.de",
            "locator": "atlas project muehlenweg; Stadt Strausberg · Verfahrensunterlagen",
            "retrievedAt": "2026-09-26T17:16:59.816Z",
            "sha256": null,
            "snapshot": false,
            "licence": "unknown",
            "reuse": "facts_with_attribution"
          },
          {
            "url": "https://www.stadt-strausberg.de/wp-content/uploads/2020/10/Beschluss-Aufstellungsbeschluss.pdf",
            "title": "Beschluss 08/168/2020",
            "publisher": "www.stadt-strausberg.de",
            "locator": "PDF-Seite 1: SVV 25.06.2020",
            "retrievedAt": "2026-09-26T17:16:59.816Z",
            "sha256": null,
            "snapshot": false,
            "licence": "unknown",
            "reuse": "facts_with_attribution"
          },
          {
            "url": "https://nominatim.openstreetmap.org/search?q=M%C3%BChlenweg%2C+Strausberg%2C+Germany&format=jsonv2&limit=2&countrycodes=de",
            "title": "OpenStreetMap · ungefährer Ortsbezug",
            "publisher": "nominatim.openstreetmap.org",
            "locator": "atlas project muehlenweg; OpenStreetMap · ungefährer Ortsbezug",
            "retrievedAt": "2026-09-26T17:16:59.816Z",
            "sha256": null,
            "snapshot": false,
            "licence": "unknown",
            "reuse": "facts_with_attribution"
          }
        ],
        "extraction": {
          "method": "structured"
        },
        "reviewState": "candidate",
        "asOf": "2026-09-05"
      }
    },
    {
      "type": "Feature",
      "geometry": {
        "type": "Point",
        "coordinates": [
          13.8880758,
          52.5875082
        ]
      },
      "properties": {
        "id": "atlas:ringstrasse",
        "version": "bf7826e5cdc3d7d9398452400e028ed71b74fa9bd951b83bf5582a587d319aae",
        "cityId": "strausberg",
        "kind": "planning",
        "category": "Verkehr & Infrastruktur",
        "title": "Ringstraße · letzter Bauabschnitt",
        "statement": "Kanal- und Straßenbau im letzten Abschnitt; der alte Zieltermin ist abgelaufen.",
        "status": "Ältere Baunachricht; aktueller Stand fehlt",
        "startDate": null,
        "endDate": null,
        "nextStep": "Neuere Abschluss- oder Fortschrittsmeldung ergänzen.",
        "unknowns": [
          "Tatsächlicher Abschluss",
          "Aktuelle Einschränkungen"
        ],
        "scale": "neighbourhood",
        "geometryPrecision": "approximate",
        "sources": [
          {
            "url": "https://www.stadt-strausberg.de/aktuelles/#post-28149",
            "title": "Stadtmitteilung",
            "publisher": "www.stadt-strausberg.de",
            "locator": "atlas project ringstrasse; Stadtmitteilung",
            "retrievedAt": "2026-09-26T17:16:59.816Z",
            "sha256": null,
            "snapshot": false,
            "licence": "unknown",
            "reuse": "facts_with_attribution"
          },
          {
            "url": "https://nominatim.openstreetmap.org/search?q=Ringstra%C3%9Fe%2C+Strausberg%2C+Germany&format=jsonv2&limit=2&countrycodes=de",
            "title": "OpenStreetMap · ungefährer Ortsbezug",
            "publisher": "nominatim.openstreetmap.org",
            "locator": "atlas project ringstrasse; OpenStreetMap · ungefährer Ortsbezug",
            "retrievedAt": "2026-09-26T17:16:59.816Z",
            "sha256": null,
            "snapshot": false,
            "licence": "unknown",
            "reuse": "facts_with_attribution"
          }
        ],
        "extraction": {
          "method": "structured"
        },
        "reviewState": "candidate",
        "asOf": "2026-09-05"
      }
    },
    {
      "type": "Feature",
      "geometry": {
        "type": "Point",
        "coordinates": [
          13.898543,
          52.5756054
        ]
      },
      "properties": {
        "id": "atlas:schulcampus",
        "version": "e12e0fda5141be6927183a34971b5b068ddc4c3a65dd106d4371e1ba13973ea2",
        "cityId": "strausberg",
        "kind": "planning",
        "category": "Schule & Betreuung",
        "title": "Schulcampus am Wäldchen",
        "statement": "Die städtische Hochbauübersicht enthält diesen Eintrag, liefert aber keinen aktuellen Projektstatus.",
        "status": "Hochbauseite verweist auf Präsentation von 2017",
        "startDate": null,
        "endDate": null,
        "nextStep": "Aktuellen Bestand, Projektumfang und Abschlussstatus bei der Stadt ergänzen.",
        "unknowns": [
          "Ob das gelistete Vorhaben abgeschlossen ist",
          "Aktueller Umfang weiterer Arbeiten"
        ],
        "scale": "neighbourhood",
        "geometryPrecision": "approximate",
        "sources": [
          {
            "url": "https://www.stadt-strausberg.de/hochbau-massnahmen/",
            "title": "Stadt · Hochbaumaßnahmen",
            "publisher": "www.stadt-strausberg.de",
            "locator": "atlas project schulcampus; Stadt · Hochbaumaßnahmen",
            "retrievedAt": "2026-09-26T17:16:59.816Z",
            "sha256": null,
            "snapshot": false,
            "licence": "unknown",
            "reuse": "facts_with_attribution"
          },
          {
            "url": "https://nominatim.openstreetmap.org/search?q=Grundschule+Am+W%C3%A4ldchen%2C+Strausberg%2C+Germany&format=jsonv2&limit=2&countrycodes=de",
            "title": "OpenStreetMap · ungefährer Ortsbezug",
            "publisher": "nominatim.openstreetmap.org",
            "locator": "atlas project schulcampus; OpenStreetMap · ungefährer Ortsbezug",
            "retrievedAt": "2026-09-26T17:16:59.816Z",
            "sha256": null,
            "snapshot": false,
            "licence": "unknown",
            "reuse": "facts_with_attribution"
          }
        ],
        "extraction": {
          "method": "structured"
        },
        "reviewState": "candidate",
        "asOf": "2026-09-05"
      }
    },
    {
      "type": "Feature",
      "geometry": {
        "type": "Polygon",
        "coordinates": [
          [
            [
              13.9208675,
              52.572855
            ],
            [
              13.9183078,
              52.5738899
            ],
            [
              13.9138211,
              52.5757976
            ],
            [
              13.9249191,
              52.5804518
            ],
            [
              13.9251834,
              52.5845172
            ],
            [
              13.9324059,
              52.5882078
            ],
            [
              13.9370742,
              52.5879404
            ],
            [
              13.9309086,
              52.5787935
            ],
            [
              13.9208675,
              52.572855
            ]
          ]
        ]
      },
      "properties": {
        "id": "atlas:solarpark-flugplatz",
        "version": "4c34158fe3f65f1d49119f34dc31ef68fc7436d1931b2602e520eb4d1f516146",
        "cityId": "strausberg",
        "kind": "planning",
        "category": "Energie",
        "title": "Solarpark am Flugplatz",
        "statement": "Geplante Photovoltaikfläche am Flugplatz. DiPlan nennt rund 41,5 Hektar und 48 MWp als Planungswerte.",
        "status": "Beteiligung beendet; Folgestand offen",
        "startDate": null,
        "endDate": null,
        "nextStep": "Aktuellen Beschluss- und Umsetzungsstand mit Stadtplanung abgleichen.",
        "unknowns": [
          "Neuester Beschluss nach der Beteiligung",
          "Baustart und Fertigstellung"
        ],
        "scale": "neighbourhood",
        "geometryPrecision": "area",
        "sources": [
          {
            "url": "https://www.stadt-strausberg.de/bauleitplanung-2/#rb_dasl_accordion_2_collapse4",
            "title": "Stadt Strausberg · Verfahrensunterlagen",
            "publisher": "www.stadt-strausberg.de",
            "locator": "atlas project solarpark-flugplatz; Stadt Strausberg · Verfahrensunterlagen",
            "retrievedAt": "2026-09-26T17:16:59.816Z",
            "sha256": null,
            "snapshot": false,
            "licence": "unknown",
            "reuse": "facts_with_attribution"
          },
          {
            "url": "https://bb.beteiligung.diplanung.de/verfahren/solarpark-flugplatz/public/detail",
            "title": "DiPlan · Verfahrensstand und Gebiet",
            "publisher": "bb.beteiligung.diplanung.de",
            "locator": "atlas project solarpark-flugplatz; DiPlan · Verfahrensstand und Gebiet",
            "retrievedAt": "2026-09-26T17:16:59.816Z",
            "sha256": null,
            "snapshot": false,
            "licence": "unknown",
            "reuse": "facts_with_attribution"
          }
        ],
        "extraction": {
          "method": "structured"
        },
        "reviewState": "candidate",
        "asOf": "2026-09-05"
      }
    },
    {
      "type": "Feature",
      "geometry": {
        "type": "Point",
        "coordinates": [
          13.8866202,
          52.5797362
        ]
      },
      "properties": {
        "id": "atlas:stadtmauer",
        "version": "b5d3436c1608842815c4cacdc274676e13a9159c2f8eaf1097aa6d9b74e891f0",
        "cityId": "strausberg",
        "kind": "planning",
        "category": "Verkehr & Infrastruktur",
        "title": "An der Stadtmauer · Fahrbahnsanierung",
        "statement": "Witterungsbedingter Verzug wurde gemeldet. Eine angekündigte Abnahme bestätigt noch keine vollständige Freigabe.",
        "status": "Ältere Baunachricht; aktueller Stand fehlt",
        "startDate": null,
        "endDate": null,
        "nextStep": "Neuere Abschluss- oder Fortschrittsmeldung ergänzen.",
        "unknowns": [
          "Tatsächlicher Abschluss",
          "Aktuelle Einschränkungen"
        ],
        "scale": "neighbourhood",
        "geometryPrecision": "approximate",
        "sources": [
          {
            "url": "https://www.stadt-strausberg.de/aktuelles/#post-27547",
            "title": "Stadtmitteilung",
            "publisher": "www.stadt-strausberg.de",
            "locator": "atlas project stadtmauer; Stadtmitteilung",
            "retrievedAt": "2026-09-26T17:16:59.816Z",
            "sha256": null,
            "snapshot": false,
            "licence": "unknown",
            "reuse": "facts_with_attribution"
          },
          {
            "url": "https://nominatim.openstreetmap.org/search?q=An+der+Stadtmauer%2C+Strausberg%2C+Germany&format=jsonv2&limit=2&countrycodes=de",
            "title": "OpenStreetMap · ungefährer Ortsbezug",
            "publisher": "nominatim.openstreetmap.org",
            "locator": "atlas project stadtmauer; OpenStreetMap · ungefährer Ortsbezug",
            "retrievedAt": "2026-09-26T17:16:59.816Z",
            "sha256": null,
            "snapshot": false,
            "licence": "unknown",
            "reuse": "facts_with_attribution"
          }
        ],
        "extraction": {
          "method": "structured"
        },
        "reviewState": "candidate",
        "asOf": "2026-09-05"
      }
    },
    {
      "type": "Feature",
      "geometry": {
        "type": "Point",
        "coordinates": [
          13.8666211,
          52.5510576
        ]
      },
      "properties": {
        "id": "atlas:tausendfuessler",
        "version": "6da24128b33e990e70b386072a04d5dc5c961fa13b43d38fd74e443eb578e9ba",
        "cityId": "strausberg",
        "kind": "planning",
        "category": "Schule & Betreuung",
        "title": "Kita Tausendfüßler · Außenanlagen",
        "statement": "Die Stadt meldet die Freigabe des ersten Abschnitts. Der angekündigte Krippenbereich braucht einen neuen Status.",
        "status": "Ü3-Bereich fertig; nächster Abschnitt offen",
        "startDate": null,
        "endDate": null,
        "nextStep": "Stand des zweiten Bauabschnitts und dessen Freigabe abgleichen.",
        "unknowns": [
          "Umsetzung des früheren Zieltermins Q2 2026"
        ],
        "scale": "neighbourhood",
        "geometryPrecision": "approximate",
        "sources": [
          {
            "url": "https://www.stadt-strausberg.de/aktuelles/#post-28193",
            "title": "Stadtmitteilung",
            "publisher": "www.stadt-strausberg.de",
            "locator": "atlas project tausendfuessler; Stadtmitteilung",
            "retrievedAt": "2026-09-26T17:16:59.816Z",
            "sha256": null,
            "snapshot": false,
            "licence": "unknown",
            "reuse": "facts_with_attribution"
          },
          {
            "url": "https://nominatim.openstreetmap.org/search?q=Kita+Tausendf%C3%BC%C3%9Fler%2C+Strausberg%2C+Germany&format=jsonv2&limit=2&countrycodes=de",
            "title": "OpenStreetMap · ungefährer Ortsbezug",
            "publisher": "nominatim.openstreetmap.org",
            "locator": "atlas project tausendfuessler; OpenStreetMap · ungefährer Ortsbezug",
            "retrievedAt": "2026-09-26T17:16:59.816Z",
            "sha256": null,
            "snapshot": false,
            "licence": "unknown",
            "reuse": "facts_with_attribution"
          }
        ],
        "extraction": {
          "method": "structured"
        },
        "reviewState": "candidate",
        "asOf": "2026-09-05"
      }
    },
    {
      "type": "Feature",
      "geometry": {
        "type": "Polygon",
        "coordinates": [
          [
            [
              13.8654492,
              52.5558481
            ],
            [
              13.8648654,
              52.5551874
            ],
            [
              13.8660935,
              52.5549122
            ],
            [
              13.8662243,
              52.5553465
            ],
            [
              13.8662445,
              52.5556829
            ],
            [
              13.8654492,
              52.5558481
            ]
          ]
        ]
      },
      "properties": {
        "id": "atlas:thaelmann-nw",
        "version": "f26505762e2bb2a08adf1a95a4ca3c3667256d5c2be53f633bc1f6c9dc6acfb8",
        "cityId": "strausberg",
        "kind": "planning",
        "category": "Wohnen & Stadtentwicklung",
        "title": "Ernst-Thälmann-Straße Nord-West",
        "statement": "Wohnbebauung im Verfahren Nr. 72/25. Neben der Behördenbeteiligung veröffentlicht DiPlan eine frühe Beteiligung der Öffentlichkeit.",
        "status": "Beteiligung beendet; Folgestand offen",
        "startDate": null,
        "endDate": null,
        "nextStep": "Aktuellen Beschluss- und Umsetzungsstand mit Stadtplanung abgleichen.",
        "unknowns": [
          "Neuester Beschluss nach der Beteiligung",
          "Baustart und Fertigstellung"
        ],
        "scale": "neighbourhood",
        "geometryPrecision": "area",
        "sources": [
          {
            "url": "https://www.stadt-strausberg.de/bauleitplanung-2/#rb_dasl_accordion_2_collapse1",
            "title": "Stadt Strausberg · Verfahrensunterlagen",
            "publisher": "www.stadt-strausberg.de",
            "locator": "atlas project thaelmann-nw; Stadt Strausberg · Verfahrensunterlagen",
            "retrievedAt": "2026-09-26T17:16:59.816Z",
            "sha256": null,
            "snapshot": false,
            "licence": "unknown",
            "reuse": "facts_with_attribution"
          },
          {
            "url": "https://bb.beteiligung.diplanung.de/verfahren/wohnbebauung-thaelmannstrasse-nw/public/detail",
            "title": "DiPlan · Verfahrensstand und Gebiet",
            "publisher": "bb.beteiligung.diplanung.de",
            "locator": "atlas project thaelmann-nw; DiPlan · Verfahrensstand und Gebiet",
            "retrievedAt": "2026-09-26T17:16:59.816Z",
            "sha256": null,
            "snapshot": false,
            "licence": "unknown",
            "reuse": "facts_with_attribution"
          }
        ],
        "extraction": {
          "method": "structured"
        },
        "reviewState": "candidate",
        "asOf": "2026-09-05"
      }
    },
    {
      "type": "Feature",
      "geometry": {
        "type": "Polygon",
        "coordinates": [
          [
            [
              13.8708539,
              52.5665483
            ],
            [
              13.8706425,
              52.5663893
            ],
            [
              13.8699177,
              52.5666094
            ],
            [
              13.8705318,
              52.5672149
            ],
            [
              13.8712264,
              52.5676674
            ],
            [
              13.8718505,
              52.5675512
            ],
            [
              13.8708539,
              52.5665483
            ]
          ]
        ]
      },
      "properties": {
        "id": "atlas:weinberg",
        "version": "9ee1d267e4ed81792d2ce8e7cbe7cc700152d0498c845ff996bbc7097a1c00d6",
        "cityId": "strausberg",
        "kind": "planning",
        "category": "Wohnen & Stadtentwicklung",
        "title": "Wohnen am Weinberg",
        "statement": "Wohngebietsplanung an den Weinbergen. Die aktuelle Stadtseite führt den Plan unter rechtsverbindlichen Bebauungsplänen.",
        "status": "Als rechtsverbindlicher Plan gelistet",
        "startDate": null,
        "endDate": null,
        "nextStep": "Umsetzung und Baustatus getrennt vom geltenden Plan bestätigen.",
        "unknowns": [
          "Baubeginn und tatsächlicher Baustand",
          "Fertigstellung"
        ],
        "scale": "neighbourhood",
        "geometryPrecision": "area",
        "sources": [
          {
            "url": "https://www.stadt-strausberg.de/bauleitplanung-2/#rb_dasl_accordion_3_collapse2",
            "title": "Stadt · rechtsverbindliche Bebauungspläne",
            "publisher": "www.stadt-strausberg.de",
            "locator": "atlas project weinberg; Stadt · rechtsverbindliche Bebauungspläne",
            "retrievedAt": "2026-09-26T17:16:59.816Z",
            "sha256": null,
            "snapshot": false,
            "licence": "unknown",
            "reuse": "facts_with_attribution"
          },
          {
            "url": "https://bb.beteiligung.diplanung.de/verfahren/wohnen-am-weinberg/public/detail",
            "title": "DiPlan · historischer Verfahrensstand",
            "publisher": "bb.beteiligung.diplanung.de",
            "locator": "atlas project weinberg; DiPlan · historischer Verfahrensstand",
            "retrievedAt": "2026-09-26T17:16:59.816Z",
            "sha256": null,
            "snapshot": false,
            "licence": "unknown",
            "reuse": "facts_with_attribution"
          }
        ],
        "extraction": {
          "method": "structured"
        },
        "reviewState": "candidate",
        "asOf": "2026-09-05"
      }
    },
    {
      "type": "Feature",
      "geometry": {
        "type": "LineString",
        "coordinates": [
          [
            13.759929891755297,
            52.47647653245022
          ],
          [
            13.787603750881622,
            52.46499921950395
          ]
        ]
      },
      "properties": {
        "id": "autobahn:2023-006668--vi-bs.2026-05-18_10-00-00-000.devi-bs.2025-05-16_00-00-00-000.de1",
        "version": "336d1d82b91cab7d3de2fcb3492f9d9ee70091547b1c77e7c38560a54f358dba",
        "cityId": "strausberg",
        "kind": "roadworks",
        "category": "Autobahn-Baustelle",
        "title": "A10 | Berlin-Hellersdorf - Kalkberge",
        "statement": "A10 | Berlin-Hellersdorf - Kalkberge: eine Baustelle ist im Autobahn-Verkehrsdienst verzeichnet. A10: Dreieck Barnim -> Dreieck Spreeau, zwischen 2.6 km hinter AS Berlin-Hellersdorf und 1.2 km vor Kalkberge Die Lage kann auch eine Pendelstrecke außerhalb des Stadtgebiets betreffen.",
        "status": "im Verkehrsdienst geführt",
        "startDate": "2026-05-18",
        "endDate": "2026-12-31",
        "nextStep": "Aktuelle Verkehrs- und Sperrinformationen beim Betreiber prüfen.",
        "unknowns": [
          "Genauer Verkehrsverlauf und tatsächliche Dauer vor Ort"
        ],
        "scale": "district",
        "geometryPrecision": "approximate",
        "sources": [
          {
            "url": "https://verkehr.autobahn.de/o/autobahn/A10/services/roadworks",
            "snapshotUrl": "https://verkehr.autobahn.de/o/autobahn/A10/services/roadworks",
            "title": "Autobahn A10 roadworks",
            "publisher": "Autobahn GmbH",
            "locator": "roadworks[identifier=2023-006668--vi-bs.2026-05-18_10-00-00-000.devi-bs.2025-05-16_00-00-00-000.de1]",
            "retrievedAt": "2026-09-26T16:50:17.185Z",
            "sha256": "3de2a1ed022184ce00ee80d5fd5b61c2c94023412cf23ec3157393a35a9ec1fe",
            "snapshot": true,
            "licence": "unknown",
            "reuse": "unknown"
          }
        ],
        "extraction": {
          "method": "structured"
        },
        "reviewState": "candidate",
        "asOf": "2026-09-26T16:50:17.185Z"
      }
    },
    {
      "type": "Feature",
      "geometry": {
        "type": "LineString",
        "coordinates": [
          [
            13.787740710216339,
            52.4651086671944
          ],
          [
            13.760094430093174,
            52.47660023707503
          ]
        ]
      },
      "properties": {
        "id": "autobahn:2023-006668--vi-bs.2026-05-18_10-00-00-000.devi-bs.2025-05-16_00-00-00-000.de3",
        "version": "a181863847cd20f8e7bf050f953b570cbd674eec9ee1d48d59020991bff909af",
        "cityId": "strausberg",
        "kind": "roadworks",
        "category": "Autobahn-Baustelle",
        "title": "A10 | Kalkberge - Berlin-Hellersdorf",
        "statement": "A10 | Kalkberge - Berlin-Hellersdorf: eine Baustelle ist im Autobahn-Verkehrsdienst verzeichnet. A10: Dreieck Spreeau -> Dreieck Barnim, zwischen 1.2 km hinter Kalkberge und 2.6 km vor AS Berlin-Hellersdorf Die Lage kann auch eine Pendelstrecke außerhalb des Stadtgebiets betreffen.",
        "status": "im Verkehrsdienst geführt",
        "startDate": "2026-05-18",
        "endDate": "2026-12-31",
        "nextStep": "Aktuelle Verkehrs- und Sperrinformationen beim Betreiber prüfen.",
        "unknowns": [
          "Genauer Verkehrsverlauf und tatsächliche Dauer vor Ort"
        ],
        "scale": "district",
        "geometryPrecision": "approximate",
        "sources": [
          {
            "url": "https://verkehr.autobahn.de/o/autobahn/A10/services/roadworks",
            "snapshotUrl": "https://verkehr.autobahn.de/o/autobahn/A10/services/roadworks",
            "title": "Autobahn A10 roadworks",
            "publisher": "Autobahn GmbH",
            "locator": "roadworks[identifier=2023-006668--vi-bs.2026-05-18_10-00-00-000.devi-bs.2025-05-16_00-00-00-000.de3]",
            "retrievedAt": "2026-09-26T16:50:17.185Z",
            "sha256": "3de2a1ed022184ce00ee80d5fd5b61c2c94023412cf23ec3157393a35a9ec1fe",
            "snapshot": true,
            "licence": "unknown",
            "reuse": "unknown"
          }
        ],
        "extraction": {
          "method": "structured"
        },
        "reviewState": "candidate",
        "asOf": "2026-09-26T16:50:17.185Z"
      }
    },
    {
      "type": "Feature",
      "geometry": {
        "type": "LineString",
        "coordinates": [
          [
            13.759929891755297,
            52.47647653245022
          ],
          [
            13.787603750881622,
            52.46499921950395
          ]
        ]
      },
      "properties": {
        "id": "autobahn:2023-006668--vi-bs.2026-09-17_20-00-00-000.devi-bs.2025-05-16_00-00-00-000.de15",
        "version": "08e95ee8588221fb8aacee67f34c452a09b25aa3793a5d9e9307a01ca995eaff",
        "cityId": "strausberg",
        "kind": "roadworks",
        "category": "Autobahn-Baustelle",
        "title": "A10 | Berlin-Hellersdorf - Kalkberge",
        "statement": "A10 | Berlin-Hellersdorf - Kalkberge: eine Baustelle ist im Autobahn-Verkehrsdienst verzeichnet. A10: Dreieck Barnim -> Dreieck Spreeau, zwischen 2.6 km hinter AS Berlin-Hellersdorf und 1.2 km vor Kalkberge Die Lage kann auch eine Pendelstrecke außerhalb des Stadtgebiets betreffen.",
        "status": "im Verkehrsdienst geführt",
        "startDate": "2026-09-17",
        "endDate": "2026-12-31",
        "nextStep": "Aktuelle Verkehrs- und Sperrinformationen beim Betreiber prüfen.",
        "unknowns": [
          "Genauer Verkehrsverlauf und tatsächliche Dauer vor Ort"
        ],
        "scale": "district",
        "geometryPrecision": "approximate",
        "sources": [
          {
            "url": "https://verkehr.autobahn.de/o/autobahn/A10/services/roadworks",
            "snapshotUrl": "https://verkehr.autobahn.de/o/autobahn/A10/services/roadworks",
            "title": "Autobahn A10 roadworks",
            "publisher": "Autobahn GmbH",
            "locator": "roadworks[identifier=2023-006668--vi-bs.2026-09-17_20-00-00-000.devi-bs.2025-05-16_00-00-00-000.de15]",
            "retrievedAt": "2026-09-26T16:50:17.185Z",
            "sha256": "3de2a1ed022184ce00ee80d5fd5b61c2c94023412cf23ec3157393a35a9ec1fe",
            "snapshot": true,
            "licence": "unknown",
            "reuse": "unknown"
          }
        ],
        "extraction": {
          "method": "structured"
        },
        "reviewState": "candidate",
        "asOf": "2026-09-26T16:50:17.185Z"
      }
    },
    {
      "type": "Feature",
      "geometry": {
        "type": "LineString",
        "coordinates": [
          [
            13.787740710216339,
            52.4651086671944
          ],
          [
            13.760094430093174,
            52.47660023707503
          ]
        ]
      },
      "properties": {
        "id": "autobahn:2023-006668--vi-bs.2026-09-17_20-00-00-000.devi-bs.2025-05-16_00-00-00-000.de17",
        "version": "0b51b98b35d093bdd31e62366be571e22dfdf08a8f19580cd1b7a0ba11f3c5ae",
        "cityId": "strausberg",
        "kind": "roadworks",
        "category": "Autobahn-Baustelle",
        "title": "A10 | Kalkberge - Berlin-Hellersdorf",
        "statement": "A10 | Kalkberge - Berlin-Hellersdorf: eine Baustelle ist im Autobahn-Verkehrsdienst verzeichnet. A10: Dreieck Spreeau -> Dreieck Barnim, zwischen 1.2 km hinter Kalkberge und 2.6 km vor AS Berlin-Hellersdorf Die Lage kann auch eine Pendelstrecke außerhalb des Stadtgebiets betreffen.",
        "status": "im Verkehrsdienst geführt",
        "startDate": "2026-09-17",
        "endDate": "2026-12-31",
        "nextStep": "Aktuelle Verkehrs- und Sperrinformationen beim Betreiber prüfen.",
        "unknowns": [
          "Genauer Verkehrsverlauf und tatsächliche Dauer vor Ort"
        ],
        "scale": "district",
        "geometryPrecision": "approximate",
        "sources": [
          {
            "url": "https://verkehr.autobahn.de/o/autobahn/A10/services/roadworks",
            "snapshotUrl": "https://verkehr.autobahn.de/o/autobahn/A10/services/roadworks",
            "title": "Autobahn A10 roadworks",
            "publisher": "Autobahn GmbH",
            "locator": "roadworks[identifier=2023-006668--vi-bs.2026-09-17_20-00-00-000.devi-bs.2025-05-16_00-00-00-000.de17]",
            "retrievedAt": "2026-09-26T16:50:17.185Z",
            "sha256": "3de2a1ed022184ce00ee80d5fd5b61c2c94023412cf23ec3157393a35a9ec1fe",
            "snapshot": true,
            "licence": "unknown",
            "reuse": "unknown"
          }
        ],
        "extraction": {
          "method": "structured"
        },
        "reviewState": "candidate",
        "asOf": "2026-09-26T16:50:17.185Z"
      }
    },
    {
      "type": "Feature",
      "geometry": {
        "type": "LineString",
        "coordinates": [
          [
            13.786466746232511,
            52.39277455794948
          ],
          [
            13.750975963224736,
            52.33085292349954
          ]
        ]
      },
      "properties": {
        "id": "autobahn:2024-047150--vi-bs.2026-09-02_18-00-00-000.devi-zus.2025-03-29_00-00-00-000.f.de1",
        "version": "b5c990a1f88f15700c0560245ad51c55946fbfea73ff79ec9b3d7d5b5f41676a",
        "cityId": "strausberg",
        "kind": "roadworks",
        "category": "Autobahn-Baustelle",
        "title": "A10 | Erkner - Spreeau",
        "statement": "A10 | Erkner - Spreeau: eine Baustelle ist im Autobahn-Verkehrsdienst verzeichnet. A10: Dreieck Barnim -> Dreieck Spreeau, zwischen 3.4 km hinter AS Erkner und 0.8 km vor AD Spreeau Die Lage kann auch eine Pendelstrecke außerhalb des Stadtgebiets betreffen.",
        "status": "im Verkehrsdienst geführt",
        "startDate": "2026-09-02",
        "endDate": "2030-12-31",
        "nextStep": "Aktuelle Verkehrs- und Sperrinformationen beim Betreiber prüfen.",
        "unknowns": [
          "Genauer Verkehrsverlauf und tatsächliche Dauer vor Ort"
        ],
        "scale": "district",
        "geometryPrecision": "approximate",
        "sources": [
          {
            "url": "https://verkehr.autobahn.de/o/autobahn/A10/services/roadworks",
            "snapshotUrl": "https://verkehr.autobahn.de/o/autobahn/A10/services/roadworks",
            "title": "Autobahn A10 roadworks",
            "publisher": "Autobahn GmbH",
            "locator": "roadworks[identifier=2024-047150--vi-bs.2026-09-02_18-00-00-000.devi-zus.2025-03-29_00-00-00-000.f.de1]",
            "retrievedAt": "2026-09-26T16:50:17.185Z",
            "sha256": "3de2a1ed022184ce00ee80d5fd5b61c2c94023412cf23ec3157393a35a9ec1fe",
            "snapshot": true,
            "licence": "unknown",
            "reuse": "unknown"
          }
        ],
        "extraction": {
          "method": "structured"
        },
        "reviewState": "candidate",
        "asOf": "2026-09-26T16:50:17.185Z"
      }
    },
    {
      "type": "Feature",
      "geometry": {
        "type": "LineString",
        "coordinates": [
          [
            13.74657561579999,
            52.325440224297076
          ],
          [
            13.778646539744901,
            52.3805224486686
          ]
        ]
      },
      "properties": {
        "id": "autobahn:2024-047150--vi-bs.2026-09-02_18-00-00-000.devi-zus.2025-03-29_00-00-00-000.f.de3",
        "version": "c04d43804dd5758b91989c2a382c434e0e4dfdd471a32a7fd1351cbe1c4b00fc",
        "cityId": "strausberg",
        "kind": "roadworks",
        "category": "Autobahn-Baustelle",
        "title": "A10 | Spreeau - Freienbrink",
        "statement": "A10 | Spreeau - Freienbrink: eine Baustelle ist im Autobahn-Verkehrsdienst verzeichnet. A10: Dreieck Spreeau -> Dreieck Barnim, zwischen 0.1 km hinter AD Spreeau und 1.1 km vor AS Freienbrink Die Lage kann auch eine Pendelstrecke außerhalb des Stadtgebiets betreffen.",
        "status": "im Verkehrsdienst geführt",
        "startDate": "2026-09-02",
        "endDate": "2030-12-31",
        "nextStep": "Aktuelle Verkehrs- und Sperrinformationen beim Betreiber prüfen.",
        "unknowns": [
          "Genauer Verkehrsverlauf und tatsächliche Dauer vor Ort"
        ],
        "scale": "district",
        "geometryPrecision": "approximate",
        "sources": [
          {
            "url": "https://verkehr.autobahn.de/o/autobahn/A10/services/roadworks",
            "snapshotUrl": "https://verkehr.autobahn.de/o/autobahn/A10/services/roadworks",
            "title": "Autobahn A10 roadworks",
            "publisher": "Autobahn GmbH",
            "locator": "roadworks[identifier=2024-047150--vi-bs.2026-09-02_18-00-00-000.devi-zus.2025-03-29_00-00-00-000.f.de3]",
            "retrievedAt": "2026-09-26T16:50:17.185Z",
            "sha256": "3de2a1ed022184ce00ee80d5fd5b61c2c94023412cf23ec3157393a35a9ec1fe",
            "snapshot": true,
            "licence": "unknown",
            "reuse": "unknown"
          }
        ],
        "extraction": {
          "method": "structured"
        },
        "reviewState": "candidate",
        "asOf": "2026-09-26T16:50:17.185Z"
      }
    },
    {
      "type": "Feature",
      "geometry": {
        "type": "LineString",
        "coordinates": [
          [
            14.069611298112399,
            52.33456638694898
          ],
          [
            14.178103879493378,
            52.34377456055436
          ]
        ]
      },
      "properties": {
        "id": "autobahn:2024-056148--vi-bs.2026-05-06_12-00-00-000.devi-zus.2025-03-03_00-00-00-000.f_004.de1",
        "version": "b7728628852c5549815b5ca19c470ecc7b500acc6ea6da943255dcd8155a4127",
        "cityId": "strausberg",
        "kind": "roadworks",
        "category": "Autobahn-Baustelle",
        "title": "A12 | Briesenluch - Kersdorfer See",
        "statement": "A12 | Briesenluch - Kersdorfer See: eine Baustelle ist im Autobahn-Verkehrsdienst verzeichnet. A12: Berliner Ring -> Frankfurt(Oder), zwischen 8.4 km hinter Briesenluch und 3.0 km vor Kersdorfer See Die Lage kann auch eine Pendelstrecke außerhalb des Stadtgebiets betreffen.",
        "status": "im Verkehrsdienst geführt",
        "startDate": "2026-05-06",
        "endDate": "2028-10-31",
        "nextStep": "Aktuelle Verkehrs- und Sperrinformationen beim Betreiber prüfen.",
        "unknowns": [
          "Genauer Verkehrsverlauf und tatsächliche Dauer vor Ort"
        ],
        "scale": "district",
        "geometryPrecision": "approximate",
        "sources": [
          {
            "url": "https://verkehr.autobahn.de/o/autobahn/A12/services/roadworks",
            "snapshotUrl": "https://verkehr.autobahn.de/o/autobahn/A12/services/roadworks",
            "title": "Autobahn A12 roadworks",
            "publisher": "Autobahn GmbH",
            "locator": "roadworks[identifier=2024-056148--vi-bs.2026-05-06_12-00-00-000.devi-zus.2025-03-03_00-00-00-000.f_004.de1]",
            "retrievedAt": "2026-09-26T16:50:17.332Z",
            "sha256": "1e10062edede3a1f1f55d5c74881a05cdb44191d40c796ff53cd15db321468bc",
            "snapshot": true,
            "licence": "unknown",
            "reuse": "unknown"
          }
        ],
        "extraction": {
          "method": "structured"
        },
        "reviewState": "candidate",
        "asOf": "2026-09-26T16:50:17.332Z"
      }
    },
    {
      "type": "Feature",
      "geometry": {
        "type": "LineString",
        "coordinates": [
          [
            14.178067141806228,
            52.34389378369681
          ],
          [
            14.069607420757215,
            52.33467591729012
          ]
        ]
      },
      "properties": {
        "id": "autobahn:2024-056148--vi-bs.2026-05-06_12-00-00-000.devi-zus.2025-03-03_00-00-00-000.f_004.de3",
        "version": "ccd5414ffaa6badb6f356a3db9e7ce8ac3f31e42dd09d6e9b1d239532b771ce0",
        "cityId": "strausberg",
        "kind": "roadworks",
        "category": "Autobahn-Baustelle",
        "title": "A12 | Kersdorfer See - Briesenluch",
        "statement": "A12 | Kersdorfer See - Briesenluch: eine Baustelle ist im Autobahn-Verkehrsdienst verzeichnet. A12: Frankfurt(Oder) -> Berliner Ring, zwischen 3.0 km hinter Kersdorfer See und 8.4 km vor Briesenluch Die Lage kann auch eine Pendelstrecke außerhalb des Stadtgebiets betreffen.",
        "status": "im Verkehrsdienst geführt",
        "startDate": "2026-05-06",
        "endDate": "2028-10-31",
        "nextStep": "Aktuelle Verkehrs- und Sperrinformationen beim Betreiber prüfen.",
        "unknowns": [
          "Genauer Verkehrsverlauf und tatsächliche Dauer vor Ort"
        ],
        "scale": "district",
        "geometryPrecision": "approximate",
        "sources": [
          {
            "url": "https://verkehr.autobahn.de/o/autobahn/A12/services/roadworks",
            "snapshotUrl": "https://verkehr.autobahn.de/o/autobahn/A12/services/roadworks",
            "title": "Autobahn A12 roadworks",
            "publisher": "Autobahn GmbH",
            "locator": "roadworks[identifier=2024-056148--vi-bs.2026-05-06_12-00-00-000.devi-zus.2025-03-03_00-00-00-000.f_004.de3]",
            "retrievedAt": "2026-09-26T16:50:17.332Z",
            "sha256": "1e10062edede3a1f1f55d5c74881a05cdb44191d40c796ff53cd15db321468bc",
            "snapshot": true,
            "licence": "unknown",
            "reuse": "unknown"
          }
        ],
        "extraction": {
          "method": "structured"
        },
        "reviewState": "candidate",
        "asOf": "2026-09-26T16:50:17.332Z"
      }
    },
    {
      "type": "Feature",
      "geometry": {
        "type": "LineString",
        "coordinates": [
          [
            14.058505067694105,
            52.33320993034486
          ],
          [
            14.069611298112399,
            52.33456638694898
          ]
        ]
      },
      "properties": {
        "id": "autobahn:2024-056148--vi-bs.2026-05-06_12-00-00-000.devi-zus.2025-03-03_00-00-00-000.f_004.de5",
        "version": "24e2f9811291973a26e502aa9e0be7cdb8b45be0744d72b9a74bafc3c2b30927",
        "cityId": "strausberg",
        "kind": "roadworks",
        "category": "Autobahn-Baustelle",
        "title": "A12 | Briesenluch - Fürstenwalde-West",
        "statement": "A12 | Briesenluch - Fürstenwalde-West: eine Baustelle ist im Autobahn-Verkehrsdienst verzeichnet. A12: Berliner Ring -> Frankfurt(Oder), zwischen 7.6 km hinter Briesenluch und 0.4 km vor AS Fürstenwalde-West Die Lage kann auch eine Pendelstrecke außerhalb des Stadtgebiets betreffen.",
        "status": "im Verkehrsdienst geführt",
        "startDate": "2026-05-06",
        "endDate": "2028-10-31",
        "nextStep": "Aktuelle Verkehrs- und Sperrinformationen beim Betreiber prüfen.",
        "unknowns": [
          "Genauer Verkehrsverlauf und tatsächliche Dauer vor Ort"
        ],
        "scale": "district",
        "geometryPrecision": "approximate",
        "sources": [
          {
            "url": "https://verkehr.autobahn.de/o/autobahn/A12/services/roadworks",
            "snapshotUrl": "https://verkehr.autobahn.de/o/autobahn/A12/services/roadworks",
            "title": "Autobahn A12 roadworks",
            "publisher": "Autobahn GmbH",
            "locator": "roadworks[identifier=2024-056148--vi-bs.2026-05-06_12-00-00-000.devi-zus.2025-03-03_00-00-00-000.f_004.de5]",
            "retrievedAt": "2026-09-26T16:50:17.332Z",
            "sha256": "1e10062edede3a1f1f55d5c74881a05cdb44191d40c796ff53cd15db321468bc",
            "snapshot": true,
            "licence": "unknown",
            "reuse": "unknown"
          }
        ],
        "extraction": {
          "method": "structured"
        },
        "reviewState": "candidate",
        "asOf": "2026-09-26T16:50:17.332Z"
      }
    },
    {
      "type": "Feature",
      "geometry": {
        "type": "LineString",
        "coordinates": [
          [
            14.069592771703693,
            52.33467573185432
          ],
          [
            14.067395561293175,
            52.33464789769102
          ]
        ]
      },
      "properties": {
        "id": "autobahn:2024-056148--vi-bs.2026-05-06_12-00-00-000.devi-zus.2025-03-03_00-00-00-000.f_004.de7",
        "version": "b5319cb2dc196836ce1cb3238776ec34358c40c16df2104f4f038d7f6aca18cb",
        "cityId": "strausberg",
        "kind": "roadworks",
        "category": "Autobahn-Baustelle",
        "title": "A12 | Fürstenwalde-West - Briesenluch",
        "statement": "A12 | Fürstenwalde-West - Briesenluch: eine Baustelle ist im Autobahn-Verkehrsdienst verzeichnet. A12: Frankfurt(Oder) -> Berliner Ring, zwischen 0.4 km hinter AS Fürstenwalde-West und 8.2 km vor Briesenluch Die Lage kann auch eine Pendelstrecke außerhalb des Stadtgebiets betreffen.",
        "status": "im Verkehrsdienst geführt",
        "startDate": "2026-05-06",
        "endDate": "2028-10-31",
        "nextStep": "Aktuelle Verkehrs- und Sperrinformationen beim Betreiber prüfen.",
        "unknowns": [
          "Genauer Verkehrsverlauf und tatsächliche Dauer vor Ort"
        ],
        "scale": "district",
        "geometryPrecision": "approximate",
        "sources": [
          {
            "url": "https://verkehr.autobahn.de/o/autobahn/A12/services/roadworks",
            "snapshotUrl": "https://verkehr.autobahn.de/o/autobahn/A12/services/roadworks",
            "title": "Autobahn A12 roadworks",
            "publisher": "Autobahn GmbH",
            "locator": "roadworks[identifier=2024-056148--vi-bs.2026-05-06_12-00-00-000.devi-zus.2025-03-03_00-00-00-000.f_004.de7]",
            "retrievedAt": "2026-09-26T16:50:17.332Z",
            "sha256": "1e10062edede3a1f1f55d5c74881a05cdb44191d40c796ff53cd15db321468bc",
            "snapshot": true,
            "licence": "unknown",
            "reuse": "unknown"
          }
        ],
        "extraction": {
          "method": "structured"
        },
        "reviewState": "candidate",
        "asOf": "2026-09-26T16:50:17.332Z"
      }
    },
    {
      "type": "Feature",
      "geometry": {
        "type": "LineString",
        "coordinates": [
          [
            14.178067141806228,
            52.34389378369681
          ],
          [
            14.069607420757215,
            52.33467591729012
          ]
        ]
      },
      "properties": {
        "id": "autobahn:2024-056148--vi-bs.2026-08-24_07-00-00-000.devi-zus.2025-03-03_00-00-00-000.f_004.de11",
        "version": "1fade3ceecacc4db258cbfd9ffcf8273a8f6171ce5589b271b6ad3c8bc093519",
        "cityId": "strausberg",
        "kind": "roadworks",
        "category": "Autobahn-Baustelle",
        "title": "A12 | Kersdorfer See - Briesenluch",
        "statement": "A12 | Kersdorfer See - Briesenluch: eine Baustelle ist im Autobahn-Verkehrsdienst verzeichnet. A12: Frankfurt(Oder) -> Berliner Ring, zwischen 3.0 km hinter Kersdorfer See und 8.4 km vor Briesenluch Die Lage kann auch eine Pendelstrecke außerhalb des Stadtgebiets betreffen.",
        "status": "im Verkehrsdienst geführt",
        "startDate": "2026-08-24",
        "endDate": "2028-10-31",
        "nextStep": "Aktuelle Verkehrs- und Sperrinformationen beim Betreiber prüfen.",
        "unknowns": [
          "Genauer Verkehrsverlauf und tatsächliche Dauer vor Ort"
        ],
        "scale": "district",
        "geometryPrecision": "approximate",
        "sources": [
          {
            "url": "https://verkehr.autobahn.de/o/autobahn/A12/services/roadworks",
            "snapshotUrl": "https://verkehr.autobahn.de/o/autobahn/A12/services/roadworks",
            "title": "Autobahn A12 roadworks",
            "publisher": "Autobahn GmbH",
            "locator": "roadworks[identifier=2024-056148--vi-bs.2026-08-24_07-00-00-000.devi-zus.2025-03-03_00-00-00-000.f_004.de11]",
            "retrievedAt": "2026-09-26T16:50:17.332Z",
            "sha256": "1e10062edede3a1f1f55d5c74881a05cdb44191d40c796ff53cd15db321468bc",
            "snapshot": true,
            "licence": "unknown",
            "reuse": "unknown"
          }
        ],
        "extraction": {
          "method": "structured"
        },
        "reviewState": "candidate",
        "asOf": "2026-09-26T16:50:17.332Z"
      }
    },
    {
      "type": "Feature",
      "geometry": {
        "type": "LineString",
        "coordinates": [
          [
            14.058505067694105,
            52.33320993034486
          ],
          [
            14.069611298112399,
            52.33456638694898
          ]
        ]
      },
      "properties": {
        "id": "autobahn:2024-056148--vi-bs.2026-08-24_07-00-00-000.devi-zus.2025-03-03_00-00-00-000.f_004.de13",
        "version": "cdfe90eb9610a067e8afa2477d56ce635c24295462061106082685f8c3b4e167",
        "cityId": "strausberg",
        "kind": "roadworks",
        "category": "Autobahn-Baustelle",
        "title": "A12 | Briesenluch - Fürstenwalde-West",
        "statement": "A12 | Briesenluch - Fürstenwalde-West: eine Baustelle ist im Autobahn-Verkehrsdienst verzeichnet. A12: Berliner Ring -> Frankfurt(Oder), zwischen 7.6 km hinter Briesenluch und 0.4 km vor AS Fürstenwalde-West Die Lage kann auch eine Pendelstrecke außerhalb des Stadtgebiets betreffen.",
        "status": "im Verkehrsdienst geführt",
        "startDate": "2026-08-24",
        "endDate": "2028-10-31",
        "nextStep": "Aktuelle Verkehrs- und Sperrinformationen beim Betreiber prüfen.",
        "unknowns": [
          "Genauer Verkehrsverlauf und tatsächliche Dauer vor Ort"
        ],
        "scale": "district",
        "geometryPrecision": "approximate",
        "sources": [
          {
            "url": "https://verkehr.autobahn.de/o/autobahn/A12/services/roadworks",
            "snapshotUrl": "https://verkehr.autobahn.de/o/autobahn/A12/services/roadworks",
            "title": "Autobahn A12 roadworks",
            "publisher": "Autobahn GmbH",
            "locator": "roadworks[identifier=2024-056148--vi-bs.2026-08-24_07-00-00-000.devi-zus.2025-03-03_00-00-00-000.f_004.de13]",
            "retrievedAt": "2026-09-26T16:50:17.332Z",
            "sha256": "1e10062edede3a1f1f55d5c74881a05cdb44191d40c796ff53cd15db321468bc",
            "snapshot": true,
            "licence": "unknown",
            "reuse": "unknown"
          }
        ],
        "extraction": {
          "method": "structured"
        },
        "reviewState": "candidate",
        "asOf": "2026-09-26T16:50:17.332Z"
      }
    },
    {
      "type": "Feature",
      "geometry": {
        "type": "LineString",
        "coordinates": [
          [
            14.069592771703693,
            52.33467573185432
          ],
          [
            14.067395561293175,
            52.33464789769102
          ]
        ]
      },
      "properties": {
        "id": "autobahn:2024-056148--vi-bs.2026-08-24_07-00-00-000.devi-zus.2025-03-03_00-00-00-000.f_004.de15",
        "version": "5e12c980f09586a7d133a197f1cadae1fb0102368f9a38844fef79103547c823",
        "cityId": "strausberg",
        "kind": "roadworks",
        "category": "Autobahn-Baustelle",
        "title": "A12 | Fürstenwalde-West - Briesenluch",
        "statement": "A12 | Fürstenwalde-West - Briesenluch: eine Baustelle ist im Autobahn-Verkehrsdienst verzeichnet. A12: Frankfurt(Oder) -> Berliner Ring, zwischen 0.4 km hinter AS Fürstenwalde-West und 8.2 km vor Briesenluch Die Lage kann auch eine Pendelstrecke außerhalb des Stadtgebiets betreffen.",
        "status": "im Verkehrsdienst geführt",
        "startDate": "2026-08-24",
        "endDate": "2028-10-31",
        "nextStep": "Aktuelle Verkehrs- und Sperrinformationen beim Betreiber prüfen.",
        "unknowns": [
          "Genauer Verkehrsverlauf und tatsächliche Dauer vor Ort"
        ],
        "scale": "district",
        "geometryPrecision": "approximate",
        "sources": [
          {
            "url": "https://verkehr.autobahn.de/o/autobahn/A12/services/roadworks",
            "snapshotUrl": "https://verkehr.autobahn.de/o/autobahn/A12/services/roadworks",
            "title": "Autobahn A12 roadworks",
            "publisher": "Autobahn GmbH",
            "locator": "roadworks[identifier=2024-056148--vi-bs.2026-08-24_07-00-00-000.devi-zus.2025-03-03_00-00-00-000.f_004.de15]",
            "retrievedAt": "2026-09-26T16:50:17.332Z",
            "sha256": "1e10062edede3a1f1f55d5c74881a05cdb44191d40c796ff53cd15db321468bc",
            "snapshot": true,
            "licence": "unknown",
            "reuse": "unknown"
          }
        ],
        "extraction": {
          "method": "structured"
        },
        "reviewState": "candidate",
        "asOf": "2026-09-26T16:50:17.332Z"
      }
    },
    {
      "type": "Feature",
      "geometry": {
        "type": "LineString",
        "coordinates": [
          [
            14.069611298112399,
            52.33456638694898
          ],
          [
            14.178103879493378,
            52.34377456055436
          ]
        ]
      },
      "properties": {
        "id": "autobahn:2024-056148--vi-bs.2026-08-24_07-00-00-000.devi-zus.2025-03-03_00-00-00-000.f_004.de9",
        "version": "0c0b83d43c4e8ad3126a68ca5f940cb49c3ba2fda476b403f9e69a3fc3c35906",
        "cityId": "strausberg",
        "kind": "roadworks",
        "category": "Autobahn-Baustelle",
        "title": "A12 | Briesenluch - Kersdorfer See",
        "statement": "A12 | Briesenluch - Kersdorfer See: eine Baustelle ist im Autobahn-Verkehrsdienst verzeichnet. A12: Berliner Ring -> Frankfurt(Oder), zwischen 8.4 km hinter Briesenluch und 3.0 km vor Kersdorfer See Die Lage kann auch eine Pendelstrecke außerhalb des Stadtgebiets betreffen.",
        "status": "im Verkehrsdienst geführt",
        "startDate": "2026-08-24",
        "endDate": "2028-10-31",
        "nextStep": "Aktuelle Verkehrs- und Sperrinformationen beim Betreiber prüfen.",
        "unknowns": [
          "Genauer Verkehrsverlauf und tatsächliche Dauer vor Ort"
        ],
        "scale": "district",
        "geometryPrecision": "approximate",
        "sources": [
          {
            "url": "https://verkehr.autobahn.de/o/autobahn/A12/services/roadworks",
            "snapshotUrl": "https://verkehr.autobahn.de/o/autobahn/A12/services/roadworks",
            "title": "Autobahn A12 roadworks",
            "publisher": "Autobahn GmbH",
            "locator": "roadworks[identifier=2024-056148--vi-bs.2026-08-24_07-00-00-000.devi-zus.2025-03-03_00-00-00-000.f_004.de9]",
            "retrievedAt": "2026-09-26T16:50:17.332Z",
            "sha256": "1e10062edede3a1f1f55d5c74881a05cdb44191d40c796ff53cd15db321468bc",
            "snapshot": true,
            "licence": "unknown",
            "reuse": "unknown"
          }
        ],
        "extraction": {
          "method": "structured"
        },
        "reviewState": "candidate",
        "asOf": "2026-09-26T16:50:17.332Z"
      }
    },
    {
      "type": "Feature",
      "geometry": {
        "type": "LineString",
        "coordinates": [
          [
            14.109603566240464,
            52.33534476611254
          ],
          [
            14.112669670333021,
            52.33412052224613
          ]
        ]
      },
      "properties": {
        "id": "autobahn:2024-056148--vi-fbm.2026-08-24_07-00-00-000.devi-zus.2025-03-03_00-00-00-000.f_004.de17",
        "version": "fa702aac65074d936917c406e017db5db221cbadf7228c77ecbdd1996e50737d",
        "cityId": "strausberg",
        "kind": "roadworks",
        "category": "Sperrung",
        "title": "A12, Fahrbahnerhaltung zwischen AS Fürstenwalde-West und AS Briesen (km 22,9-31,5), beide FR",
        "statement": "A12, Fahrbahnerhaltung zwischen AS Fürstenwalde-West und AS Briesen (km 22,9-31,5), beide FR: eine Sperrung ist im Autobahn-Verkehrsdienst verzeichnet. Von A12: Berliner Ring -> Frankfurt(Oder), zwischen 2.4 km hinter AS Fürstenwalde-West und Kersdorfer See nach Abfahrt von der A12: AS Fürstenwalde-Ost (aus Richtung Fürstenwalde-West) Die Lage kann auch eine Pendelstrecke außerhalb des Stadtgebiets betreffen.",
        "status": "im Verkehrsdienst geführt",
        "startDate": "2026-08-24",
        "endDate": "2028-10-31",
        "nextStep": "Aktuelle Verkehrs- und Sperrinformationen beim Betreiber prüfen.",
        "unknowns": [
          "Genauer Verkehrsverlauf und tatsächliche Dauer vor Ort"
        ],
        "scale": "district",
        "geometryPrecision": "approximate",
        "sources": [
          {
            "url": "https://verkehr.autobahn.de/o/autobahn/A12/services/closure",
            "snapshotUrl": "https://verkehr.autobahn.de/o/autobahn/A12/services/closure",
            "title": "Autobahn A12 closure",
            "publisher": "Autobahn GmbH",
            "locator": "closure[identifier=2024-056148--vi-fbm.2026-08-24_07-00-00-000.devi-zus.2025-03-03_00-00-00-000.f_004.de17]",
            "retrievedAt": "2026-09-26T16:50:17.365Z",
            "sha256": "4cd206b8e591e4c12d56324c67351f66666f46ae08e0379110e001c12fe89728",
            "snapshot": true,
            "licence": "unknown",
            "reuse": "unknown"
          }
        ],
        "extraction": {
          "method": "structured"
        },
        "reviewState": "candidate",
        "asOf": "2026-09-26T16:50:17.365Z"
      }
    },
    {
      "type": "Feature",
      "geometry": {
        "type": "LineString",
        "coordinates": [
          [
            14.112784171904337,
            52.33404288235092
          ],
          [
            14.118669873899456,
            52.335567800386684
          ]
        ]
      },
      "properties": {
        "id": "autobahn:2024-056148--vi-fbm.2026-08-24_07-00-00-000.devi-zus.2025-03-03_00-00-00-000.f_004.de18",
        "version": "7b4f38c861f439f9d06ca2138ca4bba0dfae00ce6fc17769ac7c1637eeb38e24",
        "cityId": "strausberg",
        "kind": "roadworks",
        "category": "Sperrung",
        "title": "A12, Fahrbahnerhaltung zwischen AS Fürstenwalde-West und AS Briesen (km 22,9-31,5), beide FR",
        "statement": "A12, Fahrbahnerhaltung zwischen AS Fürstenwalde-West und AS Briesen (km 22,9-31,5), beide FR: eine Sperrung ist im Autobahn-Verkehrsdienst verzeichnet. Von Auffahrt auf die A12: AS Fürstenwalde-Ost (aus Richtung Fürstenwalde-West) nach A12: Berliner Ring -> Frankfurt(Oder), zwischen AS Fürstenwalde-Ost und 7.2 km vor Kersdorfer See Die Lage kann auch eine Pendelstrecke außerhalb des Stadtgebiets betreffen.",
        "status": "im Verkehrsdienst geführt",
        "startDate": "2026-08-24",
        "endDate": "2028-10-31",
        "nextStep": "Aktuelle Verkehrs- und Sperrinformationen beim Betreiber prüfen.",
        "unknowns": [
          "Genauer Verkehrsverlauf und tatsächliche Dauer vor Ort"
        ],
        "scale": "district",
        "geometryPrecision": "approximate",
        "sources": [
          {
            "url": "https://verkehr.autobahn.de/o/autobahn/A12/services/closure",
            "snapshotUrl": "https://verkehr.autobahn.de/o/autobahn/A12/services/closure",
            "title": "Autobahn A12 closure",
            "publisher": "Autobahn GmbH",
            "locator": "closure[identifier=2024-056148--vi-fbm.2026-08-24_07-00-00-000.devi-zus.2025-03-03_00-00-00-000.f_004.de18]",
            "retrievedAt": "2026-09-26T16:50:17.365Z",
            "sha256": "4cd206b8e591e4c12d56324c67351f66666f46ae08e0379110e001c12fe89728",
            "snapshot": true,
            "licence": "unknown",
            "reuse": "unknown"
          }
        ],
        "extraction": {
          "method": "structured"
        },
        "reviewState": "candidate",
        "asOf": "2026-09-26T16:50:17.365Z"
      }
    },
    {
      "type": "Feature",
      "geometry": {
        "type": "LineString",
        "coordinates": [
          [
            13.561444678898528,
            52.31977542080759
          ],
          [
            13.554874114232428,
            52.31237055833796
          ]
        ]
      },
      "properties": {
        "id": "autobahn:2026-047353--vi-fbm.2026-09-29_10-00-00-000.devi-zus.2026-09-28_08-00-00-000_011.de5",
        "version": "d34e3f8f5fc891e0acc451b8826f0a44792fcd147536aa61fa65996d40ecdd39",
        "cityId": "strausberg",
        "kind": "roadworks",
        "category": "Sperrung",
        "title": "A10, A13 Bauwerksprüfung Ludwigsfelde-Ost - AK Schönefeld",
        "statement": "A10, A13 Bauwerksprüfung Ludwigsfelde-Ost - AK Schönefeld: eine Sperrung ist im Autobahn-Verkehrsdienst verzeichnet. 29.09.26 von 10:00 bis 12:00 Uhr Die Lage kann auch eine Pendelstrecke außerhalb des Stadtgebiets betreffen.",
        "status": "angekündigt; 29.09.26 von 10:00 bis 12:00 Uhr",
        "startDate": "2026-09-29",
        "endDate": "2026-09-30",
        "nextStep": "Aktuelle Verkehrs- und Sperrinformationen beim Betreiber prüfen.",
        "unknowns": [
          "Genauer Verkehrsverlauf und tatsächliche Dauer vor Ort"
        ],
        "scale": "district",
        "geometryPrecision": "approximate",
        "sources": [
          {
            "url": "https://verkehr.autobahn.de/o/autobahn/A10/services/closure",
            "snapshotUrl": "https://verkehr.autobahn.de/o/autobahn/A10/services/closure",
            "title": "Autobahn A10 closure",
            "publisher": "Autobahn GmbH",
            "locator": "closure[identifier=2026-047353--vi-fbm.2026-09-29_10-00-00-000.devi-zus.2026-09-28_08-00-00-000_011.de5]",
            "retrievedAt": "2026-09-26T16:50:17.226Z",
            "sha256": "de27c30d575677f2e6a84456167c152395f2978d3cedaac10d73f6eed0f9bb3a",
            "snapshot": true,
            "licence": "unknown",
            "reuse": "unknown"
          }
        ],
        "extraction": {
          "method": "structured"
        },
        "reviewState": "candidate",
        "asOf": "2026-09-26T16:50:17.226Z"
      }
    },
    {
      "type": "Feature",
      "geometry": {
        "type": "LineString",
        "coordinates": [
          [
            13.55548557472061,
            52.31040027923864
          ],
          [
            13.572411875669856,
            52.319463637690006
          ]
        ]
      },
      "properties": {
        "id": "autobahn:2026-047353--vi-fbm.2026-09-30_10-00-00-000.devi-zus.2026-09-28_08-00-00-000_011.de8",
        "version": "3e8c09c81c664585326072183509b8d1757a39379a069da3f735664f56f6a185",
        "cityId": "strausberg",
        "kind": "roadworks",
        "category": "Sperrung",
        "title": "A10, A13 Bauwerksprüfung Ludwigsfelde-Ost - AK Schönefeld",
        "statement": "A10, A13 Bauwerksprüfung Ludwigsfelde-Ost - AK Schönefeld: eine Sperrung ist im Autobahn-Verkehrsdienst verzeichnet. 30.09.26 von 10:00 bis 12:00 Uhr Die Lage kann auch eine Pendelstrecke außerhalb des Stadtgebiets betreffen.",
        "status": "angekündigt; 30.09.26 von 10:00 bis 12:00 Uhr",
        "startDate": "2026-09-30",
        "endDate": "2026-09-30",
        "nextStep": "Aktuelle Verkehrs- und Sperrinformationen beim Betreiber prüfen.",
        "unknowns": [
          "Genauer Verkehrsverlauf und tatsächliche Dauer vor Ort"
        ],
        "scale": "district",
        "geometryPrecision": "approximate",
        "sources": [
          {
            "url": "https://verkehr.autobahn.de/o/autobahn/A10/services/closure",
            "snapshotUrl": "https://verkehr.autobahn.de/o/autobahn/A10/services/closure",
            "title": "Autobahn A10 closure",
            "publisher": "Autobahn GmbH",
            "locator": "closure[identifier=2026-047353--vi-fbm.2026-09-30_10-00-00-000.devi-zus.2026-09-28_08-00-00-000_011.de8]",
            "retrievedAt": "2026-09-26T16:50:17.226Z",
            "sha256": "de27c30d575677f2e6a84456167c152395f2978d3cedaac10d73f6eed0f9bb3a",
            "snapshot": true,
            "licence": "unknown",
            "reuse": "unknown"
          }
        ],
        "extraction": {
          "method": "structured"
        },
        "reviewState": "candidate",
        "asOf": "2026-09-26T16:50:17.226Z"
      }
    },
    {
      "type": "Feature",
      "geometry": {
        "type": "LineString",
        "coordinates": [
          [
            13.580365392930293,
            52.611000508588866
          ],
          [
            13.785229310569044,
            52.41641912450418
          ]
        ]
      },
      "properties": {
        "id": "autobahn:2026-047635--vi-bs.2026-09-29_08-00-00-000.devi-zus.2026-09-29_08-00-00-000_001.de1",
        "version": "b6addacccf1c1f049ceaa26827b2b5408dd05679ae89ab252f0bc2c0a033e639",
        "cityId": "strausberg",
        "kind": "roadworks",
        "category": "Autobahn-Baustelle",
        "title": "A10 | Barnim - Freienbrink",
        "statement": "A10 | Barnim - Freienbrink: eine Baustelle ist im Autobahn-Verkehrsdienst verzeichnet. 29.09.26 von 08:00 bis 16:00 Uhr Die Lage kann auch eine Pendelstrecke außerhalb des Stadtgebiets betreffen.",
        "status": "angekündigt; 29.09.26 von 08:00 bis 16:00 Uhr",
        "startDate": "2026-09-29",
        "endDate": "2026-10-01",
        "nextStep": "Aktuelle Verkehrs- und Sperrinformationen beim Betreiber prüfen.",
        "unknowns": [
          "Genauer Verkehrsverlauf und tatsächliche Dauer vor Ort"
        ],
        "scale": "district",
        "geometryPrecision": "approximate",
        "sources": [
          {
            "url": "https://verkehr.autobahn.de/o/autobahn/A10/services/roadworks",
            "snapshotUrl": "https://verkehr.autobahn.de/o/autobahn/A10/services/roadworks",
            "title": "Autobahn A10 roadworks",
            "publisher": "Autobahn GmbH",
            "locator": "roadworks[identifier=2026-047635--vi-bs.2026-09-29_08-00-00-000.devi-zus.2026-09-29_08-00-00-000_001.de1]",
            "retrievedAt": "2026-09-26T16:50:17.185Z",
            "sha256": "3de2a1ed022184ce00ee80d5fd5b61c2c94023412cf23ec3157393a35a9ec1fe",
            "snapshot": true,
            "licence": "unknown",
            "reuse": "unknown"
          }
        ],
        "extraction": {
          "method": "structured"
        },
        "reviewState": "candidate",
        "asOf": "2026-09-26T16:50:17.185Z"
      }
    },
    {
      "type": "Feature",
      "geometry": {
        "type": "LineString",
        "coordinates": [
          [
            13.785459190351789,
            52.41642791904561
          ],
          [
            13.58043448524911,
            52.61116746261902
          ]
        ]
      },
      "properties": {
        "id": "autobahn:2026-047635--vi-bs.2026-09-29_08-00-00-000.devi-zus.2026-09-29_08-00-00-000_001.de3",
        "version": "b974a36a02b88428c5b5ee4e9e49ff5de3ecf7b98c9a8bb72fd30cd329b3aa34",
        "cityId": "strausberg",
        "kind": "roadworks",
        "category": "Autobahn-Baustelle",
        "title": "A10 | Freienbrink - Barnim",
        "statement": "A10 | Freienbrink - Barnim: eine Baustelle ist im Autobahn-Verkehrsdienst verzeichnet. 29.09.26 von 08:00 bis 16:00 Uhr Die Lage kann auch eine Pendelstrecke außerhalb des Stadtgebiets betreffen.",
        "status": "angekündigt; 29.09.26 von 08:00 bis 16:00 Uhr",
        "startDate": "2026-09-29",
        "endDate": "2026-10-01",
        "nextStep": "Aktuelle Verkehrs- und Sperrinformationen beim Betreiber prüfen.",
        "unknowns": [
          "Genauer Verkehrsverlauf und tatsächliche Dauer vor Ort"
        ],
        "scale": "district",
        "geometryPrecision": "approximate",
        "sources": [
          {
            "url": "https://verkehr.autobahn.de/o/autobahn/A10/services/roadworks",
            "snapshotUrl": "https://verkehr.autobahn.de/o/autobahn/A10/services/roadworks",
            "title": "Autobahn A10 roadworks",
            "publisher": "Autobahn GmbH",
            "locator": "roadworks[identifier=2026-047635--vi-bs.2026-09-29_08-00-00-000.devi-zus.2026-09-29_08-00-00-000_001.de3]",
            "retrievedAt": "2026-09-26T16:50:17.185Z",
            "sha256": "3de2a1ed022184ce00ee80d5fd5b61c2c94023412cf23ec3157393a35a9ec1fe",
            "snapshot": true,
            "licence": "unknown",
            "reuse": "unknown"
          }
        ],
        "extraction": {
          "method": "structured"
        },
        "reviewState": "candidate",
        "asOf": "2026-09-26T16:50:17.185Z"
      }
    },
    {
      "type": "Feature",
      "geometry": {
        "type": "LineString",
        "coordinates": [
          [
            13.771525835047823,
            52.32159763724386
          ],
          [
            13.768713956288806,
            52.32216400245702
          ]
        ]
      },
      "properties": {
        "id": "autobahn:2026-047635--vi-bs.2026-09-29_08-00-00-000.devi-zus.2026-09-29_08-00-00-000_001.de5",
        "version": "9b54e30a7dfbdb4ccd0dcda947eabafa2b1df27cea087e5ceadb509314280fda",
        "cityId": "strausberg",
        "kind": "roadworks",
        "category": "Autobahn-Baustelle",
        "title": "A12 | Friedersdorf - Spreeau",
        "statement": "A12 | Friedersdorf - Spreeau: eine Baustelle ist im Autobahn-Verkehrsdienst verzeichnet. 10.11.26 von 08:00 bis 16:00 Uhr Die Lage kann auch eine Pendelstrecke außerhalb des Stadtgebiets betreffen.",
        "status": "angekündigt; 10.11.26 von 08:00 bis 16:00 Uhr",
        "startDate": "2026-11-10",
        "endDate": "2026-11-12",
        "nextStep": "Aktuelle Verkehrs- und Sperrinformationen beim Betreiber prüfen.",
        "unknowns": [
          "Genauer Verkehrsverlauf und tatsächliche Dauer vor Ort"
        ],
        "scale": "district",
        "geometryPrecision": "approximate",
        "sources": [
          {
            "url": "https://verkehr.autobahn.de/o/autobahn/A12/services/roadworks",
            "snapshotUrl": "https://verkehr.autobahn.de/o/autobahn/A12/services/roadworks",
            "title": "Autobahn A12 roadworks",
            "publisher": "Autobahn GmbH",
            "locator": "roadworks[identifier=2026-047635--vi-bs.2026-09-29_08-00-00-000.devi-zus.2026-09-29_08-00-00-000_001.de5]",
            "retrievedAt": "2026-09-26T16:50:17.332Z",
            "sha256": "1e10062edede3a1f1f55d5c74881a05cdb44191d40c796ff53cd15db321468bc",
            "snapshot": true,
            "licence": "unknown",
            "reuse": "unknown"
          }
        ],
        "extraction": {
          "method": "structured"
        },
        "reviewState": "candidate",
        "asOf": "2026-09-26T16:50:17.332Z"
      }
    },
    {
      "type": "Feature",
      "geometry": {
        "type": "LineString",
        "coordinates": [
          [
            13.541214738788797,
            52.72395814061028
          ],
          [
            13.565276365793933,
            52.6323934291766
          ]
        ]
      },
      "properties": {
        "id": "autobahn:2026-049193--vi-bs.2026-09-28_08-00-00-000_016.de0",
        "version": "2e855997cac7db8e4f93513a4bd0e552a9babf4be7eb9eefdad70d1fd9da1978",
        "cityId": "strausberg",
        "kind": "roadworks",
        "category": "Autobahn-Baustelle",
        "title": "A11 | Wandlitz - Barnim",
        "statement": "A11 | Wandlitz - Barnim: eine Baustelle ist im Autobahn-Verkehrsdienst verzeichnet. 28.09.26 von 08:00 bis 18:00 Uhr Die Lage kann auch eine Pendelstrecke außerhalb des Stadtgebiets betreffen.",
        "status": "angekündigt; 28.09.26 von 08:00 bis 18:00 Uhr",
        "startDate": "2026-09-28",
        "endDate": "2026-10-02",
        "nextStep": "Aktuelle Verkehrs- und Sperrinformationen beim Betreiber prüfen.",
        "unknowns": [
          "Genauer Verkehrsverlauf und tatsächliche Dauer vor Ort"
        ],
        "scale": "district",
        "geometryPrecision": "approximate",
        "sources": [
          {
            "url": "https://verkehr.autobahn.de/o/autobahn/A11/services/roadworks",
            "snapshotUrl": "https://verkehr.autobahn.de/o/autobahn/A11/services/roadworks",
            "title": "Autobahn A11 roadworks",
            "publisher": "Autobahn GmbH",
            "locator": "roadworks[identifier=2026-049193--vi-bs.2026-09-28_08-00-00-000_016.de0]",
            "retrievedAt": "2026-09-26T16:50:17.267Z",
            "sha256": "71492d148bbe1b35cc847f19eb3c3b89f6afbb49fd283b1aa160d300fcd0b955",
            "snapshot": true,
            "licence": "unknown",
            "reuse": "unknown"
          }
        ],
        "extraction": {
          "method": "structured"
        },
        "reviewState": "candidate",
        "asOf": "2026-09-26T16:50:17.267Z"
      }
    },
    {
      "type": "Feature",
      "geometry": {
        "type": "Point",
        "coordinates": [
          13.8998071,
          52.5884347
        ]
      },
      "properties": {
        "id": "osm:node-10250740555",
        "version": "447c7d023db2a95309725dafeac08f72db7d7879d00291b09b83268d16e4c59b",
        "cityId": "strausberg",
        "kind": "place",
        "category": "doctors",
        "title": "Hausarztpraxis Birgit Hanisch",
        "statement": "Hausarztpraxis Birgit Hanisch ist in OpenStreetMap als doctors eingetragen. Öffnungszeiten in OSM eingetragen; nicht unabhängig bestätigt.",
        "status": "OSM-Eintrag, nicht offiziell geprüft",
        "startDate": null,
        "endDate": null,
        "nextStep": "Aktuelle Angaben direkt beim Ort prüfen.",
        "unknowns": [
          "Aktueller Betrieb und tatsächliche Öffnungszeiten"
        ],
        "scale": "street",
        "geometryPrecision": "exact",
        "sources": [
          {
            "url": "https://www.openstreetmap.org/node/10250740555",
            "snapshotUrl": "https://gall.openstreetmap.de/api/interpreter",
            "title": "OpenStreetMap contributors",
            "publisher": "OpenStreetMap contributors",
            "locator": "node/10250740555; tags.name, tags.amenity",
            "retrievedAt": "2026-09-26T17:13:34.916Z",
            "sha256": "5823f93f2fb62fbc3bf3e118d0f924e376670dc1978240e22d9ef4e10e301e05",
            "snapshot": true,
            "licence": "ODbL 1.0",
            "reuse": "open_licence"
          }
        ],
        "extraction": {
          "method": "structured"
        },
        "reviewState": "candidate",
        "asOf": "2026-09-26T17:13:34.916Z"
      }
    },
    {
      "type": "Feature",
      "geometry": {
        "type": "Point",
        "coordinates": [
          13.9708546,
          52.5667688
        ]
      },
      "properties": {
        "id": "osm:node-1028750231",
        "version": "188ac2b9feec1f99a670c98002dd9bf2b622952fda20e5a4b8823c65f261c609",
        "cityId": "strausberg",
        "kind": "place",
        "category": "community_centre",
        "title": "Dorfgemeinschaftshaus Hohenstein",
        "statement": "Dorfgemeinschaftshaus Hohenstein ist in OpenStreetMap als community_centre eingetragen. Öffnungszeiten in OSM eingetragen; nicht unabhängig bestätigt.",
        "status": "OSM-Eintrag, nicht offiziell geprüft",
        "startDate": null,
        "endDate": null,
        "nextStep": "Aktuelle Angaben direkt beim Ort prüfen.",
        "unknowns": [
          "Aktueller Betrieb und tatsächliche Öffnungszeiten"
        ],
        "scale": "street",
        "geometryPrecision": "exact",
        "sources": [
          {
            "url": "https://www.openstreetmap.org/node/1028750231",
            "snapshotUrl": "https://gall.openstreetmap.de/api/interpreter",
            "title": "OpenStreetMap contributors",
            "publisher": "OpenStreetMap contributors",
            "locator": "node/1028750231; tags.name, tags.amenity",
            "retrievedAt": "2026-09-26T17:13:34.916Z",
            "sha256": "5823f93f2fb62fbc3bf3e118d0f924e376670dc1978240e22d9ef4e10e301e05",
            "snapshot": true,
            "licence": "ODbL 1.0",
            "reuse": "open_licence"
          }
        ],
        "extraction": {
          "method": "structured"
        },
        "reviewState": "candidate",
        "asOf": "2026-09-26T17:13:34.916Z"
      }
    },
    {
      "type": "Feature",
      "geometry": {
        "type": "Point",
        "coordinates": [
          13.8920823,
          52.57549
        ]
      },
      "properties": {
        "id": "osm:node-10893542847",
        "version": "0250ac310ef0a747c4b8d1450ae1ea06e9704e1fac5825201292ac8fc84b1d9f",
        "cityId": "strausberg",
        "kind": "place",
        "category": "bakery",
        "title": "Hennig",
        "statement": "Hennig ist in OpenStreetMap als bakery eingetragen. Öffnungszeiten in OSM eingetragen; nicht unabhängig bestätigt.",
        "status": "OSM-Eintrag, nicht offiziell geprüft",
        "startDate": null,
        "endDate": null,
        "nextStep": "Aktuelle Angaben direkt beim Ort prüfen.",
        "unknowns": [
          "Aktueller Betrieb und tatsächliche Öffnungszeiten"
        ],
        "scale": "street",
        "geometryPrecision": "exact",
        "sources": [
          {
            "url": "https://www.openstreetmap.org/node/10893542847",
            "snapshotUrl": "https://gall.openstreetmap.de/api/interpreter",
            "title": "OpenStreetMap contributors",
            "publisher": "OpenStreetMap contributors",
            "locator": "node/10893542847; tags.name, tags.shop",
            "retrievedAt": "2026-09-26T17:13:34.916Z",
            "sha256": "5823f93f2fb62fbc3bf3e118d0f924e376670dc1978240e22d9ef4e10e301e05",
            "snapshot": true,
            "licence": "ODbL 1.0",
            "reuse": "open_licence"
          }
        ],
        "extraction": {
          "method": "structured"
        },
        "reviewState": "candidate",
        "asOf": "2026-09-26T17:13:34.916Z"
      }
    },
    {
      "type": "Feature",
      "geometry": {
        "type": "Point",
        "coordinates": [
          13.8384198,
          52.5394145
        ]
      },
      "properties": {
        "id": "osm:node-10894513598",
        "version": "f679ccb83e5c70169910f9c3e86d23f7ef831c12eaafe55beddf0d67bd595326",
        "cityId": "strausberg",
        "kind": "place",
        "category": "fitness",
        "title": "Krafttankstelle",
        "statement": "Krafttankstelle ist in OpenStreetMap als fitness eingetragen. Öffnungszeiten in OSM eingetragen; nicht unabhängig bestätigt.",
        "status": "OSM-Eintrag, nicht offiziell geprüft",
        "startDate": null,
        "endDate": null,
        "nextStep": "Aktuelle Angaben direkt beim Ort prüfen.",
        "unknowns": [
          "Aktueller Betrieb und tatsächliche Öffnungszeiten"
        ],
        "scale": "street",
        "geometryPrecision": "exact",
        "sources": [
          {
            "url": "https://www.openstreetmap.org/node/10894513598",
            "snapshotUrl": "https://gall.openstreetmap.de/api/interpreter",
            "title": "OpenStreetMap contributors",
            "publisher": "OpenStreetMap contributors",
            "locator": "node/10894513598; tags.name, tags.sport",
            "retrievedAt": "2026-09-26T17:13:34.916Z",
            "sha256": "5823f93f2fb62fbc3bf3e118d0f924e376670dc1978240e22d9ef4e10e301e05",
            "snapshot": true,
            "licence": "ODbL 1.0",
            "reuse": "open_licence"
          }
        ],
        "extraction": {
          "method": "structured"
        },
        "reviewState": "candidate",
        "asOf": "2026-09-26T17:13:34.916Z"
      }
    },
    {
      "type": "Feature",
      "geometry": {
        "type": "Point",
        "coordinates": [
          13.9007257,
          52.5818775
        ]
      },
      "properties": {
        "id": "osm:node-10957548426",
        "version": "4905cdd130ec16d4be3c3b2fcf8e5638f0826a437315f53fd6a0be4e824d8b93",
        "cityId": "strausberg",
        "kind": "place",
        "category": "post_office",
        "title": "City Brief Bote",
        "statement": "City Brief Bote ist in OpenStreetMap als post_office eingetragen. Öffnungszeiten in OSM eingetragen; nicht unabhängig bestätigt.",
        "status": "OSM-Eintrag, nicht offiziell geprüft",
        "startDate": null,
        "endDate": null,
        "nextStep": "Aktuelle Angaben direkt beim Ort prüfen.",
        "unknowns": [
          "Aktueller Betrieb und tatsächliche Öffnungszeiten"
        ],
        "scale": "street",
        "geometryPrecision": "exact",
        "sources": [
          {
            "url": "https://www.openstreetmap.org/node/10957548426",
            "snapshotUrl": "https://gall.openstreetmap.de/api/interpreter",
            "title": "OpenStreetMap contributors",
            "publisher": "OpenStreetMap contributors",
            "locator": "node/10957548426; tags.name, tags.amenity",
            "retrievedAt": "2026-09-26T17:13:34.916Z",
            "sha256": "5823f93f2fb62fbc3bf3e118d0f924e376670dc1978240e22d9ef4e10e301e05",
            "snapshot": true,
            "licence": "ODbL 1.0",
            "reuse": "open_licence"
          }
        ],
        "extraction": {
          "method": "structured"
        },
        "reviewState": "candidate",
        "asOf": "2026-09-26T17:13:34.916Z"
      }
    },
    {
      "type": "Feature",
      "geometry": {
        "type": "Point",
        "coordinates": [
          13.8824316,
          52.5779075
        ]
      },
      "properties": {
        "id": "osm:node-10969497174",
        "version": "b83529d164f73fc20cf8fd6af3b630c346296574eb86cf53b632e74fa9837553",
        "cityId": "strausberg",
        "kind": "place",
        "category": "yoga",
        "title": "Hormon Yoga",
        "statement": "Hormon Yoga ist in OpenStreetMap als yoga eingetragen. Betrieb und Öffnungszeiten nicht geprüft.",
        "status": "OSM-Eintrag, nicht offiziell geprüft",
        "startDate": null,
        "endDate": null,
        "nextStep": "Aktuelle Angaben direkt beim Ort prüfen.",
        "unknowns": [
          "Aktueller Betrieb und tatsächliche Öffnungszeiten"
        ],
        "scale": "street",
        "geometryPrecision": "exact",
        "sources": [
          {
            "url": "https://www.openstreetmap.org/node/10969497174",
            "snapshotUrl": "https://gall.openstreetmap.de/api/interpreter",
            "title": "OpenStreetMap contributors",
            "publisher": "OpenStreetMap contributors",
            "locator": "node/10969497174; tags.name, tags.sport",
            "retrievedAt": "2026-09-26T17:13:34.916Z",
            "sha256": "5823f93f2fb62fbc3bf3e118d0f924e376670dc1978240e22d9ef4e10e301e05",
            "snapshot": true,
            "licence": "ODbL 1.0",
            "reuse": "open_licence"
          }
        ],
        "extraction": {
          "method": "structured"
        },
        "reviewState": "candidate",
        "asOf": "2026-09-26T17:13:34.916Z"
      }
    },
    {
      "type": "Feature",
      "geometry": {
        "type": "Point",
        "coordinates": [
          13.8924999,
          52.576126
        ]
      },
      "properties": {
        "id": "osm:node-11375680435",
        "version": "b9ce7f4bdbda17d99c3888083ab3e57fdd58444cd0a1c8946026f33db9a08f6b",
        "cityId": "strausberg",
        "kind": "place",
        "category": "doctors",
        "title": "Praxis Dania Prütz - Fachärztin für Allgemeinmedizin, Naturheilkunde, Homöopathie und Akupunktur",
        "statement": "Praxis Dania Prütz - Fachärztin für Allgemeinmedizin, Naturheilkunde, Homöopathie und Akupunktur ist in OpenStreetMap als doctors eingetragen. Öffnungszeiten in OSM eingetragen; nicht unabhängig bestätigt.",
        "status": "OSM-Eintrag, nicht offiziell geprüft",
        "startDate": null,
        "endDate": null,
        "nextStep": "Aktuelle Angaben direkt beim Ort prüfen.",
        "unknowns": [
          "Aktueller Betrieb und tatsächliche Öffnungszeiten"
        ],
        "scale": "street",
        "geometryPrecision": "exact",
        "sources": [
          {
            "url": "https://www.openstreetmap.org/node/11375680435",
            "snapshotUrl": "https://gall.openstreetmap.de/api/interpreter",
            "title": "OpenStreetMap contributors",
            "publisher": "OpenStreetMap contributors",
            "locator": "node/11375680435; tags.name, tags.amenity",
            "retrievedAt": "2026-09-26T17:13:34.916Z",
            "sha256": "5823f93f2fb62fbc3bf3e118d0f924e376670dc1978240e22d9ef4e10e301e05",
            "snapshot": true,
            "licence": "ODbL 1.0",
            "reuse": "open_licence"
          }
        ],
        "extraction": {
          "method": "structured"
        },
        "reviewState": "candidate",
        "asOf": "2026-09-26T17:13:34.916Z"
      }
    },
    {
      "type": "Feature",
      "geometry": {
        "type": "Point",
        "coordinates": [
          13.881505,
          52.5776133
        ]
      },
      "properties": {
        "id": "osm:node-1201780398",
        "version": "5fc342fbd8dadc19e8d8b84c0fc7924b7706f4911704da78eeabc117a0c1d082",
        "cityId": "strausberg",
        "kind": "place",
        "category": "bakery",
        "title": "Hennig",
        "statement": "Hennig ist in OpenStreetMap als bakery eingetragen. Öffnungszeiten in OSM eingetragen; nicht unabhängig bestätigt.",
        "status": "OSM-Eintrag, nicht offiziell geprüft",
        "startDate": null,
        "endDate": null,
        "nextStep": "Aktuelle Angaben direkt beim Ort prüfen.",
        "unknowns": [
          "Aktueller Betrieb und tatsächliche Öffnungszeiten"
        ],
        "scale": "street",
        "geometryPrecision": "exact",
        "sources": [
          {
            "url": "https://www.openstreetmap.org/node/1201780398",
            "snapshotUrl": "https://gall.openstreetmap.de/api/interpreter",
            "title": "OpenStreetMap contributors",
            "publisher": "OpenStreetMap contributors",
            "locator": "node/1201780398; tags.name, tags.shop",
            "retrievedAt": "2026-09-26T17:13:34.916Z",
            "sha256": "5823f93f2fb62fbc3bf3e118d0f924e376670dc1978240e22d9ef4e10e301e05",
            "snapshot": true,
            "licence": "ODbL 1.0",
            "reuse": "open_licence"
          }
        ],
        "extraction": {
          "method": "structured"
        },
        "reviewState": "candidate",
        "asOf": "2026-09-26T17:13:34.916Z"
      }
    },
    {
      "type": "Feature",
      "geometry": {
        "type": "Point",
        "coordinates": [
          13.8915867,
          52.5811644
        ]
      },
      "properties": {
        "id": "osm:node-12124465300",
        "version": "4bbca67341b0127abca95028c39b22ed3cf49c6764a3e5e70b071b033c761253",
        "cityId": "strausberg",
        "kind": "place",
        "category": "police",
        "title": "Sprechzimmer Revierpolizei",
        "statement": "Sprechzimmer Revierpolizei ist in OpenStreetMap als police eingetragen. Öffnungszeiten in OSM eingetragen; nicht unabhängig bestätigt.",
        "status": "OSM-Eintrag, nicht offiziell geprüft",
        "startDate": null,
        "endDate": null,
        "nextStep": "Aktuelle Angaben direkt beim Ort prüfen.",
        "unknowns": [
          "Aktueller Betrieb und tatsächliche Öffnungszeiten"
        ],
        "scale": "street",
        "geometryPrecision": "exact",
        "sources": [
          {
            "url": "https://www.openstreetmap.org/node/12124465300",
            "snapshotUrl": "https://gall.openstreetmap.de/api/interpreter",
            "title": "OpenStreetMap contributors",
            "publisher": "OpenStreetMap contributors",
            "locator": "node/12124465300; tags.name, tags.amenity",
            "retrievedAt": "2026-09-26T17:13:34.916Z",
            "sha256": "5823f93f2fb62fbc3bf3e118d0f924e376670dc1978240e22d9ef4e10e301e05",
            "snapshot": true,
            "licence": "ODbL 1.0",
            "reuse": "open_licence"
          }
        ],
        "extraction": {
          "method": "structured"
        },
        "reviewState": "candidate",
        "asOf": "2026-09-26T17:13:34.916Z"
      }
    },
    {
      "type": "Feature",
      "geometry": {
        "type": "Point",
        "coordinates": [
          13.8818546,
          52.5819131
        ]
      },
      "properties": {
        "id": "osm:node-12272893629",
        "version": "69f9e742ad48b30d0177cf2b2ddd4b565c426d8e1f29ae8788f545403e7b9a45",
        "cityId": "strausberg",
        "kind": "place",
        "category": "clinic",
        "title": "Psychiatrische Tagesklinik Strausberg",
        "statement": "Psychiatrische Tagesklinik Strausberg ist in OpenStreetMap als clinic eingetragen. Öffnungszeiten in OSM eingetragen; nicht unabhängig bestätigt.",
        "status": "OSM-Eintrag, nicht offiziell geprüft",
        "startDate": null,
        "endDate": null,
        "nextStep": "Aktuelle Angaben direkt beim Ort prüfen.",
        "unknowns": [
          "Aktueller Betrieb und tatsächliche Öffnungszeiten"
        ],
        "scale": "street",
        "geometryPrecision": "exact",
        "sources": [
          {
            "url": "https://www.openstreetmap.org/node/12272893629",
            "snapshotUrl": "https://gall.openstreetmap.de/api/interpreter",
            "title": "OpenStreetMap contributors",
            "publisher": "OpenStreetMap contributors",
            "locator": "node/12272893629; tags.name, tags.amenity",
            "retrievedAt": "2026-09-26T17:13:34.916Z",
            "sha256": "5823f93f2fb62fbc3bf3e118d0f924e376670dc1978240e22d9ef4e10e301e05",
            "snapshot": true,
            "licence": "ODbL 1.0",
            "reuse": "open_licence"
          }
        ],
        "extraction": {
          "method": "structured"
        },
        "reviewState": "candidate",
        "asOf": "2026-09-26T17:13:34.916Z"
      }
    },
    {
      "type": "Feature",
      "geometry": {
        "type": "Point",
        "coordinates": [
          13.8818146,
          52.58193
        ]
      },
      "properties": {
        "id": "osm:node-12273467435",
        "version": "9f7ed7529636130ab6f4e74caddec926e02cf4f4751769f192e9f76d2a66fa40",
        "cityId": "strausberg",
        "kind": "place",
        "category": "clinic",
        "title": "Sana Tagesklinik Strausberg",
        "statement": "Sana Tagesklinik Strausberg ist in OpenStreetMap als clinic eingetragen. Betrieb und Öffnungszeiten nicht geprüft.",
        "status": "OSM-Eintrag, nicht offiziell geprüft",
        "startDate": null,
        "endDate": null,
        "nextStep": "Aktuelle Angaben direkt beim Ort prüfen.",
        "unknowns": [
          "Aktueller Betrieb und tatsächliche Öffnungszeiten"
        ],
        "scale": "street",
        "geometryPrecision": "exact",
        "sources": [
          {
            "url": "https://www.openstreetmap.org/node/12273467435",
            "snapshotUrl": "https://gall.openstreetmap.de/api/interpreter",
            "title": "OpenStreetMap contributors",
            "publisher": "OpenStreetMap contributors",
            "locator": "node/12273467435; tags.name, tags.amenity",
            "retrievedAt": "2026-09-26T17:13:34.916Z",
            "sha256": "5823f93f2fb62fbc3bf3e118d0f924e376670dc1978240e22d9ef4e10e301e05",
            "snapshot": true,
            "licence": "ODbL 1.0",
            "reuse": "open_licence"
          }
        ],
        "extraction": {
          "method": "structured"
        },
        "reviewState": "candidate",
        "asOf": "2026-09-26T17:13:34.916Z"
      }
    },
    {
      "type": "Feature",
      "geometry": {
        "type": "Point",
        "coordinates": [
          13.8782238,
          52.5731927
        ]
      },
      "properties": {
        "id": "osm:node-12368656601",
        "version": "f15c981ec57b1dedbab2e27009ae8fb7ed211d49bef77b29652d6867e70b0e2b",
        "cityId": "strausberg",
        "kind": "place",
        "category": "community_centre",
        "title": "Julie",
        "statement": "Julie ist in OpenStreetMap als community_centre eingetragen. Betrieb und Öffnungszeiten nicht geprüft.",
        "status": "OSM-Eintrag, nicht offiziell geprüft",
        "startDate": null,
        "endDate": null,
        "nextStep": "Aktuelle Angaben direkt beim Ort prüfen.",
        "unknowns": [
          "Aktueller Betrieb und tatsächliche Öffnungszeiten"
        ],
        "scale": "street",
        "geometryPrecision": "exact",
        "sources": [
          {
            "url": "https://www.openstreetmap.org/node/12368656601",
            "snapshotUrl": "https://gall.openstreetmap.de/api/interpreter",
            "title": "OpenStreetMap contributors",
            "publisher": "OpenStreetMap contributors",
            "locator": "node/12368656601; tags.name, tags.amenity",
            "retrievedAt": "2026-09-26T17:13:34.916Z",
            "sha256": "5823f93f2fb62fbc3bf3e118d0f924e376670dc1978240e22d9ef4e10e301e05",
            "snapshot": true,
            "licence": "ODbL 1.0",
            "reuse": "open_licence"
          }
        ],
        "extraction": {
          "method": "structured"
        },
        "reviewState": "candidate",
        "asOf": "2026-09-26T17:13:34.916Z"
      }
    },
    {
      "type": "Feature",
      "geometry": {
        "type": "Point",
        "coordinates": [
          13.839127,
          52.5442403
        ]
      },
      "properties": {
        "id": "osm:node-12369543946",
        "version": "edf304ca9bed318501aa9adccad6b3e93483dfda8b572000de16cafdb7afea91",
        "cityId": "strausberg",
        "kind": "place",
        "category": "shooting",
        "title": "Schützengilde Strausberg",
        "statement": "Schützengilde Strausberg ist in OpenStreetMap als shooting eingetragen. Betrieb und Öffnungszeiten nicht geprüft.",
        "status": "OSM-Eintrag, nicht offiziell geprüft",
        "startDate": null,
        "endDate": null,
        "nextStep": "Aktuelle Angaben direkt beim Ort prüfen.",
        "unknowns": [
          "Aktueller Betrieb und tatsächliche Öffnungszeiten"
        ],
        "scale": "street",
        "geometryPrecision": "exact",
        "sources": [
          {
            "url": "https://www.openstreetmap.org/node/12369543946",
            "snapshotUrl": "https://gall.openstreetmap.de/api/interpreter",
            "title": "OpenStreetMap contributors",
            "publisher": "OpenStreetMap contributors",
            "locator": "node/12369543946; tags.name, tags.sport",
            "retrievedAt": "2026-09-26T17:13:34.916Z",
            "sha256": "5823f93f2fb62fbc3bf3e118d0f924e376670dc1978240e22d9ef4e10e301e05",
            "snapshot": true,
            "licence": "ODbL 1.0",
            "reuse": "open_licence"
          }
        ],
        "extraction": {
          "method": "structured"
        },
        "reviewState": "candidate",
        "asOf": "2026-09-26T17:13:34.916Z"
      }
    },
    {
      "type": "Feature",
      "geometry": {
        "type": "Point",
        "coordinates": [
          13.8402805,
          52.5390011
        ]
      },
      "properties": {
        "id": "osm:node-12743368984",
        "version": "371a8eae3afc5018edc1049573a72d0d647faa5b65e1316e460faf00eb8bede6",
        "cityId": "strausberg",
        "kind": "place",
        "category": "police",
        "title": "Revierpolizei",
        "statement": "Revierpolizei ist in OpenStreetMap als police eingetragen. Betrieb und Öffnungszeiten nicht geprüft.",
        "status": "OSM-Eintrag, nicht offiziell geprüft",
        "startDate": null,
        "endDate": null,
        "nextStep": "Aktuelle Angaben direkt beim Ort prüfen.",
        "unknowns": [
          "Aktueller Betrieb und tatsächliche Öffnungszeiten"
        ],
        "scale": "street",
        "geometryPrecision": "exact",
        "sources": [
          {
            "url": "https://www.openstreetmap.org/node/12743368984",
            "snapshotUrl": "https://gall.openstreetmap.de/api/interpreter",
            "title": "OpenStreetMap contributors",
            "publisher": "OpenStreetMap contributors",
            "locator": "node/12743368984; tags.name, tags.amenity",
            "retrievedAt": "2026-09-26T17:13:34.916Z",
            "sha256": "5823f93f2fb62fbc3bf3e118d0f924e376670dc1978240e22d9ef4e10e301e05",
            "snapshot": true,
            "licence": "ODbL 1.0",
            "reuse": "open_licence"
          }
        ],
        "extraction": {
          "method": "structured"
        },
        "reviewState": "candidate",
        "asOf": "2026-09-26T17:13:34.916Z"
      }
    },
    {
      "type": "Feature",
      "geometry": {
        "type": "Point",
        "coordinates": [
          13.8378209,
          52.5420425
        ]
      },
      "properties": {
        "id": "osm:node-12743368985",
        "version": "42bcc283ef90f7de374b35f2b975af127dc9154b25ac2aa9ae5a362aa2e1e3ba",
        "cityId": "strausberg",
        "kind": "place",
        "category": "sport",
        "title": "GSt. FC Strausberg e. V.",
        "statement": "GSt. FC Strausberg e. V. ist in OpenStreetMap als sport eingetragen. Betrieb und Öffnungszeiten nicht geprüft.",
        "status": "OSM-Eintrag, nicht offiziell geprüft",
        "startDate": null,
        "endDate": null,
        "nextStep": "Aktuelle Angaben direkt beim Ort prüfen.",
        "unknowns": [
          "Aktueller Betrieb und tatsächliche Öffnungszeiten"
        ],
        "scale": "street",
        "geometryPrecision": "exact",
        "sources": [
          {
            "url": "https://www.openstreetmap.org/node/12743368985",
            "snapshotUrl": "https://gall.openstreetmap.de/api/interpreter",
            "title": "OpenStreetMap contributors",
            "publisher": "OpenStreetMap contributors",
            "locator": "node/12743368985; tags.name, tags.club",
            "retrievedAt": "2026-09-26T17:13:34.916Z",
            "sha256": "5823f93f2fb62fbc3bf3e118d0f924e376670dc1978240e22d9ef4e10e301e05",
            "snapshot": true,
            "licence": "ODbL 1.0",
            "reuse": "open_licence"
          }
        ],
        "extraction": {
          "method": "structured"
        },
        "reviewState": "candidate",
        "asOf": "2026-09-26T17:13:34.916Z"
      }
    },
    {
      "type": "Feature",
      "geometry": {
        "type": "Point",
        "coordinates": [
          13.8366598,
          52.5433177
        ]
      },
      "properties": {
        "id": "osm:node-12743368986",
        "version": "088e6c125152eb4e2e40f0695f6d4c2833855622d7283f68db8a766fff503d90",
        "cityId": "strausberg",
        "kind": "place",
        "category": "culture",
        "title": "OMCD e.V.",
        "statement": "OMCD e.V. ist in OpenStreetMap als culture eingetragen. Betrieb und Öffnungszeiten nicht geprüft.",
        "status": "OSM-Eintrag, nicht offiziell geprüft",
        "startDate": null,
        "endDate": null,
        "nextStep": "Aktuelle Angaben direkt beim Ort prüfen.",
        "unknowns": [
          "Aktueller Betrieb und tatsächliche Öffnungszeiten"
        ],
        "scale": "street",
        "geometryPrecision": "exact",
        "sources": [
          {
            "url": "https://www.openstreetmap.org/node/12743368986",
            "snapshotUrl": "https://gall.openstreetmap.de/api/interpreter",
            "title": "OpenStreetMap contributors",
            "publisher": "OpenStreetMap contributors",
            "locator": "node/12743368986; tags.name, tags.club",
            "retrievedAt": "2026-09-26T17:13:34.916Z",
            "sha256": "5823f93f2fb62fbc3bf3e118d0f924e376670dc1978240e22d9ef4e10e301e05",
            "snapshot": true,
            "licence": "ODbL 1.0",
            "reuse": "open_licence"
          }
        ],
        "extraction": {
          "method": "structured"
        },
        "reviewState": "candidate",
        "asOf": "2026-09-26T17:13:34.916Z"
      }
    },
    {
      "type": "Feature",
      "geometry": {
        "type": "Point",
        "coordinates": [
          13.9902242,
          52.5689431
        ]
      },
      "properties": {
        "id": "osm:node-1361867450",
        "version": "26c610e01700ef929af1a9e5388e417746df35eea4f9a5ea1f8702e0cba20861",
        "cityId": "strausberg",
        "kind": "place",
        "category": "equestrian",
        "title": "Ewaldhof GbR - Jürgen & Kirsten Ewald",
        "statement": "Ewaldhof GbR - Jürgen & Kirsten Ewald ist in OpenStreetMap als equestrian eingetragen. Betrieb und Öffnungszeiten nicht geprüft.",
        "status": "OSM-Eintrag, nicht offiziell geprüft",
        "startDate": null,
        "endDate": null,
        "nextStep": "Aktuelle Angaben direkt beim Ort prüfen.",
        "unknowns": [
          "Aktueller Betrieb und tatsächliche Öffnungszeiten"
        ],
        "scale": "street",
        "geometryPrecision": "exact",
        "sources": [
          {
            "url": "https://www.openstreetmap.org/node/1361867450",
            "snapshotUrl": "https://gall.openstreetmap.de/api/interpreter",
            "title": "OpenStreetMap contributors",
            "publisher": "OpenStreetMap contributors",
            "locator": "node/1361867450; tags.name, tags.sport",
            "retrievedAt": "2026-09-26T17:13:34.916Z",
            "sha256": "5823f93f2fb62fbc3bf3e118d0f924e376670dc1978240e22d9ef4e10e301e05",
            "snapshot": true,
            "licence": "ODbL 1.0",
            "reuse": "open_licence"
          }
        ],
        "extraction": {
          "method": "structured"
        },
        "reviewState": "candidate",
        "asOf": "2026-09-26T17:13:34.916Z"
      }
    },
    {
      "type": "Feature",
      "geometry": {
        "type": "Point",
        "coordinates": [
          13.8805918,
          52.5804871
        ]
      },
      "properties": {
        "id": "osm:node-13783805116",
        "version": "55759820157e59260bbdc49de3b692e32952aad797dce9ac9493f672b655b2d7",
        "cityId": "strausberg",
        "kind": "place",
        "category": "post_office",
        "title": "DHL",
        "statement": "DHL ist in OpenStreetMap als post_office eingetragen. Öffnungszeiten in OSM eingetragen; nicht unabhängig bestätigt.",
        "status": "OSM-Eintrag, nicht offiziell geprüft",
        "startDate": null,
        "endDate": null,
        "nextStep": "Aktuelle Angaben direkt beim Ort prüfen.",
        "unknowns": [
          "Aktueller Betrieb und tatsächliche Öffnungszeiten"
        ],
        "scale": "street",
        "geometryPrecision": "exact",
        "sources": [
          {
            "url": "https://www.openstreetmap.org/node/13783805116",
            "snapshotUrl": "https://gall.openstreetmap.de/api/interpreter",
            "title": "OpenStreetMap contributors",
            "publisher": "OpenStreetMap contributors",
            "locator": "node/13783805116; tags.name, tags.amenity",
            "retrievedAt": "2026-09-26T17:13:34.916Z",
            "sha256": "5823f93f2fb62fbc3bf3e118d0f924e376670dc1978240e22d9ef4e10e301e05",
            "snapshot": true,
            "licence": "ODbL 1.0",
            "reuse": "open_licence"
          }
        ],
        "extraction": {
          "method": "structured"
        },
        "reviewState": "candidate",
        "asOf": "2026-09-26T17:13:34.916Z"
      }
    },
    {
      "type": "Feature",
      "geometry": {
        "type": "Point",
        "coordinates": [
          13.8816884,
          52.5773317
        ]
      },
      "properties": {
        "id": "osm:node-13789549896",
        "version": "871a215b2bc06bf6935c3df49b4c0b7d88e62cad4a1d3b6e7679ab77c4011ddd",
        "cityId": "strausberg",
        "kind": "place",
        "category": "doctors",
        "title": "Marina Hebes - Fachärztin für Innere Medizin",
        "statement": "Marina Hebes - Fachärztin für Innere Medizin ist in OpenStreetMap als doctors eingetragen. Öffnungszeiten in OSM eingetragen; nicht unabhängig bestätigt.",
        "status": "OSM-Eintrag, nicht offiziell geprüft",
        "startDate": null,
        "endDate": null,
        "nextStep": "Aktuelle Angaben direkt beim Ort prüfen.",
        "unknowns": [
          "Aktueller Betrieb und tatsächliche Öffnungszeiten"
        ],
        "scale": "street",
        "geometryPrecision": "exact",
        "sources": [
          {
            "url": "https://www.openstreetmap.org/node/13789549896",
            "snapshotUrl": "https://gall.openstreetmap.de/api/interpreter",
            "title": "OpenStreetMap contributors",
            "publisher": "OpenStreetMap contributors",
            "locator": "node/13789549896; tags.name, tags.amenity",
            "retrievedAt": "2026-09-26T17:13:34.916Z",
            "sha256": "5823f93f2fb62fbc3bf3e118d0f924e376670dc1978240e22d9ef4e10e301e05",
            "snapshot": true,
            "licence": "ODbL 1.0",
            "reuse": "open_licence"
          }
        ],
        "extraction": {
          "method": "structured"
        },
        "reviewState": "candidate",
        "asOf": "2026-09-26T17:13:34.916Z"
      }
    },
    {
      "type": "Feature",
      "geometry": {
        "type": "Point",
        "coordinates": [
          13.8816865,
          52.5773089
        ]
      },
      "properties": {
        "id": "osm:node-13789668887",
        "version": "5c299928cd7c2a165f3061c1fee8b6a220f2b67fda12c312d0a4401e7b88b18d",
        "cityId": "strausberg",
        "kind": "place",
        "category": "doctors",
        "title": "Kardiologie am Landsberger Tor",
        "statement": "Kardiologie am Landsberger Tor ist in OpenStreetMap als doctors eingetragen. Öffnungszeiten in OSM eingetragen; nicht unabhängig bestätigt.",
        "status": "OSM-Eintrag, nicht offiziell geprüft",
        "startDate": null,
        "endDate": null,
        "nextStep": "Aktuelle Angaben direkt beim Ort prüfen.",
        "unknowns": [
          "Aktueller Betrieb und tatsächliche Öffnungszeiten"
        ],
        "scale": "street",
        "geometryPrecision": "exact",
        "sources": [
          {
            "url": "https://www.openstreetmap.org/node/13789668887",
            "snapshotUrl": "https://gall.openstreetmap.de/api/interpreter",
            "title": "OpenStreetMap contributors",
            "publisher": "OpenStreetMap contributors",
            "locator": "node/13789668887; tags.name, tags.amenity",
            "retrievedAt": "2026-09-26T17:13:34.916Z",
            "sha256": "5823f93f2fb62fbc3bf3e118d0f924e376670dc1978240e22d9ef4e10e301e05",
            "snapshot": true,
            "licence": "ODbL 1.0",
            "reuse": "open_licence"
          }
        ],
        "extraction": {
          "method": "structured"
        },
        "reviewState": "candidate",
        "asOf": "2026-09-26T17:13:34.916Z"
      }
    },
    {
      "type": "Feature",
      "geometry": {
        "type": "Point",
        "coordinates": [
          13.8709727,
          52.5578867
        ]
      },
      "properties": {
        "id": "osm:node-13789668888",
        "version": "ab9126173ae4b4b162c720b2708b625b3a0b106cb52aed38339a76afbf3e715a",
        "cityId": "strausberg",
        "kind": "place",
        "category": "supermarket",
        "title": "Netto Marken-Discount",
        "statement": "Netto Marken-Discount ist in OpenStreetMap als supermarket eingetragen. Öffnungszeiten in OSM eingetragen; nicht unabhängig bestätigt.",
        "status": "OSM-Eintrag, nicht offiziell geprüft",
        "startDate": null,
        "endDate": null,
        "nextStep": "Aktuelle Angaben direkt beim Ort prüfen.",
        "unknowns": [
          "Aktueller Betrieb und tatsächliche Öffnungszeiten"
        ],
        "scale": "street",
        "geometryPrecision": "exact",
        "sources": [
          {
            "url": "https://www.openstreetmap.org/node/13789668888",
            "snapshotUrl": "https://gall.openstreetmap.de/api/interpreter",
            "title": "OpenStreetMap contributors",
            "publisher": "OpenStreetMap contributors",
            "locator": "node/13789668888; tags.name, tags.shop",
            "retrievedAt": "2026-09-26T17:13:34.916Z",
            "sha256": "5823f93f2fb62fbc3bf3e118d0f924e376670dc1978240e22d9ef4e10e301e05",
            "snapshot": true,
            "licence": "ODbL 1.0",
            "reuse": "open_licence"
          }
        ],
        "extraction": {
          "method": "structured"
        },
        "reviewState": "candidate",
        "asOf": "2026-09-26T17:13:34.916Z"
      }
    },
    {
      "type": "Feature",
      "geometry": {
        "type": "Point",
        "coordinates": [
          13.895585,
          52.553841
        ]
      },
      "properties": {
        "id": "osm:node-1414755949",
        "version": "8ddb05321474841b999846a0890d493a21098daedd9b3d0c60e8afad4c8d7732",
        "cityId": "strausberg",
        "kind": "place",
        "category": "fishing",
        "title": "Baggerteiche im Fasanenpark Strausberg",
        "statement": "Baggerteiche im Fasanenpark Strausberg ist in OpenStreetMap als fishing eingetragen. Betrieb und Öffnungszeiten nicht geprüft.",
        "status": "OSM-Eintrag, nicht offiziell geprüft",
        "startDate": null,
        "endDate": null,
        "nextStep": "Aktuelle Angaben direkt beim Ort prüfen.",
        "unknowns": [
          "Aktueller Betrieb und tatsächliche Öffnungszeiten"
        ],
        "scale": "street",
        "geometryPrecision": "exact",
        "sources": [
          {
            "url": "https://www.openstreetmap.org/node/1414755949",
            "snapshotUrl": "https://gall.openstreetmap.de/api/interpreter",
            "title": "OpenStreetMap contributors",
            "publisher": "OpenStreetMap contributors",
            "locator": "node/1414755949; tags.name, tags.sport",
            "retrievedAt": "2026-09-26T17:13:34.916Z",
            "sha256": "5823f93f2fb62fbc3bf3e118d0f924e376670dc1978240e22d9ef4e10e301e05",
            "snapshot": true,
            "licence": "ODbL 1.0",
            "reuse": "open_licence"
          }
        ],
        "extraction": {
          "method": "structured"
        },
        "reviewState": "candidate",
        "asOf": "2026-09-26T17:13:34.916Z"
      }
    },
    {
      "type": "Feature",
      "geometry": {
        "type": "Point",
        "coordinates": [
          13.8972676,
          52.5820422
        ]
      },
      "properties": {
        "id": "osm:node-1526958171",
        "version": "1e41086e108111677e3e9e11aa9fbf1c424ea856e178979bfc969677ebfe8af8",
        "cityId": "strausberg",
        "kind": "place",
        "category": "school",
        "title": "Strausberger Bildungs- und Sozialwerk e.V.",
        "statement": "Strausberger Bildungs- und Sozialwerk e.V. ist in OpenStreetMap als school eingetragen. Betrieb und Öffnungszeiten nicht geprüft.",
        "status": "OSM-Eintrag, nicht offiziell geprüft",
        "startDate": null,
        "endDate": null,
        "nextStep": "Aktuelle Angaben direkt beim Ort prüfen.",
        "unknowns": [
          "Aktueller Betrieb und tatsächliche Öffnungszeiten"
        ],
        "scale": "street",
        "geometryPrecision": "exact",
        "sources": [
          {
            "url": "https://www.openstreetmap.org/node/1526958171",
            "snapshotUrl": "https://gall.openstreetmap.de/api/interpreter",
            "title": "OpenStreetMap contributors",
            "publisher": "OpenStreetMap contributors",
            "locator": "node/1526958171; tags.name, tags.amenity",
            "retrievedAt": "2026-09-26T17:13:34.916Z",
            "sha256": "5823f93f2fb62fbc3bf3e118d0f924e376670dc1978240e22d9ef4e10e301e05",
            "snapshot": true,
            "licence": "ODbL 1.0",
            "reuse": "open_licence"
          }
        ],
        "extraction": {
          "method": "structured"
        },
        "reviewState": "candidate",
        "asOf": "2026-09-26T17:13:34.916Z"
      }
    },
    {
      "type": "Feature",
      "geometry": {
        "type": "Point",
        "coordinates": [
          13.8595905,
          52.5481974
        ]
      },
      "properties": {
        "id": "osm:node-1631758479",
        "version": "a18e91e3684f93edbd629f2a05e4c6da0bfd1a997583d7632d3532e715fbb130",
        "cityId": "strausberg",
        "kind": "place",
        "category": "police",
        "title": "Strausberg, Polizeiinspektion Märkisch-Oderland",
        "statement": "Strausberg, Polizeiinspektion Märkisch-Oderland ist in OpenStreetMap als police eingetragen. Betrieb und Öffnungszeiten nicht geprüft.",
        "status": "OSM-Eintrag, nicht offiziell geprüft",
        "startDate": null,
        "endDate": null,
        "nextStep": "Aktuelle Angaben direkt beim Ort prüfen.",
        "unknowns": [
          "Aktueller Betrieb und tatsächliche Öffnungszeiten"
        ],
        "scale": "street",
        "geometryPrecision": "exact",
        "sources": [
          {
            "url": "https://www.openstreetmap.org/node/1631758479",
            "snapshotUrl": "https://gall.openstreetmap.de/api/interpreter",
            "title": "OpenStreetMap contributors",
            "publisher": "OpenStreetMap contributors",
            "locator": "node/1631758479; tags.name, tags.amenity",
            "retrievedAt": "2026-09-26T17:13:34.916Z",
            "sha256": "5823f93f2fb62fbc3bf3e118d0f924e376670dc1978240e22d9ef4e10e301e05",
            "snapshot": true,
            "licence": "ODbL 1.0",
            "reuse": "open_licence"
          }
        ],
        "extraction": {
          "method": "structured"
        },
        "reviewState": "candidate",
        "asOf": "2026-09-26T17:13:34.916Z"
      }
    },
    {
      "type": "Feature",
      "geometry": {
        "type": "Point",
        "coordinates": [
          13.8823131,
          52.5752171
        ]
      },
      "properties": {
        "id": "osm:node-1631758488",
        "version": "3f676a4f28706e7f3c83391ad9906e3d742a2a74146c1dfe098fe783c124e411",
        "cityId": "strausberg",
        "kind": "place",
        "category": "library",
        "title": "Heinrich-Mann-Bibliothek Strausberg",
        "statement": "Heinrich-Mann-Bibliothek Strausberg ist in OpenStreetMap als library eingetragen. Öffnungszeiten in OSM eingetragen; nicht unabhängig bestätigt.",
        "status": "OSM-Eintrag, nicht offiziell geprüft",
        "startDate": null,
        "endDate": null,
        "nextStep": "Aktuelle Angaben direkt beim Ort prüfen.",
        "unknowns": [
          "Aktueller Betrieb und tatsächliche Öffnungszeiten"
        ],
        "scale": "street",
        "geometryPrecision": "exact",
        "sources": [
          {
            "url": "https://www.openstreetmap.org/node/1631758488",
            "snapshotUrl": "https://gall.openstreetmap.de/api/interpreter",
            "title": "OpenStreetMap contributors",
            "publisher": "OpenStreetMap contributors",
            "locator": "node/1631758488; tags.name, tags.amenity",
            "retrievedAt": "2026-09-26T17:13:34.916Z",
            "sha256": "5823f93f2fb62fbc3bf3e118d0f924e376670dc1978240e22d9ef4e10e301e05",
            "snapshot": true,
            "licence": "ODbL 1.0",
            "reuse": "open_licence"
          }
        ],
        "extraction": {
          "method": "structured"
        },
        "reviewState": "candidate",
        "asOf": "2026-09-26T17:13:34.916Z"
      }
    },
    {
      "type": "Feature",
      "geometry": {
        "type": "Point",
        "coordinates": [
          13.8449774,
          52.5306062
        ]
      },
      "properties": {
        "id": "osm:node-1758630727",
        "version": "c40668f45e9a77414172d0b829948978d28eabcf7d8d080e63a3b513842dbeda",
        "cityId": "strausberg",
        "kind": "place",
        "category": "school",
        "title": "Montessori Oberschule Strausberg",
        "statement": "Montessori Oberschule Strausberg ist in OpenStreetMap als school eingetragen. Betrieb und Öffnungszeiten nicht geprüft.",
        "status": "OSM-Eintrag, nicht offiziell geprüft",
        "startDate": null,
        "endDate": null,
        "nextStep": "Aktuelle Angaben direkt beim Ort prüfen.",
        "unknowns": [
          "Aktueller Betrieb und tatsächliche Öffnungszeiten"
        ],
        "scale": "street",
        "geometryPrecision": "exact",
        "sources": [
          {
            "url": "https://www.openstreetmap.org/node/1758630727",
            "snapshotUrl": "https://gall.openstreetmap.de/api/interpreter",
            "title": "OpenStreetMap contributors",
            "publisher": "OpenStreetMap contributors",
            "locator": "node/1758630727; tags.name, tags.amenity",
            "retrievedAt": "2026-09-26T17:13:34.916Z",
            "sha256": "5823f93f2fb62fbc3bf3e118d0f924e376670dc1978240e22d9ef4e10e301e05",
            "snapshot": true,
            "licence": "ODbL 1.0",
            "reuse": "open_licence"
          }
        ],
        "extraction": {
          "method": "structured"
        },
        "reviewState": "candidate",
        "asOf": "2026-09-26T17:13:34.916Z"
      }
    },
    {
      "type": "Feature",
      "geometry": {
        "type": "Point",
        "coordinates": [
          13.8817844,
          52.5774795
        ]
      },
      "properties": {
        "id": "osm:node-3097198624",
        "version": "307f19db4ec3bed72a5af1ea0773ff103add62b06b549ea6ec569822572033cf",
        "cityId": "strausberg",
        "kind": "place",
        "category": "supermarket",
        "title": "nah und gut",
        "statement": "nah und gut ist in OpenStreetMap als supermarket eingetragen. Öffnungszeiten in OSM eingetragen; nicht unabhängig bestätigt.",
        "status": "OSM-Eintrag, nicht offiziell geprüft",
        "startDate": null,
        "endDate": null,
        "nextStep": "Aktuelle Angaben direkt beim Ort prüfen.",
        "unknowns": [
          "Aktueller Betrieb und tatsächliche Öffnungszeiten"
        ],
        "scale": "street",
        "geometryPrecision": "exact",
        "sources": [
          {
            "url": "https://www.openstreetmap.org/node/3097198624",
            "snapshotUrl": "https://gall.openstreetmap.de/api/interpreter",
            "title": "OpenStreetMap contributors",
            "publisher": "OpenStreetMap contributors",
            "locator": "node/3097198624; tags.name, tags.shop",
            "retrievedAt": "2026-09-26T17:13:34.916Z",
            "sha256": "5823f93f2fb62fbc3bf3e118d0f924e376670dc1978240e22d9ef4e10e301e05",
            "snapshot": true,
            "licence": "ODbL 1.0",
            "reuse": "open_licence"
          }
        ],
        "extraction": {
          "method": "structured"
        },
        "reviewState": "candidate",
        "asOf": "2026-09-26T17:13:34.916Z"
      }
    },
    {
      "type": "Feature",
      "geometry": {
        "type": "Point",
        "coordinates": [
          13.9017317,
          52.5894731
        ]
      },
      "properties": {
        "id": "osm:node-3356203011",
        "version": "5ade2641ae3ea6b3949a512b4148fff3b8f07d850de41d59289d80bcb46cd979",
        "cityId": "strausberg",
        "kind": "place",
        "category": "pharmacy",
        "title": "Apotheke am Krankenhaus",
        "statement": "Apotheke am Krankenhaus ist in OpenStreetMap als pharmacy eingetragen. Öffnungszeiten in OSM eingetragen; nicht unabhängig bestätigt.",
        "status": "OSM-Eintrag, nicht offiziell geprüft",
        "startDate": null,
        "endDate": null,
        "nextStep": "Aktuelle Angaben direkt beim Ort prüfen.",
        "unknowns": [
          "Aktueller Betrieb und tatsächliche Öffnungszeiten"
        ],
        "scale": "street",
        "geometryPrecision": "exact",
        "sources": [
          {
            "url": "https://www.openstreetmap.org/node/3356203011",
            "snapshotUrl": "https://gall.openstreetmap.de/api/interpreter",
            "title": "OpenStreetMap contributors",
            "publisher": "OpenStreetMap contributors",
            "locator": "node/3356203011; tags.name, tags.amenity",
            "retrievedAt": "2026-09-26T17:13:34.916Z",
            "sha256": "5823f93f2fb62fbc3bf3e118d0f924e376670dc1978240e22d9ef4e10e301e05",
            "snapshot": true,
            "licence": "ODbL 1.0",
            "reuse": "open_licence"
          }
        ],
        "extraction": {
          "method": "structured"
        },
        "reviewState": "candidate",
        "asOf": "2026-09-26T17:13:34.916Z"
      }
    },
    {
      "type": "Feature",
      "geometry": {
        "type": "Point",
        "coordinates": [
          13.9203397,
          52.594147
        ]
      },
      "properties": {
        "id": "osm:node-3356233815",
        "version": "ff44787d2b92260a7ca44790a76aed9a270cc9c24879f8b4919b16ef14ddc853",
        "cityId": "strausberg",
        "kind": "place",
        "category": "pharmacy",
        "title": "Kreuz-Apotheke",
        "statement": "Kreuz-Apotheke ist in OpenStreetMap als pharmacy eingetragen. Öffnungszeiten in OSM eingetragen; nicht unabhängig bestätigt.",
        "status": "OSM-Eintrag, nicht offiziell geprüft",
        "startDate": null,
        "endDate": null,
        "nextStep": "Aktuelle Angaben direkt beim Ort prüfen.",
        "unknowns": [
          "Aktueller Betrieb und tatsächliche Öffnungszeiten"
        ],
        "scale": "street",
        "geometryPrecision": "exact",
        "sources": [
          {
            "url": "https://www.openstreetmap.org/node/3356233815",
            "snapshotUrl": "https://gall.openstreetmap.de/api/interpreter",
            "title": "OpenStreetMap contributors",
            "publisher": "OpenStreetMap contributors",
            "locator": "node/3356233815; tags.name, tags.amenity",
            "retrievedAt": "2026-09-26T17:13:34.916Z",
            "sha256": "5823f93f2fb62fbc3bf3e118d0f924e376670dc1978240e22d9ef4e10e301e05",
            "snapshot": true,
            "licence": "ODbL 1.0",
            "reuse": "open_licence"
          }
        ],
        "extraction": {
          "method": "structured"
        },
        "reviewState": "candidate",
        "asOf": "2026-09-26T17:13:34.916Z"
      }
    },
    {
      "type": "Feature",
      "geometry": {
        "type": "Point",
        "coordinates": [
          13.8644187,
          52.5490211
        ]
      },
      "properties": {
        "id": "osm:node-3356271244",
        "version": "f2989ba966aa6508e1cc2c235d5f5259d375a3b9dc2b087cf06a297a72f7d136",
        "cityId": "strausberg",
        "kind": "place",
        "category": "pharmacy",
        "title": "Annatal-Apotheke",
        "statement": "Annatal-Apotheke ist in OpenStreetMap als pharmacy eingetragen. Öffnungszeiten in OSM eingetragen; nicht unabhängig bestätigt.",
        "status": "OSM-Eintrag, nicht offiziell geprüft",
        "startDate": null,
        "endDate": null,
        "nextStep": "Aktuelle Angaben direkt beim Ort prüfen.",
        "unknowns": [
          "Aktueller Betrieb und tatsächliche Öffnungszeiten"
        ],
        "scale": "street",
        "geometryPrecision": "exact",
        "sources": [
          {
            "url": "https://www.openstreetmap.org/node/3356271244",
            "snapshotUrl": "https://gall.openstreetmap.de/api/interpreter",
            "title": "OpenStreetMap contributors",
            "publisher": "OpenStreetMap contributors",
            "locator": "node/3356271244; tags.name, tags.amenity",
            "retrievedAt": "2026-09-26T17:13:34.916Z",
            "sha256": "5823f93f2fb62fbc3bf3e118d0f924e376670dc1978240e22d9ef4e10e301e05",
            "snapshot": true,
            "licence": "ODbL 1.0",
            "reuse": "open_licence"
          }
        ],
        "extraction": {
          "method": "structured"
        },
        "reviewState": "candidate",
        "asOf": "2026-09-26T17:13:34.916Z"
      }
    },
    {
      "type": "Feature",
      "geometry": {
        "type": "Point",
        "coordinates": [
          13.8694261,
          52.5572152
        ]
      },
      "properties": {
        "id": "osm:node-3356282566",
        "version": "62d4c023f2b66c3928005fe001151f9f5ba5072d89f1da6afa7f32a0d54ad2e9",
        "cityId": "strausberg",
        "kind": "place",
        "category": "pharmacy",
        "title": "Schlüssel-Apotheke",
        "statement": "Schlüssel-Apotheke ist in OpenStreetMap als pharmacy eingetragen. Öffnungszeiten in OSM eingetragen; nicht unabhängig bestätigt.",
        "status": "OSM-Eintrag, nicht offiziell geprüft",
        "startDate": null,
        "endDate": null,
        "nextStep": "Aktuelle Angaben direkt beim Ort prüfen.",
        "unknowns": [
          "Aktueller Betrieb und tatsächliche Öffnungszeiten"
        ],
        "scale": "street",
        "geometryPrecision": "exact",
        "sources": [
          {
            "url": "https://www.openstreetmap.org/node/3356282566",
            "snapshotUrl": "https://gall.openstreetmap.de/api/interpreter",
            "title": "OpenStreetMap contributors",
            "publisher": "OpenStreetMap contributors",
            "locator": "node/3356282566; tags.name, tags.amenity",
            "retrievedAt": "2026-09-26T17:13:34.916Z",
            "sha256": "5823f93f2fb62fbc3bf3e118d0f924e376670dc1978240e22d9ef4e10e301e05",
            "snapshot": true,
            "licence": "ODbL 1.0",
            "reuse": "open_licence"
          }
        ],
        "extraction": {
          "method": "structured"
        },
        "reviewState": "candidate",
        "asOf": "2026-09-26T17:13:34.916Z"
      }
    },
    {
      "type": "Feature",
      "geometry": {
        "type": "Point",
        "coordinates": [
          13.8816939,
          52.5773579
        ]
      },
      "properties": {
        "id": "osm:node-3356307596",
        "version": "1836d6319aef1a194b227dd6f4da0433a13a60f0f11db5d4dc4cd9298fc4e29c",
        "cityId": "strausberg",
        "kind": "place",
        "category": "pharmacy",
        "title": "Apotheke am Landsberger Tor",
        "statement": "Apotheke am Landsberger Tor ist in OpenStreetMap als pharmacy eingetragen. Öffnungszeiten in OSM eingetragen; nicht unabhängig bestätigt.",
        "status": "OSM-Eintrag, nicht offiziell geprüft",
        "startDate": null,
        "endDate": null,
        "nextStep": "Aktuelle Angaben direkt beim Ort prüfen.",
        "unknowns": [
          "Aktueller Betrieb und tatsächliche Öffnungszeiten"
        ],
        "scale": "street",
        "geometryPrecision": "exact",
        "sources": [
          {
            "url": "https://www.openstreetmap.org/node/3356307596",
            "snapshotUrl": "https://gall.openstreetmap.de/api/interpreter",
            "title": "OpenStreetMap contributors",
            "publisher": "OpenStreetMap contributors",
            "locator": "node/3356307596; tags.name, tags.amenity",
            "retrievedAt": "2026-09-26T17:13:34.916Z",
            "sha256": "5823f93f2fb62fbc3bf3e118d0f924e376670dc1978240e22d9ef4e10e301e05",
            "snapshot": true,
            "licence": "ODbL 1.0",
            "reuse": "open_licence"
          }
        ],
        "extraction": {
          "method": "structured"
        },
        "reviewState": "candidate",
        "asOf": "2026-09-26T17:13:34.916Z"
      }
    },
    {
      "type": "Feature",
      "geometry": {
        "type": "Point",
        "coordinates": [
          13.8814138,
          52.5804545
        ]
      },
      "properties": {
        "id": "osm:node-3356319924",
        "version": "32b8d380d82878a71d481b366204a7e21b0541df268b377564855abd81bc8701",
        "cityId": "strausberg",
        "kind": "place",
        "category": "pharmacy",
        "title": "Stadt-Apotheke",
        "statement": "Stadt-Apotheke ist in OpenStreetMap als pharmacy eingetragen. Öffnungszeiten in OSM eingetragen; nicht unabhängig bestätigt.",
        "status": "OSM-Eintrag, nicht offiziell geprüft",
        "startDate": null,
        "endDate": null,
        "nextStep": "Aktuelle Angaben direkt beim Ort prüfen.",
        "unknowns": [
          "Aktueller Betrieb und tatsächliche Öffnungszeiten"
        ],
        "scale": "street",
        "geometryPrecision": "exact",
        "sources": [
          {
            "url": "https://www.openstreetmap.org/node/3356319924",
            "snapshotUrl": "https://gall.openstreetmap.de/api/interpreter",
            "title": "OpenStreetMap contributors",
            "publisher": "OpenStreetMap contributors",
            "locator": "node/3356319924; tags.name, tags.amenity",
            "retrievedAt": "2026-09-26T17:13:34.916Z",
            "sha256": "5823f93f2fb62fbc3bf3e118d0f924e376670dc1978240e22d9ef4e10e301e05",
            "snapshot": true,
            "licence": "ODbL 1.0",
            "reuse": "open_licence"
          }
        ],
        "extraction": {
          "method": "structured"
        },
        "reviewState": "candidate",
        "asOf": "2026-09-26T17:13:34.916Z"
      }
    },
    {
      "type": "Feature",
      "geometry": {
        "type": "Point",
        "coordinates": [
          13.8967512,
          52.5739067
        ]
      },
      "properties": {
        "id": "osm:node-3356323435",
        "version": "591de804656d29a4d316fe7bbd55bb391908470cc2f9198cd72ec872665bb00c",
        "cityId": "strausberg",
        "kind": "place",
        "category": "pharmacy",
        "title": "Askanische Apotheke",
        "statement": "Askanische Apotheke ist in OpenStreetMap als pharmacy eingetragen. Öffnungszeiten in OSM eingetragen; nicht unabhängig bestätigt.",
        "status": "OSM-Eintrag, nicht offiziell geprüft",
        "startDate": null,
        "endDate": null,
        "nextStep": "Aktuelle Angaben direkt beim Ort prüfen.",
        "unknowns": [
          "Aktueller Betrieb und tatsächliche Öffnungszeiten"
        ],
        "scale": "street",
        "geometryPrecision": "exact",
        "sources": [
          {
            "url": "https://www.openstreetmap.org/node/3356323435",
            "snapshotUrl": "https://gall.openstreetmap.de/api/interpreter",
            "title": "OpenStreetMap contributors",
            "publisher": "OpenStreetMap contributors",
            "locator": "node/3356323435; tags.name, tags.amenity",
            "retrievedAt": "2026-09-26T17:13:34.916Z",
            "sha256": "5823f93f2fb62fbc3bf3e118d0f924e376670dc1978240e22d9ef4e10e301e05",
            "snapshot": true,
            "licence": "ODbL 1.0",
            "reuse": "open_licence"
          }
        ],
        "extraction": {
          "method": "structured"
        },
        "reviewState": "candidate",
        "asOf": "2026-09-26T17:13:34.916Z"
      }
    },
    {
      "type": "Feature",
      "geometry": {
        "type": "Point",
        "coordinates": [
          13.8335506,
          52.5360609
        ]
      },
      "properties": {
        "id": "osm:node-3356345545",
        "version": "d0c2d043c08d148faa14d01108ce0e81bd2025fcc988eeec7b8d711dad870c7d",
        "cityId": "strausberg",
        "kind": "place",
        "category": "pharmacy",
        "title": "Märkische Apotheke",
        "statement": "Märkische Apotheke ist in OpenStreetMap als pharmacy eingetragen. Öffnungszeiten in OSM eingetragen; nicht unabhängig bestätigt.",
        "status": "OSM-Eintrag, nicht offiziell geprüft",
        "startDate": null,
        "endDate": null,
        "nextStep": "Aktuelle Angaben direkt beim Ort prüfen.",
        "unknowns": [
          "Aktueller Betrieb und tatsächliche Öffnungszeiten"
        ],
        "scale": "street",
        "geometryPrecision": "exact",
        "sources": [
          {
            "url": "https://www.openstreetmap.org/node/3356345545",
            "snapshotUrl": "https://gall.openstreetmap.de/api/interpreter",
            "title": "OpenStreetMap contributors",
            "publisher": "OpenStreetMap contributors",
            "locator": "node/3356345545; tags.name, tags.amenity",
            "retrievedAt": "2026-09-26T17:13:34.916Z",
            "sha256": "5823f93f2fb62fbc3bf3e118d0f924e376670dc1978240e22d9ef4e10e301e05",
            "snapshot": true,
            "licence": "ODbL 1.0",
            "reuse": "open_licence"
          }
        ],
        "extraction": {
          "method": "structured"
        },
        "reviewState": "candidate",
        "asOf": "2026-09-26T17:13:34.916Z"
      }
    },
    {
      "type": "Feature",
      "geometry": {
        "type": "Point",
        "coordinates": [
          13.8942418,
          52.5874291
        ]
      },
      "properties": {
        "id": "osm:node-4136344102",
        "version": "02b488958322587cc7fccafaa9d2e3055ff64ef2bad837e787a3eba5ec4859de",
        "cityId": "strausberg",
        "kind": "place",
        "category": "pharmacy",
        "title": "Nord-Apotheke",
        "statement": "Nord-Apotheke ist in OpenStreetMap als pharmacy eingetragen. Öffnungszeiten in OSM eingetragen; nicht unabhängig bestätigt.",
        "status": "OSM-Eintrag, nicht offiziell geprüft",
        "startDate": null,
        "endDate": null,
        "nextStep": "Aktuelle Angaben direkt beim Ort prüfen.",
        "unknowns": [
          "Aktueller Betrieb und tatsächliche Öffnungszeiten"
        ],
        "scale": "street",
        "geometryPrecision": "exact",
        "sources": [
          {
            "url": "https://www.openstreetmap.org/node/4136344102",
            "snapshotUrl": "https://gall.openstreetmap.de/api/interpreter",
            "title": "OpenStreetMap contributors",
            "publisher": "OpenStreetMap contributors",
            "locator": "node/4136344102; tags.name, tags.amenity",
            "retrievedAt": "2026-09-26T17:13:34.916Z",
            "sha256": "5823f93f2fb62fbc3bf3e118d0f924e376670dc1978240e22d9ef4e10e301e05",
            "snapshot": true,
            "licence": "ODbL 1.0",
            "reuse": "open_licence"
          }
        ],
        "extraction": {
          "method": "structured"
        },
        "reviewState": "candidate",
        "asOf": "2026-09-26T17:13:34.916Z"
      }
    },
    {
      "type": "Feature",
      "geometry": {
        "type": "Point",
        "coordinates": [
          13.8354621,
          52.5325604
        ]
      },
      "properties": {
        "id": "osm:node-4711678818",
        "version": "f339183836a85002f759754d18a18d13107aac191a3a5537f941c44652dd9ea1",
        "cityId": "strausberg",
        "kind": "place",
        "category": "bakery",
        "title": "Hennig",
        "statement": "Hennig ist in OpenStreetMap als bakery eingetragen. Öffnungszeiten in OSM eingetragen; nicht unabhängig bestätigt.",
        "status": "OSM-Eintrag, nicht offiziell geprüft",
        "startDate": null,
        "endDate": null,
        "nextStep": "Aktuelle Angaben direkt beim Ort prüfen.",
        "unknowns": [
          "Aktueller Betrieb und tatsächliche Öffnungszeiten"
        ],
        "scale": "street",
        "geometryPrecision": "exact",
        "sources": [
          {
            "url": "https://www.openstreetmap.org/node/4711678818",
            "snapshotUrl": "https://gall.openstreetmap.de/api/interpreter",
            "title": "OpenStreetMap contributors",
            "publisher": "OpenStreetMap contributors",
            "locator": "node/4711678818; tags.name, tags.shop",
            "retrievedAt": "2026-09-26T17:13:34.916Z",
            "sha256": "5823f93f2fb62fbc3bf3e118d0f924e376670dc1978240e22d9ef4e10e301e05",
            "snapshot": true,
            "licence": "ODbL 1.0",
            "reuse": "open_licence"
          }
        ],
        "extraction": {
          "method": "structured"
        },
        "reviewState": "candidate",
        "asOf": "2026-09-26T17:13:34.916Z"
      }
    },
    {
      "type": "Feature",
      "geometry": {
        "type": "Point",
        "coordinates": [
          13.8910853,
          52.5830412
        ]
      },
      "properties": {
        "id": "osm:node-473066616",
        "version": "01507295ab2a90e0d6fc29ce895587b5261c289918d09fbf6fc10b816e288547",
        "cityId": "strausberg",
        "kind": "place",
        "category": "community_centre",
        "title": "Nordheimtreff, Bürgerbund \"Nordheim 91\" e.V.",
        "statement": "Nordheimtreff, Bürgerbund \"Nordheim 91\" e.V. ist in OpenStreetMap als community_centre eingetragen. Öffnungszeiten in OSM eingetragen; nicht unabhängig bestätigt.",
        "status": "OSM-Eintrag, nicht offiziell geprüft",
        "startDate": null,
        "endDate": null,
        "nextStep": "Aktuelle Angaben direkt beim Ort prüfen.",
        "unknowns": [
          "Aktueller Betrieb und tatsächliche Öffnungszeiten"
        ],
        "scale": "street",
        "geometryPrecision": "exact",
        "sources": [
          {
            "url": "https://www.openstreetmap.org/node/473066616",
            "snapshotUrl": "https://gall.openstreetmap.de/api/interpreter",
            "title": "OpenStreetMap contributors",
            "publisher": "OpenStreetMap contributors",
            "locator": "node/473066616; tags.name, tags.amenity",
            "retrievedAt": "2026-09-26T17:13:34.916Z",
            "sha256": "5823f93f2fb62fbc3bf3e118d0f924e376670dc1978240e22d9ef4e10e301e05",
            "snapshot": true,
            "licence": "ODbL 1.0",
            "reuse": "open_licence"
          }
        ],
        "extraction": {
          "method": "structured"
        },
        "reviewState": "candidate",
        "asOf": "2026-09-26T17:13:34.916Z"
      }
    },
    {
      "type": "Feature",
      "geometry": {
        "type": "Point",
        "coordinates": [
          13.8413603,
          52.5307874
        ]
      },
      "properties": {
        "id": "osm:node-4829730321",
        "version": "c57431058459068e2bdc54d7ad332d39f92806a000bed0c8d2ccef15f5a73c71",
        "cityId": "strausberg",
        "kind": "place",
        "category": "community_centre",
        "title": "Rolling Wheels MC Strausberg",
        "statement": "Rolling Wheels MC Strausberg ist in OpenStreetMap als community_centre eingetragen. Betrieb und Öffnungszeiten nicht geprüft.",
        "status": "OSM-Eintrag, nicht offiziell geprüft",
        "startDate": null,
        "endDate": null,
        "nextStep": "Aktuelle Angaben direkt beim Ort prüfen.",
        "unknowns": [
          "Aktueller Betrieb und tatsächliche Öffnungszeiten"
        ],
        "scale": "street",
        "geometryPrecision": "exact",
        "sources": [
          {
            "url": "https://www.openstreetmap.org/node/4829730321",
            "snapshotUrl": "https://gall.openstreetmap.de/api/interpreter",
            "title": "OpenStreetMap contributors",
            "publisher": "OpenStreetMap contributors",
            "locator": "node/4829730321; tags.name, tags.amenity",
            "retrievedAt": "2026-09-26T17:13:34.916Z",
            "sha256": "5823f93f2fb62fbc3bf3e118d0f924e376670dc1978240e22d9ef4e10e301e05",
            "snapshot": true,
            "licence": "ODbL 1.0",
            "reuse": "open_licence"
          }
        ],
        "extraction": {
          "method": "structured"
        },
        "reviewState": "candidate",
        "asOf": "2026-09-26T17:13:34.916Z"
      }
    },
    {
      "type": "Feature",
      "geometry": {
        "type": "Point",
        "coordinates": [
          13.8818801,
          52.5818866
        ]
      },
      "properties": {
        "id": "osm:node-4930249124",
        "version": "404276d80e4517788643cb20bec4fb84aef9abcbe0b331d296258252f2d222fa",
        "cityId": "strausberg",
        "kind": "place",
        "category": "clinic",
        "title": "Psychiatrische Institutsambulanz (PIA)",
        "statement": "Psychiatrische Institutsambulanz (PIA) ist in OpenStreetMap als clinic eingetragen. Öffnungszeiten in OSM eingetragen; nicht unabhängig bestätigt.",
        "status": "OSM-Eintrag, nicht offiziell geprüft",
        "startDate": null,
        "endDate": null,
        "nextStep": "Aktuelle Angaben direkt beim Ort prüfen.",
        "unknowns": [
          "Aktueller Betrieb und tatsächliche Öffnungszeiten"
        ],
        "scale": "street",
        "geometryPrecision": "exact",
        "sources": [
          {
            "url": "https://www.openstreetmap.org/node/4930249124",
            "snapshotUrl": "https://gall.openstreetmap.de/api/interpreter",
            "title": "OpenStreetMap contributors",
            "publisher": "OpenStreetMap contributors",
            "locator": "node/4930249124; tags.name, tags.amenity",
            "retrievedAt": "2026-09-26T17:13:34.916Z",
            "sha256": "5823f93f2fb62fbc3bf3e118d0f924e376670dc1978240e22d9ef4e10e301e05",
            "snapshot": true,
            "licence": "ODbL 1.0",
            "reuse": "open_licence"
          }
        ],
        "extraction": {
          "method": "structured"
        },
        "reviewState": "candidate",
        "asOf": "2026-09-26T17:13:34.916Z"
      }
    },
    {
      "type": "Feature",
      "geometry": {
        "type": "Point",
        "coordinates": [
          13.8824719,
          52.5758817
        ]
      },
      "properties": {
        "id": "osm:node-4935956637",
        "version": "72a2d653e93001769765d9c604cd04be9ecb4d4b5c3ad585ea329da3f5a5fc2c",
        "cityId": "strausberg",
        "kind": "place",
        "category": "doctors",
        "title": "Augenarzt Dipl.-Med. Mohammed Bittar",
        "statement": "Augenarzt Dipl.-Med. Mohammed Bittar ist in OpenStreetMap als doctors eingetragen. Betrieb und Öffnungszeiten nicht geprüft.",
        "status": "OSM-Eintrag, nicht offiziell geprüft",
        "startDate": null,
        "endDate": null,
        "nextStep": "Aktuelle Angaben direkt beim Ort prüfen.",
        "unknowns": [
          "Aktueller Betrieb und tatsächliche Öffnungszeiten"
        ],
        "scale": "street",
        "geometryPrecision": "exact",
        "sources": [
          {
            "url": "https://www.openstreetmap.org/node/4935956637",
            "snapshotUrl": "https://gall.openstreetmap.de/api/interpreter",
            "title": "OpenStreetMap contributors",
            "publisher": "OpenStreetMap contributors",
            "locator": "node/4935956637; tags.name, tags.amenity",
            "retrievedAt": "2026-09-26T17:13:34.916Z",
            "sha256": "5823f93f2fb62fbc3bf3e118d0f924e376670dc1978240e22d9ef4e10e301e05",
            "snapshot": true,
            "licence": "ODbL 1.0",
            "reuse": "open_licence"
          }
        ],
        "extraction": {
          "method": "structured"
        },
        "reviewState": "candidate",
        "asOf": "2026-09-26T17:13:34.916Z"
      }
    },
    {
      "type": "Feature",
      "geometry": {
        "type": "Point",
        "coordinates": [
          13.8876905,
          52.584621
        ]
      },
      "properties": {
        "id": "osm:node-5300513757",
        "version": "1e5c3c674b32c540f44304b770425542b076cffbd4af2629cf4411c8fda98039",
        "cityId": "strausberg",
        "kind": "place",
        "category": "sport",
        "title": "FC Strausberg",
        "statement": "FC Strausberg ist in OpenStreetMap als sport eingetragen. Betrieb und Öffnungszeiten nicht geprüft.",
        "status": "OSM-Eintrag, nicht offiziell geprüft",
        "startDate": null,
        "endDate": null,
        "nextStep": "Aktuelle Angaben direkt beim Ort prüfen.",
        "unknowns": [
          "Aktueller Betrieb und tatsächliche Öffnungszeiten"
        ],
        "scale": "street",
        "geometryPrecision": "exact",
        "sources": [
          {
            "url": "https://www.openstreetmap.org/node/5300513757",
            "snapshotUrl": "https://gall.openstreetmap.de/api/interpreter",
            "title": "OpenStreetMap contributors",
            "publisher": "OpenStreetMap contributors",
            "locator": "node/5300513757; tags.name, tags.club",
            "retrievedAt": "2026-09-26T17:13:34.916Z",
            "sha256": "5823f93f2fb62fbc3bf3e118d0f924e376670dc1978240e22d9ef4e10e301e05",
            "snapshot": true,
            "licence": "ODbL 1.0",
            "reuse": "open_licence"
          }
        ],
        "extraction": {
          "method": "structured"
        },
        "reviewState": "candidate",
        "asOf": "2026-09-26T17:13:34.916Z"
      }
    },
    {
      "type": "Feature",
      "geometry": {
        "type": "Point",
        "coordinates": [
          13.9040753,
          52.5894694
        ]
      },
      "properties": {
        "id": "osm:node-5469267151",
        "version": "3866cc3e0524e842eafd066513c9621a3f4724add96e7bf55e2b2a59dbec0e46",
        "cityId": "strausberg",
        "kind": "place",
        "category": "school",
        "title": "bundtStift_Schulen",
        "statement": "bundtStift_Schulen ist in OpenStreetMap als school eingetragen. Betrieb und Öffnungszeiten nicht geprüft.",
        "status": "OSM-Eintrag, nicht offiziell geprüft",
        "startDate": null,
        "endDate": null,
        "nextStep": "Aktuelle Angaben direkt beim Ort prüfen.",
        "unknowns": [
          "Aktueller Betrieb und tatsächliche Öffnungszeiten"
        ],
        "scale": "street",
        "geometryPrecision": "exact",
        "sources": [
          {
            "url": "https://www.openstreetmap.org/node/5469267151",
            "snapshotUrl": "https://gall.openstreetmap.de/api/interpreter",
            "title": "OpenStreetMap contributors",
            "publisher": "OpenStreetMap contributors",
            "locator": "node/5469267151; tags.name, tags.amenity",
            "retrievedAt": "2026-09-26T17:13:34.916Z",
            "sha256": "5823f93f2fb62fbc3bf3e118d0f924e376670dc1978240e22d9ef4e10e301e05",
            "snapshot": true,
            "licence": "ODbL 1.0",
            "reuse": "open_licence"
          }
        ],
        "extraction": {
          "method": "structured"
        },
        "reviewState": "candidate",
        "asOf": "2026-09-26T17:13:34.916Z"
      }
    },
    {
      "type": "Feature",
      "geometry": {
        "type": "Point",
        "coordinates": [
          13.8818098,
          52.5784803
        ]
      },
      "properties": {
        "id": "osm:node-5964208971",
        "version": "9d0358eea74f1686aad9599ab1f56b090ef44db7adbdeaba6246ee6806862492",
        "cityId": "strausberg",
        "kind": "place",
        "category": "post_office",
        "title": "DPD Pickup Paketshop",
        "statement": "DPD Pickup Paketshop ist in OpenStreetMap als post_office eingetragen. Öffnungszeiten in OSM eingetragen; nicht unabhängig bestätigt.",
        "status": "OSM-Eintrag, nicht offiziell geprüft",
        "startDate": null,
        "endDate": null,
        "nextStep": "Aktuelle Angaben direkt beim Ort prüfen.",
        "unknowns": [
          "Aktueller Betrieb und tatsächliche Öffnungszeiten"
        ],
        "scale": "street",
        "geometryPrecision": "exact",
        "sources": [
          {
            "url": "https://www.openstreetmap.org/node/5964208971",
            "snapshotUrl": "https://gall.openstreetmap.de/api/interpreter",
            "title": "OpenStreetMap contributors",
            "publisher": "OpenStreetMap contributors",
            "locator": "node/5964208971; tags.name, tags.amenity",
            "retrievedAt": "2026-09-26T17:13:34.916Z",
            "sha256": "5823f93f2fb62fbc3bf3e118d0f924e376670dc1978240e22d9ef4e10e301e05",
            "snapshot": true,
            "licence": "ODbL 1.0",
            "reuse": "open_licence"
          }
        ],
        "extraction": {
          "method": "structured"
        },
        "reviewState": "candidate",
        "asOf": "2026-09-26T17:13:34.916Z"
      }
    },
    {
      "type": "Feature",
      "geometry": {
        "type": "Point",
        "coordinates": [
          13.8825216,
          52.5775066
        ]
      },
      "properties": {
        "id": "osm:node-6025376571",
        "version": "882c0c0a8a1e3341eb97e531b26b8e458aa4e05db5ad94f169cfe4af736755b7",
        "cityId": "strausberg",
        "kind": "place",
        "category": "exercise;fitness",
        "title": "Clever Fit",
        "statement": "Clever Fit ist in OpenStreetMap als exercise;fitness eingetragen. Öffnungszeiten in OSM eingetragen; nicht unabhängig bestätigt.",
        "status": "OSM-Eintrag, nicht offiziell geprüft",
        "startDate": null,
        "endDate": null,
        "nextStep": "Aktuelle Angaben direkt beim Ort prüfen.",
        "unknowns": [
          "Aktueller Betrieb und tatsächliche Öffnungszeiten"
        ],
        "scale": "street",
        "geometryPrecision": "exact",
        "sources": [
          {
            "url": "https://www.openstreetmap.org/node/6025376571",
            "snapshotUrl": "https://gall.openstreetmap.de/api/interpreter",
            "title": "OpenStreetMap contributors",
            "publisher": "OpenStreetMap contributors",
            "locator": "node/6025376571; tags.name, tags.sport",
            "retrievedAt": "2026-09-26T17:13:34.916Z",
            "sha256": "5823f93f2fb62fbc3bf3e118d0f924e376670dc1978240e22d9ef4e10e301e05",
            "snapshot": true,
            "licence": "ODbL 1.0",
            "reuse": "open_licence"
          }
        ],
        "extraction": {
          "method": "structured"
        },
        "reviewState": "candidate",
        "asOf": "2026-09-26T17:13:34.916Z"
      }
    },
    {
      "type": "Feature",
      "geometry": {
        "type": "Point",
        "coordinates": [
          13.8817862,
          52.5782912
        ]
      },
      "properties": {
        "id": "osm:node-6040411543",
        "version": "97344573d4120b493521a6b6c407f79aadeac06adcf3c7959cd709601719d4a9",
        "cityId": "strausberg",
        "kind": "place",
        "category": "bakery",
        "title": "Bäckerei Klein",
        "statement": "Bäckerei Klein ist in OpenStreetMap als bakery eingetragen. Öffnungszeiten in OSM eingetragen; nicht unabhängig bestätigt.",
        "status": "OSM-Eintrag, nicht offiziell geprüft",
        "startDate": null,
        "endDate": null,
        "nextStep": "Aktuelle Angaben direkt beim Ort prüfen.",
        "unknowns": [
          "Aktueller Betrieb und tatsächliche Öffnungszeiten"
        ],
        "scale": "street",
        "geometryPrecision": "exact",
        "sources": [
          {
            "url": "https://www.openstreetmap.org/node/6040411543",
            "snapshotUrl": "https://gall.openstreetmap.de/api/interpreter",
            "title": "OpenStreetMap contributors",
            "publisher": "OpenStreetMap contributors",
            "locator": "node/6040411543; tags.name, tags.shop",
            "retrievedAt": "2026-09-26T17:13:34.916Z",
            "sha256": "5823f93f2fb62fbc3bf3e118d0f924e376670dc1978240e22d9ef4e10e301e05",
            "snapshot": true,
            "licence": "ODbL 1.0",
            "reuse": "open_licence"
          }
        ],
        "extraction": {
          "method": "structured"
        },
        "reviewState": "candidate",
        "asOf": "2026-09-26T17:13:34.916Z"
      }
    },
    {
      "type": "Feature",
      "geometry": {
        "type": "Point",
        "coordinates": [
          13.8941641,
          52.5874948
        ]
      },
      "properties": {
        "id": "osm:node-6063001985",
        "version": "fee87a574d868304bfbc33a14050b7838d0b408280eb33783337d34f29534452",
        "cityId": "strausberg",
        "kind": "place",
        "category": "doctors",
        "title": "Praxis Dr. Gabriele Brömmer",
        "statement": "Praxis Dr. Gabriele Brömmer ist in OpenStreetMap als doctors eingetragen. Öffnungszeiten in OSM eingetragen; nicht unabhängig bestätigt.",
        "status": "OSM-Eintrag, nicht offiziell geprüft",
        "startDate": null,
        "endDate": null,
        "nextStep": "Aktuelle Angaben direkt beim Ort prüfen.",
        "unknowns": [
          "Aktueller Betrieb und tatsächliche Öffnungszeiten"
        ],
        "scale": "street",
        "geometryPrecision": "exact",
        "sources": [
          {
            "url": "https://www.openstreetmap.org/node/6063001985",
            "snapshotUrl": "https://gall.openstreetmap.de/api/interpreter",
            "title": "OpenStreetMap contributors",
            "publisher": "OpenStreetMap contributors",
            "locator": "node/6063001985; tags.name, tags.amenity",
            "retrievedAt": "2026-09-26T17:13:34.916Z",
            "sha256": "5823f93f2fb62fbc3bf3e118d0f924e376670dc1978240e22d9ef4e10e301e05",
            "snapshot": true,
            "licence": "ODbL 1.0",
            "reuse": "open_licence"
          }
        ],
        "extraction": {
          "method": "structured"
        },
        "reviewState": "candidate",
        "asOf": "2026-09-26T17:13:34.916Z"
      }
    },
    {
      "type": "Feature",
      "geometry": {
        "type": "Point",
        "coordinates": [
          13.8333334,
          52.5363457
        ]
      },
      "properties": {
        "id": "osm:node-6077382656",
        "version": "fef86f00d5c4e0ccddbcae98435e323c2a103251b10b7f2009b798ed5da90a7c",
        "cityId": "strausberg",
        "kind": "place",
        "category": "post_office",
        "title": "Südpost",
        "statement": "Südpost ist in OpenStreetMap als post_office eingetragen. Öffnungszeiten in OSM eingetragen; nicht unabhängig bestätigt.",
        "status": "OSM-Eintrag, nicht offiziell geprüft",
        "startDate": null,
        "endDate": null,
        "nextStep": "Aktuelle Angaben direkt beim Ort prüfen.",
        "unknowns": [
          "Aktueller Betrieb und tatsächliche Öffnungszeiten"
        ],
        "scale": "street",
        "geometryPrecision": "exact",
        "sources": [
          {
            "url": "https://www.openstreetmap.org/node/6077382656",
            "snapshotUrl": "https://gall.openstreetmap.de/api/interpreter",
            "title": "OpenStreetMap contributors",
            "publisher": "OpenStreetMap contributors",
            "locator": "node/6077382656; tags.name, tags.amenity",
            "retrievedAt": "2026-09-26T17:13:34.916Z",
            "sha256": "5823f93f2fb62fbc3bf3e118d0f924e376670dc1978240e22d9ef4e10e301e05",
            "snapshot": true,
            "licence": "ODbL 1.0",
            "reuse": "open_licence"
          }
        ],
        "extraction": {
          "method": "structured"
        },
        "reviewState": "candidate",
        "asOf": "2026-09-26T17:13:34.916Z"
      }
    },
    {
      "type": "Feature",
      "geometry": {
        "type": "Point",
        "coordinates": [
          13.8642793,
          52.548826
        ]
      },
      "properties": {
        "id": "osm:node-6583838467",
        "version": "d6cbf4d6c88800b5bc2d0719043e6ccbe7bd394ef9023358cd332d52c8e98398",
        "cityId": "strausberg",
        "kind": "place",
        "category": "clinic",
        "title": "Ambulatorium",
        "statement": "Ambulatorium ist in OpenStreetMap als clinic eingetragen. Betrieb und Öffnungszeiten nicht geprüft.",
        "status": "OSM-Eintrag, nicht offiziell geprüft",
        "startDate": null,
        "endDate": null,
        "nextStep": "Aktuelle Angaben direkt beim Ort prüfen.",
        "unknowns": [
          "Aktueller Betrieb und tatsächliche Öffnungszeiten"
        ],
        "scale": "street",
        "geometryPrecision": "exact",
        "sources": [
          {
            "url": "https://www.openstreetmap.org/node/6583838467",
            "snapshotUrl": "https://gall.openstreetmap.de/api/interpreter",
            "title": "OpenStreetMap contributors",
            "publisher": "OpenStreetMap contributors",
            "locator": "node/6583838467; tags.name, tags.amenity",
            "retrievedAt": "2026-09-26T17:13:34.916Z",
            "sha256": "5823f93f2fb62fbc3bf3e118d0f924e376670dc1978240e22d9ef4e10e301e05",
            "snapshot": true,
            "licence": "ODbL 1.0",
            "reuse": "open_licence"
          }
        ],
        "extraction": {
          "method": "structured"
        },
        "reviewState": "candidate",
        "asOf": "2026-09-26T17:13:34.916Z"
      }
    },
    {
      "type": "Feature",
      "geometry": {
        "type": "Point",
        "coordinates": [
          13.8331398,
          52.5361516
        ]
      },
      "properties": {
        "id": "osm:node-6680737164",
        "version": "575ba936ac5609516f717655d4425415cd5fd082c26793446db00f8fb5839625",
        "cityId": "strausberg",
        "kind": "place",
        "category": "bakery",
        "title": "Wriezener Backstube",
        "statement": "Wriezener Backstube ist in OpenStreetMap als bakery eingetragen. Öffnungszeiten in OSM eingetragen; nicht unabhängig bestätigt.",
        "status": "OSM-Eintrag, nicht offiziell geprüft",
        "startDate": null,
        "endDate": null,
        "nextStep": "Aktuelle Angaben direkt beim Ort prüfen.",
        "unknowns": [
          "Aktueller Betrieb und tatsächliche Öffnungszeiten"
        ],
        "scale": "street",
        "geometryPrecision": "exact",
        "sources": [
          {
            "url": "https://www.openstreetmap.org/node/6680737164",
            "snapshotUrl": "https://gall.openstreetmap.de/api/interpreter",
            "title": "OpenStreetMap contributors",
            "publisher": "OpenStreetMap contributors",
            "locator": "node/6680737164; tags.name, tags.shop",
            "retrievedAt": "2026-09-26T17:13:34.916Z",
            "sha256": "5823f93f2fb62fbc3bf3e118d0f924e376670dc1978240e22d9ef4e10e301e05",
            "snapshot": true,
            "licence": "ODbL 1.0",
            "reuse": "open_licence"
          }
        ],
        "extraction": {
          "method": "structured"
        },
        "reviewState": "candidate",
        "asOf": "2026-09-26T17:13:34.916Z"
      }
    },
    {
      "type": "Feature",
      "geometry": {
        "type": "Point",
        "coordinates": [
          13.8330858,
          52.5362288
        ]
      },
      "properties": {
        "id": "osm:node-6689144120",
        "version": "cbbec9019692d372b327f4e3df02d8ffff07d1fb2ce4c555fc5334e00935696b",
        "cityId": "strausberg",
        "kind": "place",
        "category": "supermarket",
        "title": "Netto Marken-Discount",
        "statement": "Netto Marken-Discount ist in OpenStreetMap als supermarket eingetragen. Öffnungszeiten in OSM eingetragen; nicht unabhängig bestätigt.",
        "status": "OSM-Eintrag, nicht offiziell geprüft",
        "startDate": null,
        "endDate": null,
        "nextStep": "Aktuelle Angaben direkt beim Ort prüfen.",
        "unknowns": [
          "Aktueller Betrieb und tatsächliche Öffnungszeiten"
        ],
        "scale": "street",
        "geometryPrecision": "exact",
        "sources": [
          {
            "url": "https://www.openstreetmap.org/node/6689144120",
            "snapshotUrl": "https://gall.openstreetmap.de/api/interpreter",
            "title": "OpenStreetMap contributors",
            "publisher": "OpenStreetMap contributors",
            "locator": "node/6689144120; tags.name, tags.shop",
            "retrievedAt": "2026-09-26T17:13:34.916Z",
            "sha256": "5823f93f2fb62fbc3bf3e118d0f924e376670dc1978240e22d9ef4e10e301e05",
            "snapshot": true,
            "licence": "ODbL 1.0",
            "reuse": "open_licence"
          }
        ],
        "extraction": {
          "method": "structured"
        },
        "reviewState": "candidate",
        "asOf": "2026-09-26T17:13:34.916Z"
      }
    },
    {
      "type": "Feature",
      "geometry": {
        "type": "Point",
        "coordinates": [
          13.8424588,
          52.5320552
        ]
      },
      "properties": {
        "id": "osm:node-6715673603",
        "version": "5f20f0e7193447936a4488447fc69c81788f33b5a8c2b1dc107ce67f155c82ba",
        "cityId": "strausberg",
        "kind": "place",
        "category": "doctors",
        "title": "Praxis Dr. med. Katrin Miltkau",
        "statement": "Praxis Dr. med. Katrin Miltkau ist in OpenStreetMap als doctors eingetragen. Öffnungszeiten in OSM eingetragen; nicht unabhängig bestätigt.",
        "status": "OSM-Eintrag, nicht offiziell geprüft",
        "startDate": null,
        "endDate": null,
        "nextStep": "Aktuelle Angaben direkt beim Ort prüfen.",
        "unknowns": [
          "Aktueller Betrieb und tatsächliche Öffnungszeiten"
        ],
        "scale": "street",
        "geometryPrecision": "exact",
        "sources": [
          {
            "url": "https://www.openstreetmap.org/node/6715673603",
            "snapshotUrl": "https://gall.openstreetmap.de/api/interpreter",
            "title": "OpenStreetMap contributors",
            "publisher": "OpenStreetMap contributors",
            "locator": "node/6715673603; tags.name, tags.amenity",
            "retrievedAt": "2026-09-26T17:13:34.916Z",
            "sha256": "5823f93f2fb62fbc3bf3e118d0f924e376670dc1978240e22d9ef4e10e301e05",
            "snapshot": true,
            "licence": "ODbL 1.0",
            "reuse": "open_licence"
          }
        ],
        "extraction": {
          "method": "structured"
        },
        "reviewState": "candidate",
        "asOf": "2026-09-26T17:13:34.916Z"
      }
    },
    {
      "type": "Feature",
      "geometry": {
        "type": "Point",
        "coordinates": [
          13.8943355,
          52.586825
        ]
      },
      "properties": {
        "id": "osm:node-6912492681",
        "version": "d4f47428820e0bb0e77e72dab0a79378817229cfd1e4d433836f4882378fbe82",
        "cityId": "strausberg",
        "kind": "place",
        "category": "bakery",
        "title": "Steinecke",
        "statement": "Steinecke ist in OpenStreetMap als bakery eingetragen. Öffnungszeiten in OSM eingetragen; nicht unabhängig bestätigt.",
        "status": "OSM-Eintrag, nicht offiziell geprüft",
        "startDate": null,
        "endDate": null,
        "nextStep": "Aktuelle Angaben direkt beim Ort prüfen.",
        "unknowns": [
          "Aktueller Betrieb und tatsächliche Öffnungszeiten"
        ],
        "scale": "street",
        "geometryPrecision": "exact",
        "sources": [
          {
            "url": "https://www.openstreetmap.org/node/6912492681",
            "snapshotUrl": "https://gall.openstreetmap.de/api/interpreter",
            "title": "OpenStreetMap contributors",
            "publisher": "OpenStreetMap contributors",
            "locator": "node/6912492681; tags.name, tags.shop",
            "retrievedAt": "2026-09-26T17:13:34.916Z",
            "sha256": "5823f93f2fb62fbc3bf3e118d0f924e376670dc1978240e22d9ef4e10e301e05",
            "snapshot": true,
            "licence": "ODbL 1.0",
            "reuse": "open_licence"
          }
        ],
        "extraction": {
          "method": "structured"
        },
        "reviewState": "candidate",
        "asOf": "2026-09-26T17:13:34.916Z"
      }
    },
    {
      "type": "Feature",
      "geometry": {
        "type": "Point",
        "coordinates": [
          13.8636891,
          52.5473409
        ]
      },
      "properties": {
        "id": "osm:node-7059503759",
        "version": "abf3946e1e51aee5138acd760f7e1e4858049e79fb32b6727703b38f280f4feb",
        "cityId": "strausberg",
        "kind": "place",
        "category": "library",
        "title": "Heinrich-Mann-Bibliothek / Zweigbibliothek",
        "statement": "Heinrich-Mann-Bibliothek / Zweigbibliothek ist in OpenStreetMap als library eingetragen. Öffnungszeiten in OSM eingetragen; nicht unabhängig bestätigt.",
        "status": "OSM-Eintrag, nicht offiziell geprüft",
        "startDate": null,
        "endDate": null,
        "nextStep": "Aktuelle Angaben direkt beim Ort prüfen.",
        "unknowns": [
          "Aktueller Betrieb und tatsächliche Öffnungszeiten"
        ],
        "scale": "street",
        "geometryPrecision": "exact",
        "sources": [
          {
            "url": "https://www.openstreetmap.org/node/7059503759",
            "snapshotUrl": "https://gall.openstreetmap.de/api/interpreter",
            "title": "OpenStreetMap contributors",
            "publisher": "OpenStreetMap contributors",
            "locator": "node/7059503759; tags.name, tags.amenity",
            "retrievedAt": "2026-09-26T17:13:34.916Z",
            "sha256": "5823f93f2fb62fbc3bf3e118d0f924e376670dc1978240e22d9ef4e10e301e05",
            "snapshot": true,
            "licence": "ODbL 1.0",
            "reuse": "open_licence"
          }
        ],
        "extraction": {
          "method": "structured"
        },
        "reviewState": "candidate",
        "asOf": "2026-09-26T17:13:34.916Z"
      }
    },
    {
      "type": "Feature",
      "geometry": {
        "type": "Point",
        "coordinates": [
          13.8933359,
          52.5842057
        ]
      },
      "properties": {
        "id": "osm:node-7060281350",
        "version": "40253ef9c1ce7af98e084b9a798cb0614f15b473837433b63107114cf49deeab",
        "cityId": "strausberg",
        "kind": "place",
        "category": "supermarket",
        "title": "Netto Marken-Discount",
        "statement": "Netto Marken-Discount ist in OpenStreetMap als supermarket eingetragen. Öffnungszeiten in OSM eingetragen; nicht unabhängig bestätigt.",
        "status": "OSM-Eintrag, nicht offiziell geprüft",
        "startDate": null,
        "endDate": null,
        "nextStep": "Aktuelle Angaben direkt beim Ort prüfen.",
        "unknowns": [
          "Aktueller Betrieb und tatsächliche Öffnungszeiten"
        ],
        "scale": "street",
        "geometryPrecision": "exact",
        "sources": [
          {
            "url": "https://www.openstreetmap.org/node/7060281350",
            "snapshotUrl": "https://gall.openstreetmap.de/api/interpreter",
            "title": "OpenStreetMap contributors",
            "publisher": "OpenStreetMap contributors",
            "locator": "node/7060281350; tags.name, tags.shop",
            "retrievedAt": "2026-09-26T17:13:34.916Z",
            "sha256": "5823f93f2fb62fbc3bf3e118d0f924e376670dc1978240e22d9ef4e10e301e05",
            "snapshot": true,
            "licence": "ODbL 1.0",
            "reuse": "open_licence"
          }
        ],
        "extraction": {
          "method": "structured"
        },
        "reviewState": "candidate",
        "asOf": "2026-09-26T17:13:34.916Z"
      }
    },
    {
      "type": "Feature",
      "geometry": {
        "type": "Point",
        "coordinates": [
          13.8911282,
          52.5829847
        ]
      },
      "properties": {
        "id": "osm:node-7060281354",
        "version": "50594618103334163a62d3264b947f0c49fb6de1c60e610696010c1e767972e7",
        "cityId": "strausberg",
        "kind": "place",
        "category": "community_centre",
        "title": "Bürgerbund Nordheim 91 e.V.",
        "statement": "Bürgerbund Nordheim 91 e.V. ist in OpenStreetMap als community_centre eingetragen. Öffnungszeiten in OSM eingetragen; nicht unabhängig bestätigt.",
        "status": "OSM-Eintrag, nicht offiziell geprüft",
        "startDate": null,
        "endDate": null,
        "nextStep": "Aktuelle Angaben direkt beim Ort prüfen.",
        "unknowns": [
          "Aktueller Betrieb und tatsächliche Öffnungszeiten"
        ],
        "scale": "street",
        "geometryPrecision": "exact",
        "sources": [
          {
            "url": "https://www.openstreetmap.org/node/7060281354",
            "snapshotUrl": "https://gall.openstreetmap.de/api/interpreter",
            "title": "OpenStreetMap contributors",
            "publisher": "OpenStreetMap contributors",
            "locator": "node/7060281354; tags.name, tags.amenity",
            "retrievedAt": "2026-09-26T17:13:34.916Z",
            "sha256": "5823f93f2fb62fbc3bf3e118d0f924e376670dc1978240e22d9ef4e10e301e05",
            "snapshot": true,
            "licence": "ODbL 1.0",
            "reuse": "open_licence"
          }
        ],
        "extraction": {
          "method": "structured"
        },
        "reviewState": "candidate",
        "asOf": "2026-09-26T17:13:34.916Z"
      }
    },
    {
      "type": "Feature",
      "geometry": {
        "type": "Point",
        "coordinates": [
          13.8973645,
          52.5741529
        ]
      },
      "properties": {
        "id": "osm:node-7285154832",
        "version": "4591ae216d4e1d5c03b72819e84b0ab83842e99716e498f7f3eedebcc65173ba",
        "cityId": "strausberg",
        "kind": "place",
        "category": "supermarket",
        "title": "Kaufland",
        "statement": "Kaufland ist in OpenStreetMap als supermarket eingetragen. Öffnungszeiten in OSM eingetragen; nicht unabhängig bestätigt.",
        "status": "OSM-Eintrag, nicht offiziell geprüft",
        "startDate": null,
        "endDate": null,
        "nextStep": "Aktuelle Angaben direkt beim Ort prüfen.",
        "unknowns": [
          "Aktueller Betrieb und tatsächliche Öffnungszeiten"
        ],
        "scale": "street",
        "geometryPrecision": "exact",
        "sources": [
          {
            "url": "https://www.openstreetmap.org/node/7285154832",
            "snapshotUrl": "https://gall.openstreetmap.de/api/interpreter",
            "title": "OpenStreetMap contributors",
            "publisher": "OpenStreetMap contributors",
            "locator": "node/7285154832; tags.name, tags.shop",
            "retrievedAt": "2026-09-26T17:13:34.916Z",
            "sha256": "5823f93f2fb62fbc3bf3e118d0f924e376670dc1978240e22d9ef4e10e301e05",
            "snapshot": true,
            "licence": "ODbL 1.0",
            "reuse": "open_licence"
          }
        ],
        "extraction": {
          "method": "structured"
        },
        "reviewState": "candidate",
        "asOf": "2026-09-26T17:13:34.916Z"
      }
    },
    {
      "type": "Feature",
      "geometry": {
        "type": "Point",
        "coordinates": [
          13.8831874,
          52.5750389
        ]
      },
      "properties": {
        "id": "osm:node-8050730961",
        "version": "6817fda1abdc4574fd3a40cd40723d4b2977410ee72e2c6d309ee932cf0c3ea1",
        "cityId": "strausberg",
        "kind": "place",
        "category": "school",
        "title": "Hegermühlen-Grundschule",
        "statement": "Hegermühlen-Grundschule ist in OpenStreetMap als school eingetragen. Betrieb und Öffnungszeiten nicht geprüft.",
        "status": "OSM-Eintrag, nicht offiziell geprüft",
        "startDate": null,
        "endDate": null,
        "nextStep": "Aktuelle Angaben direkt beim Ort prüfen.",
        "unknowns": [
          "Aktueller Betrieb und tatsächliche Öffnungszeiten"
        ],
        "scale": "street",
        "geometryPrecision": "exact",
        "sources": [
          {
            "url": "https://www.openstreetmap.org/node/8050730961",
            "snapshotUrl": "https://gall.openstreetmap.de/api/interpreter",
            "title": "OpenStreetMap contributors",
            "publisher": "OpenStreetMap contributors",
            "locator": "node/8050730961; tags.name, tags.amenity",
            "retrievedAt": "2026-09-26T17:13:34.916Z",
            "sha256": "5823f93f2fb62fbc3bf3e118d0f924e376670dc1978240e22d9ef4e10e301e05",
            "snapshot": true,
            "licence": "ODbL 1.0",
            "reuse": "open_licence"
          }
        ],
        "extraction": {
          "method": "structured"
        },
        "reviewState": "candidate",
        "asOf": "2026-09-26T17:13:34.916Z"
      }
    },
    {
      "type": "Feature",
      "geometry": {
        "type": "Point",
        "coordinates": [
          13.8970432,
          52.5738929
        ]
      },
      "properties": {
        "id": "osm:node-8063950293",
        "version": "dac8138a09bfe2a16a5f2f4dedaee2642fe51ba03f0057e11e6c6fa79ed48a1e",
        "cityId": "strausberg",
        "kind": "place",
        "category": "bakery",
        "title": "Steinecke",
        "statement": "Steinecke ist in OpenStreetMap als bakery eingetragen. Öffnungszeiten in OSM eingetragen; nicht unabhängig bestätigt.",
        "status": "OSM-Eintrag, nicht offiziell geprüft",
        "startDate": null,
        "endDate": null,
        "nextStep": "Aktuelle Angaben direkt beim Ort prüfen.",
        "unknowns": [
          "Aktueller Betrieb und tatsächliche Öffnungszeiten"
        ],
        "scale": "street",
        "geometryPrecision": "exact",
        "sources": [
          {
            "url": "https://www.openstreetmap.org/node/8063950293",
            "snapshotUrl": "https://gall.openstreetmap.de/api/interpreter",
            "title": "OpenStreetMap contributors",
            "publisher": "OpenStreetMap contributors",
            "locator": "node/8063950293; tags.name, tags.shop",
            "retrievedAt": "2026-09-26T17:13:34.916Z",
            "sha256": "5823f93f2fb62fbc3bf3e118d0f924e376670dc1978240e22d9ef4e10e301e05",
            "snapshot": true,
            "licence": "ODbL 1.0",
            "reuse": "open_licence"
          }
        ],
        "extraction": {
          "method": "structured"
        },
        "reviewState": "candidate",
        "asOf": "2026-09-26T17:13:34.916Z"
      }
    },
    {
      "type": "Feature",
      "geometry": {
        "type": "Point",
        "coordinates": [
          13.881873,
          52.5818549
        ]
      },
      "properties": {
        "id": "osm:node-8680767825",
        "version": "55f3afa2014ed4c6f275943ea5b51dbffe2fc3ebbc6b8b03dc7b91e9988d4bd5",
        "cityId": "strausberg",
        "kind": "place",
        "category": "doctors",
        "title": "Kardiologische Facharztpraxis",
        "statement": "Kardiologische Facharztpraxis ist in OpenStreetMap als doctors eingetragen. Öffnungszeiten in OSM eingetragen; nicht unabhängig bestätigt.",
        "status": "OSM-Eintrag, nicht offiziell geprüft",
        "startDate": null,
        "endDate": null,
        "nextStep": "Aktuelle Angaben direkt beim Ort prüfen.",
        "unknowns": [
          "Aktueller Betrieb und tatsächliche Öffnungszeiten"
        ],
        "scale": "street",
        "geometryPrecision": "exact",
        "sources": [
          {
            "url": "https://www.openstreetmap.org/node/8680767825",
            "snapshotUrl": "https://gall.openstreetmap.de/api/interpreter",
            "title": "OpenStreetMap contributors",
            "publisher": "OpenStreetMap contributors",
            "locator": "node/8680767825; tags.name, tags.amenity",
            "retrievedAt": "2026-09-26T17:13:34.916Z",
            "sha256": "5823f93f2fb62fbc3bf3e118d0f924e376670dc1978240e22d9ef4e10e301e05",
            "snapshot": true,
            "licence": "ODbL 1.0",
            "reuse": "open_licence"
          }
        ],
        "extraction": {
          "method": "structured"
        },
        "reviewState": "candidate",
        "asOf": "2026-09-26T17:13:34.916Z"
      }
    },
    {
      "type": "Feature",
      "geometry": {
        "type": "Point",
        "coordinates": [
          13.8818675,
          52.5818258
        ]
      },
      "properties": {
        "id": "osm:node-8691936095",
        "version": "4663d8e31e8a7014187bc4290ff186ce5dbefbbef3014e99043a075623ddbea7",
        "cityId": "strausberg",
        "kind": "place",
        "category": "doctors",
        "title": "Internistische Praxis Ulrike Pilz",
        "statement": "Internistische Praxis Ulrike Pilz ist in OpenStreetMap als doctors eingetragen. Öffnungszeiten in OSM eingetragen; nicht unabhängig bestätigt.",
        "status": "OSM-Eintrag, nicht offiziell geprüft",
        "startDate": null,
        "endDate": null,
        "nextStep": "Aktuelle Angaben direkt beim Ort prüfen.",
        "unknowns": [
          "Aktueller Betrieb und tatsächliche Öffnungszeiten"
        ],
        "scale": "street",
        "geometryPrecision": "exact",
        "sources": [
          {
            "url": "https://www.openstreetmap.org/node/8691936095",
            "snapshotUrl": "https://gall.openstreetmap.de/api/interpreter",
            "title": "OpenStreetMap contributors",
            "publisher": "OpenStreetMap contributors",
            "locator": "node/8691936095; tags.name, tags.amenity",
            "retrievedAt": "2026-09-26T17:13:34.916Z",
            "sha256": "5823f93f2fb62fbc3bf3e118d0f924e376670dc1978240e22d9ef4e10e301e05",
            "snapshot": true,
            "licence": "ODbL 1.0",
            "reuse": "open_licence"
          }
        ],
        "extraction": {
          "method": "structured"
        },
        "reviewState": "candidate",
        "asOf": "2026-09-26T17:13:34.916Z"
      }
    },
    {
      "type": "Feature",
      "geometry": {
        "type": "Point",
        "coordinates": [
          13.8706294,
          52.557783
        ]
      },
      "properties": {
        "id": "osm:node-9403488425",
        "version": "7697d5b1d14dc7122db65c4b7bcf09d2ff13e6bb7204348844c7aee1aa3d7b72",
        "cityId": "strausberg",
        "kind": "place",
        "category": "post_office",
        "title": "Postfiliale 515",
        "statement": "Postfiliale 515 ist in OpenStreetMap als post_office eingetragen. Öffnungszeiten in OSM eingetragen; nicht unabhängig bestätigt.",
        "status": "OSM-Eintrag, nicht offiziell geprüft",
        "startDate": null,
        "endDate": null,
        "nextStep": "Aktuelle Angaben direkt beim Ort prüfen.",
        "unknowns": [
          "Aktueller Betrieb und tatsächliche Öffnungszeiten"
        ],
        "scale": "street",
        "geometryPrecision": "exact",
        "sources": [
          {
            "url": "https://www.openstreetmap.org/node/9403488425",
            "snapshotUrl": "https://gall.openstreetmap.de/api/interpreter",
            "title": "OpenStreetMap contributors",
            "publisher": "OpenStreetMap contributors",
            "locator": "node/9403488425; tags.name, tags.amenity",
            "retrievedAt": "2026-09-26T17:13:34.916Z",
            "sha256": "5823f93f2fb62fbc3bf3e118d0f924e376670dc1978240e22d9ef4e10e301e05",
            "snapshot": true,
            "licence": "ODbL 1.0",
            "reuse": "open_licence"
          }
        ],
        "extraction": {
          "method": "structured"
        },
        "reviewState": "candidate",
        "asOf": "2026-09-26T17:13:34.916Z"
      }
    },
    {
      "type": "Feature",
      "geometry": {
        "type": "Point",
        "coordinates": [
          13.8644063,
          52.5478073
        ]
      },
      "properties": {
        "id": "osm:node-9690004150",
        "version": "f23d0f1c54812dd2ee6827a1163c434cf6450b577e6379ccfd4d6d931f7559b2",
        "cityId": "strausberg",
        "kind": "place",
        "category": "community_centre",
        "title": "AWO Familienzentrum",
        "statement": "AWO Familienzentrum ist in OpenStreetMap als community_centre eingetragen. Betrieb und Öffnungszeiten nicht geprüft.",
        "status": "OSM-Eintrag, nicht offiziell geprüft",
        "startDate": null,
        "endDate": null,
        "nextStep": "Aktuelle Angaben direkt beim Ort prüfen.",
        "unknowns": [
          "Aktueller Betrieb und tatsächliche Öffnungszeiten"
        ],
        "scale": "street",
        "geometryPrecision": "exact",
        "sources": [
          {
            "url": "https://www.openstreetmap.org/node/9690004150",
            "snapshotUrl": "https://gall.openstreetmap.de/api/interpreter",
            "title": "OpenStreetMap contributors",
            "publisher": "OpenStreetMap contributors",
            "locator": "node/9690004150; tags.name, tags.amenity",
            "retrievedAt": "2026-09-26T17:13:34.916Z",
            "sha256": "5823f93f2fb62fbc3bf3e118d0f924e376670dc1978240e22d9ef4e10e301e05",
            "snapshot": true,
            "licence": "ODbL 1.0",
            "reuse": "open_licence"
          }
        ],
        "extraction": {
          "method": "structured"
        },
        "reviewState": "candidate",
        "asOf": "2026-09-26T17:13:34.916Z"
      }
    },
    {
      "type": "Feature",
      "geometry": {
        "type": "Point",
        "coordinates": [
          13.9007644,
          52.5888324
        ]
      },
      "properties": {
        "id": "osm:way-1047766622",
        "version": "da2f4e073110a002cbe686971338e3ccb4e793c9c71151a2fc52c12699f24126",
        "cityId": "strausberg",
        "kind": "place",
        "category": "hospital",
        "title": "Krankenhaus Märkisch-Oderland",
        "statement": "Krankenhaus Märkisch-Oderland ist in OpenStreetMap als hospital eingetragen. Betrieb und Öffnungszeiten nicht geprüft.",
        "status": "OSM-Eintrag, nicht offiziell geprüft",
        "startDate": null,
        "endDate": null,
        "nextStep": "Aktuelle Angaben direkt beim Ort prüfen.",
        "unknowns": [
          "Aktueller Betrieb und tatsächliche Öffnungszeiten"
        ],
        "scale": "street",
        "geometryPrecision": "approximate",
        "sources": [
          {
            "url": "https://www.openstreetmap.org/way/1047766622",
            "snapshotUrl": "https://gall.openstreetmap.de/api/interpreter",
            "title": "OpenStreetMap contributors",
            "publisher": "OpenStreetMap contributors",
            "locator": "way/1047766622; tags.name, tags.amenity",
            "retrievedAt": "2026-09-26T17:13:34.916Z",
            "sha256": "5823f93f2fb62fbc3bf3e118d0f924e376670dc1978240e22d9ef4e10e301e05",
            "snapshot": true,
            "licence": "ODbL 1.0",
            "reuse": "open_licence"
          }
        ],
        "extraction": {
          "method": "structured"
        },
        "reviewState": "candidate",
        "asOf": "2026-09-26T17:13:34.916Z"
      }
    },
    {
      "type": "Feature",
      "geometry": {
        "type": "Point",
        "coordinates": [
          13.8919962,
          52.5837314
        ]
      },
      "properties": {
        "id": "osm:way-1081144803",
        "version": "072f266041dbd38bcffcd5e1cb3d9d6b60880ffdaf390144e6953ff114374651",
        "cityId": "strausberg",
        "kind": "place",
        "category": "kindergarten",
        "title": "Zwergenland",
        "statement": "Zwergenland ist in OpenStreetMap als kindergarten eingetragen. Öffnungszeiten in OSM eingetragen; nicht unabhängig bestätigt.",
        "status": "OSM-Eintrag, nicht offiziell geprüft",
        "startDate": null,
        "endDate": null,
        "nextStep": "Aktuelle Angaben direkt beim Ort prüfen.",
        "unknowns": [
          "Aktueller Betrieb und tatsächliche Öffnungszeiten"
        ],
        "scale": "street",
        "geometryPrecision": "approximate",
        "sources": [
          {
            "url": "https://www.openstreetmap.org/way/1081144803",
            "snapshotUrl": "https://gall.openstreetmap.de/api/interpreter",
            "title": "OpenStreetMap contributors",
            "publisher": "OpenStreetMap contributors",
            "locator": "way/1081144803; tags.name, tags.amenity",
            "retrievedAt": "2026-09-26T17:13:34.916Z",
            "sha256": "5823f93f2fb62fbc3bf3e118d0f924e376670dc1978240e22d9ef4e10e301e05",
            "snapshot": true,
            "licence": "ODbL 1.0",
            "reuse": "open_licence"
          }
        ],
        "extraction": {
          "method": "structured"
        },
        "reviewState": "candidate",
        "asOf": "2026-09-26T17:13:34.916Z"
      }
    },
    {
      "type": "Feature",
      "geometry": {
        "type": "Point",
        "coordinates": [
          13.8836189,
          52.574318
        ]
      },
      "properties": {
        "id": "osm:way-1292685499",
        "version": "347f6e7156691dc2b3e84c945d7b022f0c7a632263b79e3c016968ed31bd63ed",
        "cityId": "strausberg",
        "kind": "place",
        "category": "school",
        "title": "Hegermühlen-Grundschule",
        "statement": "Hegermühlen-Grundschule ist in OpenStreetMap als school eingetragen. Betrieb und Öffnungszeiten nicht geprüft.",
        "status": "OSM-Eintrag, nicht offiziell geprüft",
        "startDate": null,
        "endDate": null,
        "nextStep": "Aktuelle Angaben direkt beim Ort prüfen.",
        "unknowns": [
          "Aktueller Betrieb und tatsächliche Öffnungszeiten"
        ],
        "scale": "street",
        "geometryPrecision": "approximate",
        "sources": [
          {
            "url": "https://www.openstreetmap.org/way/1292685499",
            "snapshotUrl": "https://gall.openstreetmap.de/api/interpreter",
            "title": "OpenStreetMap contributors",
            "publisher": "OpenStreetMap contributors",
            "locator": "way/1292685499; tags.name, tags.amenity",
            "retrievedAt": "2026-09-26T17:13:34.916Z",
            "sha256": "5823f93f2fb62fbc3bf3e118d0f924e376670dc1978240e22d9ef4e10e301e05",
            "snapshot": true,
            "licence": "ODbL 1.0",
            "reuse": "open_licence"
          }
        ],
        "extraction": {
          "method": "structured"
        },
        "reviewState": "candidate",
        "asOf": "2026-09-26T17:13:34.916Z"
      }
    },
    {
      "type": "Feature",
      "geometry": {
        "type": "Point",
        "coordinates": [
          13.8909046,
          52.5827534
        ]
      },
      "properties": {
        "id": "osm:way-1296563661",
        "version": "7a8e5d10c5159a734742845f6b724d1534f90823390c77e86aa65270e15611ce",
        "cityId": "strausberg",
        "kind": "place",
        "category": "community_centre",
        "title": "Bürgerbund Nordheim 91 e.V.",
        "statement": "Bürgerbund Nordheim 91 e.V. ist in OpenStreetMap als community_centre eingetragen. Öffnungszeiten in OSM eingetragen; nicht unabhängig bestätigt.",
        "status": "OSM-Eintrag, nicht offiziell geprüft",
        "startDate": null,
        "endDate": null,
        "nextStep": "Aktuelle Angaben direkt beim Ort prüfen.",
        "unknowns": [
          "Aktueller Betrieb und tatsächliche Öffnungszeiten"
        ],
        "scale": "street",
        "geometryPrecision": "approximate",
        "sources": [
          {
            "url": "https://www.openstreetmap.org/way/1296563661",
            "snapshotUrl": "https://gall.openstreetmap.de/api/interpreter",
            "title": "OpenStreetMap contributors",
            "publisher": "OpenStreetMap contributors",
            "locator": "way/1296563661; tags.name, tags.amenity",
            "retrievedAt": "2026-09-26T17:13:34.916Z",
            "sha256": "5823f93f2fb62fbc3bf3e118d0f924e376670dc1978240e22d9ef4e10e301e05",
            "snapshot": true,
            "licence": "ODbL 1.0",
            "reuse": "open_licence"
          }
        ],
        "extraction": {
          "method": "structured"
        },
        "reviewState": "candidate",
        "asOf": "2026-09-26T17:13:34.916Z"
      }
    },
    {
      "type": "Feature",
      "geometry": {
        "type": "Point",
        "coordinates": [
          13.8900476,
          52.5750877
        ]
      },
      "properties": {
        "id": "osm:way-222135655",
        "version": "ffe7aea87f7c2c20c14362914c12a0bacd3d70e67f184c4a0f4b68422bea5df3",
        "cityId": "strausberg",
        "kind": "place",
        "category": "kindergarten",
        "title": "Integrationskita Sonnenschein",
        "statement": "Integrationskita Sonnenschein ist in OpenStreetMap als kindergarten eingetragen. Betrieb und Öffnungszeiten nicht geprüft.",
        "status": "OSM-Eintrag, nicht offiziell geprüft",
        "startDate": null,
        "endDate": null,
        "nextStep": "Aktuelle Angaben direkt beim Ort prüfen.",
        "unknowns": [
          "Aktueller Betrieb und tatsächliche Öffnungszeiten"
        ],
        "scale": "street",
        "geometryPrecision": "approximate",
        "sources": [
          {
            "url": "https://www.openstreetmap.org/way/222135655",
            "snapshotUrl": "https://gall.openstreetmap.de/api/interpreter",
            "title": "OpenStreetMap contributors",
            "publisher": "OpenStreetMap contributors",
            "locator": "way/222135655; tags.name, tags.amenity",
            "retrievedAt": "2026-09-26T17:13:34.916Z",
            "sha256": "5823f93f2fb62fbc3bf3e118d0f924e376670dc1978240e22d9ef4e10e301e05",
            "snapshot": true,
            "licence": "ODbL 1.0",
            "reuse": "open_licence"
          }
        ],
        "extraction": {
          "method": "structured"
        },
        "reviewState": "candidate",
        "asOf": "2026-09-26T17:13:34.916Z"
      }
    },
    {
      "type": "Feature",
      "geometry": {
        "type": "Point",
        "coordinates": [
          13.8617736,
          52.5610098
        ]
      },
      "properties": {
        "id": "osm:way-25669658",
        "version": "224204b18cadf0d7b4208685fa28ba9a26df3000b748ac2ba63ff827803fd652",
        "cityId": "strausberg",
        "kind": "place",
        "category": "soccer",
        "title": "Sportplatz Marienberg",
        "statement": "Sportplatz Marienberg ist in OpenStreetMap als soccer eingetragen. Betrieb und Öffnungszeiten nicht geprüft.",
        "status": "OSM-Eintrag, nicht offiziell geprüft",
        "startDate": null,
        "endDate": null,
        "nextStep": "Aktuelle Angaben direkt beim Ort prüfen.",
        "unknowns": [
          "Aktueller Betrieb und tatsächliche Öffnungszeiten"
        ],
        "scale": "street",
        "geometryPrecision": "approximate",
        "sources": [
          {
            "url": "https://www.openstreetmap.org/way/25669658",
            "snapshotUrl": "https://gall.openstreetmap.de/api/interpreter",
            "title": "OpenStreetMap contributors",
            "publisher": "OpenStreetMap contributors",
            "locator": "way/25669658; tags.name, tags.sport",
            "retrievedAt": "2026-09-26T17:13:34.916Z",
            "sha256": "5823f93f2fb62fbc3bf3e118d0f924e376670dc1978240e22d9ef4e10e301e05",
            "snapshot": true,
            "licence": "ODbL 1.0",
            "reuse": "open_licence"
          }
        ],
        "extraction": {
          "method": "structured"
        },
        "reviewState": "candidate",
        "asOf": "2026-09-26T17:13:34.916Z"
      }
    },
    {
      "type": "Feature",
      "geometry": {
        "type": "Point",
        "coordinates": [
          13.9046734,
          52.5895354
        ]
      },
      "properties": {
        "id": "osm:way-289563042",
        "version": "66d7af991285acc992cee82c23e1f7b075fdaf6aeb402545652332a87b337011",
        "cityId": "strausberg",
        "kind": "place",
        "category": "community_centre",
        "title": "Volkshaus Strausberg",
        "statement": "Volkshaus Strausberg ist in OpenStreetMap als community_centre eingetragen. Betrieb und Öffnungszeiten nicht geprüft.",
        "status": "OSM-Eintrag, nicht offiziell geprüft",
        "startDate": null,
        "endDate": null,
        "nextStep": "Aktuelle Angaben direkt beim Ort prüfen.",
        "unknowns": [
          "Aktueller Betrieb und tatsächliche Öffnungszeiten"
        ],
        "scale": "street",
        "geometryPrecision": "approximate",
        "sources": [
          {
            "url": "https://www.openstreetmap.org/way/289563042",
            "snapshotUrl": "https://gall.openstreetmap.de/api/interpreter",
            "title": "OpenStreetMap contributors",
            "publisher": "OpenStreetMap contributors",
            "locator": "way/289563042; tags.name, tags.amenity",
            "retrievedAt": "2026-09-26T17:13:34.916Z",
            "sha256": "5823f93f2fb62fbc3bf3e118d0f924e376670dc1978240e22d9ef4e10e301e05",
            "snapshot": true,
            "licence": "ODbL 1.0",
            "reuse": "open_licence"
          }
        ],
        "extraction": {
          "method": "structured"
        },
        "reviewState": "candidate",
        "asOf": "2026-09-26T17:13:34.916Z"
      }
    },
    {
      "type": "Feature",
      "geometry": {
        "type": "Point",
        "coordinates": [
          13.877412,
          52.5722733
        ]
      },
      "properties": {
        "id": "osm:way-292602842",
        "version": "5708182ab1cb72d37ce09f1d868bc4dac87106a6b97c79e75258d6a5e523ec35",
        "cityId": "strausberg",
        "kind": "place",
        "category": "doctors",
        "title": "Saskia Richter",
        "statement": "Saskia Richter ist in OpenStreetMap als doctors eingetragen. Öffnungszeiten in OSM eingetragen; nicht unabhängig bestätigt.",
        "status": "OSM-Eintrag, nicht offiziell geprüft",
        "startDate": null,
        "endDate": null,
        "nextStep": "Aktuelle Angaben direkt beim Ort prüfen.",
        "unknowns": [
          "Aktueller Betrieb und tatsächliche Öffnungszeiten"
        ],
        "scale": "street",
        "geometryPrecision": "approximate",
        "sources": [
          {
            "url": "https://www.openstreetmap.org/way/292602842",
            "snapshotUrl": "https://gall.openstreetmap.de/api/interpreter",
            "title": "OpenStreetMap contributors",
            "publisher": "OpenStreetMap contributors",
            "locator": "way/292602842; tags.name, tags.amenity",
            "retrievedAt": "2026-09-26T17:13:34.916Z",
            "sha256": "5823f93f2fb62fbc3bf3e118d0f924e376670dc1978240e22d9ef4e10e301e05",
            "snapshot": true,
            "licence": "ODbL 1.0",
            "reuse": "open_licence"
          }
        ],
        "extraction": {
          "method": "structured"
        },
        "reviewState": "candidate",
        "asOf": "2026-09-26T17:13:34.916Z"
      }
    },
    {
      "type": "Feature",
      "geometry": {
        "type": "Point",
        "coordinates": [
          13.8424633,
          52.5320443
        ]
      },
      "properties": {
        "id": "osm:way-345581574",
        "version": "bec2ac3fb13bfcd63c9cfa53244998392d78720b094aab7b8653dbb9c2f809d7",
        "cityId": "strausberg",
        "kind": "place",
        "category": "doctors",
        "title": "Vera-Marina Polster",
        "statement": "Vera-Marina Polster ist in OpenStreetMap als doctors eingetragen. Öffnungszeiten in OSM eingetragen; nicht unabhängig bestätigt.",
        "status": "OSM-Eintrag, nicht offiziell geprüft",
        "startDate": null,
        "endDate": null,
        "nextStep": "Aktuelle Angaben direkt beim Ort prüfen.",
        "unknowns": [
          "Aktueller Betrieb und tatsächliche Öffnungszeiten"
        ],
        "scale": "street",
        "geometryPrecision": "approximate",
        "sources": [
          {
            "url": "https://www.openstreetmap.org/way/345581574",
            "snapshotUrl": "https://gall.openstreetmap.de/api/interpreter",
            "title": "OpenStreetMap contributors",
            "publisher": "OpenStreetMap contributors",
            "locator": "way/345581574; tags.name, tags.amenity",
            "retrievedAt": "2026-09-26T17:13:34.916Z",
            "sha256": "5823f93f2fb62fbc3bf3e118d0f924e376670dc1978240e22d9ef4e10e301e05",
            "snapshot": true,
            "licence": "ODbL 1.0",
            "reuse": "open_licence"
          }
        ],
        "extraction": {
          "method": "structured"
        },
        "reviewState": "candidate",
        "asOf": "2026-09-26T17:13:34.916Z"
      }
    },
    {
      "type": "Feature",
      "geometry": {
        "type": "Point",
        "coordinates": [
          13.8941826,
          52.5870229
        ]
      },
      "properties": {
        "id": "osm:way-38246303",
        "version": "f66d0ea07505be11abea2e31c3e22d5660e4421d3b6d0ce603735f1c62bc5ea9",
        "cityId": "strausberg",
        "kind": "place",
        "category": "supermarket",
        "title": "Netto",
        "statement": "Netto ist in OpenStreetMap als supermarket eingetragen. Öffnungszeiten in OSM eingetragen; nicht unabhängig bestätigt.",
        "status": "OSM-Eintrag, nicht offiziell geprüft",
        "startDate": null,
        "endDate": null,
        "nextStep": "Aktuelle Angaben direkt beim Ort prüfen.",
        "unknowns": [
          "Aktueller Betrieb und tatsächliche Öffnungszeiten"
        ],
        "scale": "street",
        "geometryPrecision": "approximate",
        "sources": [
          {
            "url": "https://www.openstreetmap.org/way/38246303",
            "snapshotUrl": "https://gall.openstreetmap.de/api/interpreter",
            "title": "OpenStreetMap contributors",
            "publisher": "OpenStreetMap contributors",
            "locator": "way/38246303; tags.name, tags.shop",
            "retrievedAt": "2026-09-26T17:13:34.916Z",
            "sha256": "5823f93f2fb62fbc3bf3e118d0f924e376670dc1978240e22d9ef4e10e301e05",
            "snapshot": true,
            "licence": "ODbL 1.0",
            "reuse": "open_licence"
          }
        ],
        "extraction": {
          "method": "structured"
        },
        "reviewState": "candidate",
        "asOf": "2026-09-26T17:13:34.916Z"
      }
    },
    {
      "type": "Feature",
      "geometry": {
        "type": "Point",
        "coordinates": [
          13.8939694,
          52.5824551
        ]
      },
      "properties": {
        "id": "osm:way-38247119",
        "version": "b70866869cd222e67ee187dca195577b1edfe4e7d420af93d0a94815afef83aa",
        "cityId": "strausberg",
        "kind": "place",
        "category": "clinic",
        "title": "Ärztehaus Kastanienallee",
        "statement": "Ärztehaus Kastanienallee ist in OpenStreetMap als clinic eingetragen. Öffnungszeiten in OSM eingetragen; nicht unabhängig bestätigt.",
        "status": "OSM-Eintrag, nicht offiziell geprüft",
        "startDate": null,
        "endDate": null,
        "nextStep": "Aktuelle Angaben direkt beim Ort prüfen.",
        "unknowns": [
          "Aktueller Betrieb und tatsächliche Öffnungszeiten"
        ],
        "scale": "street",
        "geometryPrecision": "approximate",
        "sources": [
          {
            "url": "https://www.openstreetmap.org/way/38247119",
            "snapshotUrl": "https://gall.openstreetmap.de/api/interpreter",
            "title": "OpenStreetMap contributors",
            "publisher": "OpenStreetMap contributors",
            "locator": "way/38247119; tags.name, tags.amenity",
            "retrievedAt": "2026-09-26T17:13:34.916Z",
            "sha256": "5823f93f2fb62fbc3bf3e118d0f924e376670dc1978240e22d9ef4e10e301e05",
            "snapshot": true,
            "licence": "ODbL 1.0",
            "reuse": "open_licence"
          }
        ],
        "extraction": {
          "method": "structured"
        },
        "reviewState": "candidate",
        "asOf": "2026-09-26T17:13:34.916Z"
      }
    },
    {
      "type": "Feature",
      "geometry": {
        "type": "Point",
        "coordinates": [
          13.8890684,
          52.5842318
        ]
      },
      "properties": {
        "id": "osm:way-38248475",
        "version": "b294d8eb2a927ef87aa216a79bd2052c6a08de9f05976629f2f4f1c190d3ec26",
        "cityId": "strausberg",
        "kind": "place",
        "category": "multi",
        "title": "Energie Arena",
        "statement": "Energie Arena ist in OpenStreetMap als multi eingetragen. Betrieb und Öffnungszeiten nicht geprüft.",
        "status": "OSM-Eintrag, nicht offiziell geprüft",
        "startDate": null,
        "endDate": null,
        "nextStep": "Aktuelle Angaben direkt beim Ort prüfen.",
        "unknowns": [
          "Aktueller Betrieb und tatsächliche Öffnungszeiten"
        ],
        "scale": "street",
        "geometryPrecision": "approximate",
        "sources": [
          {
            "url": "https://www.openstreetmap.org/way/38248475",
            "snapshotUrl": "https://gall.openstreetmap.de/api/interpreter",
            "title": "OpenStreetMap contributors",
            "publisher": "OpenStreetMap contributors",
            "locator": "way/38248475; tags.name, tags.sport",
            "retrievedAt": "2026-09-26T17:13:34.916Z",
            "sha256": "5823f93f2fb62fbc3bf3e118d0f924e376670dc1978240e22d9ef4e10e301e05",
            "snapshot": true,
            "licence": "ODbL 1.0",
            "reuse": "open_licence"
          }
        ],
        "extraction": {
          "method": "structured"
        },
        "reviewState": "candidate",
        "asOf": "2026-09-26T17:13:34.916Z"
      }
    },
    {
      "type": "Feature",
      "geometry": {
        "type": "Point",
        "coordinates": [
          13.8879876,
          52.5850802
        ]
      },
      "properties": {
        "id": "osm:way-38248477",
        "version": "0ead9e2d7dad5d21f652adcd71ee98642cdcdcce2565343ca170528cbcb61ef5",
        "cityId": "strausberg",
        "kind": "place",
        "category": "swimming",
        "title": "Strausbad",
        "statement": "Strausbad ist in OpenStreetMap als swimming eingetragen. Öffnungszeiten in OSM eingetragen; nicht unabhängig bestätigt.",
        "status": "OSM-Eintrag, nicht offiziell geprüft",
        "startDate": null,
        "endDate": null,
        "nextStep": "Aktuelle Angaben direkt beim Ort prüfen.",
        "unknowns": [
          "Aktueller Betrieb und tatsächliche Öffnungszeiten"
        ],
        "scale": "street",
        "geometryPrecision": "approximate",
        "sources": [
          {
            "url": "https://www.openstreetmap.org/way/38248477",
            "snapshotUrl": "https://gall.openstreetmap.de/api/interpreter",
            "title": "OpenStreetMap contributors",
            "publisher": "OpenStreetMap contributors",
            "locator": "way/38248477; tags.name, tags.sport",
            "retrievedAt": "2026-09-26T17:13:34.916Z",
            "sha256": "5823f93f2fb62fbc3bf3e118d0f924e376670dc1978240e22d9ef4e10e301e05",
            "snapshot": true,
            "licence": "ODbL 1.0",
            "reuse": "open_licence"
          }
        ],
        "extraction": {
          "method": "structured"
        },
        "reviewState": "candidate",
        "asOf": "2026-09-26T17:13:34.916Z"
      }
    },
    {
      "type": "Feature",
      "geometry": {
        "type": "Point",
        "coordinates": [
          13.8871542,
          52.5846049
        ]
      },
      "properties": {
        "id": "osm:way-38248483",
        "version": "c99f9d6d692a3bdce70520f58ccf58cc0083f5a680e11152712d47182154509f",
        "cityId": "strausberg",
        "kind": "place",
        "category": "multi",
        "title": "Mehrzweckhalle Oberstufenzentrum",
        "statement": "Mehrzweckhalle Oberstufenzentrum ist in OpenStreetMap als multi eingetragen. Betrieb und Öffnungszeiten nicht geprüft.",
        "status": "OSM-Eintrag, nicht offiziell geprüft",
        "startDate": null,
        "endDate": null,
        "nextStep": "Aktuelle Angaben direkt beim Ort prüfen.",
        "unknowns": [
          "Aktueller Betrieb und tatsächliche Öffnungszeiten"
        ],
        "scale": "street",
        "geometryPrecision": "approximate",
        "sources": [
          {
            "url": "https://www.openstreetmap.org/way/38248483",
            "snapshotUrl": "https://gall.openstreetmap.de/api/interpreter",
            "title": "OpenStreetMap contributors",
            "publisher": "OpenStreetMap contributors",
            "locator": "way/38248483; tags.name, tags.sport",
            "retrievedAt": "2026-09-26T17:13:34.916Z",
            "sha256": "5823f93f2fb62fbc3bf3e118d0f924e376670dc1978240e22d9ef4e10e301e05",
            "snapshot": true,
            "licence": "ODbL 1.0",
            "reuse": "open_licence"
          }
        ],
        "extraction": {
          "method": "structured"
        },
        "reviewState": "candidate",
        "asOf": "2026-09-26T17:13:34.916Z"
      }
    },
    {
      "type": "Feature",
      "geometry": {
        "type": "Point",
        "coordinates": [
          13.8865499,
          52.5841924
        ]
      },
      "properties": {
        "id": "osm:way-38248485",
        "version": "c07e452319384e561db6bec89a7220af5a5403b1fcb84a54a9faaa5e0cc17724",
        "cityId": "strausberg",
        "kind": "place",
        "category": "school",
        "title": "Oberstufenzentrum Märkisch-Oderland",
        "statement": "Oberstufenzentrum Märkisch-Oderland ist in OpenStreetMap als school eingetragen. Betrieb und Öffnungszeiten nicht geprüft.",
        "status": "OSM-Eintrag, nicht offiziell geprüft",
        "startDate": null,
        "endDate": null,
        "nextStep": "Aktuelle Angaben direkt beim Ort prüfen.",
        "unknowns": [
          "Aktueller Betrieb und tatsächliche Öffnungszeiten"
        ],
        "scale": "street",
        "geometryPrecision": "approximate",
        "sources": [
          {
            "url": "https://www.openstreetmap.org/way/38248485",
            "snapshotUrl": "https://gall.openstreetmap.de/api/interpreter",
            "title": "OpenStreetMap contributors",
            "publisher": "OpenStreetMap contributors",
            "locator": "way/38248485; tags.name, tags.amenity",
            "retrievedAt": "2026-09-26T17:13:34.916Z",
            "sha256": "5823f93f2fb62fbc3bf3e118d0f924e376670dc1978240e22d9ef4e10e301e05",
            "snapshot": true,
            "licence": "ODbL 1.0",
            "reuse": "open_licence"
          }
        ],
        "extraction": {
          "method": "structured"
        },
        "reviewState": "candidate",
        "asOf": "2026-09-26T17:13:34.916Z"
      }
    },
    {
      "type": "Feature",
      "geometry": {
        "type": "Point",
        "coordinates": [
          13.8891463,
          52.5758634
        ]
      },
      "properties": {
        "id": "osm:way-38285451",
        "version": "fb9f80b00d54a0ac770f581e328303334c0e0cf1f7c0b227b2b23a73c55164f0",
        "cityId": "strausberg",
        "kind": "place",
        "category": "multi;volleyball;soccer",
        "title": "Mühlenberghalle",
        "statement": "Mühlenberghalle ist in OpenStreetMap als multi;volleyball;soccer eingetragen. Betrieb und Öffnungszeiten nicht geprüft.",
        "status": "OSM-Eintrag, nicht offiziell geprüft",
        "startDate": null,
        "endDate": null,
        "nextStep": "Aktuelle Angaben direkt beim Ort prüfen.",
        "unknowns": [
          "Aktueller Betrieb und tatsächliche Öffnungszeiten"
        ],
        "scale": "street",
        "geometryPrecision": "approximate",
        "sources": [
          {
            "url": "https://www.openstreetmap.org/way/38285451",
            "snapshotUrl": "https://gall.openstreetmap.de/api/interpreter",
            "title": "OpenStreetMap contributors",
            "publisher": "OpenStreetMap contributors",
            "locator": "way/38285451; tags.name, tags.sport",
            "retrievedAt": "2026-09-26T17:13:34.916Z",
            "sha256": "5823f93f2fb62fbc3bf3e118d0f924e376670dc1978240e22d9ef4e10e301e05",
            "snapshot": true,
            "licence": "ODbL 1.0",
            "reuse": "open_licence"
          }
        ],
        "extraction": {
          "method": "structured"
        },
        "reviewState": "candidate",
        "asOf": "2026-09-26T17:13:34.916Z"
      }
    },
    {
      "type": "Feature",
      "geometry": {
        "type": "Point",
        "coordinates": [
          13.8805802,
          52.5829911
        ]
      },
      "properties": {
        "id": "osm:way-38495889",
        "version": "b975380a37e97d380110390f0ebb76922b4bf02b615cc0eb1468541474c45ee3",
        "cityId": "strausberg",
        "kind": "place",
        "category": "scuba_diving",
        "title": "Tauchbasis \"1A-Tauchcenter\"",
        "statement": "Tauchbasis \"1A-Tauchcenter\" ist in OpenStreetMap als scuba_diving eingetragen. Betrieb und Öffnungszeiten nicht geprüft.",
        "status": "OSM-Eintrag, nicht offiziell geprüft",
        "startDate": null,
        "endDate": null,
        "nextStep": "Aktuelle Angaben direkt beim Ort prüfen.",
        "unknowns": [
          "Aktueller Betrieb und tatsächliche Öffnungszeiten"
        ],
        "scale": "street",
        "geometryPrecision": "approximate",
        "sources": [
          {
            "url": "https://www.openstreetmap.org/way/38495889",
            "snapshotUrl": "https://gall.openstreetmap.de/api/interpreter",
            "title": "OpenStreetMap contributors",
            "publisher": "OpenStreetMap contributors",
            "locator": "way/38495889; tags.name, tags.sport",
            "retrievedAt": "2026-09-26T17:13:34.916Z",
            "sha256": "5823f93f2fb62fbc3bf3e118d0f924e376670dc1978240e22d9ef4e10e301e05",
            "snapshot": true,
            "licence": "ODbL 1.0",
            "reuse": "open_licence"
          }
        ],
        "extraction": {
          "method": "structured"
        },
        "reviewState": "candidate",
        "asOf": "2026-09-26T17:13:34.916Z"
      }
    },
    {
      "type": "Feature",
      "geometry": {
        "type": "Point",
        "coordinates": [
          13.8823142,
          52.5749909
        ]
      },
      "properties": {
        "id": "osm:way-38496524",
        "version": "74e1e9cf2fb927545c51d6c72421d9f9c6bbe9c4fa75fa78cd09eced39dbd2aa",
        "cityId": "strausberg",
        "kind": "place",
        "category": "townhall",
        "title": "Stadtverwaltung",
        "statement": "Stadtverwaltung ist in OpenStreetMap als townhall eingetragen. Betrieb und Öffnungszeiten nicht geprüft.",
        "status": "OSM-Eintrag, nicht offiziell geprüft",
        "startDate": null,
        "endDate": null,
        "nextStep": "Aktuelle Angaben direkt beim Ort prüfen.",
        "unknowns": [
          "Aktueller Betrieb und tatsächliche Öffnungszeiten"
        ],
        "scale": "street",
        "geometryPrecision": "approximate",
        "sources": [
          {
            "url": "https://www.openstreetmap.org/way/38496524",
            "snapshotUrl": "https://gall.openstreetmap.de/api/interpreter",
            "title": "OpenStreetMap contributors",
            "publisher": "OpenStreetMap contributors",
            "locator": "way/38496524; tags.name, tags.amenity",
            "retrievedAt": "2026-09-26T17:13:34.916Z",
            "sha256": "5823f93f2fb62fbc3bf3e118d0f924e376670dc1978240e22d9ef4e10e301e05",
            "snapshot": true,
            "licence": "ODbL 1.0",
            "reuse": "open_licence"
          }
        ],
        "extraction": {
          "method": "structured"
        },
        "reviewState": "candidate",
        "asOf": "2026-09-26T17:13:34.916Z"
      }
    },
    {
      "type": "Feature",
      "geometry": {
        "type": "Point",
        "coordinates": [
          13.8785259,
          52.5745285
        ]
      },
      "properties": {
        "id": "osm:way-38496868",
        "version": "6f776d162d5e2be8ee28c97e6fa4d1e973a05724c6c3ddc5579c4d467978b32c",
        "cityId": "strausberg",
        "kind": "place",
        "category": "school",
        "title": "Theodor-Fontane-Gymnasium Strausberg",
        "statement": "Theodor-Fontane-Gymnasium Strausberg ist in OpenStreetMap als school eingetragen. Betrieb und Öffnungszeiten nicht geprüft.",
        "status": "OSM-Eintrag, nicht offiziell geprüft",
        "startDate": null,
        "endDate": null,
        "nextStep": "Aktuelle Angaben direkt beim Ort prüfen.",
        "unknowns": [
          "Aktueller Betrieb und tatsächliche Öffnungszeiten"
        ],
        "scale": "street",
        "geometryPrecision": "approximate",
        "sources": [
          {
            "url": "https://www.openstreetmap.org/way/38496868",
            "snapshotUrl": "https://gall.openstreetmap.de/api/interpreter",
            "title": "OpenStreetMap contributors",
            "publisher": "OpenStreetMap contributors",
            "locator": "way/38496868; tags.name, tags.amenity",
            "retrievedAt": "2026-09-26T17:13:34.916Z",
            "sha256": "5823f93f2fb62fbc3bf3e118d0f924e376670dc1978240e22d9ef4e10e301e05",
            "snapshot": true,
            "licence": "ODbL 1.0",
            "reuse": "open_licence"
          }
        ],
        "extraction": {
          "method": "structured"
        },
        "reviewState": "candidate",
        "asOf": "2026-09-26T17:13:34.916Z"
      }
    },
    {
      "type": "Feature",
      "geometry": {
        "type": "Point",
        "coordinates": [
          13.9206497,
          52.5942186
        ]
      },
      "properties": {
        "id": "osm:way-38880148",
        "version": "63aee62f3ffc4bdd42b4def3fd8387cbd074f41f361a31c118f756ae2252d62e",
        "cityId": "strausberg",
        "kind": "place",
        "category": "doctors",
        "title": "Gesundheitszentrum",
        "statement": "Gesundheitszentrum ist in OpenStreetMap als doctors eingetragen. Betrieb und Öffnungszeiten nicht geprüft.",
        "status": "OSM-Eintrag, nicht offiziell geprüft",
        "startDate": null,
        "endDate": null,
        "nextStep": "Aktuelle Angaben direkt beim Ort prüfen.",
        "unknowns": [
          "Aktueller Betrieb und tatsächliche Öffnungszeiten"
        ],
        "scale": "street",
        "geometryPrecision": "approximate",
        "sources": [
          {
            "url": "https://www.openstreetmap.org/way/38880148",
            "snapshotUrl": "https://gall.openstreetmap.de/api/interpreter",
            "title": "OpenStreetMap contributors",
            "publisher": "OpenStreetMap contributors",
            "locator": "way/38880148; tags.name, tags.amenity",
            "retrievedAt": "2026-09-26T17:13:34.916Z",
            "sha256": "5823f93f2fb62fbc3bf3e118d0f924e376670dc1978240e22d9ef4e10e301e05",
            "snapshot": true,
            "licence": "ODbL 1.0",
            "reuse": "open_licence"
          }
        ],
        "extraction": {
          "method": "structured"
        },
        "reviewState": "candidate",
        "asOf": "2026-09-26T17:13:34.916Z"
      }
    },
    {
      "type": "Feature",
      "geometry": {
        "type": "Point",
        "coordinates": [
          13.914383,
          52.5949464
        ]
      },
      "properties": {
        "id": "osm:way-38880150",
        "version": "411ff460f4f193c3533c9eb290ad7de486c84be97b847db81bba6329589c959e",
        "cityId": "strausberg",
        "kind": "place",
        "category": "library",
        "title": "Fachinformationsstelle Strausberg",
        "statement": "Fachinformationsstelle Strausberg ist in OpenStreetMap als library eingetragen. Öffnungszeiten in OSM eingetragen; nicht unabhängig bestätigt.",
        "status": "OSM-Eintrag, nicht offiziell geprüft",
        "startDate": null,
        "endDate": null,
        "nextStep": "Aktuelle Angaben direkt beim Ort prüfen.",
        "unknowns": [
          "Aktueller Betrieb und tatsächliche Öffnungszeiten"
        ],
        "scale": "street",
        "geometryPrecision": "approximate",
        "sources": [
          {
            "url": "https://www.openstreetmap.org/way/38880150",
            "snapshotUrl": "https://gall.openstreetmap.de/api/interpreter",
            "title": "OpenStreetMap contributors",
            "publisher": "OpenStreetMap contributors",
            "locator": "way/38880150; tags.name, tags.amenity",
            "retrievedAt": "2026-09-26T17:13:34.916Z",
            "sha256": "5823f93f2fb62fbc3bf3e118d0f924e376670dc1978240e22d9ef4e10e301e05",
            "snapshot": true,
            "licence": "ODbL 1.0",
            "reuse": "open_licence"
          }
        ],
        "extraction": {
          "method": "structured"
        },
        "reviewState": "candidate",
        "asOf": "2026-09-26T17:13:34.916Z"
      }
    },
    {
      "type": "Feature",
      "geometry": {
        "type": "Point",
        "coordinates": [
          13.9097238,
          52.592169
        ]
      },
      "properties": {
        "id": "osm:way-38880957",
        "version": "cae70843cec26004924fabca80e9b61a37ae6f6b1c42a889b326fa75155d1f16",
        "cityId": "strausberg",
        "kind": "place",
        "category": "supermarket",
        "title": "Aldi",
        "statement": "Aldi ist in OpenStreetMap als supermarket eingetragen. Öffnungszeiten in OSM eingetragen; nicht unabhängig bestätigt.",
        "status": "OSM-Eintrag, nicht offiziell geprüft",
        "startDate": null,
        "endDate": null,
        "nextStep": "Aktuelle Angaben direkt beim Ort prüfen.",
        "unknowns": [
          "Aktueller Betrieb und tatsächliche Öffnungszeiten"
        ],
        "scale": "street",
        "geometryPrecision": "approximate",
        "sources": [
          {
            "url": "https://www.openstreetmap.org/way/38880957",
            "snapshotUrl": "https://gall.openstreetmap.de/api/interpreter",
            "title": "OpenStreetMap contributors",
            "publisher": "OpenStreetMap contributors",
            "locator": "way/38880957; tags.name, tags.shop",
            "retrievedAt": "2026-09-26T17:13:34.916Z",
            "sha256": "5823f93f2fb62fbc3bf3e118d0f924e376670dc1978240e22d9ef4e10e301e05",
            "snapshot": true,
            "licence": "ODbL 1.0",
            "reuse": "open_licence"
          }
        ],
        "extraction": {
          "method": "structured"
        },
        "reviewState": "candidate",
        "asOf": "2026-09-26T17:13:34.916Z"
      }
    },
    {
      "type": "Feature",
      "geometry": {
        "type": "Point",
        "coordinates": [
          13.8957842,
          52.5947587
        ]
      },
      "properties": {
        "id": "osm:way-38910719",
        "version": "a4cfeb4822f4d6321377ad7b2ebf800d860b35f267f41e2646f93207d10f19d7",
        "cityId": "strausberg",
        "kind": "place",
        "category": "soccer",
        "title": "SV Gartenstadt 71",
        "statement": "SV Gartenstadt 71 ist in OpenStreetMap als soccer eingetragen. Betrieb und Öffnungszeiten nicht geprüft.",
        "status": "OSM-Eintrag, nicht offiziell geprüft",
        "startDate": null,
        "endDate": null,
        "nextStep": "Aktuelle Angaben direkt beim Ort prüfen.",
        "unknowns": [
          "Aktueller Betrieb und tatsächliche Öffnungszeiten"
        ],
        "scale": "street",
        "geometryPrecision": "approximate",
        "sources": [
          {
            "url": "https://www.openstreetmap.org/way/38910719",
            "snapshotUrl": "https://gall.openstreetmap.de/api/interpreter",
            "title": "OpenStreetMap contributors",
            "publisher": "OpenStreetMap contributors",
            "locator": "way/38910719; tags.name, tags.sport",
            "retrievedAt": "2026-09-26T17:13:34.916Z",
            "sha256": "5823f93f2fb62fbc3bf3e118d0f924e376670dc1978240e22d9ef4e10e301e05",
            "snapshot": true,
            "licence": "ODbL 1.0",
            "reuse": "open_licence"
          }
        ],
        "extraction": {
          "method": "structured"
        },
        "reviewState": "candidate",
        "asOf": "2026-09-26T17:13:34.916Z"
      }
    },
    {
      "type": "Feature",
      "geometry": {
        "type": "Point",
        "coordinates": [
          13.872071,
          52.5581415
        ]
      },
      "properties": {
        "id": "osm:way-39216902",
        "version": "987b28d67aba8e31325e8be69d3d6606c1963115f44e6f9dbca7de6f4f25f708",
        "cityId": "strausberg",
        "kind": "place",
        "category": "supermarket",
        "title": "EDEKA Center Friedebold",
        "statement": "EDEKA Center Friedebold ist in OpenStreetMap als supermarket eingetragen. Öffnungszeiten in OSM eingetragen; nicht unabhängig bestätigt.",
        "status": "OSM-Eintrag, nicht offiziell geprüft",
        "startDate": null,
        "endDate": null,
        "nextStep": "Aktuelle Angaben direkt beim Ort prüfen.",
        "unknowns": [
          "Aktueller Betrieb und tatsächliche Öffnungszeiten"
        ],
        "scale": "street",
        "geometryPrecision": "approximate",
        "sources": [
          {
            "url": "https://www.openstreetmap.org/way/39216902",
            "snapshotUrl": "https://gall.openstreetmap.de/api/interpreter",
            "title": "OpenStreetMap contributors",
            "publisher": "OpenStreetMap contributors",
            "locator": "way/39216902; tags.name, tags.shop",
            "retrievedAt": "2026-09-26T17:13:34.916Z",
            "sha256": "5823f93f2fb62fbc3bf3e118d0f924e376670dc1978240e22d9ef4e10e301e05",
            "snapshot": true,
            "licence": "ODbL 1.0",
            "reuse": "open_licence"
          }
        ],
        "extraction": {
          "method": "structured"
        },
        "reviewState": "candidate",
        "asOf": "2026-09-26T17:13:34.916Z"
      }
    },
    {
      "type": "Feature",
      "geometry": {
        "type": "Point",
        "coordinates": [
          13.8884728,
          52.5785512
        ]
      },
      "properties": {
        "id": "osm:way-39490563",
        "version": "06c41dcaf77b9b2204a2efb0c124145e0a8e3b0af4fc331cec453e24a9c9b2f1",
        "cityId": "strausberg",
        "kind": "place",
        "category": "fire_station",
        "title": "Freiwillige Feuerwehr Strausberg",
        "statement": "Freiwillige Feuerwehr Strausberg ist in OpenStreetMap als fire_station eingetragen. Betrieb und Öffnungszeiten nicht geprüft.",
        "status": "OSM-Eintrag, nicht offiziell geprüft",
        "startDate": null,
        "endDate": null,
        "nextStep": "Aktuelle Angaben direkt beim Ort prüfen.",
        "unknowns": [
          "Aktueller Betrieb und tatsächliche Öffnungszeiten"
        ],
        "scale": "street",
        "geometryPrecision": "approximate",
        "sources": [
          {
            "url": "https://www.openstreetmap.org/way/39490563",
            "snapshotUrl": "https://gall.openstreetmap.de/api/interpreter",
            "title": "OpenStreetMap contributors",
            "publisher": "OpenStreetMap contributors",
            "locator": "way/39490563; tags.name, tags.amenity",
            "retrievedAt": "2026-09-26T17:13:34.916Z",
            "sha256": "5823f93f2fb62fbc3bf3e118d0f924e376670dc1978240e22d9ef4e10e301e05",
            "snapshot": true,
            "licence": "ODbL 1.0",
            "reuse": "open_licence"
          }
        ],
        "extraction": {
          "method": "structured"
        },
        "reviewState": "candidate",
        "asOf": "2026-09-26T17:13:34.916Z"
      }
    },
    {
      "type": "Feature",
      "geometry": {
        "type": "Point",
        "coordinates": [
          13.871255,
          52.5684266
        ]
      },
      "properties": {
        "id": "osm:way-39629143",
        "version": "71aa5dc42614ecb745e2bd6d72376a7ec25e25423cfe561d31d4071dfddc47de",
        "cityId": "strausberg",
        "kind": "place",
        "category": "supermarket",
        "title": "Lidl",
        "statement": "Lidl ist in OpenStreetMap als supermarket eingetragen. Öffnungszeiten in OSM eingetragen; nicht unabhängig bestätigt.",
        "status": "OSM-Eintrag, nicht offiziell geprüft",
        "startDate": null,
        "endDate": null,
        "nextStep": "Aktuelle Angaben direkt beim Ort prüfen.",
        "unknowns": [
          "Aktueller Betrieb und tatsächliche Öffnungszeiten"
        ],
        "scale": "street",
        "geometryPrecision": "approximate",
        "sources": [
          {
            "url": "https://www.openstreetmap.org/way/39629143",
            "snapshotUrl": "https://gall.openstreetmap.de/api/interpreter",
            "title": "OpenStreetMap contributors",
            "publisher": "OpenStreetMap contributors",
            "locator": "way/39629143; tags.name, tags.shop",
            "retrievedAt": "2026-09-26T17:13:34.916Z",
            "sha256": "5823f93f2fb62fbc3bf3e118d0f924e376670dc1978240e22d9ef4e10e301e05",
            "snapshot": true,
            "licence": "ODbL 1.0",
            "reuse": "open_licence"
          }
        ],
        "extraction": {
          "method": "structured"
        },
        "reviewState": "candidate",
        "asOf": "2026-09-26T17:13:34.916Z"
      }
    },
    {
      "type": "Feature",
      "geometry": {
        "type": "Point",
        "coordinates": [
          13.8370074,
          52.5407057
        ]
      },
      "properties": {
        "id": "osm:way-409585637",
        "version": "ddc74e4cb413c2c1d0f79ad4a42f2853d6e82a074f089833c46247133f47449d",
        "cityId": "strausberg",
        "kind": "place",
        "category": "judo",
        "title": "Judohalle",
        "statement": "Judohalle ist in OpenStreetMap als judo eingetragen. Betrieb und Öffnungszeiten nicht geprüft.",
        "status": "OSM-Eintrag, nicht offiziell geprüft",
        "startDate": null,
        "endDate": null,
        "nextStep": "Aktuelle Angaben direkt beim Ort prüfen.",
        "unknowns": [
          "Aktueller Betrieb und tatsächliche Öffnungszeiten"
        ],
        "scale": "street",
        "geometryPrecision": "approximate",
        "sources": [
          {
            "url": "https://www.openstreetmap.org/way/409585637",
            "snapshotUrl": "https://gall.openstreetmap.de/api/interpreter",
            "title": "OpenStreetMap contributors",
            "publisher": "OpenStreetMap contributors",
            "locator": "way/409585637; tags.name, tags.sport",
            "retrievedAt": "2026-09-26T17:13:34.916Z",
            "sha256": "5823f93f2fb62fbc3bf3e118d0f924e376670dc1978240e22d9ef4e10e301e05",
            "snapshot": true,
            "licence": "ODbL 1.0",
            "reuse": "open_licence"
          }
        ],
        "extraction": {
          "method": "structured"
        },
        "reviewState": "candidate",
        "asOf": "2026-09-26T17:13:34.916Z"
      }
    },
    {
      "type": "Feature",
      "geometry": {
        "type": "Point",
        "coordinates": [
          13.8405693,
          52.5402
        ]
      },
      "properties": {
        "id": "osm:way-412761771",
        "version": "ec410f529e3900729f3618b4172a7f410abe548fb08e4c8fc0aef895150ac71a",
        "cityId": "strausberg",
        "kind": "place",
        "category": "badminton;tennis;10pin;table_tennis;squash",
        "title": "Sportwelt Strausberg",
        "statement": "Sportwelt Strausberg ist in OpenStreetMap als badminton;tennis;10pin;table_tennis;squash eingetragen. Betrieb und Öffnungszeiten nicht geprüft.",
        "status": "OSM-Eintrag, nicht offiziell geprüft",
        "startDate": null,
        "endDate": null,
        "nextStep": "Aktuelle Angaben direkt beim Ort prüfen.",
        "unknowns": [
          "Aktueller Betrieb und tatsächliche Öffnungszeiten"
        ],
        "scale": "street",
        "geometryPrecision": "approximate",
        "sources": [
          {
            "url": "https://www.openstreetmap.org/way/412761771",
            "snapshotUrl": "https://gall.openstreetmap.de/api/interpreter",
            "title": "OpenStreetMap contributors",
            "publisher": "OpenStreetMap contributors",
            "locator": "way/412761771; tags.name, tags.sport",
            "retrievedAt": "2026-09-26T17:13:34.916Z",
            "sha256": "5823f93f2fb62fbc3bf3e118d0f924e376670dc1978240e22d9ef4e10e301e05",
            "snapshot": true,
            "licence": "ODbL 1.0",
            "reuse": "open_licence"
          }
        ],
        "extraction": {
          "method": "structured"
        },
        "reviewState": "candidate",
        "asOf": "2026-09-26T17:13:34.916Z"
      }
    },
    {
      "type": "Feature",
      "geometry": {
        "type": "Point",
        "coordinates": [
          13.8402937,
          52.5435184
        ]
      },
      "properties": {
        "id": "osm:way-412785735",
        "version": "a9ee21babaecdb2ab51807719896d3b992f01951152edf374a29c35a71b306ef",
        "cityId": "strausberg",
        "kind": "place",
        "category": "sport",
        "title": "Vereinsheim und KK-Stand",
        "statement": "Vereinsheim und KK-Stand ist in OpenStreetMap als sport eingetragen. Betrieb und Öffnungszeiten nicht geprüft.",
        "status": "OSM-Eintrag, nicht offiziell geprüft",
        "startDate": null,
        "endDate": null,
        "nextStep": "Aktuelle Angaben direkt beim Ort prüfen.",
        "unknowns": [
          "Aktueller Betrieb und tatsächliche Öffnungszeiten"
        ],
        "scale": "street",
        "geometryPrecision": "approximate",
        "sources": [
          {
            "url": "https://www.openstreetmap.org/way/412785735",
            "snapshotUrl": "https://gall.openstreetmap.de/api/interpreter",
            "title": "OpenStreetMap contributors",
            "publisher": "OpenStreetMap contributors",
            "locator": "way/412785735; tags.name, tags.club",
            "retrievedAt": "2026-09-26T17:13:34.916Z",
            "sha256": "5823f93f2fb62fbc3bf3e118d0f924e376670dc1978240e22d9ef4e10e301e05",
            "snapshot": true,
            "licence": "ODbL 1.0",
            "reuse": "open_licence"
          }
        ],
        "extraction": {
          "method": "structured"
        },
        "reviewState": "candidate",
        "asOf": "2026-09-26T17:13:34.916Z"
      }
    },
    {
      "type": "Feature",
      "geometry": {
        "type": "Point",
        "coordinates": [
          13.8426259,
          52.5403769
        ]
      },
      "properties": {
        "id": "osm:way-421767736",
        "version": "2ca2ad6dcf1920abd513aa8cb5407ee492eebcc22bc39001d0768e43b8bdc010",
        "cityId": "strausberg",
        "kind": "place",
        "category": "climbing_adventure",
        "title": "CLIMB UP! Kletterwald",
        "statement": "CLIMB UP! Kletterwald ist in OpenStreetMap als climbing_adventure eingetragen. Betrieb und Öffnungszeiten nicht geprüft.",
        "status": "OSM-Eintrag, nicht offiziell geprüft",
        "startDate": null,
        "endDate": null,
        "nextStep": "Aktuelle Angaben direkt beim Ort prüfen.",
        "unknowns": [
          "Aktueller Betrieb und tatsächliche Öffnungszeiten"
        ],
        "scale": "street",
        "geometryPrecision": "approximate",
        "sources": [
          {
            "url": "https://www.openstreetmap.org/way/421767736",
            "snapshotUrl": "https://gall.openstreetmap.de/api/interpreter",
            "title": "OpenStreetMap contributors",
            "publisher": "OpenStreetMap contributors",
            "locator": "way/421767736; tags.name, tags.sport",
            "retrievedAt": "2026-09-26T17:13:34.916Z",
            "sha256": "5823f93f2fb62fbc3bf3e118d0f924e376670dc1978240e22d9ef4e10e301e05",
            "snapshot": true,
            "licence": "ODbL 1.0",
            "reuse": "open_licence"
          }
        ],
        "extraction": {
          "method": "structured"
        },
        "reviewState": "candidate",
        "asOf": "2026-09-26T17:13:34.916Z"
      }
    },
    {
      "type": "Feature",
      "geometry": {
        "type": "Point",
        "coordinates": [
          13.9705611,
          52.5668254
        ]
      },
      "properties": {
        "id": "osm:way-466886028",
        "version": "c55b16c5627250181ea3852f941ad5395abf4aff8428d396e73546a65a4e65d1",
        "cityId": "strausberg",
        "kind": "place",
        "category": "fire_station",
        "title": "Freiwillige Feuerwehr Hohenstein",
        "statement": "Freiwillige Feuerwehr Hohenstein ist in OpenStreetMap als fire_station eingetragen. Betrieb und Öffnungszeiten nicht geprüft.",
        "status": "OSM-Eintrag, nicht offiziell geprüft",
        "startDate": null,
        "endDate": null,
        "nextStep": "Aktuelle Angaben direkt beim Ort prüfen.",
        "unknowns": [
          "Aktueller Betrieb und tatsächliche Öffnungszeiten"
        ],
        "scale": "street",
        "geometryPrecision": "approximate",
        "sources": [
          {
            "url": "https://www.openstreetmap.org/way/466886028",
            "snapshotUrl": "https://gall.openstreetmap.de/api/interpreter",
            "title": "OpenStreetMap contributors",
            "publisher": "OpenStreetMap contributors",
            "locator": "way/466886028; tags.name, tags.amenity",
            "retrievedAt": "2026-09-26T17:13:34.916Z",
            "sha256": "5823f93f2fb62fbc3bf3e118d0f924e376670dc1978240e22d9ef4e10e301e05",
            "snapshot": true,
            "licence": "ODbL 1.0",
            "reuse": "open_licence"
          }
        ],
        "extraction": {
          "method": "structured"
        },
        "reviewState": "candidate",
        "asOf": "2026-09-26T17:13:34.916Z"
      }
    },
    {
      "type": "Feature",
      "geometry": {
        "type": "Point",
        "coordinates": [
          13.8644199,
          52.5496797
        ]
      },
      "properties": {
        "id": "osm:way-51197646",
        "version": "7171abf48886dfdef2249111015f62001238d3f76f36ecee96f91a358cae8d42",
        "cityId": "strausberg",
        "kind": "place",
        "category": "supermarket",
        "title": "nah & gut by Friedebold",
        "statement": "nah & gut by Friedebold ist in OpenStreetMap als supermarket eingetragen. Öffnungszeiten in OSM eingetragen; nicht unabhängig bestätigt.",
        "status": "OSM-Eintrag, nicht offiziell geprüft",
        "startDate": null,
        "endDate": null,
        "nextStep": "Aktuelle Angaben direkt beim Ort prüfen.",
        "unknowns": [
          "Aktueller Betrieb und tatsächliche Öffnungszeiten"
        ],
        "scale": "street",
        "geometryPrecision": "approximate",
        "sources": [
          {
            "url": "https://www.openstreetmap.org/way/51197646",
            "snapshotUrl": "https://gall.openstreetmap.de/api/interpreter",
            "title": "OpenStreetMap contributors",
            "publisher": "OpenStreetMap contributors",
            "locator": "way/51197646; tags.name, tags.shop",
            "retrievedAt": "2026-09-26T17:13:34.916Z",
            "sha256": "5823f93f2fb62fbc3bf3e118d0f924e376670dc1978240e22d9ef4e10e301e05",
            "snapshot": true,
            "licence": "ODbL 1.0",
            "reuse": "open_licence"
          }
        ],
        "extraction": {
          "method": "structured"
        },
        "reviewState": "candidate",
        "asOf": "2026-09-26T17:13:34.916Z"
      }
    },
    {
      "type": "Feature",
      "geometry": {
        "type": "Point",
        "coordinates": [
          13.8636582,
          52.5492091
        ]
      },
      "properties": {
        "id": "osm:way-51197664",
        "version": "949e15e5c684c51d016d7d4e31a2e85fdbb276a1d776141b8842739ce8648c18",
        "cityId": "strausberg",
        "kind": "place",
        "category": "supermarket",
        "title": "Aldi",
        "statement": "Aldi ist in OpenStreetMap als supermarket eingetragen. Öffnungszeiten in OSM eingetragen; nicht unabhängig bestätigt.",
        "status": "OSM-Eintrag, nicht offiziell geprüft",
        "startDate": null,
        "endDate": null,
        "nextStep": "Aktuelle Angaben direkt beim Ort prüfen.",
        "unknowns": [
          "Aktueller Betrieb und tatsächliche Öffnungszeiten"
        ],
        "scale": "street",
        "geometryPrecision": "approximate",
        "sources": [
          {
            "url": "https://www.openstreetmap.org/way/51197664",
            "snapshotUrl": "https://gall.openstreetmap.de/api/interpreter",
            "title": "OpenStreetMap contributors",
            "publisher": "OpenStreetMap contributors",
            "locator": "way/51197664; tags.name, tags.shop",
            "retrievedAt": "2026-09-26T17:13:34.916Z",
            "sha256": "5823f93f2fb62fbc3bf3e118d0f924e376670dc1978240e22d9ef4e10e301e05",
            "snapshot": true,
            "licence": "ODbL 1.0",
            "reuse": "open_licence"
          }
        ],
        "extraction": {
          "method": "structured"
        },
        "reviewState": "candidate",
        "asOf": "2026-09-26T17:13:34.916Z"
      }
    },
    {
      "type": "Feature",
      "geometry": {
        "type": "Point",
        "coordinates": [
          13.8678832,
          52.5534197
        ]
      },
      "properties": {
        "id": "osm:way-51199583",
        "version": "e1a4f61d17450cb87fd9ab2e6801b7ff2dc959d2ae1641af6b52d9b1249c7a57",
        "cityId": "strausberg",
        "kind": "place",
        "category": "kindergarten",
        "title": "AWO Kita \"Spatzennest\"",
        "statement": "AWO Kita \"Spatzennest\" ist in OpenStreetMap als kindergarten eingetragen. Betrieb und Öffnungszeiten nicht geprüft.",
        "status": "OSM-Eintrag, nicht offiziell geprüft",
        "startDate": null,
        "endDate": null,
        "nextStep": "Aktuelle Angaben direkt beim Ort prüfen.",
        "unknowns": [
          "Aktueller Betrieb und tatsächliche Öffnungszeiten"
        ],
        "scale": "street",
        "geometryPrecision": "approximate",
        "sources": [
          {
            "url": "https://www.openstreetmap.org/way/51199583",
            "snapshotUrl": "https://gall.openstreetmap.de/api/interpreter",
            "title": "OpenStreetMap contributors",
            "publisher": "OpenStreetMap contributors",
            "locator": "way/51199583; tags.name, tags.amenity",
            "retrievedAt": "2026-09-26T17:13:34.916Z",
            "sha256": "5823f93f2fb62fbc3bf3e118d0f924e376670dc1978240e22d9ef4e10e301e05",
            "snapshot": true,
            "licence": "ODbL 1.0",
            "reuse": "open_licence"
          }
        ],
        "extraction": {
          "method": "structured"
        },
        "reviewState": "candidate",
        "asOf": "2026-09-26T17:13:34.916Z"
      }
    },
    {
      "type": "Feature",
      "geometry": {
        "type": "Point",
        "coordinates": [
          13.8651872,
          52.5491306
        ]
      },
      "properties": {
        "id": "osm:way-51203081",
        "version": "87dea53b17d60626f9be6ad3a7de8015d88335ddb79055a40f4e90427c95f33d",
        "cityId": "strausberg",
        "kind": "place",
        "category": "school",
        "title": "Grundschule Am Annatal",
        "statement": "Grundschule Am Annatal ist in OpenStreetMap als school eingetragen. Betrieb und Öffnungszeiten nicht geprüft.",
        "status": "OSM-Eintrag, nicht offiziell geprüft",
        "startDate": null,
        "endDate": null,
        "nextStep": "Aktuelle Angaben direkt beim Ort prüfen.",
        "unknowns": [
          "Aktueller Betrieb und tatsächliche Öffnungszeiten"
        ],
        "scale": "street",
        "geometryPrecision": "approximate",
        "sources": [
          {
            "url": "https://www.openstreetmap.org/way/51203081",
            "snapshotUrl": "https://gall.openstreetmap.de/api/interpreter",
            "title": "OpenStreetMap contributors",
            "publisher": "OpenStreetMap contributors",
            "locator": "way/51203081; tags.name, tags.amenity",
            "retrievedAt": "2026-09-26T17:13:34.916Z",
            "sha256": "5823f93f2fb62fbc3bf3e118d0f924e376670dc1978240e22d9ef4e10e301e05",
            "snapshot": true,
            "licence": "ODbL 1.0",
            "reuse": "open_licence"
          }
        ],
        "extraction": {
          "method": "structured"
        },
        "reviewState": "candidate",
        "asOf": "2026-09-26T17:13:34.916Z"
      }
    },
    {
      "type": "Feature",
      "geometry": {
        "type": "Point",
        "coordinates": [
          13.8946163,
          52.5692136
        ]
      },
      "properties": {
        "id": "osm:way-51496066",
        "version": "cd326443b38e04231946120ac5d00a7d4ee07b5f5d06a6453b46a7112ce771da",
        "cityId": "strausberg",
        "kind": "place",
        "category": "kindergarten",
        "title": "Kita \"Kinderland\"",
        "statement": "Kita \"Kinderland\" ist in OpenStreetMap als kindergarten eingetragen. Betrieb und Öffnungszeiten nicht geprüft.",
        "status": "OSM-Eintrag, nicht offiziell geprüft",
        "startDate": null,
        "endDate": null,
        "nextStep": "Aktuelle Angaben direkt beim Ort prüfen.",
        "unknowns": [
          "Aktueller Betrieb und tatsächliche Öffnungszeiten"
        ],
        "scale": "street",
        "geometryPrecision": "approximate",
        "sources": [
          {
            "url": "https://www.openstreetmap.org/way/51496066",
            "snapshotUrl": "https://gall.openstreetmap.de/api/interpreter",
            "title": "OpenStreetMap contributors",
            "publisher": "OpenStreetMap contributors",
            "locator": "way/51496066; tags.name, tags.amenity",
            "retrievedAt": "2026-09-26T17:13:34.916Z",
            "sha256": "5823f93f2fb62fbc3bf3e118d0f924e376670dc1978240e22d9ef4e10e301e05",
            "snapshot": true,
            "licence": "ODbL 1.0",
            "reuse": "open_licence"
          }
        ],
        "extraction": {
          "method": "structured"
        },
        "reviewState": "candidate",
        "asOf": "2026-09-26T17:13:34.916Z"
      }
    },
    {
      "type": "Feature",
      "geometry": {
        "type": "Point",
        "coordinates": [
          13.8375341,
          52.5370726
        ]
      },
      "properties": {
        "id": "osm:way-548335579",
        "version": "64463d6395111e039c2d9554ae0573c58016195cc3487c67b7a025dc6119c42c",
        "cityId": "strausberg",
        "kind": "place",
        "category": "kindergarten",
        "title": "Kita Wirbelwind",
        "statement": "Kita Wirbelwind ist in OpenStreetMap als kindergarten eingetragen. Betrieb und Öffnungszeiten nicht geprüft.",
        "status": "OSM-Eintrag, nicht offiziell geprüft",
        "startDate": null,
        "endDate": null,
        "nextStep": "Aktuelle Angaben direkt beim Ort prüfen.",
        "unknowns": [
          "Aktueller Betrieb und tatsächliche Öffnungszeiten"
        ],
        "scale": "street",
        "geometryPrecision": "approximate",
        "sources": [
          {
            "url": "https://www.openstreetmap.org/way/548335579",
            "snapshotUrl": "https://gall.openstreetmap.de/api/interpreter",
            "title": "OpenStreetMap contributors",
            "publisher": "OpenStreetMap contributors",
            "locator": "way/548335579; tags.name, tags.amenity",
            "retrievedAt": "2026-09-26T17:13:34.916Z",
            "sha256": "5823f93f2fb62fbc3bf3e118d0f924e376670dc1978240e22d9ef4e10e301e05",
            "snapshot": true,
            "licence": "ODbL 1.0",
            "reuse": "open_licence"
          }
        ],
        "extraction": {
          "method": "structured"
        },
        "reviewState": "candidate",
        "asOf": "2026-09-26T17:13:34.916Z"
      }
    },
    {
      "type": "Feature",
      "geometry": {
        "type": "Point",
        "coordinates": [
          13.8374317,
          52.5363622
        ]
      },
      "properties": {
        "id": "osm:way-548335582",
        "version": "80502d8490518c1901d7b1e5e8538173df384954269495dfbb7759cc1f51a8e9",
        "cityId": "strausberg",
        "kind": "place",
        "category": "school",
        "title": "Vorstadt-Grundschule Strausberg",
        "statement": "Vorstadt-Grundschule Strausberg ist in OpenStreetMap als school eingetragen. Betrieb und Öffnungszeiten nicht geprüft.",
        "status": "OSM-Eintrag, nicht offiziell geprüft",
        "startDate": null,
        "endDate": null,
        "nextStep": "Aktuelle Angaben direkt beim Ort prüfen.",
        "unknowns": [
          "Aktueller Betrieb und tatsächliche Öffnungszeiten"
        ],
        "scale": "street",
        "geometryPrecision": "approximate",
        "sources": [
          {
            "url": "https://www.openstreetmap.org/way/548335582",
            "snapshotUrl": "https://gall.openstreetmap.de/api/interpreter",
            "title": "OpenStreetMap contributors",
            "publisher": "OpenStreetMap contributors",
            "locator": "way/548335582; tags.name, tags.amenity",
            "retrievedAt": "2026-09-26T17:13:34.916Z",
            "sha256": "5823f93f2fb62fbc3bf3e118d0f924e376670dc1978240e22d9ef4e10e301e05",
            "snapshot": true,
            "licence": "ODbL 1.0",
            "reuse": "open_licence"
          }
        ],
        "extraction": {
          "method": "structured"
        },
        "reviewState": "candidate",
        "asOf": "2026-09-26T17:13:34.916Z"
      }
    },
    {
      "type": "Feature",
      "geometry": {
        "type": "Point",
        "coordinates": [
          13.8364241,
          52.5346716
        ]
      },
      "properties": {
        "id": "osm:way-548338154",
        "version": "39171d26eeba9906fc65906e9c7994c08b9f6dbc7a68b9a022f7f656c70cb72c",
        "cityId": "strausberg",
        "kind": "place",
        "category": "kindergarten",
        "title": "Kita Juri Gagarin",
        "statement": "Kita Juri Gagarin ist in OpenStreetMap als kindergarten eingetragen. Betrieb und Öffnungszeiten nicht geprüft.",
        "status": "OSM-Eintrag, nicht offiziell geprüft",
        "startDate": null,
        "endDate": null,
        "nextStep": "Aktuelle Angaben direkt beim Ort prüfen.",
        "unknowns": [
          "Aktueller Betrieb und tatsächliche Öffnungszeiten"
        ],
        "scale": "street",
        "geometryPrecision": "approximate",
        "sources": [
          {
            "url": "https://www.openstreetmap.org/way/548338154",
            "snapshotUrl": "https://gall.openstreetmap.de/api/interpreter",
            "title": "OpenStreetMap contributors",
            "publisher": "OpenStreetMap contributors",
            "locator": "way/548338154; tags.name, tags.amenity",
            "retrievedAt": "2026-09-26T17:13:34.916Z",
            "sha256": "5823f93f2fb62fbc3bf3e118d0f924e376670dc1978240e22d9ef4e10e301e05",
            "snapshot": true,
            "licence": "ODbL 1.0",
            "reuse": "open_licence"
          }
        ],
        "extraction": {
          "method": "structured"
        },
        "reviewState": "candidate",
        "asOf": "2026-09-26T17:13:34.916Z"
      }
    },
    {
      "type": "Feature",
      "geometry": {
        "type": "Point",
        "coordinates": [
          13.8976342,
          52.5747014
        ]
      },
      "properties": {
        "id": "osm:way-548708519",
        "version": "06fc1fab4049f59814bbd43619c89123f34d3538c112d705ba8183de7ca9fb0f",
        "cityId": "strausberg",
        "kind": "place",
        "category": "kindergarten",
        "title": "DRK- Kita \" Zauberwald\"",
        "statement": "DRK- Kita \" Zauberwald\" ist in OpenStreetMap als kindergarten eingetragen. Betrieb und Öffnungszeiten nicht geprüft.",
        "status": "OSM-Eintrag, nicht offiziell geprüft",
        "startDate": null,
        "endDate": null,
        "nextStep": "Aktuelle Angaben direkt beim Ort prüfen.",
        "unknowns": [
          "Aktueller Betrieb und tatsächliche Öffnungszeiten"
        ],
        "scale": "street",
        "geometryPrecision": "approximate",
        "sources": [
          {
            "url": "https://www.openstreetmap.org/way/548708519",
            "snapshotUrl": "https://gall.openstreetmap.de/api/interpreter",
            "title": "OpenStreetMap contributors",
            "publisher": "OpenStreetMap contributors",
            "locator": "way/548708519; tags.name, tags.amenity",
            "retrievedAt": "2026-09-26T17:13:34.916Z",
            "sha256": "5823f93f2fb62fbc3bf3e118d0f924e376670dc1978240e22d9ef4e10e301e05",
            "snapshot": true,
            "licence": "ODbL 1.0",
            "reuse": "open_licence"
          }
        ],
        "extraction": {
          "method": "structured"
        },
        "reviewState": "candidate",
        "asOf": "2026-09-26T17:13:34.916Z"
      }
    },
    {
      "type": "Feature",
      "geometry": {
        "type": "Point",
        "coordinates": [
          13.8665098,
          52.5509633
        ]
      },
      "properties": {
        "id": "osm:way-549512494",
        "version": "34dc314de00ba267b301e232e71e44e02aebafaadb6a75f2ba78e53c20fb054b",
        "cityId": "strausberg",
        "kind": "place",
        "category": "kindergarten",
        "title": "Kita Tausendfüßler",
        "statement": "Kita Tausendfüßler ist in OpenStreetMap als kindergarten eingetragen. Betrieb und Öffnungszeiten nicht geprüft.",
        "status": "OSM-Eintrag, nicht offiziell geprüft",
        "startDate": null,
        "endDate": null,
        "nextStep": "Aktuelle Angaben direkt beim Ort prüfen.",
        "unknowns": [
          "Aktueller Betrieb und tatsächliche Öffnungszeiten"
        ],
        "scale": "street",
        "geometryPrecision": "approximate",
        "sources": [
          {
            "url": "https://www.openstreetmap.org/way/549512494",
            "snapshotUrl": "https://gall.openstreetmap.de/api/interpreter",
            "title": "OpenStreetMap contributors",
            "publisher": "OpenStreetMap contributors",
            "locator": "way/549512494; tags.name, tags.amenity",
            "retrievedAt": "2026-09-26T17:13:34.916Z",
            "sha256": "5823f93f2fb62fbc3bf3e118d0f924e376670dc1978240e22d9ef4e10e301e05",
            "snapshot": true,
            "licence": "ODbL 1.0",
            "reuse": "open_licence"
          }
        ],
        "extraction": {
          "method": "structured"
        },
        "reviewState": "candidate",
        "asOf": "2026-09-26T17:13:34.916Z"
      }
    },
    {
      "type": "Feature",
      "geometry": {
        "type": "Point",
        "coordinates": [
          13.8987095,
          52.5754955
        ]
      },
      "properties": {
        "id": "osm:way-549566943",
        "version": "4aea719a7e5d66b79fbacfdc6b7a3a52dc7c3c22f2d7a682d186f0d16466fc16",
        "cityId": "strausberg",
        "kind": "place",
        "category": "school",
        "title": "Grundschule am Wäldchen",
        "statement": "Grundschule am Wäldchen ist in OpenStreetMap als school eingetragen. Betrieb und Öffnungszeiten nicht geprüft.",
        "status": "OSM-Eintrag, nicht offiziell geprüft",
        "startDate": null,
        "endDate": null,
        "nextStep": "Aktuelle Angaben direkt beim Ort prüfen.",
        "unknowns": [
          "Aktueller Betrieb und tatsächliche Öffnungszeiten"
        ],
        "scale": "street",
        "geometryPrecision": "approximate",
        "sources": [
          {
            "url": "https://www.openstreetmap.org/way/549566943",
            "snapshotUrl": "https://gall.openstreetmap.de/api/interpreter",
            "title": "OpenStreetMap contributors",
            "publisher": "OpenStreetMap contributors",
            "locator": "way/549566943; tags.name, tags.amenity",
            "retrievedAt": "2026-09-26T17:13:34.916Z",
            "sha256": "5823f93f2fb62fbc3bf3e118d0f924e376670dc1978240e22d9ef4e10e301e05",
            "snapshot": true,
            "licence": "ODbL 1.0",
            "reuse": "open_licence"
          }
        ],
        "extraction": {
          "method": "structured"
        },
        "reviewState": "candidate",
        "asOf": "2026-09-26T17:13:34.916Z"
      }
    },
    {
      "type": "Feature",
      "geometry": {
        "type": "Point",
        "coordinates": [
          13.8784099,
          52.5746415
        ]
      },
      "properties": {
        "id": "osm:way-651629597",
        "version": "1b710321f7fa3dc8edf9ea222d4a0e6c26b3e6482383cc3866472c79124cc1a5",
        "cityId": "strausberg",
        "kind": "place",
        "category": "school",
        "title": "Theodor-Fontane-Gymnasium Strausberg",
        "statement": "Theodor-Fontane-Gymnasium Strausberg ist in OpenStreetMap als school eingetragen. Betrieb und Öffnungszeiten nicht geprüft.",
        "status": "OSM-Eintrag, nicht offiziell geprüft",
        "startDate": null,
        "endDate": null,
        "nextStep": "Aktuelle Angaben direkt beim Ort prüfen.",
        "unknowns": [
          "Aktueller Betrieb und tatsächliche Öffnungszeiten"
        ],
        "scale": "street",
        "geometryPrecision": "approximate",
        "sources": [
          {
            "url": "https://www.openstreetmap.org/way/651629597",
            "snapshotUrl": "https://gall.openstreetmap.de/api/interpreter",
            "title": "OpenStreetMap contributors",
            "publisher": "OpenStreetMap contributors",
            "locator": "way/651629597; tags.name, tags.amenity",
            "retrievedAt": "2026-09-26T17:13:34.916Z",
            "sha256": "5823f93f2fb62fbc3bf3e118d0f924e376670dc1978240e22d9ef4e10e301e05",
            "snapshot": true,
            "licence": "ODbL 1.0",
            "reuse": "open_licence"
          }
        ],
        "extraction": {
          "method": "structured"
        },
        "reviewState": "candidate",
        "asOf": "2026-09-26T17:13:34.916Z"
      }
    },
    {
      "type": "Feature",
      "geometry": {
        "type": "Point",
        "coordinates": [
          13.8907159,
          52.5838674
        ]
      },
      "properties": {
        "id": "osm:way-652562416",
        "version": "f15ad1c86851bdadc507af0e0c0f5c90694c1beadfb5d79e314b1468fc46ad06",
        "cityId": "strausberg",
        "kind": "place",
        "category": "school",
        "title": "Anne-Frank-Oberschule",
        "statement": "Anne-Frank-Oberschule ist in OpenStreetMap als school eingetragen. Betrieb und Öffnungszeiten nicht geprüft.",
        "status": "OSM-Eintrag, nicht offiziell geprüft",
        "startDate": null,
        "endDate": null,
        "nextStep": "Aktuelle Angaben direkt beim Ort prüfen.",
        "unknowns": [
          "Aktueller Betrieb und tatsächliche Öffnungszeiten"
        ],
        "scale": "street",
        "geometryPrecision": "approximate",
        "sources": [
          {
            "url": "https://www.openstreetmap.org/way/652562416",
            "snapshotUrl": "https://gall.openstreetmap.de/api/interpreter",
            "title": "OpenStreetMap contributors",
            "publisher": "OpenStreetMap contributors",
            "locator": "way/652562416; tags.name, tags.amenity",
            "retrievedAt": "2026-09-26T17:13:34.916Z",
            "sha256": "5823f93f2fb62fbc3bf3e118d0f924e376670dc1978240e22d9ef4e10e301e05",
            "snapshot": true,
            "licence": "ODbL 1.0",
            "reuse": "open_licence"
          }
        ],
        "extraction": {
          "method": "structured"
        },
        "reviewState": "candidate",
        "asOf": "2026-09-26T17:13:34.916Z"
      }
    },
    {
      "type": "Feature",
      "geometry": {
        "type": "Point",
        "coordinates": [
          13.8902292,
          52.5879221
        ]
      },
      "properties": {
        "id": "osm:way-653409891",
        "version": "e4c42c473b0b2a57b5f43d347020767586e4bd54479178adbdf586d8f06df8c2",
        "cityId": "strausberg",
        "kind": "place",
        "category": "kindergarten",
        "title": "Kita Nord",
        "statement": "Kita Nord ist in OpenStreetMap als kindergarten eingetragen. Öffnungszeiten in OSM eingetragen; nicht unabhängig bestätigt.",
        "status": "OSM-Eintrag, nicht offiziell geprüft",
        "startDate": null,
        "endDate": null,
        "nextStep": "Aktuelle Angaben direkt beim Ort prüfen.",
        "unknowns": [
          "Aktueller Betrieb und tatsächliche Öffnungszeiten"
        ],
        "scale": "street",
        "geometryPrecision": "approximate",
        "sources": [
          {
            "url": "https://www.openstreetmap.org/way/653409891",
            "snapshotUrl": "https://gall.openstreetmap.de/api/interpreter",
            "title": "OpenStreetMap contributors",
            "publisher": "OpenStreetMap contributors",
            "locator": "way/653409891; tags.name, tags.amenity",
            "retrievedAt": "2026-09-26T17:13:34.916Z",
            "sha256": "5823f93f2fb62fbc3bf3e118d0f924e376670dc1978240e22d9ef4e10e301e05",
            "snapshot": true,
            "licence": "ODbL 1.0",
            "reuse": "open_licence"
          }
        ],
        "extraction": {
          "method": "structured"
        },
        "reviewState": "candidate",
        "asOf": "2026-09-26T17:13:34.916Z"
      }
    },
    {
      "type": "Feature",
      "geometry": {
        "type": "Point",
        "coordinates": [
          13.8745979,
          52.572311
        ]
      },
      "properties": {
        "id": "osm:way-948240525",
        "version": "b3d0132799c6e58f56b2b0f13cc38a51910e1d7c916bae646c288615498a9cc1",
        "cityId": "strausberg",
        "kind": "place",
        "category": "kindergarten",
        "title": "Integrationskita \"Am See\"",
        "statement": "Integrationskita \"Am See\" ist in OpenStreetMap als kindergarten eingetragen. Betrieb und Öffnungszeiten nicht geprüft.",
        "status": "OSM-Eintrag, nicht offiziell geprüft",
        "startDate": null,
        "endDate": null,
        "nextStep": "Aktuelle Angaben direkt beim Ort prüfen.",
        "unknowns": [
          "Aktueller Betrieb und tatsächliche Öffnungszeiten"
        ],
        "scale": "street",
        "geometryPrecision": "approximate",
        "sources": [
          {
            "url": "https://www.openstreetmap.org/way/948240525",
            "snapshotUrl": "https://gall.openstreetmap.de/api/interpreter",
            "title": "OpenStreetMap contributors",
            "publisher": "OpenStreetMap contributors",
            "locator": "way/948240525; tags.name, tags.amenity",
            "retrievedAt": "2026-09-26T17:13:34.916Z",
            "sha256": "5823f93f2fb62fbc3bf3e118d0f924e376670dc1978240e22d9ef4e10e301e05",
            "snapshot": true,
            "licence": "ODbL 1.0",
            "reuse": "open_licence"
          }
        ],
        "extraction": {
          "method": "structured"
        },
        "reviewState": "candidate",
        "asOf": "2026-09-26T17:13:34.916Z"
      }
    },
    {
      "type": "Feature",
      "geometry": {
        "type": "Point",
        "coordinates": [
          13.8307211,
          52.536581
        ]
      },
      "properties": {
        "id": "osm:way-992423099",
        "version": "d071fb3cf85908bb750a083245e27dbd8bc1ed1fee8e8ecca27cd1c6c3a69f05",
        "cityId": "strausberg",
        "kind": "place",
        "category": "school",
        "title": "Lise-Meitner-Oberschule",
        "statement": "Lise-Meitner-Oberschule ist in OpenStreetMap als school eingetragen. Betrieb und Öffnungszeiten nicht geprüft.",
        "status": "OSM-Eintrag, nicht offiziell geprüft",
        "startDate": null,
        "endDate": null,
        "nextStep": "Aktuelle Angaben direkt beim Ort prüfen.",
        "unknowns": [
          "Aktueller Betrieb und tatsächliche Öffnungszeiten"
        ],
        "scale": "street",
        "geometryPrecision": "approximate",
        "sources": [
          {
            "url": "https://www.openstreetmap.org/way/992423099",
            "snapshotUrl": "https://gall.openstreetmap.de/api/interpreter",
            "title": "OpenStreetMap contributors",
            "publisher": "OpenStreetMap contributors",
            "locator": "way/992423099; tags.name, tags.amenity",
            "retrievedAt": "2026-09-26T17:13:34.916Z",
            "sha256": "5823f93f2fb62fbc3bf3e118d0f924e376670dc1978240e22d9ef4e10e301e05",
            "snapshot": true,
            "licence": "ODbL 1.0",
            "reuse": "open_licence"
          }
        ],
        "extraction": {
          "method": "structured"
        },
        "reviewState": "candidate",
        "asOf": "2026-09-26T17:13:34.916Z"
      }
    },
    {
      "type": "Feature",
      "geometry": {
        "type": "Point",
        "coordinates": [
          13.8441916,
          52.5400779
        ]
      },
      "properties": {
        "id": "osm:way-992423119",
        "version": "a3c84bf4311ea1629b73e35a3c8e783e02ed21fd08f26f878b949298e1384498",
        "cityId": "strausberg",
        "kind": "place",
        "category": "school",
        "title": "Clara-Zetkin-Schule",
        "statement": "Clara-Zetkin-Schule ist in OpenStreetMap als school eingetragen. Betrieb und Öffnungszeiten nicht geprüft.",
        "status": "OSM-Eintrag, nicht offiziell geprüft",
        "startDate": null,
        "endDate": null,
        "nextStep": "Aktuelle Angaben direkt beim Ort prüfen.",
        "unknowns": [
          "Aktueller Betrieb und tatsächliche Öffnungszeiten"
        ],
        "scale": "street",
        "geometryPrecision": "approximate",
        "sources": [
          {
            "url": "https://www.openstreetmap.org/way/992423119",
            "snapshotUrl": "https://gall.openstreetmap.de/api/interpreter",
            "title": "OpenStreetMap contributors",
            "publisher": "OpenStreetMap contributors",
            "locator": "way/992423119; tags.name, tags.amenity",
            "retrievedAt": "2026-09-26T17:13:34.916Z",
            "sha256": "5823f93f2fb62fbc3bf3e118d0f924e376670dc1978240e22d9ef4e10e301e05",
            "snapshot": true,
            "licence": "ODbL 1.0",
            "reuse": "open_licence"
          }
        ],
        "extraction": {
          "method": "structured"
        },
        "reviewState": "candidate",
        "asOf": "2026-09-26T17:13:34.916Z"
      }
    }
  ]
}
