{"type":"FeatureCollection","features":[{"type":"Feature","geometry":null,"properties":{"id":"atlas:altstadt-plan69","version":"83aac7ef1b1045314d5d902c1a0414ad2c4b9a8300351e196a71eec506462787","cityId":"strausberg","kind":"planning","category":"Stadtplanung","title":"Strausberger Altstadt · Plan 69/24","statement":"Eigenes Planverfahren für die Altstadt; vom konkreten Altstadt Quartier 67/22 zu unterscheiden.","status":"Aufstellungsbeschluss dokumentiert","startDate":null,"endDate":null,"nextStep":"Neueren Entwurfs- oder Beteiligungsstand nachführen.","scale":"city","geometryPrecision":"none","reviewState":"candidate","asOf":"2026-09-05","sourceCount":2,"primarySource":{"url":"https://www.stadt-strausberg.de/bauleitplanung-2/#rb_dasl_accordion_2_collapse3","title":"Stadt Strausberg · Verfahrensunterlagen","publisher":"www.stadt-strausberg.de","licence":"unknown","reuse":"facts_with_attribution"}}},{"type":"Feature","geometry":{"type":"Polygon","coordinates":[[[13.88414,52.58149],[13.88372,52.58155],[13.88351,52.58178],[13.8821,52.58186],[13.88176,52.581],[13.88291,52.58089],[13.88282,52.58048],[13.88319,52.58046],[13.88326,52.58084],[13.88338,52.58082],[13.88347,52.58116],[13.88402,52.58112],[13.88414,52.58149]]]},"properties":{"id":"atlas:altstadt-quartier","version":"90992497a8cfc101ba705336bc05931ea579c3c31fe3f55335f0f4d74b9a85bb","cityId":"strausberg","kind":"consultation","category":"Wohnen & Stadtentwicklung","title":"Altstadt Quartier","statement":"Leerstände und Baulücken sollen einem Quartier mit Wohnungen, Handel und Dienstleistungen weichen. Die Stadt schafft dafür die planungsrechtlichen Voraussetzungen; Vorhabenträger ist TAMAX.","status":"Beteiligungsfrist endete am 2026-09-20; aktueller Verfahrensstand nicht bestätigt","startDate":"2026-08-17","endDate":"2026-09-20","nextStep":"Nach Fristende: Abwägung und weitere Entscheidung der Stadtverordnetenversammlung. Ein Termin dafür ist in den ausgewerteten Quellen nicht belegt.","scale":"neighbourhood","geometryPrecision":"area","reviewState":"candidate","asOf":"2026-09-05","sourceCount":6,"primarySource":{"url":"https://www.stadt-strausberg.de/wp-content/uploads/2026/08/20260600_BP67-22_Entwurf_Begruendung.pdf","title":"Planbegründung · Entwurf Juni 2026","publisher":"www.stadt-strausberg.de","licence":"unknown","reuse":"facts_with_attribution"}}},{"type":"Feature","geometry":{"type":"Point","coordinates":[13.90822,52.58753]},"properties":{"id":"atlas:biotop","version":"8d62998d93ed03a95b05562659af98529161ed04cf7bc44171576759424fcccb","cityId":"strausberg","kind":"planning","category":"Verkehr & Infrastruktur","title":"Am Biotop · Fernwärmeleitung","statement":"Leitungsarbeiten und eine zeitweilige Sperrung wurden für 2025 angekündigt.","status":"Ältere Baunachricht; aktueller Stand fehlt","startDate":null,"endDate":null,"nextStep":"Neuere Abschluss- oder Fortschrittsmeldung ergänzen.","scale":"neighbourhood","geometryPrecision":"approximate","reviewState":"candidate","asOf":"2026-09-05","sourceCount":2,"primarySource":{"url":"https://www.stadt-strausberg.de/aktuelles/#post-27771","title":"Stadtmitteilung","publisher":"www.stadt-strausberg.de","licence":"unknown","reuse":"facts_with_attribution"}}},{"type":"Feature","geometry":{"type":"Point","coordinates":[13.8792,52.58079]},"properties":{"id":"atlas:fischerkietz","version":"b963296b8da8f4e62fbbc93747836ab4b507b89633df2572a96797ea48ccfeac","cityId":"strausberg","kind":"planning","category":"Spiel & Grün","title":"Spielplatz Fischerkietz","statement":"Die Stadt meldet den Ersatz des früher gesperrten Spielplatzes und die Freigabe.","status":"Neuer Spielplatz freigegeben","startDate":null,"endDate":null,"nextStep":"Abschlussmeldung mit Datum nachführen.","scale":"neighbourhood","geometryPrecision":"approximate","reviewState":"candidate","asOf":"2026-09-05","sourceCount":2,"primarySource":{"url":"https://www.stadt-strausberg.de/aktuelles/#post-28198","title":"Stadtmitteilung","publisher":"www.stadt-strausberg.de","licence":"unknown","reuse":"facts_with_attribution"}}},{"type":"Feature","geometry":{"type":"Point","coordinates":[13.87947,52.56997]},"properties":{"id":"atlas:fliessstrasse","version":"8c45e46c8b5cb5549d417e304f92262ca87778863160f57f98e01a18ee21ce34","cityId":"strausberg","kind":"planning","category":"Wohnen & Stadtentwicklung","title":"Wohngebiet an der Fließstraße","statement":"Wohngebietsplanung mit Verkehrs- und Grünflächen, verbunden mit der dritten FNP-Änderung.","status":"Ältere Verfahrensunterlagen; neuer Stand fehlt","startDate":null,"endDate":null,"nextStep":"Aktuellen Verfahrensstand statt des alten Dokumentpakets abgleichen.","scale":"neighbourhood","geometryPrecision":"approximate","reviewState":"candidate","asOf":"2026-09-05","sourceCount":2,"primarySource":{"url":"https://www.stadt-strausberg.de/bauleitplanung-2/#rb_dasl_accordion_2_collapse7","title":"Stadt Strausberg · Verfahrensunterlagen","publisher":"www.stadt-strausberg.de","licence":"unknown","reuse":"facts_with_attribution"}}},{"type":"Feature","geometry":{"type":"Point","coordinates":[13.86553,52.54484]},"properties":{"id":"atlas:garzauer-bruecke","version":"8acc17f963f250babcbd5f6a7d7464e9e885e14bb14f81eda84fa6a967a97f79","cityId":"strausberg","kind":"planning","category":"Verkehr & Infrastruktur","title":"Eisenbahnbrücke Garzauer Straße","statement":"Die neuere Stadtmitteilung meldet den Abschluss von Brücke und Straßenraum. Sie ersetzt den früheren Verzögerungsstand.","status":"Bauabschluss und Freigabe gemeldet","startDate":null,"endDate":null,"nextStep":"Abschlussmeldung als aktuellen Nachweis erhalten.","scale":"neighbourhood","geometryPrecision":"approximate","reviewState":"candidate","asOf":"2026-09-05","sourceCount":4,"primarySource":{"url":"https://www.stadt-strausberg.de/aktuelles/#post-29740","title":"Stadt · Brücke wieder frei","publisher":"www.stadt-strausberg.de","licence":"unknown","reuse":"facts_with_attribution"}}},{"type":"Feature","geometry":{"type":"Point","coordinates":[13.84429,52.5371]},"properties":{"id":"atlas:gleise","version":"cb0736d2d3a461b6fe01bfabb792a56b371c777f2d2ac9e6fd9cce9fa27f07d9","cityId":"strausberg","kind":"planning","category":"Verkehr & Infrastruktur","title":"Straßenbahn · Gleiserneuerung","statement":"Erneuerung eines etwa 1,4 Kilometer langen Gleisabschnitts mit angekündigtem Ersatzverkehr.","status":"Sommermaßnahme angekündigt; Abschluss offen","startDate":null,"endDate":null,"nextStep":"Abschlussmeldung und aktuellen Betrieb anhand neuer Betreiberinformation prüfen.","scale":"neighbourhood","geometryPrecision":"approximate","reviewState":"candidate","asOf":"2026-09-05","sourceCount":2,"primarySource":{"url":"https://www.stadt-strausberg.de/aktuelles/#post-29786","title":"Stadt · Gleiserneuerung Sommer 2026","publisher":"www.stadt-strausberg.de","licence":"unknown","reuse":"facts_with_attribution"}}},{"type":"Feature","geometry":{"type":"Point","coordinates":[13.88093,52.58081]},"properties":{"id":"atlas:grosse-strasse","version":"c21b494cfa10509c8283c2629ab947d4cf5c9ee4decc25ff65789e7b67309c0a","cityId":"strausberg","kind":"planning","category":"Straßen & Wege","title":"Große Straße · Pflastertest","statement":"Ein Schleifversuch soll prüfen, ob das Pflaster für Fahrräder, Rollatoren und Rollstühle besser befahrbar wird.","status":"Testfläche ab KW 37/38 angekündigt","startDate":null,"endDate":null,"nextStep":"Testfläche bearbeiten und Eignung für eine größere Anwendung bewerten.","scale":"neighbourhood","geometryPrecision":"approximate","reviewState":"candidate","asOf":"2026-09-05","sourceCount":2,"primarySource":{"url":"https://www.stadt-strausberg.de/aktuelles/#post-30260","title":"Stadt · Präzisionsschleifen","publisher":"www.stadt-strausberg.de","licence":"unknown","reuse":"facts_with_attribution"}}},{"type":"Feature","geometry":{"type":"Point","coordinates":[13.88162,52.57311]},"properties":{"id":"atlas:heger-walk","version":"b0080f74f66d9f2525851d00c8785631dfcdb981b0c7310a927b609bdd6afc36","cityId":"strausberg","kind":"planning","category":"Wohnen & Stadtentwicklung","title":"Quartier Hegermühlen-/Walkmühlenstraße","statement":"KW-Development plant ein Quartier mit sieben Mehrfamilienhäusern und einer öffentlichen Wegeverbindung.","status":"Stellungnahmefrist beendet; Folgestand offen","startDate":null,"endDate":null,"nextStep":"Ergebnis des Verfahrens und konkrete Umsetzungstermine veröffentlichen.","scale":"neighbourhood","geometryPrecision":"approximate","reviewState":"candidate","asOf":"2026-09-05","sourceCount":2,"primarySource":{"url":"https://www.stadt-strausberg.de/aktuelles/#post-29451","title":"Stadt · Beteiligung zum Wohnquartier","publisher":"www.stadt-strausberg.de","licence":"unknown","reuse":"facts_with_attribution"}}},{"type":"Feature","geometry":{"type":"Point","coordinates":[13.88112,52.56461]},"properties":{"id":"atlas:hubertusallee","version":"f74b6b13a1d3d23c08775737e5cc752a94937fd58e93756a5c948d0335a58cc7","cityId":"strausberg","kind":"planning","category":"Spiel & Grün","title":"Spielplatz Hubertusallee","statement":"Neuer Spielplatz für Kinder von sechs bis zwölf Jahren. Die Stadt nennt etwa 85.000 Euro aus städtischen Mitteln.","status":"Baubeginn für 01.09.2026 angekündigt","startDate":null,"endDate":null,"nextStep":"Aufbau, Aushärten der Fundamente und Sicherheitsprüfung; erst danach Freigabe.","scale":"neighbourhood","geometryPrecision":"approximate","reviewState":"candidate","asOf":"2026-09-05","sourceCount":2,"primarySource":{"url":"https://www.stadt-strausberg.de/aktuelles/#post-30243","title":"Stadt · Neuer Spielplatz Hubertusallee","publisher":"www.stadt-strausberg.de","licence":"unknown","reuse":"facts_with_attribution"}}},{"type":"Feature","geometry":{"type":"Polygon","coordinates":[[[13.83448,52.53808],[13.83534,52.53794],[13.83539,52.53779],[13.83688,52.53753],[13.8373,52.53845],[13.83487,52.53881],[13.83448,52.53808]]]},"properties":{"id":"atlas:kieferngrund","version":"394f773597446670dccba0d626f53ef7ad16e45dfec1961e8b8dcc3c576f50c1","cityId":"strausberg","kind":"planning","category":"Wohnen & Stadtentwicklung","title":"Wohnen am Kieferngrund","statement":"Wohnungsbau am südlichen Stadteingang. Das veröffentlichte Konzept nennt zehn Mehrfamilienhäuser und etwa 200 Wohnungen.","status":"Beteiligung beendet; Folgestand offen","startDate":null,"endDate":null,"nextStep":"Aktuellen Beschluss- und Umsetzungsstand mit Stadtplanung abgleichen.","scale":"neighbourhood","geometryPrecision":"area","reviewState":"candidate","asOf":"2026-09-05","sourceCount":3,"primarySource":{"url":"https://www.stadt-strausberg.de/bauleitplanung-2/#rb_dasl_accordion_2_collapse2","title":"Stadt Strausberg · Verfahrensunterlagen","publisher":"www.stadt-strausberg.de","licence":"unknown","reuse":"facts_with_attribution"}}},{"type":"Feature","geometry":{"type":"Point","coordinates":[13.89448,52.56934]},"properties":{"id":"atlas:kinderland","version":"de1b6528adccb732e38fe9159d9ecc81736c7d92d2e17a6f2f5aef9810e41fb5","cityId":"strausberg","kind":"planning","category":"Schule & Betreuung","title":"Kita Kinderland · U3-Spielplatz","statement":"Die Stadt berichtet über die Einweihung des U3-Spielplatzes als Abschluss des dritten Abschnitts.","status":"Dritter Abschnitt der Außenanlagen eröffnet","startDate":null,"endDate":null,"nextStep":"Abschlussnachweis für den Projektverlauf erhalten.","scale":"neighbourhood","geometryPrecision":"approximate","reviewState":"candidate","asOf":"2026-09-05","sourceCount":2,"primarySource":{"url":"https://www.stadt-strausberg.de/aktuelles/#post-27357","title":"Stadtmitteilung","publisher":"www.stadt-strausberg.de","licence":"unknown","reuse":"facts_with_attribution"}}},{"type":"Feature","geometry":{"type":"Point","coordinates":[13.96771,52.56862]},"properties":{"id":"atlas:klosterdorfer","version":"ad1c61646d33a623dde580af7694d9db081024b8c53a3f043c8e5d11c1c3704a","cityId":"strausberg","kind":"construction","category":"Straßen & Wege","title":"Klosterdorfer Straße","statement":"Die Stadt berichtet über den Straßenbau. Ein früheres Bauende als Ende September 2026 wird in Aussicht gestellt.","status":"Asphalttragschicht eingebracht; Randanlagen in Arbeit","startDate":null,"endDate":null,"nextStep":"Deckschicht und Restarbeiten; eine tatsächliche Freigabe gesondert belegen.","scale":"neighbourhood","geometryPrecision":"approximate","reviewState":"candidate","asOf":"2026-09-05","sourceCount":4,"primarySource":{"url":"https://www.stadt-strausberg.de/aktuelles/#post-29750","title":"Stadtmitteilung · Baufortschritt","publisher":"www.stadt-strausberg.de","licence":"unknown","reuse":"facts_with_attribution"}}},{"type":"Feature","geometry":{"type":"Point","coordinates":[13.90087,52.58885]},"properties":{"id":"atlas:krankenhaus","version":"8af6ea1f5cc8ef9a91cd7e935ce4c59d03314a2c1b17922979620d71e0a228f0","cityId":"strausberg","kind":"planning","category":"Gesundheit","title":"Krankenhaus · Anbau Haus D","statement":"Ein Anbau schafft Platz für Interims-OP, Labor und Verwaltung. Die Meldung vom März 2025 nennt anschließende OP-Modernisierung.","status":"Baubeginn belegt; aktueller Fortschritt offen","startDate":null,"endDate":null,"nextStep":"Neueren Fortschrittsbericht des Krankenhauses abgleichen.","scale":"neighbourhood","geometryPrecision":"approximate","reviewState":"candidate","asOf":"2026-09-05","sourceCount":2,"primarySource":{"url":"https://www.stadt-strausberg.de/aktuelles/#post-26616","title":"Krankenhausmitteilung auf der Stadtseite","publisher":"www.stadt-strausberg.de","licence":"unknown","reuse":"facts_with_attribution"}}},{"type":"Feature","geometry":{"type":"Point","coordinates":[13.88052,52.58339]},"properties":{"id":"atlas:kulturpark","version":"855d6bf216b87856ecb0e2202c17e9493a421e8cbf6c54e54d20dd652286f4be","cityId":"strausberg","kind":"planning","category":"Spiel & Grün","title":"Kulturpark","statement":"Spielplatz, Volleyball und Nachbarschaftsgarten sind Teil des eröffneten ersten Abschnitts. Das Gesamtprojekt soll bis 2028 folgen.","status":"Erster Abschnitt eröffnet; weitere Abschnitte geplant","startDate":null,"endDate":null,"nextStep":"Fortgang des Service- und Funktionsgebäudes: Der Vergabeindex listet weitere Baugewerke. Zuschläge und Baufortschritt sind noch abzugleichen.","scale":"neighbourhood","geometryPrecision":"approximate","reviewState":"candidate","asOf":"2026-09-05","sourceCount":4,"primarySource":{"url":"https://www.stadt-strausberg.de/aktuelles/#post-29617","title":"Stadt · Eröffnung des ersten Bauabschnitts","publisher":"www.stadt-strausberg.de","licence":"unknown","reuse":"facts_with_attribution"}}},{"type":"Feature","geometry":{"type":"Point","coordinates":[13.88059,52.57593]},"properties":{"id":"atlas:lustgarten","version":"254f1ad308e665ef988cf33df29847ee93cf0441f27daf30ffe5b8e3ee4ae583","cityId":"strausberg","kind":"planning","category":"Verkehr & Infrastruktur","title":"Kundenpavillon Lustgarten","statement":"Umbau des Kundenpavillons mit zeitweiliger Verlegung des Fahrkartenverkaufs.","status":"Ältere Baunachricht; aktueller Stand fehlt","startDate":null,"endDate":null,"nextStep":"Neuere Abschluss- oder Fortschrittsmeldung ergänzen.","scale":"neighbourhood","geometryPrecision":"approximate","reviewState":"candidate","asOf":"2026-09-05","sourceCount":2,"primarySource":{"url":"https://www.stadt-strausberg.de/aktuelles/#post-26642","title":"Stadtmitteilung","publisher":"www.stadt-strausberg.de","licence":"unknown","reuse":"facts_with_attribution"}}},{"type":"Feature","geometry":{"type":"Point","coordinates":[13.8908,52.57843]},"properties":{"id":"atlas:muehlenweg","version":"a1ce74c711da2ae66a31e0a6ab7c980c71e1bd179e4fc8f7216c97017b086e0a","cityId":"strausberg","kind":"planning","category":"Wohnen & Stadtentwicklung","title":"Mühlenweg-West","statement":"Die Stadt führt das Verfahren weiterhin unter den Plänen in Aufstellung.","status":"Älterer Aufstellungsbeschluss; neuer Stand fehlt","startDate":null,"endDate":null,"nextStep":"Neueren Verfahrensstand und bestätigte Gebietsgrenze ergänzen.","scale":"neighbourhood","geometryPrecision":"approximate","reviewState":"candidate","asOf":"2026-09-05","sourceCount":3,"primarySource":{"url":"https://www.stadt-strausberg.de/bauleitplanung-2/#rb_dasl_accordion_2_collapse6","title":"Stadt Strausberg · Verfahrensunterlagen","publisher":"www.stadt-strausberg.de","licence":"unknown","reuse":"facts_with_attribution"}}},{"type":"Feature","geometry":{"type":"Point","coordinates":[13.88808,52.58751]},"properties":{"id":"atlas:ringstrasse","version":"bf7826e5cdc3d7d9398452400e028ed71b74fa9bd951b83bf5582a587d319aae","cityId":"strausberg","kind":"planning","category":"Verkehr & Infrastruktur","title":"Ringstraße · letzter Bauabschnitt","statement":"Kanal- und Straßenbau im letzten Abschnitt; der alte Zieltermin ist abgelaufen.","status":"Ältere Baunachricht; aktueller Stand fehlt","startDate":null,"endDate":null,"nextStep":"Neuere Abschluss- oder Fortschrittsmeldung ergänzen.","scale":"neighbourhood","geometryPrecision":"approximate","reviewState":"candidate","asOf":"2026-09-05","sourceCount":2,"primarySource":{"url":"https://www.stadt-strausberg.de/aktuelles/#post-28149","title":"Stadtmitteilung","publisher":"www.stadt-strausberg.de","licence":"unknown","reuse":"facts_with_attribution"}}},{"type":"Feature","geometry":{"type":"Point","coordinates":[13.89854,52.57561]},"properties":{"id":"atlas:schulcampus","version":"e12e0fda5141be6927183a34971b5b068ddc4c3a65dd106d4371e1ba13973ea2","cityId":"strausberg","kind":"planning","category":"Schule & Betreuung","title":"Schulcampus am Wäldchen","statement":"Die städtische Hochbauübersicht enthält diesen Eintrag, liefert aber keinen aktuellen Projektstatus.","status":"Hochbauseite verweist auf Präsentation von 2017","startDate":null,"endDate":null,"nextStep":"Aktuellen Bestand, Projektumfang und Abschlussstatus bei der Stadt ergänzen.","scale":"neighbourhood","geometryPrecision":"approximate","reviewState":"candidate","asOf":"2026-09-05","sourceCount":2,"primarySource":{"url":"https://www.stadt-strausberg.de/hochbau-massnahmen/","title":"Stadt · Hochbaumaßnahmen","publisher":"www.stadt-strausberg.de","licence":"unknown","reuse":"facts_with_attribution"}}},{"type":"Feature","geometry":{"type":"Polygon","coordinates":[[[13.92087,52.57285],[13.91382,52.5758],[13.92492,52.58045],[13.92518,52.58452],[13.93241,52.58821],[13.93707,52.58794],[13.93091,52.57879],[13.92087,52.57285]]]},"properties":{"id":"atlas:solarpark-flugplatz","version":"4c34158fe3f65f1d49119f34dc31ef68fc7436d1931b2602e520eb4d1f516146","cityId":"strausberg","kind":"planning","category":"Energie","title":"Solarpark am Flugplatz","statement":"Geplante Photovoltaikfläche am Flugplatz. DiPlan nennt rund 41,5 Hektar und 48 MWp als Planungswerte.","status":"Beteiligung beendet; Folgestand offen","startDate":null,"endDate":null,"nextStep":"Aktuellen Beschluss- und Umsetzungsstand mit Stadtplanung abgleichen.","scale":"neighbourhood","geometryPrecision":"area","reviewState":"candidate","asOf":"2026-09-05","sourceCount":2,"primarySource":{"url":"https://www.stadt-strausberg.de/bauleitplanung-2/#rb_dasl_accordion_2_collapse4","title":"Stadt Strausberg · Verfahrensunterlagen","publisher":"www.stadt-strausberg.de","licence":"unknown","reuse":"facts_with_attribution"}}},{"type":"Feature","geometry":{"type":"Point","coordinates":[13.88662,52.57974]},"properties":{"id":"atlas:stadtmauer","version":"b5d3436c1608842815c4cacdc274676e13a9159c2f8eaf1097aa6d9b74e891f0","cityId":"strausberg","kind":"planning","category":"Verkehr & Infrastruktur","title":"An der Stadtmauer · Fahrbahnsanierung","statement":"Witterungsbedingter Verzug wurde gemeldet. Eine angekündigte Abnahme bestätigt noch keine vollständige Freigabe.","status":"Ältere Baunachricht; aktueller Stand fehlt","startDate":null,"endDate":null,"nextStep":"Neuere Abschluss- oder Fortschrittsmeldung ergänzen.","scale":"neighbourhood","geometryPrecision":"approximate","reviewState":"candidate","asOf":"2026-09-05","sourceCount":2,"primarySource":{"url":"https://www.stadt-strausberg.de/aktuelles/#post-27547","title":"Stadtmitteilung","publisher":"www.stadt-strausberg.de","licence":"unknown","reuse":"facts_with_attribution"}}},{"type":"Feature","geometry":{"type":"Point","coordinates":[13.86662,52.55106]},"properties":{"id":"atlas:tausendfuessler","version":"6da24128b33e990e70b386072a04d5dc5c961fa13b43d38fd74e443eb578e9ba","cityId":"strausberg","kind":"planning","category":"Schule & Betreuung","title":"Kita Tausendfüßler · Außenanlagen","statement":"Die Stadt meldet die Freigabe des ersten Abschnitts. Der angekündigte Krippenbereich braucht einen neuen Status.","status":"Ü3-Bereich fertig; nächster Abschnitt offen","startDate":null,"endDate":null,"nextStep":"Stand des zweiten Bauabschnitts und dessen Freigabe abgleichen.","scale":"neighbourhood","geometryPrecision":"approximate","reviewState":"candidate","asOf":"2026-09-05","sourceCount":2,"primarySource":{"url":"https://www.stadt-strausberg.de/aktuelles/#post-28193","title":"Stadtmitteilung","publisher":"www.stadt-strausberg.de","licence":"unknown","reuse":"facts_with_attribution"}}},{"type":"Feature","geometry":{"type":"Polygon","coordinates":[[[13.86545,52.55585],[13.86487,52.55519],[13.86609,52.55491],[13.86624,52.55568],[13.86545,52.55585]]]},"properties":{"id":"atlas:thaelmann-nw","version":"f26505762e2bb2a08adf1a95a4ca3c3667256d5c2be53f633bc1f6c9dc6acfb8","cityId":"strausberg","kind":"planning","category":"Wohnen & Stadtentwicklung","title":"Ernst-Thälmann-Straße Nord-West","statement":"Wohnbebauung im Verfahren Nr. 72/25. Neben der Behördenbeteiligung veröffentlicht DiPlan eine frühe Beteiligung der Öffentlichkeit.","status":"Beteiligung beendet; Folgestand offen","startDate":null,"endDate":null,"nextStep":"Aktuellen Beschluss- und Umsetzungsstand mit Stadtplanung abgleichen.","scale":"neighbourhood","geometryPrecision":"area","reviewState":"candidate","asOf":"2026-09-05","sourceCount":2,"primarySource":{"url":"https://www.stadt-strausberg.de/bauleitplanung-2/#rb_dasl_accordion_2_collapse1","title":"Stadt Strausberg · Verfahrensunterlagen","publisher":"www.stadt-strausberg.de","licence":"unknown","reuse":"facts_with_attribution"}}},{"type":"Feature","geometry":{"type":"Polygon","coordinates":[[[13.87085,52.56655],[13.87064,52.56639],[13.86992,52.56661],[13.87053,52.56721],[13.87123,52.56767],[13.87185,52.56755],[13.87085,52.56655]]]},"properties":{"id":"atlas:weinberg","version":"9ee1d267e4ed81792d2ce8e7cbe7cc700152d0498c845ff996bbc7097a1c00d6","cityId":"strausberg","kind":"planning","category":"Wohnen & Stadtentwicklung","title":"Wohnen am Weinberg","statement":"Wohngebietsplanung an den Weinbergen. Die aktuelle Stadtseite führt den Plan unter rechtsverbindlichen Bebauungsplänen.","status":"Als rechtsverbindlicher Plan gelistet","startDate":null,"endDate":null,"nextStep":"Umsetzung und Baustatus getrennt vom geltenden Plan bestätigen.","scale":"neighbourhood","geometryPrecision":"area","reviewState":"candidate","asOf":"2026-09-05","sourceCount":2,"primarySource":{"url":"https://www.stadt-strausberg.de/bauleitplanung-2/#rb_dasl_accordion_3_collapse2","title":"Stadt · rechtsverbindliche Bebauungspläne","publisher":"www.stadt-strausberg.de","licence":"unknown","reuse":"facts_with_attribution"}}},{"type":"Feature","geometry":{"type":"LineString","coordinates":[[13.75993,52.47648],[13.7876,52.465]]},"properties":{"id":"autobahn:2023-006668--vi-bs.2026-05-18_10-00-00-000.devi-bs.2025-05-16_00-00-00-000.de1","version":"336d1d82b91cab7d3de2fcb3492f9d9ee70091547b1c77e7c38560a54f358dba","cityId":"strausberg","kind":"roadworks","category":"Autobahn-Baustelle","title":"A10 | Berlin-Hellersdorf - Kalkberge","statement":"A10 | Berlin-Hellersdorf - Kalkberge: eine Baustelle ist im Autobahn-Verkehrsdienst verzeichnet. A10: Dreieck Barnim -> Dreieck Spreeau, zwischen 2.6 km hinter AS Berlin-Hellersdorf und 1.2 km vor Kalkberge Die Lage kann auch eine Pendelstrecke außerhalb des Stadtgebiets betreffen.","status":"im Verkehrsdienst geführt","startDate":"2026-05-18","endDate":"2026-12-31","nextStep":"Aktuelle Verkehrs- und Sperrinformationen beim Betreiber prüfen.","scale":"district","geometryPrecision":"approximate","reviewState":"candidate","asOf":"2026-09-26T16:50:17.185Z","sourceCount":1,"primarySource":{"url":"https://verkehr.autobahn.de/o/autobahn/A10/services/roadworks","title":"Autobahn A10 roadworks","publisher":"Autobahn GmbH","licence":"unknown","reuse":"unknown"}}},{"type":"Feature","geometry":{"type":"LineString","coordinates":[[13.78774,52.46511],[13.76009,52.4766]]},"properties":{"id":"autobahn:2023-006668--vi-bs.2026-05-18_10-00-00-000.devi-bs.2025-05-16_00-00-00-000.de3","version":"a181863847cd20f8e7bf050f953b570cbd674eec9ee1d48d59020991bff909af","cityId":"strausberg","kind":"roadworks","category":"Autobahn-Baustelle","title":"A10 | Kalkberge - Berlin-Hellersdorf","statement":"A10 | Kalkberge - Berlin-Hellersdorf: eine Baustelle ist im Autobahn-Verkehrsdienst verzeichnet. A10: Dreieck Spreeau -> Dreieck Barnim, zwischen 1.2 km hinter Kalkberge und 2.6 km vor AS Berlin-Hellersdorf Die Lage kann auch eine Pendelstrecke außerhalb des Stadtgebiets betreffen.","status":"im Verkehrsdienst geführt","startDate":"2026-05-18","endDate":"2026-12-31","nextStep":"Aktuelle Verkehrs- und Sperrinformationen beim Betreiber prüfen.","scale":"district","geometryPrecision":"approximate","reviewState":"candidate","asOf":"2026-09-26T16:50:17.185Z","sourceCount":1,"primarySource":{"url":"https://verkehr.autobahn.de/o/autobahn/A10/services/roadworks","title":"Autobahn A10 roadworks","publisher":"Autobahn GmbH","licence":"unknown","reuse":"unknown"}}},{"type":"Feature","geometry":{"type":"LineString","coordinates":[[13.75993,52.47648],[13.7876,52.465]]},"properties":{"id":"autobahn:2023-006668--vi-bs.2026-09-17_20-00-00-000.devi-bs.2025-05-16_00-00-00-000.de15","version":"08e95ee8588221fb8aacee67f34c452a09b25aa3793a5d9e9307a01ca995eaff","cityId":"strausberg","kind":"roadworks","category":"Autobahn-Baustelle","title":"A10 | Berlin-Hellersdorf - Kalkberge","statement":"A10 | Berlin-Hellersdorf - Kalkberge: eine Baustelle ist im Autobahn-Verkehrsdienst verzeichnet. A10: Dreieck Barnim -> Dreieck Spreeau, zwischen 2.6 km hinter AS Berlin-Hellersdorf und 1.2 km vor Kalkberge Die Lage kann auch eine Pendelstrecke außerhalb des Stadtgebiets betreffen.","status":"im Verkehrsdienst geführt","startDate":"2026-09-17","endDate":"2026-12-31","nextStep":"Aktuelle Verkehrs- und Sperrinformationen beim Betreiber prüfen.","scale":"district","geometryPrecision":"approximate","reviewState":"candidate","asOf":"2026-09-26T16:50:17.185Z","sourceCount":1,"primarySource":{"url":"https://verkehr.autobahn.de/o/autobahn/A10/services/roadworks","title":"Autobahn A10 roadworks","publisher":"Autobahn GmbH","licence":"unknown","reuse":"unknown"}}},{"type":"Feature","geometry":{"type":"LineString","coordinates":[[13.78774,52.46511],[13.76009,52.4766]]},"properties":{"id":"autobahn:2023-006668--vi-bs.2026-09-17_20-00-00-000.devi-bs.2025-05-16_00-00-00-000.de17","version":"0b51b98b35d093bdd31e62366be571e22dfdf08a8f19580cd1b7a0ba11f3c5ae","cityId":"strausberg","kind":"roadworks","category":"Autobahn-Baustelle","title":"A10 | Kalkberge - Berlin-Hellersdorf","statement":"A10 | Kalkberge - Berlin-Hellersdorf: eine Baustelle ist im Autobahn-Verkehrsdienst verzeichnet. A10: Dreieck Spreeau -> Dreieck Barnim, zwischen 1.2 km hinter Kalkberge und 2.6 km vor AS Berlin-Hellersdorf Die Lage kann auch eine Pendelstrecke außerhalb des Stadtgebiets betreffen.","status":"im Verkehrsdienst geführt","startDate":"2026-09-17","endDate":"2026-12-31","nextStep":"Aktuelle Verkehrs- und Sperrinformationen beim Betreiber prüfen.","scale":"district","geometryPrecision":"approximate","reviewState":"candidate","asOf":"2026-09-26T16:50:17.185Z","sourceCount":1,"primarySource":{"url":"https://verkehr.autobahn.de/o/autobahn/A10/services/roadworks","title":"Autobahn A10 roadworks","publisher":"Autobahn GmbH","licence":"unknown","reuse":"unknown"}}},{"type":"Feature","geometry":{"type":"LineString","coordinates":[[13.78647,52.39277],[13.75098,52.33085]]},"properties":{"id":"autobahn:2024-047150--vi-bs.2026-09-02_18-00-00-000.devi-zus.2025-03-29_00-00-00-000.f.de1","version":"b5c990a1f88f15700c0560245ad51c55946fbfea73ff79ec9b3d7d5b5f41676a","cityId":"strausberg","kind":"roadworks","category":"Autobahn-Baustelle","title":"A10 | Erkner - Spreeau","statement":"A10 | Erkner - Spreeau: eine Baustelle ist im Autobahn-Verkehrsdienst verzeichnet. A10: Dreieck Barnim -> Dreieck Spreeau, zwischen 3.4 km hinter AS Erkner und 0.8 km vor AD Spreeau Die Lage kann auch eine Pendelstrecke außerhalb des Stadtgebiets betreffen.","status":"im Verkehrsdienst geführt","startDate":"2026-09-02","endDate":"2030-12-31","nextStep":"Aktuelle Verkehrs- und Sperrinformationen beim Betreiber prüfen.","scale":"district","geometryPrecision":"approximate","reviewState":"candidate","asOf":"2026-09-26T16:50:17.185Z","sourceCount":1,"primarySource":{"url":"https://verkehr.autobahn.de/o/autobahn/A10/services/roadworks","title":"Autobahn A10 roadworks","publisher":"Autobahn GmbH","licence":"unknown","reuse":"unknown"}}},{"type":"Feature","geometry":{"type":"LineString","coordinates":[[13.74658,52.32544],[13.77865,52.38052]]},"properties":{"id":"autobahn:2024-047150--vi-bs.2026-09-02_18-00-00-000.devi-zus.2025-03-29_00-00-00-000.f.de3","version":"c04d43804dd5758b91989c2a382c434e0e4dfdd471a32a7fd1351cbe1c4b00fc","cityId":"strausberg","kind":"roadworks","category":"Autobahn-Baustelle","title":"A10 | Spreeau - Freienbrink","statement":"A10 | Spreeau - Freienbrink: eine Baustelle ist im Autobahn-Verkehrsdienst verzeichnet. A10: Dreieck Spreeau -> Dreieck Barnim, zwischen 0.1 km hinter AD Spreeau und 1.1 km vor AS Freienbrink Die Lage kann auch eine Pendelstrecke außerhalb des Stadtgebiets betreffen.","status":"im Verkehrsdienst geführt","startDate":"2026-09-02","endDate":"2030-12-31","nextStep":"Aktuelle Verkehrs- und Sperrinformationen beim Betreiber prüfen.","scale":"district","geometryPrecision":"approximate","reviewState":"candidate","asOf":"2026-09-26T16:50:17.185Z","sourceCount":1,"primarySource":{"url":"https://verkehr.autobahn.de/o/autobahn/A10/services/roadworks","title":"Autobahn A10 roadworks","publisher":"Autobahn GmbH","licence":"unknown","reuse":"unknown"}}},{"type":"Feature","geometry":{"type":"LineString","coordinates":[[14.06961,52.33457],[14.1781,52.34377]]},"properties":{"id":"autobahn:2024-056148--vi-bs.2026-05-06_12-00-00-000.devi-zus.2025-03-03_00-00-00-000.f_004.de1","version":"b7728628852c5549815b5ca19c470ecc7b500acc6ea6da943255dcd8155a4127","cityId":"strausberg","kind":"roadworks","category":"Autobahn-Baustelle","title":"A12 | Briesenluch - Kersdorfer See","statement":"A12 | Briesenluch - Kersdorfer See: eine Baustelle ist im Autobahn-Verkehrsdienst verzeichnet. A12: Berliner Ring -> Frankfurt(Oder), zwischen 8.4 km hinter Briesenluch und 3.0 km vor Kersdorfer See Die Lage kann auch eine Pendelstrecke außerhalb des Stadtgebiets betreffen.","status":"im Verkehrsdienst geführt","startDate":"2026-05-06","endDate":"2028-10-31","nextStep":"Aktuelle Verkehrs- und Sperrinformationen beim Betreiber prüfen.","scale":"district","geometryPrecision":"approximate","reviewState":"candidate","asOf":"2026-09-26T16:50:17.332Z","sourceCount":1,"primarySource":{"url":"https://verkehr.autobahn.de/o/autobahn/A12/services/roadworks","title":"Autobahn A12 roadworks","publisher":"Autobahn GmbH","licence":"unknown","reuse":"unknown"}}},{"type":"Feature","geometry":{"type":"LineString","coordinates":[[14.17807,52.34389],[14.06961,52.33468]]},"properties":{"id":"autobahn:2024-056148--vi-bs.2026-05-06_12-00-00-000.devi-zus.2025-03-03_00-00-00-000.f_004.de3","version":"ccd5414ffaa6badb6f356a3db9e7ce8ac3f31e42dd09d6e9b1d239532b771ce0","cityId":"strausberg","kind":"roadworks","category":"Autobahn-Baustelle","title":"A12 | Kersdorfer See - Briesenluch","statement":"A12 | Kersdorfer See - Briesenluch: eine Baustelle ist im Autobahn-Verkehrsdienst verzeichnet. A12: Frankfurt(Oder) -> Berliner Ring, zwischen 3.0 km hinter Kersdorfer See und 8.4 km vor Briesenluch Die Lage kann auch eine Pendelstrecke außerhalb des Stadtgebiets betreffen.","status":"im Verkehrsdienst geführt","startDate":"2026-05-06","endDate":"2028-10-31","nextStep":"Aktuelle Verkehrs- und Sperrinformationen beim Betreiber prüfen.","scale":"district","geometryPrecision":"approximate","reviewState":"candidate","asOf":"2026-09-26T16:50:17.332Z","sourceCount":1,"primarySource":{"url":"https://verkehr.autobahn.de/o/autobahn/A12/services/roadworks","title":"Autobahn A12 roadworks","publisher":"Autobahn GmbH","licence":"unknown","reuse":"unknown"}}},{"type":"Feature","geometry":{"type":"LineString","coordinates":[[14.05851,52.33321],[14.06961,52.33457]]},"properties":{"id":"autobahn:2024-056148--vi-bs.2026-05-06_12-00-00-000.devi-zus.2025-03-03_00-00-00-000.f_004.de5","version":"24e2f9811291973a26e502aa9e0be7cdb8b45be0744d72b9a74bafc3c2b30927","cityId":"strausberg","kind":"roadworks","category":"Autobahn-Baustelle","title":"A12 | Briesenluch - Fürstenwalde-West","statement":"A12 | Briesenluch - Fürstenwalde-West: eine Baustelle ist im Autobahn-Verkehrsdienst verzeichnet. A12: Berliner Ring -> Frankfurt(Oder), zwischen 7.6 km hinter Briesenluch und 0.4 km vor AS Fürstenwalde-West Die Lage kann auch eine Pendelstrecke außerhalb des Stadtgebiets betreffen.","status":"im Verkehrsdienst geführt","startDate":"2026-05-06","endDate":"2028-10-31","nextStep":"Aktuelle Verkehrs- und Sperrinformationen beim Betreiber prüfen.","scale":"district","geometryPrecision":"approximate","reviewState":"candidate","asOf":"2026-09-26T16:50:17.332Z","sourceCount":1,"primarySource":{"url":"https://verkehr.autobahn.de/o/autobahn/A12/services/roadworks","title":"Autobahn A12 roadworks","publisher":"Autobahn GmbH","licence":"unknown","reuse":"unknown"}}},{"type":"Feature","geometry":{"type":"LineString","coordinates":[[14.06959,52.33468],[14.0674,52.33465]]},"properties":{"id":"autobahn:2024-056148--vi-bs.2026-05-06_12-00-00-000.devi-zus.2025-03-03_00-00-00-000.f_004.de7","version":"b5319cb2dc196836ce1cb3238776ec34358c40c16df2104f4f038d7f6aca18cb","cityId":"strausberg","kind":"roadworks","category":"Autobahn-Baustelle","title":"A12 | Fürstenwalde-West - Briesenluch","statement":"A12 | Fürstenwalde-West - Briesenluch: eine Baustelle ist im Autobahn-Verkehrsdienst verzeichnet. A12: Frankfurt(Oder) -> Berliner Ring, zwischen 0.4 km hinter AS Fürstenwalde-West und 8.2 km vor Briesenluch Die Lage kann auch eine Pendelstrecke außerhalb des Stadtgebiets betreffen.","status":"im Verkehrsdienst geführt","startDate":"2026-05-06","endDate":"2028-10-31","nextStep":"Aktuelle Verkehrs- und Sperrinformationen beim Betreiber prüfen.","scale":"district","geometryPrecision":"approximate","reviewState":"candidate","asOf":"2026-09-26T16:50:17.332Z","sourceCount":1,"primarySource":{"url":"https://verkehr.autobahn.de/o/autobahn/A12/services/roadworks","title":"Autobahn A12 roadworks","publisher":"Autobahn GmbH","licence":"unknown","reuse":"unknown"}}},{"type":"Feature","geometry":{"type":"LineString","coordinates":[[14.17807,52.34389],[14.06961,52.33468]]},"properties":{"id":"autobahn:2024-056148--vi-bs.2026-08-24_07-00-00-000.devi-zus.2025-03-03_00-00-00-000.f_004.de11","version":"1fade3ceecacc4db258cbfd9ffcf8273a8f6171ce5589b271b6ad3c8bc093519","cityId":"strausberg","kind":"roadworks","category":"Autobahn-Baustelle","title":"A12 | Kersdorfer See - Briesenluch","statement":"A12 | Kersdorfer See - Briesenluch: eine Baustelle ist im Autobahn-Verkehrsdienst verzeichnet. A12: Frankfurt(Oder) -> Berliner Ring, zwischen 3.0 km hinter Kersdorfer See und 8.4 km vor Briesenluch Die Lage kann auch eine Pendelstrecke außerhalb des Stadtgebiets betreffen.","status":"im Verkehrsdienst geführt","startDate":"2026-08-24","endDate":"2028-10-31","nextStep":"Aktuelle Verkehrs- und Sperrinformationen beim Betreiber prüfen.","scale":"district","geometryPrecision":"approximate","reviewState":"candidate","asOf":"2026-09-26T16:50:17.332Z","sourceCount":1,"primarySource":{"url":"https://verkehr.autobahn.de/o/autobahn/A12/services/roadworks","title":"Autobahn A12 roadworks","publisher":"Autobahn GmbH","licence":"unknown","reuse":"unknown"}}},{"type":"Feature","geometry":{"type":"LineString","coordinates":[[14.05851,52.33321],[14.06961,52.33457]]},"properties":{"id":"autobahn:2024-056148--vi-bs.2026-08-24_07-00-00-000.devi-zus.2025-03-03_00-00-00-000.f_004.de13","version":"cdfe90eb9610a067e8afa2477d56ce635c24295462061106082685f8c3b4e167","cityId":"strausberg","kind":"roadworks","category":"Autobahn-Baustelle","title":"A12 | Briesenluch - Fürstenwalde-West","statement":"A12 | Briesenluch - Fürstenwalde-West: eine Baustelle ist im Autobahn-Verkehrsdienst verzeichnet. A12: Berliner Ring -> Frankfurt(Oder), zwischen 7.6 km hinter Briesenluch und 0.4 km vor AS Fürstenwalde-West Die Lage kann auch eine Pendelstrecke außerhalb des Stadtgebiets betreffen.","status":"im Verkehrsdienst geführt","startDate":"2026-08-24","endDate":"2028-10-31","nextStep":"Aktuelle Verkehrs- und Sperrinformationen beim Betreiber prüfen.","scale":"district","geometryPrecision":"approximate","reviewState":"candidate","asOf":"2026-09-26T16:50:17.332Z","sourceCount":1,"primarySource":{"url":"https://verkehr.autobahn.de/o/autobahn/A12/services/roadworks","title":"Autobahn A12 roadworks","publisher":"Autobahn GmbH","licence":"unknown","reuse":"unknown"}}},{"type":"Feature","geometry":{"type":"LineString","coordinates":[[14.06959,52.33468],[14.0674,52.33465]]},"properties":{"id":"autobahn:2024-056148--vi-bs.2026-08-24_07-00-00-000.devi-zus.2025-03-03_00-00-00-000.f_004.de15","version":"5e12c980f09586a7d133a197f1cadae1fb0102368f9a38844fef79103547c823","cityId":"strausberg","kind":"roadworks","category":"Autobahn-Baustelle","title":"A12 | Fürstenwalde-West - Briesenluch","statement":"A12 | Fürstenwalde-West - Briesenluch: eine Baustelle ist im Autobahn-Verkehrsdienst verzeichnet. A12: Frankfurt(Oder) -> Berliner Ring, zwischen 0.4 km hinter AS Fürstenwalde-West und 8.2 km vor Briesenluch Die Lage kann auch eine Pendelstrecke außerhalb des Stadtgebiets betreffen.","status":"im Verkehrsdienst geführt","startDate":"2026-08-24","endDate":"2028-10-31","nextStep":"Aktuelle Verkehrs- und Sperrinformationen beim Betreiber prüfen.","scale":"district","geometryPrecision":"approximate","reviewState":"candidate","asOf":"2026-09-26T16:50:17.332Z","sourceCount":1,"primarySource":{"url":"https://verkehr.autobahn.de/o/autobahn/A12/services/roadworks","title":"Autobahn A12 roadworks","publisher":"Autobahn GmbH","licence":"unknown","reuse":"unknown"}}},{"type":"Feature","geometry":{"type":"LineString","coordinates":[[14.06961,52.33457],[14.1781,52.34377]]},"properties":{"id":"autobahn:2024-056148--vi-bs.2026-08-24_07-00-00-000.devi-zus.2025-03-03_00-00-00-000.f_004.de9","version":"0c0b83d43c4e8ad3126a68ca5f940cb49c3ba2fda476b403f9e69a3fc3c35906","cityId":"strausberg","kind":"roadworks","category":"Autobahn-Baustelle","title":"A12 | Briesenluch - Kersdorfer See","statement":"A12 | Briesenluch - Kersdorfer See: eine Baustelle ist im Autobahn-Verkehrsdienst verzeichnet. A12: Berliner Ring -> Frankfurt(Oder), zwischen 8.4 km hinter Briesenluch und 3.0 km vor Kersdorfer See Die Lage kann auch eine Pendelstrecke außerhalb des Stadtgebiets betreffen.","status":"im Verkehrsdienst geführt","startDate":"2026-08-24","endDate":"2028-10-31","nextStep":"Aktuelle Verkehrs- und Sperrinformationen beim Betreiber prüfen.","scale":"district","geometryPrecision":"approximate","reviewState":"candidate","asOf":"2026-09-26T16:50:17.332Z","sourceCount":1,"primarySource":{"url":"https://verkehr.autobahn.de/o/autobahn/A12/services/roadworks","title":"Autobahn A12 roadworks","publisher":"Autobahn GmbH","licence":"unknown","reuse":"unknown"}}},{"type":"Feature","geometry":{"type":"LineString","coordinates":[[14.1096,52.33534],[14.11267,52.33412]]},"properties":{"id":"autobahn:2024-056148--vi-fbm.2026-08-24_07-00-00-000.devi-zus.2025-03-03_00-00-00-000.f_004.de17","version":"fa702aac65074d936917c406e017db5db221cbadf7228c77ecbdd1996e50737d","cityId":"strausberg","kind":"roadworks","category":"Sperrung","title":"A12, Fahrbahnerhaltung zwischen AS Fürstenwalde-West und AS Briesen (km 22,9-31,5), beide FR","statement":"A12, Fahrbahnerhaltung zwischen AS Fürstenwalde-West und AS Briesen (km 22,9-31,5), beide FR: eine Sperrung ist im Autobahn-Verkehrsdienst verzeichnet. Von A12: Berliner Ring -> Frankfurt(Oder), zwischen 2.4 km hinter AS Fürstenwalde-West und Kersdorfer See nach Abfahrt von der A12: AS Fürstenwalde-Ost (aus Richtung Fürstenwalde-West) Die Lage kann auch eine Pendelstrecke außerhalb des Stadtgebiets betreffen.","status":"im Verkehrsdienst geführt","startDate":"2026-08-24","endDate":"2028-10-31","nextStep":"Aktuelle Verkehrs- und Sperrinformationen beim Betreiber prüfen.","scale":"district","geometryPrecision":"approximate","reviewState":"candidate","asOf":"2026-09-26T16:50:17.365Z","sourceCount":1,"primarySource":{"url":"https://verkehr.autobahn.de/o/autobahn/A12/services/closure","title":"Autobahn A12 closure","publisher":"Autobahn GmbH","licence":"unknown","reuse":"unknown"}}},{"type":"Feature","geometry":{"type":"LineString","coordinates":[[14.11278,52.33404],[14.11867,52.33557]]},"properties":{"id":"autobahn:2024-056148--vi-fbm.2026-08-24_07-00-00-000.devi-zus.2025-03-03_00-00-00-000.f_004.de18","version":"7b4f38c861f439f9d06ca2138ca4bba0dfae00ce6fc17769ac7c1637eeb38e24","cityId":"strausberg","kind":"roadworks","category":"Sperrung","title":"A12, Fahrbahnerhaltung zwischen AS Fürstenwalde-West und AS Briesen (km 22,9-31,5), beide FR","statement":"A12, Fahrbahnerhaltung zwischen AS Fürstenwalde-West und AS Briesen (km 22,9-31,5), beide FR: eine Sperrung ist im Autobahn-Verkehrsdienst verzeichnet. Von Auffahrt auf die A12: AS Fürstenwalde-Ost (aus Richtung Fürstenwalde-West) nach A12: Berliner Ring -> Frankfurt(Oder), zwischen AS Fürstenwalde-Ost und 7.2 km vor Kersdorfer See Die Lage kann auch eine Pendelstrecke außerhalb des Stadtgebiets betreffen.","status":"im Verkehrsdienst geführt","startDate":"2026-08-24","endDate":"2028-10-31","nextStep":"Aktuelle Verkehrs- und Sperrinformationen beim Betreiber prüfen.","scale":"district","geometryPrecision":"approximate","reviewState":"candidate","asOf":"2026-09-26T16:50:17.365Z","sourceCount":1,"primarySource":{"url":"https://verkehr.autobahn.de/o/autobahn/A12/services/closure","title":"Autobahn A12 closure","publisher":"Autobahn GmbH","licence":"unknown","reuse":"unknown"}}},{"type":"Feature","geometry":{"type":"LineString","coordinates":[[13.56144,52.31978],[13.55487,52.31237]]},"properties":{"id":"autobahn:2026-047353--vi-fbm.2026-09-29_10-00-00-000.devi-zus.2026-09-28_08-00-00-000_011.de5","version":"d34e3f8f5fc891e0acc451b8826f0a44792fcd147536aa61fa65996d40ecdd39","cityId":"strausberg","kind":"roadworks","category":"Sperrung","title":"A10, A13 Bauwerksprüfung Ludwigsfelde-Ost - AK Schönefeld","statement":"A10, A13 Bauwerksprüfung Ludwigsfelde-Ost - AK Schönefeld: eine Sperrung ist im Autobahn-Verkehrsdienst verzeichnet. 29.09.26 von 10:00 bis 12:00 Uhr Die Lage kann auch eine Pendelstrecke außerhalb des Stadtgebiets betreffen.","status":"angekündigt; 29.09.26 von 10:00 bis 12:00 Uhr","startDate":"2026-09-29","endDate":"2026-09-30","nextStep":"Aktuelle Verkehrs- und Sperrinformationen beim Betreiber prüfen.","scale":"district","geometryPrecision":"approximate","reviewState":"candidate","asOf":"2026-09-26T16:50:17.226Z","sourceCount":1,"primarySource":{"url":"https://verkehr.autobahn.de/o/autobahn/A10/services/closure","title":"Autobahn A10 closure","publisher":"Autobahn GmbH","licence":"unknown","reuse":"unknown"}}},{"type":"Feature","geometry":{"type":"LineString","coordinates":[[13.55549,52.3104],[13.57241,52.31946]]},"properties":{"id":"autobahn:2026-047353--vi-fbm.2026-09-30_10-00-00-000.devi-zus.2026-09-28_08-00-00-000_011.de8","version":"3e8c09c81c664585326072183509b8d1757a39379a069da3f735664f56f6a185","cityId":"strausberg","kind":"roadworks","category":"Sperrung","title":"A10, A13 Bauwerksprüfung Ludwigsfelde-Ost - AK Schönefeld","statement":"A10, A13 Bauwerksprüfung Ludwigsfelde-Ost - AK Schönefeld: eine Sperrung ist im Autobahn-Verkehrsdienst verzeichnet. 30.09.26 von 10:00 bis 12:00 Uhr Die Lage kann auch eine Pendelstrecke außerhalb des Stadtgebiets betreffen.","status":"angekündigt; 30.09.26 von 10:00 bis 12:00 Uhr","startDate":"2026-09-30","endDate":"2026-09-30","nextStep":"Aktuelle Verkehrs- und Sperrinformationen beim Betreiber prüfen.","scale":"district","geometryPrecision":"approximate","reviewState":"candidate","asOf":"2026-09-26T16:50:17.226Z","sourceCount":1,"primarySource":{"url":"https://verkehr.autobahn.de/o/autobahn/A10/services/closure","title":"Autobahn A10 closure","publisher":"Autobahn GmbH","licence":"unknown","reuse":"unknown"}}},{"type":"Feature","geometry":{"type":"LineString","coordinates":[[13.58037,52.611],[13.78523,52.41642]]},"properties":{"id":"autobahn:2026-047635--vi-bs.2026-09-29_08-00-00-000.devi-zus.2026-09-29_08-00-00-000_001.de1","version":"b6addacccf1c1f049ceaa26827b2b5408dd05679ae89ab252f0bc2c0a033e639","cityId":"strausberg","kind":"roadworks","category":"Autobahn-Baustelle","title":"A10 | Barnim - Freienbrink","statement":"A10 | Barnim - Freienbrink: eine Baustelle ist im Autobahn-Verkehrsdienst verzeichnet. 29.09.26 von 08:00 bis 16:00 Uhr Die Lage kann auch eine Pendelstrecke außerhalb des Stadtgebiets betreffen.","status":"angekündigt; 29.09.26 von 08:00 bis 16:00 Uhr","startDate":"2026-09-29","endDate":"2026-10-01","nextStep":"Aktuelle Verkehrs- und Sperrinformationen beim Betreiber prüfen.","scale":"district","geometryPrecision":"approximate","reviewState":"candidate","asOf":"2026-09-26T16:50:17.185Z","sourceCount":1,"primarySource":{"url":"https://verkehr.autobahn.de/o/autobahn/A10/services/roadworks","title":"Autobahn A10 roadworks","publisher":"Autobahn GmbH","licence":"unknown","reuse":"unknown"}}},{"type":"Feature","geometry":{"type":"LineString","coordinates":[[13.78546,52.41643],[13.58043,52.61117]]},"properties":{"id":"autobahn:2026-047635--vi-bs.2026-09-29_08-00-00-000.devi-zus.2026-09-29_08-00-00-000_001.de3","version":"b974a36a02b88428c5b5ee4e9e49ff5de3ecf7b98c9a8bb72fd30cd329b3aa34","cityId":"strausberg","kind":"roadworks","category":"Autobahn-Baustelle","title":"A10 | Freienbrink - Barnim","statement":"A10 | Freienbrink - Barnim: eine Baustelle ist im Autobahn-Verkehrsdienst verzeichnet. 29.09.26 von 08:00 bis 16:00 Uhr Die Lage kann auch eine Pendelstrecke außerhalb des Stadtgebiets betreffen.","status":"angekündigt; 29.09.26 von 08:00 bis 16:00 Uhr","startDate":"2026-09-29","endDate":"2026-10-01","nextStep":"Aktuelle Verkehrs- und Sperrinformationen beim Betreiber prüfen.","scale":"district","geometryPrecision":"approximate","reviewState":"candidate","asOf":"2026-09-26T16:50:17.185Z","sourceCount":1,"primarySource":{"url":"https://verkehr.autobahn.de/o/autobahn/A10/services/roadworks","title":"Autobahn A10 roadworks","publisher":"Autobahn GmbH","licence":"unknown","reuse":"unknown"}}},{"type":"Feature","geometry":{"type":"LineString","coordinates":[[13.77153,52.3216],[13.76871,52.32216]]},"properties":{"id":"autobahn:2026-047635--vi-bs.2026-09-29_08-00-00-000.devi-zus.2026-09-29_08-00-00-000_001.de5","version":"9b54e30a7dfbdb4ccd0dcda947eabafa2b1df27cea087e5ceadb509314280fda","cityId":"strausberg","kind":"roadworks","category":"Autobahn-Baustelle","title":"A12 | Friedersdorf - Spreeau","statement":"A12 | Friedersdorf - Spreeau: eine Baustelle ist im Autobahn-Verkehrsdienst verzeichnet. 10.11.26 von 08:00 bis 16:00 Uhr Die Lage kann auch eine Pendelstrecke außerhalb des Stadtgebiets betreffen.","status":"angekündigt; 10.11.26 von 08:00 bis 16:00 Uhr","startDate":"2026-11-10","endDate":"2026-11-12","nextStep":"Aktuelle Verkehrs- und Sperrinformationen beim Betreiber prüfen.","scale":"district","geometryPrecision":"approximate","reviewState":"candidate","asOf":"2026-09-26T16:50:17.332Z","sourceCount":1,"primarySource":{"url":"https://verkehr.autobahn.de/o/autobahn/A12/services/roadworks","title":"Autobahn A12 roadworks","publisher":"Autobahn GmbH","licence":"unknown","reuse":"unknown"}}},{"type":"Feature","geometry":{"type":"LineString","coordinates":[[13.54121,52.72396],[13.56528,52.63239]]},"properties":{"id":"autobahn:2026-049193--vi-bs.2026-09-28_08-00-00-000_016.de0","version":"2e855997cac7db8e4f93513a4bd0e552a9babf4be7eb9eefdad70d1fd9da1978","cityId":"strausberg","kind":"roadworks","category":"Autobahn-Baustelle","title":"A11 | Wandlitz - Barnim","statement":"A11 | Wandlitz - Barnim: eine Baustelle ist im Autobahn-Verkehrsdienst verzeichnet. 28.09.26 von 08:00 bis 18:00 Uhr Die Lage kann auch eine Pendelstrecke außerhalb des Stadtgebiets betreffen.","status":"angekündigt; 28.09.26 von 08:00 bis 18:00 Uhr","startDate":"2026-09-28","endDate":"2026-10-02","nextStep":"Aktuelle Verkehrs- und Sperrinformationen beim Betreiber prüfen.","scale":"district","geometryPrecision":"approximate","reviewState":"candidate","asOf":"2026-09-26T16:50:17.267Z","sourceCount":1,"primarySource":{"url":"https://verkehr.autobahn.de/o/autobahn/A11/services/roadworks","title":"Autobahn A11 roadworks","publisher":"Autobahn GmbH","licence":"unknown","reuse":"unknown"}}},{"type":"Feature","geometry":{"type":"Point","coordinates":[13.89981,52.58843]},"properties":{"id":"osm:node-10250740555","version":"447c7d023db2a95309725dafeac08f72db7d7879d00291b09b83268d16e4c59b","cityId":"strausberg","kind":"place","category":"doctors","title":"Hausarztpraxis Birgit Hanisch","statement":"Hausarztpraxis Birgit Hanisch ist in OpenStreetMap als doctors eingetragen. Öffnungszeiten in OSM eingetragen; nicht unabhängig bestätigt.","status":"OSM-Eintrag, nicht offiziell geprüft","startDate":null,"endDate":null,"nextStep":"Aktuelle Angaben direkt beim Ort prüfen.","scale":"street","geometryPrecision":"exact","reviewState":"candidate","asOf":"2026-09-26T17:13:34.916Z","sourceCount":1,"primarySource":{"url":"https://www.openstreetmap.org/node/10250740555","title":"OpenStreetMap contributors","publisher":"OpenStreetMap contributors","licence":"ODbL 1.0","reuse":"open_licence"}}},{"type":"Feature","geometry":{"type":"Point","coordinates":[13.97085,52.56677]},"properties":{"id":"osm:node-1028750231","version":"188ac2b9feec1f99a670c98002dd9bf2b622952fda20e5a4b8823c65f261c609","cityId":"strausberg","kind":"place","category":"community_centre","title":"Dorfgemeinschaftshaus Hohenstein","statement":"Dorfgemeinschaftshaus Hohenstein ist in OpenStreetMap als community_centre eingetragen. Öffnungszeiten in OSM eingetragen; nicht unabhängig bestätigt.","status":"OSM-Eintrag, nicht offiziell geprüft","startDate":null,"endDate":null,"nextStep":"Aktuelle Angaben direkt beim Ort prüfen.","scale":"street","geometryPrecision":"exact","reviewState":"candidate","asOf":"2026-09-26T17:13:34.916Z","sourceCount":1,"primarySource":{"url":"https://www.openstreetmap.org/node/1028750231","title":"OpenStreetMap contributors","publisher":"OpenStreetMap contributors","licence":"ODbL 1.0","reuse":"open_licence"}}},{"type":"Feature","geometry":{"type":"Point","coordinates":[13.89208,52.57549]},"properties":{"id":"osm:node-10893542847","version":"0250ac310ef0a747c4b8d1450ae1ea06e9704e1fac5825201292ac8fc84b1d9f","cityId":"strausberg","kind":"place","category":"bakery","title":"Hennig","statement":"Hennig ist in OpenStreetMap als bakery eingetragen. Öffnungszeiten in OSM eingetragen; nicht unabhängig bestätigt.","status":"OSM-Eintrag, nicht offiziell geprüft","startDate":null,"endDate":null,"nextStep":"Aktuelle Angaben direkt beim Ort prüfen.","scale":"street","geometryPrecision":"exact","reviewState":"candidate","asOf":"2026-09-26T17:13:34.916Z","sourceCount":1,"primarySource":{"url":"https://www.openstreetmap.org/node/10893542847","title":"OpenStreetMap contributors","publisher":"OpenStreetMap contributors","licence":"ODbL 1.0","reuse":"open_licence"}}},{"type":"Feature","geometry":{"type":"Point","coordinates":[13.83842,52.53941]},"properties":{"id":"osm:node-10894513598","version":"f679ccb83e5c70169910f9c3e86d23f7ef831c12eaafe55beddf0d67bd595326","cityId":"strausberg","kind":"place","category":"fitness","title":"Krafttankstelle","statement":"Krafttankstelle ist in OpenStreetMap als fitness eingetragen. Öffnungszeiten in OSM eingetragen; nicht unabhängig bestätigt.","status":"OSM-Eintrag, nicht offiziell geprüft","startDate":null,"endDate":null,"nextStep":"Aktuelle Angaben direkt beim Ort prüfen.","scale":"street","geometryPrecision":"exact","reviewState":"candidate","asOf":"2026-09-26T17:13:34.916Z","sourceCount":1,"primarySource":{"url":"https://www.openstreetmap.org/node/10894513598","title":"OpenStreetMap contributors","publisher":"OpenStreetMap contributors","licence":"ODbL 1.0","reuse":"open_licence"}}},{"type":"Feature","geometry":{"type":"Point","coordinates":[13.90073,52.58188]},"properties":{"id":"osm:node-10957548426","version":"4905cdd130ec16d4be3c3b2fcf8e5638f0826a437315f53fd6a0be4e824d8b93","cityId":"strausberg","kind":"place","category":"post_office","title":"City Brief Bote","statement":"City Brief Bote ist in OpenStreetMap als post_office eingetragen. Öffnungszeiten in OSM eingetragen; nicht unabhängig bestätigt.","status":"OSM-Eintrag, nicht offiziell geprüft","startDate":null,"endDate":null,"nextStep":"Aktuelle Angaben direkt beim Ort prüfen.","scale":"street","geometryPrecision":"exact","reviewState":"candidate","asOf":"2026-09-26T17:13:34.916Z","sourceCount":1,"primarySource":{"url":"https://www.openstreetmap.org/node/10957548426","title":"OpenStreetMap contributors","publisher":"OpenStreetMap contributors","licence":"ODbL 1.0","reuse":"open_licence"}}},{"type":"Feature","geometry":{"type":"Point","coordinates":[13.88243,52.57791]},"properties":{"id":"osm:node-10969497174","version":"b83529d164f73fc20cf8fd6af3b630c346296574eb86cf53b632e74fa9837553","cityId":"strausberg","kind":"place","category":"yoga","title":"Hormon Yoga","statement":"Hormon Yoga ist in OpenStreetMap als yoga eingetragen. Betrieb und Öffnungszeiten nicht geprüft.","status":"OSM-Eintrag, nicht offiziell geprüft","startDate":null,"endDate":null,"nextStep":"Aktuelle Angaben direkt beim Ort prüfen.","scale":"street","geometryPrecision":"exact","reviewState":"candidate","asOf":"2026-09-26T17:13:34.916Z","sourceCount":1,"primarySource":{"url":"https://www.openstreetmap.org/node/10969497174","title":"OpenStreetMap contributors","publisher":"OpenStreetMap contributors","licence":"ODbL 1.0","reuse":"open_licence"}}},{"type":"Feature","geometry":{"type":"Point","coordinates":[13.8925,52.57613]},"properties":{"id":"osm:node-11375680435","version":"b9ce7f4bdbda17d99c3888083ab3e57fdd58444cd0a1c8946026f33db9a08f6b","cityId":"strausberg","kind":"place","category":"doctors","title":"Praxis Dania Prütz - Fachärztin für Allgemeinmedizin, Naturheilkunde, Homöopathie und Akupunktur","statement":"Praxis Dania Prütz - Fachärztin für Allgemeinmedizin, Naturheilkunde, Homöopathie und Akupunktur ist in OpenStreetMap als doctors eingetragen. Öffnungszeiten in OSM eingetragen; nicht unabhängig bestätigt.","status":"OSM-Eintrag, nicht offiziell geprüft","startDate":null,"endDate":null,"nextStep":"Aktuelle Angaben direkt beim Ort prüfen.","scale":"street","geometryPrecision":"exact","reviewState":"candidate","asOf":"2026-09-26T17:13:34.916Z","sourceCount":1,"primarySource":{"url":"https://www.openstreetmap.org/node/11375680435","title":"OpenStreetMap contributors","publisher":"OpenStreetMap contributors","licence":"ODbL 1.0","reuse":"open_licence"}}},{"type":"Feature","geometry":{"type":"Point","coordinates":[13.88151,52.57761]},"properties":{"id":"osm:node-1201780398","version":"5fc342fbd8dadc19e8d8b84c0fc7924b7706f4911704da78eeabc117a0c1d082","cityId":"strausberg","kind":"place","category":"bakery","title":"Hennig","statement":"Hennig ist in OpenStreetMap als bakery eingetragen. Öffnungszeiten in OSM eingetragen; nicht unabhängig bestätigt.","status":"OSM-Eintrag, nicht offiziell geprüft","startDate":null,"endDate":null,"nextStep":"Aktuelle Angaben direkt beim Ort prüfen.","scale":"street","geometryPrecision":"exact","reviewState":"candidate","asOf":"2026-09-26T17:13:34.916Z","sourceCount":1,"primarySource":{"url":"https://www.openstreetmap.org/node/1201780398","title":"OpenStreetMap contributors","publisher":"OpenStreetMap contributors","licence":"ODbL 1.0","reuse":"open_licence"}}},{"type":"Feature","geometry":{"type":"Point","coordinates":[13.89159,52.58116]},"properties":{"id":"osm:node-12124465300","version":"4bbca67341b0127abca95028c39b22ed3cf49c6764a3e5e70b071b033c761253","cityId":"strausberg","kind":"place","category":"police","title":"Sprechzimmer Revierpolizei","statement":"Sprechzimmer Revierpolizei ist in OpenStreetMap als police eingetragen. Öffnungszeiten in OSM eingetragen; nicht unabhängig bestätigt.","status":"OSM-Eintrag, nicht offiziell geprüft","startDate":null,"endDate":null,"nextStep":"Aktuelle Angaben direkt beim Ort prüfen.","scale":"street","geometryPrecision":"exact","reviewState":"candidate","asOf":"2026-09-26T17:13:34.916Z","sourceCount":1,"primarySource":{"url":"https://www.openstreetmap.org/node/12124465300","title":"OpenStreetMap contributors","publisher":"OpenStreetMap contributors","licence":"ODbL 1.0","reuse":"open_licence"}}},{"type":"Feature","geometry":{"type":"Point","coordinates":[13.88185,52.58191]},"properties":{"id":"osm:node-12272893629","version":"69f9e742ad48b30d0177cf2b2ddd4b565c426d8e1f29ae8788f545403e7b9a45","cityId":"strausberg","kind":"place","category":"clinic","title":"Psychiatrische Tagesklinik Strausberg","statement":"Psychiatrische Tagesklinik Strausberg ist in OpenStreetMap als clinic eingetragen. Öffnungszeiten in OSM eingetragen; nicht unabhängig bestätigt.","status":"OSM-Eintrag, nicht offiziell geprüft","startDate":null,"endDate":null,"nextStep":"Aktuelle Angaben direkt beim Ort prüfen.","scale":"street","geometryPrecision":"exact","reviewState":"candidate","asOf":"2026-09-26T17:13:34.916Z","sourceCount":1,"primarySource":{"url":"https://www.openstreetmap.org/node/12272893629","title":"OpenStreetMap contributors","publisher":"OpenStreetMap contributors","licence":"ODbL 1.0","reuse":"open_licence"}}},{"type":"Feature","geometry":{"type":"Point","coordinates":[13.88181,52.58193]},"properties":{"id":"osm:node-12273467435","version":"9f7ed7529636130ab6f4e74caddec926e02cf4f4751769f192e9f76d2a66fa40","cityId":"strausberg","kind":"place","category":"clinic","title":"Sana Tagesklinik Strausberg","statement":"Sana Tagesklinik Strausberg ist in OpenStreetMap als clinic eingetragen. Betrieb und Öffnungszeiten nicht geprüft.","status":"OSM-Eintrag, nicht offiziell geprüft","startDate":null,"endDate":null,"nextStep":"Aktuelle Angaben direkt beim Ort prüfen.","scale":"street","geometryPrecision":"exact","reviewState":"candidate","asOf":"2026-09-26T17:13:34.916Z","sourceCount":1,"primarySource":{"url":"https://www.openstreetmap.org/node/12273467435","title":"OpenStreetMap contributors","publisher":"OpenStreetMap contributors","licence":"ODbL 1.0","reuse":"open_licence"}}},{"type":"Feature","geometry":{"type":"Point","coordinates":[13.87822,52.57319]},"properties":{"id":"osm:node-12368656601","version":"f15c981ec57b1dedbab2e27009ae8fb7ed211d49bef77b29652d6867e70b0e2b","cityId":"strausberg","kind":"place","category":"community_centre","title":"Julie","statement":"Julie ist in OpenStreetMap als community_centre eingetragen. Betrieb und Öffnungszeiten nicht geprüft.","status":"OSM-Eintrag, nicht offiziell geprüft","startDate":null,"endDate":null,"nextStep":"Aktuelle Angaben direkt beim Ort prüfen.","scale":"street","geometryPrecision":"exact","reviewState":"candidate","asOf":"2026-09-26T17:13:34.916Z","sourceCount":1,"primarySource":{"url":"https://www.openstreetmap.org/node/12368656601","title":"OpenStreetMap contributors","publisher":"OpenStreetMap contributors","licence":"ODbL 1.0","reuse":"open_licence"}}},{"type":"Feature","geometry":{"type":"Point","coordinates":[13.83913,52.54424]},"properties":{"id":"osm:node-12369543946","version":"edf304ca9bed318501aa9adccad6b3e93483dfda8b572000de16cafdb7afea91","cityId":"strausberg","kind":"place","category":"shooting","title":"Schützengilde Strausberg","statement":"Schützengilde Strausberg ist in OpenStreetMap als shooting eingetragen. Betrieb und Öffnungszeiten nicht geprüft.","status":"OSM-Eintrag, nicht offiziell geprüft","startDate":null,"endDate":null,"nextStep":"Aktuelle Angaben direkt beim Ort prüfen.","scale":"street","geometryPrecision":"exact","reviewState":"candidate","asOf":"2026-09-26T17:13:34.916Z","sourceCount":1,"primarySource":{"url":"https://www.openstreetmap.org/node/12369543946","title":"OpenStreetMap contributors","publisher":"OpenStreetMap contributors","licence":"ODbL 1.0","reuse":"open_licence"}}},{"type":"Feature","geometry":{"type":"Point","coordinates":[13.84028,52.539]},"properties":{"id":"osm:node-12743368984","version":"371a8eae3afc5018edc1049573a72d0d647faa5b65e1316e460faf00eb8bede6","cityId":"strausberg","kind":"place","category":"police","title":"Revierpolizei","statement":"Revierpolizei ist in OpenStreetMap als police eingetragen. Betrieb und Öffnungszeiten nicht geprüft.","status":"OSM-Eintrag, nicht offiziell geprüft","startDate":null,"endDate":null,"nextStep":"Aktuelle Angaben direkt beim Ort prüfen.","scale":"street","geometryPrecision":"exact","reviewState":"candidate","asOf":"2026-09-26T17:13:34.916Z","sourceCount":1,"primarySource":{"url":"https://www.openstreetmap.org/node/12743368984","title":"OpenStreetMap contributors","publisher":"OpenStreetMap contributors","licence":"ODbL 1.0","reuse":"open_licence"}}},{"type":"Feature","geometry":{"type":"Point","coordinates":[13.83782,52.54204]},"properties":{"id":"osm:node-12743368985","version":"42bcc283ef90f7de374b35f2b975af127dc9154b25ac2aa9ae5a362aa2e1e3ba","cityId":"strausberg","kind":"place","category":"sport","title":"GSt. FC Strausberg e. V.","statement":"GSt. FC Strausberg e. V. ist in OpenStreetMap als sport eingetragen. Betrieb und Öffnungszeiten nicht geprüft.","status":"OSM-Eintrag, nicht offiziell geprüft","startDate":null,"endDate":null,"nextStep":"Aktuelle Angaben direkt beim Ort prüfen.","scale":"street","geometryPrecision":"exact","reviewState":"candidate","asOf":"2026-09-26T17:13:34.916Z","sourceCount":1,"primarySource":{"url":"https://www.openstreetmap.org/node/12743368985","title":"OpenStreetMap contributors","publisher":"OpenStreetMap contributors","licence":"ODbL 1.0","reuse":"open_licence"}}},{"type":"Feature","geometry":{"type":"Point","coordinates":[13.83666,52.54332]},"properties":{"id":"osm:node-12743368986","version":"088e6c125152eb4e2e40f0695f6d4c2833855622d7283f68db8a766fff503d90","cityId":"strausberg","kind":"place","category":"culture","title":"OMCD e.V.","statement":"OMCD e.V. ist in OpenStreetMap als culture eingetragen. Betrieb und Öffnungszeiten nicht geprüft.","status":"OSM-Eintrag, nicht offiziell geprüft","startDate":null,"endDate":null,"nextStep":"Aktuelle Angaben direkt beim Ort prüfen.","scale":"street","geometryPrecision":"exact","reviewState":"candidate","asOf":"2026-09-26T17:13:34.916Z","sourceCount":1,"primarySource":{"url":"https://www.openstreetmap.org/node/12743368986","title":"OpenStreetMap contributors","publisher":"OpenStreetMap contributors","licence":"ODbL 1.0","reuse":"open_licence"}}},{"type":"Feature","geometry":{"type":"Point","coordinates":[13.99022,52.56894]},"properties":{"id":"osm:node-1361867450","version":"26c610e01700ef929af1a9e5388e417746df35eea4f9a5ea1f8702e0cba20861","cityId":"strausberg","kind":"place","category":"equestrian","title":"Ewaldhof GbR - Jürgen & Kirsten Ewald","statement":"Ewaldhof GbR - Jürgen & Kirsten Ewald ist in OpenStreetMap als equestrian eingetragen. Betrieb und Öffnungszeiten nicht geprüft.","status":"OSM-Eintrag, nicht offiziell geprüft","startDate":null,"endDate":null,"nextStep":"Aktuelle Angaben direkt beim Ort prüfen.","scale":"street","geometryPrecision":"exact","reviewState":"candidate","asOf":"2026-09-26T17:13:34.916Z","sourceCount":1,"primarySource":{"url":"https://www.openstreetmap.org/node/1361867450","title":"OpenStreetMap contributors","publisher":"OpenStreetMap contributors","licence":"ODbL 1.0","reuse":"open_licence"}}},{"type":"Feature","geometry":{"type":"Point","coordinates":[13.88059,52.58049]},"properties":{"id":"osm:node-13783805116","version":"55759820157e59260bbdc49de3b692e32952aad797dce9ac9493f672b655b2d7","cityId":"strausberg","kind":"place","category":"post_office","title":"DHL","statement":"DHL ist in OpenStreetMap als post_office eingetragen. Öffnungszeiten in OSM eingetragen; nicht unabhängig bestätigt.","status":"OSM-Eintrag, nicht offiziell geprüft","startDate":null,"endDate":null,"nextStep":"Aktuelle Angaben direkt beim Ort prüfen.","scale":"street","geometryPrecision":"exact","reviewState":"candidate","asOf":"2026-09-26T17:13:34.916Z","sourceCount":1,"primarySource":{"url":"https://www.openstreetmap.org/node/13783805116","title":"OpenStreetMap contributors","publisher":"OpenStreetMap contributors","licence":"ODbL 1.0","reuse":"open_licence"}}},{"type":"Feature","geometry":{"type":"Point","coordinates":[13.88169,52.57733]},"properties":{"id":"osm:node-13789549896","version":"871a215b2bc06bf6935c3df49b4c0b7d88e62cad4a1d3b6e7679ab77c4011ddd","cityId":"strausberg","kind":"place","category":"doctors","title":"Marina Hebes - Fachärztin für Innere Medizin","statement":"Marina Hebes - Fachärztin für Innere Medizin ist in OpenStreetMap als doctors eingetragen. Öffnungszeiten in OSM eingetragen; nicht unabhängig bestätigt.","status":"OSM-Eintrag, nicht offiziell geprüft","startDate":null,"endDate":null,"nextStep":"Aktuelle Angaben direkt beim Ort prüfen.","scale":"street","geometryPrecision":"exact","reviewState":"candidate","asOf":"2026-09-26T17:13:34.916Z","sourceCount":1,"primarySource":{"url":"https://www.openstreetmap.org/node/13789549896","title":"OpenStreetMap contributors","publisher":"OpenStreetMap contributors","licence":"ODbL 1.0","reuse":"open_licence"}}},{"type":"Feature","geometry":{"type":"Point","coordinates":[13.88169,52.57731]},"properties":{"id":"osm:node-13789668887","version":"5c299928cd7c2a165f3061c1fee8b6a220f2b67fda12c312d0a4401e7b88b18d","cityId":"strausberg","kind":"place","category":"doctors","title":"Kardiologie am Landsberger Tor","statement":"Kardiologie am Landsberger Tor ist in OpenStreetMap als doctors eingetragen. Öffnungszeiten in OSM eingetragen; nicht unabhängig bestätigt.","status":"OSM-Eintrag, nicht offiziell geprüft","startDate":null,"endDate":null,"nextStep":"Aktuelle Angaben direkt beim Ort prüfen.","scale":"street","geometryPrecision":"exact","reviewState":"candidate","asOf":"2026-09-26T17:13:34.916Z","sourceCount":1,"primarySource":{"url":"https://www.openstreetmap.org/node/13789668887","title":"OpenStreetMap contributors","publisher":"OpenStreetMap contributors","licence":"ODbL 1.0","reuse":"open_licence"}}},{"type":"Feature","geometry":{"type":"Point","coordinates":[13.87097,52.55789]},"properties":{"id":"osm:node-13789668888","version":"ab9126173ae4b4b162c720b2708b625b3a0b106cb52aed38339a76afbf3e715a","cityId":"strausberg","kind":"place","category":"supermarket","title":"Netto Marken-Discount","statement":"Netto Marken-Discount ist in OpenStreetMap als supermarket eingetragen. Öffnungszeiten in OSM eingetragen; nicht unabhängig bestätigt.","status":"OSM-Eintrag, nicht offiziell geprüft","startDate":null,"endDate":null,"nextStep":"Aktuelle Angaben direkt beim Ort prüfen.","scale":"street","geometryPrecision":"exact","reviewState":"candidate","asOf":"2026-09-26T17:13:34.916Z","sourceCount":1,"primarySource":{"url":"https://www.openstreetmap.org/node/13789668888","title":"OpenStreetMap contributors","publisher":"OpenStreetMap contributors","licence":"ODbL 1.0","reuse":"open_licence"}}},{"type":"Feature","geometry":{"type":"Point","coordinates":[13.89559,52.55384]},"properties":{"id":"osm:node-1414755949","version":"8ddb05321474841b999846a0890d493a21098daedd9b3d0c60e8afad4c8d7732","cityId":"strausberg","kind":"place","category":"fishing","title":"Baggerteiche im Fasanenpark Strausberg","statement":"Baggerteiche im Fasanenpark Strausberg ist in OpenStreetMap als fishing eingetragen. Betrieb und Öffnungszeiten nicht geprüft.","status":"OSM-Eintrag, nicht offiziell geprüft","startDate":null,"endDate":null,"nextStep":"Aktuelle Angaben direkt beim Ort prüfen.","scale":"street","geometryPrecision":"exact","reviewState":"candidate","asOf":"2026-09-26T17:13:34.916Z","sourceCount":1,"primarySource":{"url":"https://www.openstreetmap.org/node/1414755949","title":"OpenStreetMap contributors","publisher":"OpenStreetMap contributors","licence":"ODbL 1.0","reuse":"open_licence"}}},{"type":"Feature","geometry":{"type":"Point","coordinates":[13.89727,52.58204]},"properties":{"id":"osm:node-1526958171","version":"1e41086e108111677e3e9e11aa9fbf1c424ea856e178979bfc969677ebfe8af8","cityId":"strausberg","kind":"place","category":"school","title":"Strausberger Bildungs- und Sozialwerk e.V.","statement":"Strausberger Bildungs- und Sozialwerk e.V. ist in OpenStreetMap als school eingetragen. Betrieb und Öffnungszeiten nicht geprüft.","status":"OSM-Eintrag, nicht offiziell geprüft","startDate":null,"endDate":null,"nextStep":"Aktuelle Angaben direkt beim Ort prüfen.","scale":"street","geometryPrecision":"exact","reviewState":"candidate","asOf":"2026-09-26T17:13:34.916Z","sourceCount":1,"primarySource":{"url":"https://www.openstreetmap.org/node/1526958171","title":"OpenStreetMap contributors","publisher":"OpenStreetMap contributors","licence":"ODbL 1.0","reuse":"open_licence"}}},{"type":"Feature","geometry":{"type":"Point","coordinates":[13.85959,52.5482]},"properties":{"id":"osm:node-1631758479","version":"a18e91e3684f93edbd629f2a05e4c6da0bfd1a997583d7632d3532e715fbb130","cityId":"strausberg","kind":"place","category":"police","title":"Strausberg, Polizeiinspektion Märkisch-Oderland","statement":"Strausberg, Polizeiinspektion Märkisch-Oderland ist in OpenStreetMap als police eingetragen. Betrieb und Öffnungszeiten nicht geprüft.","status":"OSM-Eintrag, nicht offiziell geprüft","startDate":null,"endDate":null,"nextStep":"Aktuelle Angaben direkt beim Ort prüfen.","scale":"street","geometryPrecision":"exact","reviewState":"candidate","asOf":"2026-09-26T17:13:34.916Z","sourceCount":1,"primarySource":{"url":"https://www.openstreetmap.org/node/1631758479","title":"OpenStreetMap contributors","publisher":"OpenStreetMap contributors","licence":"ODbL 1.0","reuse":"open_licence"}}},{"type":"Feature","geometry":{"type":"Point","coordinates":[13.88231,52.57522]},"properties":{"id":"osm:node-1631758488","version":"3f676a4f28706e7f3c83391ad9906e3d742a2a74146c1dfe098fe783c124e411","cityId":"strausberg","kind":"place","category":"library","title":"Heinrich-Mann-Bibliothek Strausberg","statement":"Heinrich-Mann-Bibliothek Strausberg ist in OpenStreetMap als library eingetragen. Öffnungszeiten in OSM eingetragen; nicht unabhängig bestätigt.","status":"OSM-Eintrag, nicht offiziell geprüft","startDate":null,"endDate":null,"nextStep":"Aktuelle Angaben direkt beim Ort prüfen.","scale":"street","geometryPrecision":"exact","reviewState":"candidate","asOf":"2026-09-26T17:13:34.916Z","sourceCount":1,"primarySource":{"url":"https://www.openstreetmap.org/node/1631758488","title":"OpenStreetMap contributors","publisher":"OpenStreetMap contributors","licence":"ODbL 1.0","reuse":"open_licence"}}},{"type":"Feature","geometry":{"type":"Point","coordinates":[13.84498,52.53061]},"properties":{"id":"osm:node-1758630727","version":"c40668f45e9a77414172d0b829948978d28eabcf7d8d080e63a3b513842dbeda","cityId":"strausberg","kind":"place","category":"school","title":"Montessori Oberschule Strausberg","statement":"Montessori Oberschule Strausberg ist in OpenStreetMap als school eingetragen. Betrieb und Öffnungszeiten nicht geprüft.","status":"OSM-Eintrag, nicht offiziell geprüft","startDate":null,"endDate":null,"nextStep":"Aktuelle Angaben direkt beim Ort prüfen.","scale":"street","geometryPrecision":"exact","reviewState":"candidate","asOf":"2026-09-26T17:13:34.916Z","sourceCount":1,"primarySource":{"url":"https://www.openstreetmap.org/node/1758630727","title":"OpenStreetMap contributors","publisher":"OpenStreetMap contributors","licence":"ODbL 1.0","reuse":"open_licence"}}},{"type":"Feature","geometry":{"type":"Point","coordinates":[13.88178,52.57748]},"properties":{"id":"osm:node-3097198624","version":"307f19db4ec3bed72a5af1ea0773ff103add62b06b549ea6ec569822572033cf","cityId":"strausberg","kind":"place","category":"supermarket","title":"nah und gut","statement":"nah und gut ist in OpenStreetMap als supermarket eingetragen. Öffnungszeiten in OSM eingetragen; nicht unabhängig bestätigt.","status":"OSM-Eintrag, nicht offiziell geprüft","startDate":null,"endDate":null,"nextStep":"Aktuelle Angaben direkt beim Ort prüfen.","scale":"street","geometryPrecision":"exact","reviewState":"candidate","asOf":"2026-09-26T17:13:34.916Z","sourceCount":1,"primarySource":{"url":"https://www.openstreetmap.org/node/3097198624","title":"OpenStreetMap contributors","publisher":"OpenStreetMap contributors","licence":"ODbL 1.0","reuse":"open_licence"}}},{"type":"Feature","geometry":{"type":"Point","coordinates":[13.90173,52.58947]},"properties":{"id":"osm:node-3356203011","version":"5ade2641ae3ea6b3949a512b4148fff3b8f07d850de41d59289d80bcb46cd979","cityId":"strausberg","kind":"place","category":"pharmacy","title":"Apotheke am Krankenhaus","statement":"Apotheke am Krankenhaus ist in OpenStreetMap als pharmacy eingetragen. Öffnungszeiten in OSM eingetragen; nicht unabhängig bestätigt.","status":"OSM-Eintrag, nicht offiziell geprüft","startDate":null,"endDate":null,"nextStep":"Aktuelle Angaben direkt beim Ort prüfen.","scale":"street","geometryPrecision":"exact","reviewState":"candidate","asOf":"2026-09-26T17:13:34.916Z","sourceCount":1,"primarySource":{"url":"https://www.openstreetmap.org/node/3356203011","title":"OpenStreetMap contributors","publisher":"OpenStreetMap contributors","licence":"ODbL 1.0","reuse":"open_licence"}}},{"type":"Feature","geometry":{"type":"Point","coordinates":[13.92034,52.59415]},"properties":{"id":"osm:node-3356233815","version":"ff44787d2b92260a7ca44790a76aed9a270cc9c24879f8b4919b16ef14ddc853","cityId":"strausberg","kind":"place","category":"pharmacy","title":"Kreuz-Apotheke","statement":"Kreuz-Apotheke ist in OpenStreetMap als pharmacy eingetragen. Öffnungszeiten in OSM eingetragen; nicht unabhängig bestätigt.","status":"OSM-Eintrag, nicht offiziell geprüft","startDate":null,"endDate":null,"nextStep":"Aktuelle Angaben direkt beim Ort prüfen.","scale":"street","geometryPrecision":"exact","reviewState":"candidate","asOf":"2026-09-26T17:13:34.916Z","sourceCount":1,"primarySource":{"url":"https://www.openstreetmap.org/node/3356233815","title":"OpenStreetMap contributors","publisher":"OpenStreetMap contributors","licence":"ODbL 1.0","reuse":"open_licence"}}},{"type":"Feature","geometry":{"type":"Point","coordinates":[13.86442,52.54902]},"properties":{"id":"osm:node-3356271244","version":"f2989ba966aa6508e1cc2c235d5f5259d375a3b9dc2b087cf06a297a72f7d136","cityId":"strausberg","kind":"place","category":"pharmacy","title":"Annatal-Apotheke","statement":"Annatal-Apotheke ist in OpenStreetMap als pharmacy eingetragen. Öffnungszeiten in OSM eingetragen; nicht unabhängig bestätigt.","status":"OSM-Eintrag, nicht offiziell geprüft","startDate":null,"endDate":null,"nextStep":"Aktuelle Angaben direkt beim Ort prüfen.","scale":"street","geometryPrecision":"exact","reviewState":"candidate","asOf":"2026-09-26T17:13:34.916Z","sourceCount":1,"primarySource":{"url":"https://www.openstreetmap.org/node/3356271244","title":"OpenStreetMap contributors","publisher":"OpenStreetMap contributors","licence":"ODbL 1.0","reuse":"open_licence"}}},{"type":"Feature","geometry":{"type":"Point","coordinates":[13.86943,52.55722]},"properties":{"id":"osm:node-3356282566","version":"62d4c023f2b66c3928005fe001151f9f5ba5072d89f1da6afa7f32a0d54ad2e9","cityId":"strausberg","kind":"place","category":"pharmacy","title":"Schlüssel-Apotheke","statement":"Schlüssel-Apotheke ist in OpenStreetMap als pharmacy eingetragen. Öffnungszeiten in OSM eingetragen; nicht unabhängig bestätigt.","status":"OSM-Eintrag, nicht offiziell geprüft","startDate":null,"endDate":null,"nextStep":"Aktuelle Angaben direkt beim Ort prüfen.","scale":"street","geometryPrecision":"exact","reviewState":"candidate","asOf":"2026-09-26T17:13:34.916Z","sourceCount":1,"primarySource":{"url":"https://www.openstreetmap.org/node/3356282566","title":"OpenStreetMap contributors","publisher":"OpenStreetMap contributors","licence":"ODbL 1.0","reuse":"open_licence"}}},{"type":"Feature","geometry":{"type":"Point","coordinates":[13.88169,52.57736]},"properties":{"id":"osm:node-3356307596","version":"1836d6319aef1a194b227dd6f4da0433a13a60f0f11db5d4dc4cd9298fc4e29c","cityId":"strausberg","kind":"place","category":"pharmacy","title":"Apotheke am Landsberger Tor","statement":"Apotheke am Landsberger Tor ist in OpenStreetMap als pharmacy eingetragen. Öffnungszeiten in OSM eingetragen; nicht unabhängig bestätigt.","status":"OSM-Eintrag, nicht offiziell geprüft","startDate":null,"endDate":null,"nextStep":"Aktuelle Angaben direkt beim Ort prüfen.","scale":"street","geometryPrecision":"exact","reviewState":"candidate","asOf":"2026-09-26T17:13:34.916Z","sourceCount":1,"primarySource":{"url":"https://www.openstreetmap.org/node/3356307596","title":"OpenStreetMap contributors","publisher":"OpenStreetMap contributors","licence":"ODbL 1.0","reuse":"open_licence"}}},{"type":"Feature","geometry":{"type":"Point","coordinates":[13.88141,52.58045]},"properties":{"id":"osm:node-3356319924","version":"32b8d380d82878a71d481b366204a7e21b0541df268b377564855abd81bc8701","cityId":"strausberg","kind":"place","category":"pharmacy","title":"Stadt-Apotheke","statement":"Stadt-Apotheke ist in OpenStreetMap als pharmacy eingetragen. Öffnungszeiten in OSM eingetragen; nicht unabhängig bestätigt.","status":"OSM-Eintrag, nicht offiziell geprüft","startDate":null,"endDate":null,"nextStep":"Aktuelle Angaben direkt beim Ort prüfen.","scale":"street","geometryPrecision":"exact","reviewState":"candidate","asOf":"2026-09-26T17:13:34.916Z","sourceCount":1,"primarySource":{"url":"https://www.openstreetmap.org/node/3356319924","title":"OpenStreetMap contributors","publisher":"OpenStreetMap contributors","licence":"ODbL 1.0","reuse":"open_licence"}}},{"type":"Feature","geometry":{"type":"Point","coordinates":[13.89675,52.57391]},"properties":{"id":"osm:node-3356323435","version":"591de804656d29a4d316fe7bbd55bb391908470cc2f9198cd72ec872665bb00c","cityId":"strausberg","kind":"place","category":"pharmacy","title":"Askanische Apotheke","statement":"Askanische Apotheke ist in OpenStreetMap als pharmacy eingetragen. Öffnungszeiten in OSM eingetragen; nicht unabhängig bestätigt.","status":"OSM-Eintrag, nicht offiziell geprüft","startDate":null,"endDate":null,"nextStep":"Aktuelle Angaben direkt beim Ort prüfen.","scale":"street","geometryPrecision":"exact","reviewState":"candidate","asOf":"2026-09-26T17:13:34.916Z","sourceCount":1,"primarySource":{"url":"https://www.openstreetmap.org/node/3356323435","title":"OpenStreetMap contributors","publisher":"OpenStreetMap contributors","licence":"ODbL 1.0","reuse":"open_licence"}}},{"type":"Feature","geometry":{"type":"Point","coordinates":[13.83355,52.53606]},"properties":{"id":"osm:node-3356345545","version":"d0c2d043c08d148faa14d01108ce0e81bd2025fcc988eeec7b8d711dad870c7d","cityId":"strausberg","kind":"place","category":"pharmacy","title":"Märkische Apotheke","statement":"Märkische Apotheke ist in OpenStreetMap als pharmacy eingetragen. Öffnungszeiten in OSM eingetragen; nicht unabhängig bestätigt.","status":"OSM-Eintrag, nicht offiziell geprüft","startDate":null,"endDate":null,"nextStep":"Aktuelle Angaben direkt beim Ort prüfen.","scale":"street","geometryPrecision":"exact","reviewState":"candidate","asOf":"2026-09-26T17:13:34.916Z","sourceCount":1,"primarySource":{"url":"https://www.openstreetmap.org/node/3356345545","title":"OpenStreetMap contributors","publisher":"OpenStreetMap contributors","licence":"ODbL 1.0","reuse":"open_licence"}}},{"type":"Feature","geometry":{"type":"Point","coordinates":[13.89424,52.58743]},"properties":{"id":"osm:node-4136344102","version":"02b488958322587cc7fccafaa9d2e3055ff64ef2bad837e787a3eba5ec4859de","cityId":"strausberg","kind":"place","category":"pharmacy","title":"Nord-Apotheke","statement":"Nord-Apotheke ist in OpenStreetMap als pharmacy eingetragen. Öffnungszeiten in OSM eingetragen; nicht unabhängig bestätigt.","status":"OSM-Eintrag, nicht offiziell geprüft","startDate":null,"endDate":null,"nextStep":"Aktuelle Angaben direkt beim Ort prüfen.","scale":"street","geometryPrecision":"exact","reviewState":"candidate","asOf":"2026-09-26T17:13:34.916Z","sourceCount":1,"primarySource":{"url":"https://www.openstreetmap.org/node/4136344102","title":"OpenStreetMap contributors","publisher":"OpenStreetMap contributors","licence":"ODbL 1.0","reuse":"open_licence"}}},{"type":"Feature","geometry":{"type":"Point","coordinates":[13.83546,52.53256]},"properties":{"id":"osm:node-4711678818","version":"f339183836a85002f759754d18a18d13107aac191a3a5537f941c44652dd9ea1","cityId":"strausberg","kind":"place","category":"bakery","title":"Hennig","statement":"Hennig ist in OpenStreetMap als bakery eingetragen. Öffnungszeiten in OSM eingetragen; nicht unabhängig bestätigt.","status":"OSM-Eintrag, nicht offiziell geprüft","startDate":null,"endDate":null,"nextStep":"Aktuelle Angaben direkt beim Ort prüfen.","scale":"street","geometryPrecision":"exact","reviewState":"candidate","asOf":"2026-09-26T17:13:34.916Z","sourceCount":1,"primarySource":{"url":"https://www.openstreetmap.org/node/4711678818","title":"OpenStreetMap contributors","publisher":"OpenStreetMap contributors","licence":"ODbL 1.0","reuse":"open_licence"}}},{"type":"Feature","geometry":{"type":"Point","coordinates":[13.89109,52.58304]},"properties":{"id":"osm:node-473066616","version":"01507295ab2a90e0d6fc29ce895587b5261c289918d09fbf6fc10b816e288547","cityId":"strausberg","kind":"place","category":"community_centre","title":"Nordheimtreff, Bürgerbund \"Nordheim 91\" e.V.","statement":"Nordheimtreff, Bürgerbund \"Nordheim 91\" e.V. ist in OpenStreetMap als community_centre eingetragen. Öffnungszeiten in OSM eingetragen; nicht unabhängig bestätigt.","status":"OSM-Eintrag, nicht offiziell geprüft","startDate":null,"endDate":null,"nextStep":"Aktuelle Angaben direkt beim Ort prüfen.","scale":"street","geometryPrecision":"exact","reviewState":"candidate","asOf":"2026-09-26T17:13:34.916Z","sourceCount":1,"primarySource":{"url":"https://www.openstreetmap.org/node/473066616","title":"OpenStreetMap contributors","publisher":"OpenStreetMap contributors","licence":"ODbL 1.0","reuse":"open_licence"}}},{"type":"Feature","geometry":{"type":"Point","coordinates":[13.84136,52.53079]},"properties":{"id":"osm:node-4829730321","version":"c57431058459068e2bdc54d7ad332d39f92806a000bed0c8d2ccef15f5a73c71","cityId":"strausberg","kind":"place","category":"community_centre","title":"Rolling Wheels MC Strausberg","statement":"Rolling Wheels MC Strausberg ist in OpenStreetMap als community_centre eingetragen. Betrieb und Öffnungszeiten nicht geprüft.","status":"OSM-Eintrag, nicht offiziell geprüft","startDate":null,"endDate":null,"nextStep":"Aktuelle Angaben direkt beim Ort prüfen.","scale":"street","geometryPrecision":"exact","reviewState":"candidate","asOf":"2026-09-26T17:13:34.916Z","sourceCount":1,"primarySource":{"url":"https://www.openstreetmap.org/node/4829730321","title":"OpenStreetMap contributors","publisher":"OpenStreetMap contributors","licence":"ODbL 1.0","reuse":"open_licence"}}},{"type":"Feature","geometry":{"type":"Point","coordinates":[13.88188,52.58189]},"properties":{"id":"osm:node-4930249124","version":"404276d80e4517788643cb20bec4fb84aef9abcbe0b331d296258252f2d222fa","cityId":"strausberg","kind":"place","category":"clinic","title":"Psychiatrische Institutsambulanz (PIA)","statement":"Psychiatrische Institutsambulanz (PIA) ist in OpenStreetMap als clinic eingetragen. Öffnungszeiten in OSM eingetragen; nicht unabhängig bestätigt.","status":"OSM-Eintrag, nicht offiziell geprüft","startDate":null,"endDate":null,"nextStep":"Aktuelle Angaben direkt beim Ort prüfen.","scale":"street","geometryPrecision":"exact","reviewState":"candidate","asOf":"2026-09-26T17:13:34.916Z","sourceCount":1,"primarySource":{"url":"https://www.openstreetmap.org/node/4930249124","title":"OpenStreetMap contributors","publisher":"OpenStreetMap contributors","licence":"ODbL 1.0","reuse":"open_licence"}}},{"type":"Feature","geometry":{"type":"Point","coordinates":[13.88247,52.57588]},"properties":{"id":"osm:node-4935956637","version":"72a2d653e93001769765d9c604cd04be9ecb4d4b5c3ad585ea329da3f5a5fc2c","cityId":"strausberg","kind":"place","category":"doctors","title":"Augenarzt Dipl.-Med. Mohammed Bittar","statement":"Augenarzt Dipl.-Med. Mohammed Bittar ist in OpenStreetMap als doctors eingetragen. Betrieb und Öffnungszeiten nicht geprüft.","status":"OSM-Eintrag, nicht offiziell geprüft","startDate":null,"endDate":null,"nextStep":"Aktuelle Angaben direkt beim Ort prüfen.","scale":"street","geometryPrecision":"exact","reviewState":"candidate","asOf":"2026-09-26T17:13:34.916Z","sourceCount":1,"primarySource":{"url":"https://www.openstreetmap.org/node/4935956637","title":"OpenStreetMap contributors","publisher":"OpenStreetMap contributors","licence":"ODbL 1.0","reuse":"open_licence"}}},{"type":"Feature","geometry":{"type":"Point","coordinates":[13.88769,52.58462]},"properties":{"id":"osm:node-5300513757","version":"1e5c3c674b32c540f44304b770425542b076cffbd4af2629cf4411c8fda98039","cityId":"strausberg","kind":"place","category":"sport","title":"FC Strausberg","statement":"FC Strausberg ist in OpenStreetMap als sport eingetragen. Betrieb und Öffnungszeiten nicht geprüft.","status":"OSM-Eintrag, nicht offiziell geprüft","startDate":null,"endDate":null,"nextStep":"Aktuelle Angaben direkt beim Ort prüfen.","scale":"street","geometryPrecision":"exact","reviewState":"candidate","asOf":"2026-09-26T17:13:34.916Z","sourceCount":1,"primarySource":{"url":"https://www.openstreetmap.org/node/5300513757","title":"OpenStreetMap contributors","publisher":"OpenStreetMap contributors","licence":"ODbL 1.0","reuse":"open_licence"}}},{"type":"Feature","geometry":{"type":"Point","coordinates":[13.90408,52.58947]},"properties":{"id":"osm:node-5469267151","version":"3866cc3e0524e842eafd066513c9621a3f4724add96e7bf55e2b2a59dbec0e46","cityId":"strausberg","kind":"place","category":"school","title":"bundtStift_Schulen","statement":"bundtStift_Schulen ist in OpenStreetMap als school eingetragen. Betrieb und Öffnungszeiten nicht geprüft.","status":"OSM-Eintrag, nicht offiziell geprüft","startDate":null,"endDate":null,"nextStep":"Aktuelle Angaben direkt beim Ort prüfen.","scale":"street","geometryPrecision":"exact","reviewState":"candidate","asOf":"2026-09-26T17:13:34.916Z","sourceCount":1,"primarySource":{"url":"https://www.openstreetmap.org/node/5469267151","title":"OpenStreetMap contributors","publisher":"OpenStreetMap contributors","licence":"ODbL 1.0","reuse":"open_licence"}}},{"type":"Feature","geometry":{"type":"Point","coordinates":[13.88181,52.57848]},"properties":{"id":"osm:node-5964208971","version":"9d0358eea74f1686aad9599ab1f56b090ef44db7adbdeaba6246ee6806862492","cityId":"strausberg","kind":"place","category":"post_office","title":"DPD Pickup Paketshop","statement":"DPD Pickup Paketshop ist in OpenStreetMap als post_office eingetragen. Öffnungszeiten in OSM eingetragen; nicht unabhängig bestätigt.","status":"OSM-Eintrag, nicht offiziell geprüft","startDate":null,"endDate":null,"nextStep":"Aktuelle Angaben direkt beim Ort prüfen.","scale":"street","geometryPrecision":"exact","reviewState":"candidate","asOf":"2026-09-26T17:13:34.916Z","sourceCount":1,"primarySource":{"url":"https://www.openstreetmap.org/node/5964208971","title":"OpenStreetMap contributors","publisher":"OpenStreetMap contributors","licence":"ODbL 1.0","reuse":"open_licence"}}},{"type":"Feature","geometry":{"type":"Point","coordinates":[13.88252,52.57751]},"properties":{"id":"osm:node-6025376571","version":"882c0c0a8a1e3341eb97e531b26b8e458aa4e05db5ad94f169cfe4af736755b7","cityId":"strausberg","kind":"place","category":"exercise;fitness","title":"Clever Fit","statement":"Clever Fit ist in OpenStreetMap als exercise;fitness eingetragen. Öffnungszeiten in OSM eingetragen; nicht unabhängig bestätigt.","status":"OSM-Eintrag, nicht offiziell geprüft","startDate":null,"endDate":null,"nextStep":"Aktuelle Angaben direkt beim Ort prüfen.","scale":"street","geometryPrecision":"exact","reviewState":"candidate","asOf":"2026-09-26T17:13:34.916Z","sourceCount":1,"primarySource":{"url":"https://www.openstreetmap.org/node/6025376571","title":"OpenStreetMap contributors","publisher":"OpenStreetMap contributors","licence":"ODbL 1.0","reuse":"open_licence"}}},{"type":"Feature","geometry":{"type":"Point","coordinates":[13.88179,52.57829]},"properties":{"id":"osm:node-6040411543","version":"97344573d4120b493521a6b6c407f79aadeac06adcf3c7959cd709601719d4a9","cityId":"strausberg","kind":"place","category":"bakery","title":"Bäckerei Klein","statement":"Bäckerei Klein ist in OpenStreetMap als bakery eingetragen. Öffnungszeiten in OSM eingetragen; nicht unabhängig bestätigt.","status":"OSM-Eintrag, nicht offiziell geprüft","startDate":null,"endDate":null,"nextStep":"Aktuelle Angaben direkt beim Ort prüfen.","scale":"street","geometryPrecision":"exact","reviewState":"candidate","asOf":"2026-09-26T17:13:34.916Z","sourceCount":1,"primarySource":{"url":"https://www.openstreetmap.org/node/6040411543","title":"OpenStreetMap contributors","publisher":"OpenStreetMap contributors","licence":"ODbL 1.0","reuse":"open_licence"}}},{"type":"Feature","geometry":{"type":"Point","coordinates":[13.89416,52.58749]},"properties":{"id":"osm:node-6063001985","version":"fee87a574d868304bfbc33a14050b7838d0b408280eb33783337d34f29534452","cityId":"strausberg","kind":"place","category":"doctors","title":"Praxis Dr. Gabriele Brömmer","statement":"Praxis Dr. Gabriele Brömmer ist in OpenStreetMap als doctors eingetragen. Öffnungszeiten in OSM eingetragen; nicht unabhängig bestätigt.","status":"OSM-Eintrag, nicht offiziell geprüft","startDate":null,"endDate":null,"nextStep":"Aktuelle Angaben direkt beim Ort prüfen.","scale":"street","geometryPrecision":"exact","reviewState":"candidate","asOf":"2026-09-26T17:13:34.916Z","sourceCount":1,"primarySource":{"url":"https://www.openstreetmap.org/node/6063001985","title":"OpenStreetMap contributors","publisher":"OpenStreetMap contributors","licence":"ODbL 1.0","reuse":"open_licence"}}},{"type":"Feature","geometry":{"type":"Point","coordinates":[13.83333,52.53635]},"properties":{"id":"osm:node-6077382656","version":"fef86f00d5c4e0ccddbcae98435e323c2a103251b10b7f2009b798ed5da90a7c","cityId":"strausberg","kind":"place","category":"post_office","title":"Südpost","statement":"Südpost ist in OpenStreetMap als post_office eingetragen. Öffnungszeiten in OSM eingetragen; nicht unabhängig bestätigt.","status":"OSM-Eintrag, nicht offiziell geprüft","startDate":null,"endDate":null,"nextStep":"Aktuelle Angaben direkt beim Ort prüfen.","scale":"street","geometryPrecision":"exact","reviewState":"candidate","asOf":"2026-09-26T17:13:34.916Z","sourceCount":1,"primarySource":{"url":"https://www.openstreetmap.org/node/6077382656","title":"OpenStreetMap contributors","publisher":"OpenStreetMap contributors","licence":"ODbL 1.0","reuse":"open_licence"}}},{"type":"Feature","geometry":{"type":"Point","coordinates":[13.86428,52.54883]},"properties":{"id":"osm:node-6583838467","version":"d6cbf4d6c88800b5bc2d0719043e6ccbe7bd394ef9023358cd332d52c8e98398","cityId":"strausberg","kind":"place","category":"clinic","title":"Ambulatorium","statement":"Ambulatorium ist in OpenStreetMap als clinic eingetragen. Betrieb und Öffnungszeiten nicht geprüft.","status":"OSM-Eintrag, nicht offiziell geprüft","startDate":null,"endDate":null,"nextStep":"Aktuelle Angaben direkt beim Ort prüfen.","scale":"street","geometryPrecision":"exact","reviewState":"candidate","asOf":"2026-09-26T17:13:34.916Z","sourceCount":1,"primarySource":{"url":"https://www.openstreetmap.org/node/6583838467","title":"OpenStreetMap contributors","publisher":"OpenStreetMap contributors","licence":"ODbL 1.0","reuse":"open_licence"}}},{"type":"Feature","geometry":{"type":"Point","coordinates":[13.83314,52.53615]},"properties":{"id":"osm:node-6680737164","version":"575ba936ac5609516f717655d4425415cd5fd082c26793446db00f8fb5839625","cityId":"strausberg","kind":"place","category":"bakery","title":"Wriezener Backstube","statement":"Wriezener Backstube ist in OpenStreetMap als bakery eingetragen. Öffnungszeiten in OSM eingetragen; nicht unabhängig bestätigt.","status":"OSM-Eintrag, nicht offiziell geprüft","startDate":null,"endDate":null,"nextStep":"Aktuelle Angaben direkt beim Ort prüfen.","scale":"street","geometryPrecision":"exact","reviewState":"candidate","asOf":"2026-09-26T17:13:34.916Z","sourceCount":1,"primarySource":{"url":"https://www.openstreetmap.org/node/6680737164","title":"OpenStreetMap contributors","publisher":"OpenStreetMap contributors","licence":"ODbL 1.0","reuse":"open_licence"}}},{"type":"Feature","geometry":{"type":"Point","coordinates":[13.83309,52.53623]},"properties":{"id":"osm:node-6689144120","version":"cbbec9019692d372b327f4e3df02d8ffff07d1fb2ce4c555fc5334e00935696b","cityId":"strausberg","kind":"place","category":"supermarket","title":"Netto Marken-Discount","statement":"Netto Marken-Discount ist in OpenStreetMap als supermarket eingetragen. Öffnungszeiten in OSM eingetragen; nicht unabhängig bestätigt.","status":"OSM-Eintrag, nicht offiziell geprüft","startDate":null,"endDate":null,"nextStep":"Aktuelle Angaben direkt beim Ort prüfen.","scale":"street","geometryPrecision":"exact","reviewState":"candidate","asOf":"2026-09-26T17:13:34.916Z","sourceCount":1,"primarySource":{"url":"https://www.openstreetmap.org/node/6689144120","title":"OpenStreetMap contributors","publisher":"OpenStreetMap contributors","licence":"ODbL 1.0","reuse":"open_licence"}}},{"type":"Feature","geometry":{"type":"Point","coordinates":[13.84246,52.53206]},"properties":{"id":"osm:node-6715673603","version":"5f20f0e7193447936a4488447fc69c81788f33b5a8c2b1dc107ce67f155c82ba","cityId":"strausberg","kind":"place","category":"doctors","title":"Praxis Dr. med. Katrin Miltkau","statement":"Praxis Dr. med. Katrin Miltkau ist in OpenStreetMap als doctors eingetragen. Öffnungszeiten in OSM eingetragen; nicht unabhängig bestätigt.","status":"OSM-Eintrag, nicht offiziell geprüft","startDate":null,"endDate":null,"nextStep":"Aktuelle Angaben direkt beim Ort prüfen.","scale":"street","geometryPrecision":"exact","reviewState":"candidate","asOf":"2026-09-26T17:13:34.916Z","sourceCount":1,"primarySource":{"url":"https://www.openstreetmap.org/node/6715673603","title":"OpenStreetMap contributors","publisher":"OpenStreetMap contributors","licence":"ODbL 1.0","reuse":"open_licence"}}},{"type":"Feature","geometry":{"type":"Point","coordinates":[13.89434,52.58682]},"properties":{"id":"osm:node-6912492681","version":"d4f47428820e0bb0e77e72dab0a79378817229cfd1e4d433836f4882378fbe82","cityId":"strausberg","kind":"place","category":"bakery","title":"Steinecke","statement":"Steinecke ist in OpenStreetMap als bakery eingetragen. Öffnungszeiten in OSM eingetragen; nicht unabhängig bestätigt.","status":"OSM-Eintrag, nicht offiziell geprüft","startDate":null,"endDate":null,"nextStep":"Aktuelle Angaben direkt beim Ort prüfen.","scale":"street","geometryPrecision":"exact","reviewState":"candidate","asOf":"2026-09-26T17:13:34.916Z","sourceCount":1,"primarySource":{"url":"https://www.openstreetmap.org/node/6912492681","title":"OpenStreetMap contributors","publisher":"OpenStreetMap contributors","licence":"ODbL 1.0","reuse":"open_licence"}}},{"type":"Feature","geometry":{"type":"Point","coordinates":[13.86369,52.54734]},"properties":{"id":"osm:node-7059503759","version":"abf3946e1e51aee5138acd760f7e1e4858049e79fb32b6727703b38f280f4feb","cityId":"strausberg","kind":"place","category":"library","title":"Heinrich-Mann-Bibliothek / Zweigbibliothek","statement":"Heinrich-Mann-Bibliothek / Zweigbibliothek ist in OpenStreetMap als library eingetragen. Öffnungszeiten in OSM eingetragen; nicht unabhängig bestätigt.","status":"OSM-Eintrag, nicht offiziell geprüft","startDate":null,"endDate":null,"nextStep":"Aktuelle Angaben direkt beim Ort prüfen.","scale":"street","geometryPrecision":"exact","reviewState":"candidate","asOf":"2026-09-26T17:13:34.916Z","sourceCount":1,"primarySource":{"url":"https://www.openstreetmap.org/node/7059503759","title":"OpenStreetMap contributors","publisher":"OpenStreetMap contributors","licence":"ODbL 1.0","reuse":"open_licence"}}},{"type":"Feature","geometry":{"type":"Point","coordinates":[13.89334,52.58421]},"properties":{"id":"osm:node-7060281350","version":"40253ef9c1ce7af98e084b9a798cb0614f15b473837433b63107114cf49deeab","cityId":"strausberg","kind":"place","category":"supermarket","title":"Netto Marken-Discount","statement":"Netto Marken-Discount ist in OpenStreetMap als supermarket eingetragen. Öffnungszeiten in OSM eingetragen; nicht unabhängig bestätigt.","status":"OSM-Eintrag, nicht offiziell geprüft","startDate":null,"endDate":null,"nextStep":"Aktuelle Angaben direkt beim Ort prüfen.","scale":"street","geometryPrecision":"exact","reviewState":"candidate","asOf":"2026-09-26T17:13:34.916Z","sourceCount":1,"primarySource":{"url":"https://www.openstreetmap.org/node/7060281350","title":"OpenStreetMap contributors","publisher":"OpenStreetMap contributors","licence":"ODbL 1.0","reuse":"open_licence"}}},{"type":"Feature","geometry":{"type":"Point","coordinates":[13.89113,52.58298]},"properties":{"id":"osm:node-7060281354","version":"50594618103334163a62d3264b947f0c49fb6de1c60e610696010c1e767972e7","cityId":"strausberg","kind":"place","category":"community_centre","title":"Bürgerbund Nordheim 91 e.V.","statement":"Bürgerbund Nordheim 91 e.V. ist in OpenStreetMap als community_centre eingetragen. Öffnungszeiten in OSM eingetragen; nicht unabhängig bestätigt.","status":"OSM-Eintrag, nicht offiziell geprüft","startDate":null,"endDate":null,"nextStep":"Aktuelle Angaben direkt beim Ort prüfen.","scale":"street","geometryPrecision":"exact","reviewState":"candidate","asOf":"2026-09-26T17:13:34.916Z","sourceCount":1,"primarySource":{"url":"https://www.openstreetmap.org/node/7060281354","title":"OpenStreetMap contributors","publisher":"OpenStreetMap contributors","licence":"ODbL 1.0","reuse":"open_licence"}}},{"type":"Feature","geometry":{"type":"Point","coordinates":[13.89736,52.57415]},"properties":{"id":"osm:node-7285154832","version":"4591ae216d4e1d5c03b72819e84b0ab83842e99716e498f7f3eedebcc65173ba","cityId":"strausberg","kind":"place","category":"supermarket","title":"Kaufland","statement":"Kaufland ist in OpenStreetMap als supermarket eingetragen. Öffnungszeiten in OSM eingetragen; nicht unabhängig bestätigt.","status":"OSM-Eintrag, nicht offiziell geprüft","startDate":null,"endDate":null,"nextStep":"Aktuelle Angaben direkt beim Ort prüfen.","scale":"street","geometryPrecision":"exact","reviewState":"candidate","asOf":"2026-09-26T17:13:34.916Z","sourceCount":1,"primarySource":{"url":"https://www.openstreetmap.org/node/7285154832","title":"OpenStreetMap contributors","publisher":"OpenStreetMap contributors","licence":"ODbL 1.0","reuse":"open_licence"}}},{"type":"Feature","geometry":{"type":"Point","coordinates":[13.88319,52.57504]},"properties":{"id":"osm:node-8050730961","version":"6817fda1abdc4574fd3a40cd40723d4b2977410ee72e2c6d309ee932cf0c3ea1","cityId":"strausberg","kind":"place","category":"school","title":"Hegermühlen-Grundschule","statement":"Hegermühlen-Grundschule ist in OpenStreetMap als school eingetragen. Betrieb und Öffnungszeiten nicht geprüft.","status":"OSM-Eintrag, nicht offiziell geprüft","startDate":null,"endDate":null,"nextStep":"Aktuelle Angaben direkt beim Ort prüfen.","scale":"street","geometryPrecision":"exact","reviewState":"candidate","asOf":"2026-09-26T17:13:34.916Z","sourceCount":1,"primarySource":{"url":"https://www.openstreetmap.org/node/8050730961","title":"OpenStreetMap contributors","publisher":"OpenStreetMap contributors","licence":"ODbL 1.0","reuse":"open_licence"}}},{"type":"Feature","geometry":{"type":"Point","coordinates":[13.89704,52.57389]},"properties":{"id":"osm:node-8063950293","version":"dac8138a09bfe2a16a5f2f4dedaee2642fe51ba03f0057e11e6c6fa79ed48a1e","cityId":"strausberg","kind":"place","category":"bakery","title":"Steinecke","statement":"Steinecke ist in OpenStreetMap als bakery eingetragen. Öffnungszeiten in OSM eingetragen; nicht unabhängig bestätigt.","status":"OSM-Eintrag, nicht offiziell geprüft","startDate":null,"endDate":null,"nextStep":"Aktuelle Angaben direkt beim Ort prüfen.","scale":"street","geometryPrecision":"exact","reviewState":"candidate","asOf":"2026-09-26T17:13:34.916Z","sourceCount":1,"primarySource":{"url":"https://www.openstreetmap.org/node/8063950293","title":"OpenStreetMap contributors","publisher":"OpenStreetMap contributors","licence":"ODbL 1.0","reuse":"open_licence"}}},{"type":"Feature","geometry":{"type":"Point","coordinates":[13.88187,52.58185]},"properties":{"id":"osm:node-8680767825","version":"55f3afa2014ed4c6f275943ea5b51dbffe2fc3ebbc6b8b03dc7b91e9988d4bd5","cityId":"strausberg","kind":"place","category":"doctors","title":"Kardiologische Facharztpraxis","statement":"Kardiologische Facharztpraxis ist in OpenStreetMap als doctors eingetragen. Öffnungszeiten in OSM eingetragen; nicht unabhängig bestätigt.","status":"OSM-Eintrag, nicht offiziell geprüft","startDate":null,"endDate":null,"nextStep":"Aktuelle Angaben direkt beim Ort prüfen.","scale":"street","geometryPrecision":"exact","reviewState":"candidate","asOf":"2026-09-26T17:13:34.916Z","sourceCount":1,"primarySource":{"url":"https://www.openstreetmap.org/node/8680767825","title":"OpenStreetMap contributors","publisher":"OpenStreetMap contributors","licence":"ODbL 1.0","reuse":"open_licence"}}},{"type":"Feature","geometry":{"type":"Point","coordinates":[13.88187,52.58183]},"properties":{"id":"osm:node-8691936095","version":"4663d8e31e8a7014187bc4290ff186ce5dbefbbef3014e99043a075623ddbea7","cityId":"strausberg","kind":"place","category":"doctors","title":"Internistische Praxis Ulrike Pilz","statement":"Internistische Praxis Ulrike Pilz ist in OpenStreetMap als doctors eingetragen. Öffnungszeiten in OSM eingetragen; nicht unabhängig bestätigt.","status":"OSM-Eintrag, nicht offiziell geprüft","startDate":null,"endDate":null,"nextStep":"Aktuelle Angaben direkt beim Ort prüfen.","scale":"street","geometryPrecision":"exact","reviewState":"candidate","asOf":"2026-09-26T17:13:34.916Z","sourceCount":1,"primarySource":{"url":"https://www.openstreetmap.org/node/8691936095","title":"OpenStreetMap contributors","publisher":"OpenStreetMap contributors","licence":"ODbL 1.0","reuse":"open_licence"}}},{"type":"Feature","geometry":{"type":"Point","coordinates":[13.87063,52.55778]},"properties":{"id":"osm:node-9403488425","version":"7697d5b1d14dc7122db65c4b7bcf09d2ff13e6bb7204348844c7aee1aa3d7b72","cityId":"strausberg","kind":"place","category":"post_office","title":"Postfiliale 515","statement":"Postfiliale 515 ist in OpenStreetMap als post_office eingetragen. Öffnungszeiten in OSM eingetragen; nicht unabhängig bestätigt.","status":"OSM-Eintrag, nicht offiziell geprüft","startDate":null,"endDate":null,"nextStep":"Aktuelle Angaben direkt beim Ort prüfen.","scale":"street","geometryPrecision":"exact","reviewState":"candidate","asOf":"2026-09-26T17:13:34.916Z","sourceCount":1,"primarySource":{"url":"https://www.openstreetmap.org/node/9403488425","title":"OpenStreetMap contributors","publisher":"OpenStreetMap contributors","licence":"ODbL 1.0","reuse":"open_licence"}}},{"type":"Feature","geometry":{"type":"Point","coordinates":[13.86441,52.54781]},"properties":{"id":"osm:node-9690004150","version":"f23d0f1c54812dd2ee6827a1163c434cf6450b577e6379ccfd4d6d931f7559b2","cityId":"strausberg","kind":"place","category":"community_centre","title":"AWO Familienzentrum","statement":"AWO Familienzentrum ist in OpenStreetMap als community_centre eingetragen. Betrieb und Öffnungszeiten nicht geprüft.","status":"OSM-Eintrag, nicht offiziell geprüft","startDate":null,"endDate":null,"nextStep":"Aktuelle Angaben direkt beim Ort prüfen.","scale":"street","geometryPrecision":"exact","reviewState":"candidate","asOf":"2026-09-26T17:13:34.916Z","sourceCount":1,"primarySource":{"url":"https://www.openstreetmap.org/node/9690004150","title":"OpenStreetMap contributors","publisher":"OpenStreetMap contributors","licence":"ODbL 1.0","reuse":"open_licence"}}},{"type":"Feature","geometry":{"type":"Point","coordinates":[13.90076,52.58883]},"properties":{"id":"osm:way-1047766622","version":"da2f4e073110a002cbe686971338e3ccb4e793c9c71151a2fc52c12699f24126","cityId":"strausberg","kind":"place","category":"hospital","title":"Krankenhaus Märkisch-Oderland","statement":"Krankenhaus Märkisch-Oderland ist in OpenStreetMap als hospital eingetragen. Betrieb und Öffnungszeiten nicht geprüft.","status":"OSM-Eintrag, nicht offiziell geprüft","startDate":null,"endDate":null,"nextStep":"Aktuelle Angaben direkt beim Ort prüfen.","scale":"street","geometryPrecision":"approximate","reviewState":"candidate","asOf":"2026-09-26T17:13:34.916Z","sourceCount":1,"primarySource":{"url":"https://www.openstreetmap.org/way/1047766622","title":"OpenStreetMap contributors","publisher":"OpenStreetMap contributors","licence":"ODbL 1.0","reuse":"open_licence"}}},{"type":"Feature","geometry":{"type":"Point","coordinates":[13.892,52.58373]},"properties":{"id":"osm:way-1081144803","version":"072f266041dbd38bcffcd5e1cb3d9d6b60880ffdaf390144e6953ff114374651","cityId":"strausberg","kind":"place","category":"kindergarten","title":"Zwergenland","statement":"Zwergenland ist in OpenStreetMap als kindergarten eingetragen. Öffnungszeiten in OSM eingetragen; nicht unabhängig bestätigt.","status":"OSM-Eintrag, nicht offiziell geprüft","startDate":null,"endDate":null,"nextStep":"Aktuelle Angaben direkt beim Ort prüfen.","scale":"street","geometryPrecision":"approximate","reviewState":"candidate","asOf":"2026-09-26T17:13:34.916Z","sourceCount":1,"primarySource":{"url":"https://www.openstreetmap.org/way/1081144803","title":"OpenStreetMap contributors","publisher":"OpenStreetMap contributors","licence":"ODbL 1.0","reuse":"open_licence"}}},{"type":"Feature","geometry":{"type":"Point","coordinates":[13.88362,52.57432]},"properties":{"id":"osm:way-1292685499","version":"347f6e7156691dc2b3e84c945d7b022f0c7a632263b79e3c016968ed31bd63ed","cityId":"strausberg","kind":"place","category":"school","title":"Hegermühlen-Grundschule","statement":"Hegermühlen-Grundschule ist in OpenStreetMap als school eingetragen. Betrieb und Öffnungszeiten nicht geprüft.","status":"OSM-Eintrag, nicht offiziell geprüft","startDate":null,"endDate":null,"nextStep":"Aktuelle Angaben direkt beim Ort prüfen.","scale":"street","geometryPrecision":"approximate","reviewState":"candidate","asOf":"2026-09-26T17:13:34.916Z","sourceCount":1,"primarySource":{"url":"https://www.openstreetmap.org/way/1292685499","title":"OpenStreetMap contributors","publisher":"OpenStreetMap contributors","licence":"ODbL 1.0","reuse":"open_licence"}}},{"type":"Feature","geometry":{"type":"Point","coordinates":[13.8909,52.58275]},"properties":{"id":"osm:way-1296563661","version":"7a8e5d10c5159a734742845f6b724d1534f90823390c77e86aa65270e15611ce","cityId":"strausberg","kind":"place","category":"community_centre","title":"Bürgerbund Nordheim 91 e.V.","statement":"Bürgerbund Nordheim 91 e.V. ist in OpenStreetMap als community_centre eingetragen. Öffnungszeiten in OSM eingetragen; nicht unabhängig bestätigt.","status":"OSM-Eintrag, nicht offiziell geprüft","startDate":null,"endDate":null,"nextStep":"Aktuelle Angaben direkt beim Ort prüfen.","scale":"street","geometryPrecision":"approximate","reviewState":"candidate","asOf":"2026-09-26T17:13:34.916Z","sourceCount":1,"primarySource":{"url":"https://www.openstreetmap.org/way/1296563661","title":"OpenStreetMap contributors","publisher":"OpenStreetMap contributors","licence":"ODbL 1.0","reuse":"open_licence"}}},{"type":"Feature","geometry":{"type":"Point","coordinates":[13.89005,52.57509]},"properties":{"id":"osm:way-222135655","version":"ffe7aea87f7c2c20c14362914c12a0bacd3d70e67f184c4a0f4b68422bea5df3","cityId":"strausberg","kind":"place","category":"kindergarten","title":"Integrationskita Sonnenschein","statement":"Integrationskita Sonnenschein ist in OpenStreetMap als kindergarten eingetragen. Betrieb und Öffnungszeiten nicht geprüft.","status":"OSM-Eintrag, nicht offiziell geprüft","startDate":null,"endDate":null,"nextStep":"Aktuelle Angaben direkt beim Ort prüfen.","scale":"street","geometryPrecision":"approximate","reviewState":"candidate","asOf":"2026-09-26T17:13:34.916Z","sourceCount":1,"primarySource":{"url":"https://www.openstreetmap.org/way/222135655","title":"OpenStreetMap contributors","publisher":"OpenStreetMap contributors","licence":"ODbL 1.0","reuse":"open_licence"}}},{"type":"Feature","geometry":{"type":"Point","coordinates":[13.86177,52.56101]},"properties":{"id":"osm:way-25669658","version":"224204b18cadf0d7b4208685fa28ba9a26df3000b748ac2ba63ff827803fd652","cityId":"strausberg","kind":"place","category":"soccer","title":"Sportplatz Marienberg","statement":"Sportplatz Marienberg ist in OpenStreetMap als soccer eingetragen. Betrieb und Öffnungszeiten nicht geprüft.","status":"OSM-Eintrag, nicht offiziell geprüft","startDate":null,"endDate":null,"nextStep":"Aktuelle Angaben direkt beim Ort prüfen.","scale":"street","geometryPrecision":"approximate","reviewState":"candidate","asOf":"2026-09-26T17:13:34.916Z","sourceCount":1,"primarySource":{"url":"https://www.openstreetmap.org/way/25669658","title":"OpenStreetMap contributors","publisher":"OpenStreetMap contributors","licence":"ODbL 1.0","reuse":"open_licence"}}},{"type":"Feature","geometry":{"type":"Point","coordinates":[13.90467,52.58954]},"properties":{"id":"osm:way-289563042","version":"66d7af991285acc992cee82c23e1f7b075fdaf6aeb402545652332a87b337011","cityId":"strausberg","kind":"place","category":"community_centre","title":"Volkshaus Strausberg","statement":"Volkshaus Strausberg ist in OpenStreetMap als community_centre eingetragen. Betrieb und Öffnungszeiten nicht geprüft.","status":"OSM-Eintrag, nicht offiziell geprüft","startDate":null,"endDate":null,"nextStep":"Aktuelle Angaben direkt beim Ort prüfen.","scale":"street","geometryPrecision":"approximate","reviewState":"candidate","asOf":"2026-09-26T17:13:34.916Z","sourceCount":1,"primarySource":{"url":"https://www.openstreetmap.org/way/289563042","title":"OpenStreetMap contributors","publisher":"OpenStreetMap contributors","licence":"ODbL 1.0","reuse":"open_licence"}}},{"type":"Feature","geometry":{"type":"Point","coordinates":[13.87741,52.57227]},"properties":{"id":"osm:way-292602842","version":"5708182ab1cb72d37ce09f1d868bc4dac87106a6b97c79e75258d6a5e523ec35","cityId":"strausberg","kind":"place","category":"doctors","title":"Saskia Richter","statement":"Saskia Richter ist in OpenStreetMap als doctors eingetragen. Öffnungszeiten in OSM eingetragen; nicht unabhängig bestätigt.","status":"OSM-Eintrag, nicht offiziell geprüft","startDate":null,"endDate":null,"nextStep":"Aktuelle Angaben direkt beim Ort prüfen.","scale":"street","geometryPrecision":"approximate","reviewState":"candidate","asOf":"2026-09-26T17:13:34.916Z","sourceCount":1,"primarySource":{"url":"https://www.openstreetmap.org/way/292602842","title":"OpenStreetMap contributors","publisher":"OpenStreetMap contributors","licence":"ODbL 1.0","reuse":"open_licence"}}},{"type":"Feature","geometry":{"type":"Point","coordinates":[13.84246,52.53204]},"properties":{"id":"osm:way-345581574","version":"bec2ac3fb13bfcd63c9cfa53244998392d78720b094aab7b8653dbb9c2f809d7","cityId":"strausberg","kind":"place","category":"doctors","title":"Vera-Marina Polster","statement":"Vera-Marina Polster ist in OpenStreetMap als doctors eingetragen. Öffnungszeiten in OSM eingetragen; nicht unabhängig bestätigt.","status":"OSM-Eintrag, nicht offiziell geprüft","startDate":null,"endDate":null,"nextStep":"Aktuelle Angaben direkt beim Ort prüfen.","scale":"street","geometryPrecision":"approximate","reviewState":"candidate","asOf":"2026-09-26T17:13:34.916Z","sourceCount":1,"primarySource":{"url":"https://www.openstreetmap.org/way/345581574","title":"OpenStreetMap contributors","publisher":"OpenStreetMap contributors","licence":"ODbL 1.0","reuse":"open_licence"}}},{"type":"Feature","geometry":{"type":"Point","coordinates":[13.89418,52.58702]},"properties":{"id":"osm:way-38246303","version":"f66d0ea07505be11abea2e31c3e22d5660e4421d3b6d0ce603735f1c62bc5ea9","cityId":"strausberg","kind":"place","category":"supermarket","title":"Netto","statement":"Netto ist in OpenStreetMap als supermarket eingetragen. Öffnungszeiten in OSM eingetragen; nicht unabhängig bestätigt.","status":"OSM-Eintrag, nicht offiziell geprüft","startDate":null,"endDate":null,"nextStep":"Aktuelle Angaben direkt beim Ort prüfen.","scale":"street","geometryPrecision":"approximate","reviewState":"candidate","asOf":"2026-09-26T17:13:34.916Z","sourceCount":1,"primarySource":{"url":"https://www.openstreetmap.org/way/38246303","title":"OpenStreetMap contributors","publisher":"OpenStreetMap contributors","licence":"ODbL 1.0","reuse":"open_licence"}}},{"type":"Feature","geometry":{"type":"Point","coordinates":[13.89397,52.58246]},"properties":{"id":"osm:way-38247119","version":"b70866869cd222e67ee187dca195577b1edfe4e7d420af93d0a94815afef83aa","cityId":"strausberg","kind":"place","category":"clinic","title":"Ärztehaus Kastanienallee","statement":"Ärztehaus Kastanienallee ist in OpenStreetMap als clinic eingetragen. Öffnungszeiten in OSM eingetragen; nicht unabhängig bestätigt.","status":"OSM-Eintrag, nicht offiziell geprüft","startDate":null,"endDate":null,"nextStep":"Aktuelle Angaben direkt beim Ort prüfen.","scale":"street","geometryPrecision":"approximate","reviewState":"candidate","asOf":"2026-09-26T17:13:34.916Z","sourceCount":1,"primarySource":{"url":"https://www.openstreetmap.org/way/38247119","title":"OpenStreetMap contributors","publisher":"OpenStreetMap contributors","licence":"ODbL 1.0","reuse":"open_licence"}}},{"type":"Feature","geometry":{"type":"Point","coordinates":[13.88907,52.58423]},"properties":{"id":"osm:way-38248475","version":"b294d8eb2a927ef87aa216a79bd2052c6a08de9f05976629f2f4f1c190d3ec26","cityId":"strausberg","kind":"place","category":"multi","title":"Energie Arena","statement":"Energie Arena ist in OpenStreetMap als multi eingetragen. Betrieb und Öffnungszeiten nicht geprüft.","status":"OSM-Eintrag, nicht offiziell geprüft","startDate":null,"endDate":null,"nextStep":"Aktuelle Angaben direkt beim Ort prüfen.","scale":"street","geometryPrecision":"approximate","reviewState":"candidate","asOf":"2026-09-26T17:13:34.916Z","sourceCount":1,"primarySource":{"url":"https://www.openstreetmap.org/way/38248475","title":"OpenStreetMap contributors","publisher":"OpenStreetMap contributors","licence":"ODbL 1.0","reuse":"open_licence"}}},{"type":"Feature","geometry":{"type":"Point","coordinates":[13.88799,52.58508]},"properties":{"id":"osm:way-38248477","version":"0ead9e2d7dad5d21f652adcd71ee98642cdcdcce2565343ca170528cbcb61ef5","cityId":"strausberg","kind":"place","category":"swimming","title":"Strausbad","statement":"Strausbad ist in OpenStreetMap als swimming eingetragen. Öffnungszeiten in OSM eingetragen; nicht unabhängig bestätigt.","status":"OSM-Eintrag, nicht offiziell geprüft","startDate":null,"endDate":null,"nextStep":"Aktuelle Angaben direkt beim Ort prüfen.","scale":"street","geometryPrecision":"approximate","reviewState":"candidate","asOf":"2026-09-26T17:13:34.916Z","sourceCount":1,"primarySource":{"url":"https://www.openstreetmap.org/way/38248477","title":"OpenStreetMap contributors","publisher":"OpenStreetMap contributors","licence":"ODbL 1.0","reuse":"open_licence"}}},{"type":"Feature","geometry":{"type":"Point","coordinates":[13.88715,52.5846]},"properties":{"id":"osm:way-38248483","version":"c99f9d6d692a3bdce70520f58ccf58cc0083f5a680e11152712d47182154509f","cityId":"strausberg","kind":"place","category":"multi","title":"Mehrzweckhalle Oberstufenzentrum","statement":"Mehrzweckhalle Oberstufenzentrum ist in OpenStreetMap als multi eingetragen. Betrieb und Öffnungszeiten nicht geprüft.","status":"OSM-Eintrag, nicht offiziell geprüft","startDate":null,"endDate":null,"nextStep":"Aktuelle Angaben direkt beim Ort prüfen.","scale":"street","geometryPrecision":"approximate","reviewState":"candidate","asOf":"2026-09-26T17:13:34.916Z","sourceCount":1,"primarySource":{"url":"https://www.openstreetmap.org/way/38248483","title":"OpenStreetMap contributors","publisher":"OpenStreetMap contributors","licence":"ODbL 1.0","reuse":"open_licence"}}},{"type":"Feature","geometry":{"type":"Point","coordinates":[13.88655,52.58419]},"properties":{"id":"osm:way-38248485","version":"c07e452319384e561db6bec89a7220af5a5403b1fcb84a54a9faaa5e0cc17724","cityId":"strausberg","kind":"place","category":"school","title":"Oberstufenzentrum Märkisch-Oderland","statement":"Oberstufenzentrum Märkisch-Oderland ist in OpenStreetMap als school eingetragen. Betrieb und Öffnungszeiten nicht geprüft.","status":"OSM-Eintrag, nicht offiziell geprüft","startDate":null,"endDate":null,"nextStep":"Aktuelle Angaben direkt beim Ort prüfen.","scale":"street","geometryPrecision":"approximate","reviewState":"candidate","asOf":"2026-09-26T17:13:34.916Z","sourceCount":1,"primarySource":{"url":"https://www.openstreetmap.org/way/38248485","title":"OpenStreetMap contributors","publisher":"OpenStreetMap contributors","licence":"ODbL 1.0","reuse":"open_licence"}}},{"type":"Feature","geometry":{"type":"Point","coordinates":[13.88915,52.57586]},"properties":{"id":"osm:way-38285451","version":"fb9f80b00d54a0ac770f581e328303334c0e0cf1f7c0b227b2b23a73c55164f0","cityId":"strausberg","kind":"place","category":"multi;volleyball;soccer","title":"Mühlenberghalle","statement":"Mühlenberghalle ist in OpenStreetMap als multi;volleyball;soccer eingetragen. Betrieb und Öffnungszeiten nicht geprüft.","status":"OSM-Eintrag, nicht offiziell geprüft","startDate":null,"endDate":null,"nextStep":"Aktuelle Angaben direkt beim Ort prüfen.","scale":"street","geometryPrecision":"approximate","reviewState":"candidate","asOf":"2026-09-26T17:13:34.916Z","sourceCount":1,"primarySource":{"url":"https://www.openstreetmap.org/way/38285451","title":"OpenStreetMap contributors","publisher":"OpenStreetMap contributors","licence":"ODbL 1.0","reuse":"open_licence"}}},{"type":"Feature","geometry":{"type":"Point","coordinates":[13.88058,52.58299]},"properties":{"id":"osm:way-38495889","version":"b975380a37e97d380110390f0ebb76922b4bf02b615cc0eb1468541474c45ee3","cityId":"strausberg","kind":"place","category":"scuba_diving","title":"Tauchbasis \"1A-Tauchcenter\"","statement":"Tauchbasis \"1A-Tauchcenter\" ist in OpenStreetMap als scuba_diving eingetragen. Betrieb und Öffnungszeiten nicht geprüft.","status":"OSM-Eintrag, nicht offiziell geprüft","startDate":null,"endDate":null,"nextStep":"Aktuelle Angaben direkt beim Ort prüfen.","scale":"street","geometryPrecision":"approximate","reviewState":"candidate","asOf":"2026-09-26T17:13:34.916Z","sourceCount":1,"primarySource":{"url":"https://www.openstreetmap.org/way/38495889","title":"OpenStreetMap contributors","publisher":"OpenStreetMap contributors","licence":"ODbL 1.0","reuse":"open_licence"}}},{"type":"Feature","geometry":{"type":"Point","coordinates":[13.88231,52.57499]},"properties":{"id":"osm:way-38496524","version":"74e1e9cf2fb927545c51d6c72421d9f9c6bbe9c4fa75fa78cd09eced39dbd2aa","cityId":"strausberg","kind":"place","category":"townhall","title":"Stadtverwaltung","statement":"Stadtverwaltung ist in OpenStreetMap als townhall eingetragen. Betrieb und Öffnungszeiten nicht geprüft.","status":"OSM-Eintrag, nicht offiziell geprüft","startDate":null,"endDate":null,"nextStep":"Aktuelle Angaben direkt beim Ort prüfen.","scale":"street","geometryPrecision":"approximate","reviewState":"candidate","asOf":"2026-09-26T17:13:34.916Z","sourceCount":1,"primarySource":{"url":"https://www.openstreetmap.org/way/38496524","title":"OpenStreetMap contributors","publisher":"OpenStreetMap contributors","licence":"ODbL 1.0","reuse":"open_licence"}}},{"type":"Feature","geometry":{"type":"Point","coordinates":[13.87853,52.57453]},"properties":{"id":"osm:way-38496868","version":"6f776d162d5e2be8ee28c97e6fa4d1e973a05724c6c3ddc5579c4d467978b32c","cityId":"strausberg","kind":"place","category":"school","title":"Theodor-Fontane-Gymnasium Strausberg","statement":"Theodor-Fontane-Gymnasium Strausberg ist in OpenStreetMap als school eingetragen. Betrieb und Öffnungszeiten nicht geprüft.","status":"OSM-Eintrag, nicht offiziell geprüft","startDate":null,"endDate":null,"nextStep":"Aktuelle Angaben direkt beim Ort prüfen.","scale":"street","geometryPrecision":"approximate","reviewState":"candidate","asOf":"2026-09-26T17:13:34.916Z","sourceCount":1,"primarySource":{"url":"https://www.openstreetmap.org/way/38496868","title":"OpenStreetMap contributors","publisher":"OpenStreetMap contributors","licence":"ODbL 1.0","reuse":"open_licence"}}},{"type":"Feature","geometry":{"type":"Point","coordinates":[13.92065,52.59422]},"properties":{"id":"osm:way-38880148","version":"63aee62f3ffc4bdd42b4def3fd8387cbd074f41f361a31c118f756ae2252d62e","cityId":"strausberg","kind":"place","category":"doctors","title":"Gesundheitszentrum","statement":"Gesundheitszentrum ist in OpenStreetMap als doctors eingetragen. Betrieb und Öffnungszeiten nicht geprüft.","status":"OSM-Eintrag, nicht offiziell geprüft","startDate":null,"endDate":null,"nextStep":"Aktuelle Angaben direkt beim Ort prüfen.","scale":"street","geometryPrecision":"approximate","reviewState":"candidate","asOf":"2026-09-26T17:13:34.916Z","sourceCount":1,"primarySource":{"url":"https://www.openstreetmap.org/way/38880148","title":"OpenStreetMap contributors","publisher":"OpenStreetMap contributors","licence":"ODbL 1.0","reuse":"open_licence"}}},{"type":"Feature","geometry":{"type":"Point","coordinates":[13.91438,52.59495]},"properties":{"id":"osm:way-38880150","version":"411ff460f4f193c3533c9eb290ad7de486c84be97b847db81bba6329589c959e","cityId":"strausberg","kind":"place","category":"library","title":"Fachinformationsstelle Strausberg","statement":"Fachinformationsstelle Strausberg ist in OpenStreetMap als library eingetragen. Öffnungszeiten in OSM eingetragen; nicht unabhängig bestätigt.","status":"OSM-Eintrag, nicht offiziell geprüft","startDate":null,"endDate":null,"nextStep":"Aktuelle Angaben direkt beim Ort prüfen.","scale":"street","geometryPrecision":"approximate","reviewState":"candidate","asOf":"2026-09-26T17:13:34.916Z","sourceCount":1,"primarySource":{"url":"https://www.openstreetmap.org/way/38880150","title":"OpenStreetMap contributors","publisher":"OpenStreetMap contributors","licence":"ODbL 1.0","reuse":"open_licence"}}},{"type":"Feature","geometry":{"type":"Point","coordinates":[13.90972,52.59217]},"properties":{"id":"osm:way-38880957","version":"cae70843cec26004924fabca80e9b61a37ae6f6b1c42a889b326fa75155d1f16","cityId":"strausberg","kind":"place","category":"supermarket","title":"Aldi","statement":"Aldi ist in OpenStreetMap als supermarket eingetragen. Öffnungszeiten in OSM eingetragen; nicht unabhängig bestätigt.","status":"OSM-Eintrag, nicht offiziell geprüft","startDate":null,"endDate":null,"nextStep":"Aktuelle Angaben direkt beim Ort prüfen.","scale":"street","geometryPrecision":"approximate","reviewState":"candidate","asOf":"2026-09-26T17:13:34.916Z","sourceCount":1,"primarySource":{"url":"https://www.openstreetmap.org/way/38880957","title":"OpenStreetMap contributors","publisher":"OpenStreetMap contributors","licence":"ODbL 1.0","reuse":"open_licence"}}},{"type":"Feature","geometry":{"type":"Point","coordinates":[13.89578,52.59476]},"properties":{"id":"osm:way-38910719","version":"a4cfeb4822f4d6321377ad7b2ebf800d860b35f267f41e2646f93207d10f19d7","cityId":"strausberg","kind":"place","category":"soccer","title":"SV Gartenstadt 71","statement":"SV Gartenstadt 71 ist in OpenStreetMap als soccer eingetragen. Betrieb und Öffnungszeiten nicht geprüft.","status":"OSM-Eintrag, nicht offiziell geprüft","startDate":null,"endDate":null,"nextStep":"Aktuelle Angaben direkt beim Ort prüfen.","scale":"street","geometryPrecision":"approximate","reviewState":"candidate","asOf":"2026-09-26T17:13:34.916Z","sourceCount":1,"primarySource":{"url":"https://www.openstreetmap.org/way/38910719","title":"OpenStreetMap contributors","publisher":"OpenStreetMap contributors","licence":"ODbL 1.0","reuse":"open_licence"}}},{"type":"Feature","geometry":{"type":"Point","coordinates":[13.87207,52.55814]},"properties":{"id":"osm:way-39216902","version":"987b28d67aba8e31325e8be69d3d6606c1963115f44e6f9dbca7de6f4f25f708","cityId":"strausberg","kind":"place","category":"supermarket","title":"EDEKA Center Friedebold","statement":"EDEKA Center Friedebold ist in OpenStreetMap als supermarket eingetragen. Öffnungszeiten in OSM eingetragen; nicht unabhängig bestätigt.","status":"OSM-Eintrag, nicht offiziell geprüft","startDate":null,"endDate":null,"nextStep":"Aktuelle Angaben direkt beim Ort prüfen.","scale":"street","geometryPrecision":"approximate","reviewState":"candidate","asOf":"2026-09-26T17:13:34.916Z","sourceCount":1,"primarySource":{"url":"https://www.openstreetmap.org/way/39216902","title":"OpenStreetMap contributors","publisher":"OpenStreetMap contributors","licence":"ODbL 1.0","reuse":"open_licence"}}},{"type":"Feature","geometry":{"type":"Point","coordinates":[13.88847,52.57855]},"properties":{"id":"osm:way-39490563","version":"06c41dcaf77b9b2204a2efb0c124145e0a8e3b0af4fc331cec453e24a9c9b2f1","cityId":"strausberg","kind":"place","category":"fire_station","title":"Freiwillige Feuerwehr Strausberg","statement":"Freiwillige Feuerwehr Strausberg ist in OpenStreetMap als fire_station eingetragen. Betrieb und Öffnungszeiten nicht geprüft.","status":"OSM-Eintrag, nicht offiziell geprüft","startDate":null,"endDate":null,"nextStep":"Aktuelle Angaben direkt beim Ort prüfen.","scale":"street","geometryPrecision":"approximate","reviewState":"candidate","asOf":"2026-09-26T17:13:34.916Z","sourceCount":1,"primarySource":{"url":"https://www.openstreetmap.org/way/39490563","title":"OpenStreetMap contributors","publisher":"OpenStreetMap contributors","licence":"ODbL 1.0","reuse":"open_licence"}}},{"type":"Feature","geometry":{"type":"Point","coordinates":[13.87125,52.56843]},"properties":{"id":"osm:way-39629143","version":"71aa5dc42614ecb745e2bd6d72376a7ec25e25423cfe561d31d4071dfddc47de","cityId":"strausberg","kind":"place","category":"supermarket","title":"Lidl","statement":"Lidl ist in OpenStreetMap als supermarket eingetragen. Öffnungszeiten in OSM eingetragen; nicht unabhängig bestätigt.","status":"OSM-Eintrag, nicht offiziell geprüft","startDate":null,"endDate":null,"nextStep":"Aktuelle Angaben direkt beim Ort prüfen.","scale":"street","geometryPrecision":"approximate","reviewState":"candidate","asOf":"2026-09-26T17:13:34.916Z","sourceCount":1,"primarySource":{"url":"https://www.openstreetmap.org/way/39629143","title":"OpenStreetMap contributors","publisher":"OpenStreetMap contributors","licence":"ODbL 1.0","reuse":"open_licence"}}},{"type":"Feature","geometry":{"type":"Point","coordinates":[13.83701,52.54071]},"properties":{"id":"osm:way-409585637","version":"ddc74e4cb413c2c1d0f79ad4a42f2853d6e82a074f089833c46247133f47449d","cityId":"strausberg","kind":"place","category":"judo","title":"Judohalle","statement":"Judohalle ist in OpenStreetMap als judo eingetragen. Betrieb und Öffnungszeiten nicht geprüft.","status":"OSM-Eintrag, nicht offiziell geprüft","startDate":null,"endDate":null,"nextStep":"Aktuelle Angaben direkt beim Ort prüfen.","scale":"street","geometryPrecision":"approximate","reviewState":"candidate","asOf":"2026-09-26T17:13:34.916Z","sourceCount":1,"primarySource":{"url":"https://www.openstreetmap.org/way/409585637","title":"OpenStreetMap contributors","publisher":"OpenStreetMap contributors","licence":"ODbL 1.0","reuse":"open_licence"}}},{"type":"Feature","geometry":{"type":"Point","coordinates":[13.84057,52.5402]},"properties":{"id":"osm:way-412761771","version":"ec410f529e3900729f3618b4172a7f410abe548fb08e4c8fc0aef895150ac71a","cityId":"strausberg","kind":"place","category":"badminton;tennis;10pin;table_tennis;squash","title":"Sportwelt Strausberg","statement":"Sportwelt Strausberg ist in OpenStreetMap als badminton;tennis;10pin;table_tennis;squash eingetragen. Betrieb und Öffnungszeiten nicht geprüft.","status":"OSM-Eintrag, nicht offiziell geprüft","startDate":null,"endDate":null,"nextStep":"Aktuelle Angaben direkt beim Ort prüfen.","scale":"street","geometryPrecision":"approximate","reviewState":"candidate","asOf":"2026-09-26T17:13:34.916Z","sourceCount":1,"primarySource":{"url":"https://www.openstreetmap.org/way/412761771","title":"OpenStreetMap contributors","publisher":"OpenStreetMap contributors","licence":"ODbL 1.0","reuse":"open_licence"}}},{"type":"Feature","geometry":{"type":"Point","coordinates":[13.84029,52.54352]},"properties":{"id":"osm:way-412785735","version":"a9ee21babaecdb2ab51807719896d3b992f01951152edf374a29c35a71b306ef","cityId":"strausberg","kind":"place","category":"sport","title":"Vereinsheim und KK-Stand","statement":"Vereinsheim und KK-Stand ist in OpenStreetMap als sport eingetragen. Betrieb und Öffnungszeiten nicht geprüft.","status":"OSM-Eintrag, nicht offiziell geprüft","startDate":null,"endDate":null,"nextStep":"Aktuelle Angaben direkt beim Ort prüfen.","scale":"street","geometryPrecision":"approximate","reviewState":"candidate","asOf":"2026-09-26T17:13:34.916Z","sourceCount":1,"primarySource":{"url":"https://www.openstreetmap.org/way/412785735","title":"OpenStreetMap contributors","publisher":"OpenStreetMap contributors","licence":"ODbL 1.0","reuse":"open_licence"}}},{"type":"Feature","geometry":{"type":"Point","coordinates":[13.84263,52.54038]},"properties":{"id":"osm:way-421767736","version":"2ca2ad6dcf1920abd513aa8cb5407ee492eebcc22bc39001d0768e43b8bdc010","cityId":"strausberg","kind":"place","category":"climbing_adventure","title":"CLIMB UP! Kletterwald","statement":"CLIMB UP! Kletterwald ist in OpenStreetMap als climbing_adventure eingetragen. Betrieb und Öffnungszeiten nicht geprüft.","status":"OSM-Eintrag, nicht offiziell geprüft","startDate":null,"endDate":null,"nextStep":"Aktuelle Angaben direkt beim Ort prüfen.","scale":"street","geometryPrecision":"approximate","reviewState":"candidate","asOf":"2026-09-26T17:13:34.916Z","sourceCount":1,"primarySource":{"url":"https://www.openstreetmap.org/way/421767736","title":"OpenStreetMap contributors","publisher":"OpenStreetMap contributors","licence":"ODbL 1.0","reuse":"open_licence"}}},{"type":"Feature","geometry":{"type":"Point","coordinates":[13.97056,52.56683]},"properties":{"id":"osm:way-466886028","version":"c55b16c5627250181ea3852f941ad5395abf4aff8428d396e73546a65a4e65d1","cityId":"strausberg","kind":"place","category":"fire_station","title":"Freiwillige Feuerwehr Hohenstein","statement":"Freiwillige Feuerwehr Hohenstein ist in OpenStreetMap als fire_station eingetragen. Betrieb und Öffnungszeiten nicht geprüft.","status":"OSM-Eintrag, nicht offiziell geprüft","startDate":null,"endDate":null,"nextStep":"Aktuelle Angaben direkt beim Ort prüfen.","scale":"street","geometryPrecision":"approximate","reviewState":"candidate","asOf":"2026-09-26T17:13:34.916Z","sourceCount":1,"primarySource":{"url":"https://www.openstreetmap.org/way/466886028","title":"OpenStreetMap contributors","publisher":"OpenStreetMap contributors","licence":"ODbL 1.0","reuse":"open_licence"}}},{"type":"Feature","geometry":{"type":"Point","coordinates":[13.86442,52.54968]},"properties":{"id":"osm:way-51197646","version":"7171abf48886dfdef2249111015f62001238d3f76f36ecee96f91a358cae8d42","cityId":"strausberg","kind":"place","category":"supermarket","title":"nah & gut by Friedebold","statement":"nah & gut by Friedebold ist in OpenStreetMap als supermarket eingetragen. Öffnungszeiten in OSM eingetragen; nicht unabhängig bestätigt.","status":"OSM-Eintrag, nicht offiziell geprüft","startDate":null,"endDate":null,"nextStep":"Aktuelle Angaben direkt beim Ort prüfen.","scale":"street","geometryPrecision":"approximate","reviewState":"candidate","asOf":"2026-09-26T17:13:34.916Z","sourceCount":1,"primarySource":{"url":"https://www.openstreetmap.org/way/51197646","title":"OpenStreetMap contributors","publisher":"OpenStreetMap contributors","licence":"ODbL 1.0","reuse":"open_licence"}}},{"type":"Feature","geometry":{"type":"Point","coordinates":[13.86366,52.54921]},"properties":{"id":"osm:way-51197664","version":"949e15e5c684c51d016d7d4e31a2e85fdbb276a1d776141b8842739ce8648c18","cityId":"strausberg","kind":"place","category":"supermarket","title":"Aldi","statement":"Aldi ist in OpenStreetMap als supermarket eingetragen. Öffnungszeiten in OSM eingetragen; nicht unabhängig bestätigt.","status":"OSM-Eintrag, nicht offiziell geprüft","startDate":null,"endDate":null,"nextStep":"Aktuelle Angaben direkt beim Ort prüfen.","scale":"street","geometryPrecision":"approximate","reviewState":"candidate","asOf":"2026-09-26T17:13:34.916Z","sourceCount":1,"primarySource":{"url":"https://www.openstreetmap.org/way/51197664","title":"OpenStreetMap contributors","publisher":"OpenStreetMap contributors","licence":"ODbL 1.0","reuse":"open_licence"}}},{"type":"Feature","geometry":{"type":"Point","coordinates":[13.86788,52.55342]},"properties":{"id":"osm:way-51199583","version":"e1a4f61d17450cb87fd9ab2e6801b7ff2dc959d2ae1641af6b52d9b1249c7a57","cityId":"strausberg","kind":"place","category":"kindergarten","title":"AWO Kita \"Spatzennest\"","statement":"AWO Kita \"Spatzennest\" ist in OpenStreetMap als kindergarten eingetragen. Betrieb und Öffnungszeiten nicht geprüft.","status":"OSM-Eintrag, nicht offiziell geprüft","startDate":null,"endDate":null,"nextStep":"Aktuelle Angaben direkt beim Ort prüfen.","scale":"street","geometryPrecision":"approximate","reviewState":"candidate","asOf":"2026-09-26T17:13:34.916Z","sourceCount":1,"primarySource":{"url":"https://www.openstreetmap.org/way/51199583","title":"OpenStreetMap contributors","publisher":"OpenStreetMap contributors","licence":"ODbL 1.0","reuse":"open_licence"}}},{"type":"Feature","geometry":{"type":"Point","coordinates":[13.86519,52.54913]},"properties":{"id":"osm:way-51203081","version":"87dea53b17d60626f9be6ad3a7de8015d88335ddb79055a40f4e90427c95f33d","cityId":"strausberg","kind":"place","category":"school","title":"Grundschule Am Annatal","statement":"Grundschule Am Annatal ist in OpenStreetMap als school eingetragen. Betrieb und Öffnungszeiten nicht geprüft.","status":"OSM-Eintrag, nicht offiziell geprüft","startDate":null,"endDate":null,"nextStep":"Aktuelle Angaben direkt beim Ort prüfen.","scale":"street","geometryPrecision":"approximate","reviewState":"candidate","asOf":"2026-09-26T17:13:34.916Z","sourceCount":1,"primarySource":{"url":"https://www.openstreetmap.org/way/51203081","title":"OpenStreetMap contributors","publisher":"OpenStreetMap contributors","licence":"ODbL 1.0","reuse":"open_licence"}}},{"type":"Feature","geometry":{"type":"Point","coordinates":[13.89462,52.56921]},"properties":{"id":"osm:way-51496066","version":"cd326443b38e04231946120ac5d00a7d4ee07b5f5d06a6453b46a7112ce771da","cityId":"strausberg","kind":"place","category":"kindergarten","title":"Kita \"Kinderland\"","statement":"Kita \"Kinderland\" ist in OpenStreetMap als kindergarten eingetragen. Betrieb und Öffnungszeiten nicht geprüft.","status":"OSM-Eintrag, nicht offiziell geprüft","startDate":null,"endDate":null,"nextStep":"Aktuelle Angaben direkt beim Ort prüfen.","scale":"street","geometryPrecision":"approximate","reviewState":"candidate","asOf":"2026-09-26T17:13:34.916Z","sourceCount":1,"primarySource":{"url":"https://www.openstreetmap.org/way/51496066","title":"OpenStreetMap contributors","publisher":"OpenStreetMap contributors","licence":"ODbL 1.0","reuse":"open_licence"}}},{"type":"Feature","geometry":{"type":"Point","coordinates":[13.83753,52.53707]},"properties":{"id":"osm:way-548335579","version":"64463d6395111e039c2d9554ae0573c58016195cc3487c67b7a025dc6119c42c","cityId":"strausberg","kind":"place","category":"kindergarten","title":"Kita Wirbelwind","statement":"Kita Wirbelwind ist in OpenStreetMap als kindergarten eingetragen. Betrieb und Öffnungszeiten nicht geprüft.","status":"OSM-Eintrag, nicht offiziell geprüft","startDate":null,"endDate":null,"nextStep":"Aktuelle Angaben direkt beim Ort prüfen.","scale":"street","geometryPrecision":"approximate","reviewState":"candidate","asOf":"2026-09-26T17:13:34.916Z","sourceCount":1,"primarySource":{"url":"https://www.openstreetmap.org/way/548335579","title":"OpenStreetMap contributors","publisher":"OpenStreetMap contributors","licence":"ODbL 1.0","reuse":"open_licence"}}},{"type":"Feature","geometry":{"type":"Point","coordinates":[13.83743,52.53636]},"properties":{"id":"osm:way-548335582","version":"80502d8490518c1901d7b1e5e8538173df384954269495dfbb7759cc1f51a8e9","cityId":"strausberg","kind":"place","category":"school","title":"Vorstadt-Grundschule Strausberg","statement":"Vorstadt-Grundschule Strausberg ist in OpenStreetMap als school eingetragen. Betrieb und Öffnungszeiten nicht geprüft.","status":"OSM-Eintrag, nicht offiziell geprüft","startDate":null,"endDate":null,"nextStep":"Aktuelle Angaben direkt beim Ort prüfen.","scale":"street","geometryPrecision":"approximate","reviewState":"candidate","asOf":"2026-09-26T17:13:34.916Z","sourceCount":1,"primarySource":{"url":"https://www.openstreetmap.org/way/548335582","title":"OpenStreetMap contributors","publisher":"OpenStreetMap contributors","licence":"ODbL 1.0","reuse":"open_licence"}}},{"type":"Feature","geometry":{"type":"Point","coordinates":[13.83642,52.53467]},"properties":{"id":"osm:way-548338154","version":"39171d26eeba9906fc65906e9c7994c08b9f6dbc7a68b9a022f7f656c70cb72c","cityId":"strausberg","kind":"place","category":"kindergarten","title":"Kita Juri Gagarin","statement":"Kita Juri Gagarin ist in OpenStreetMap als kindergarten eingetragen. Betrieb und Öffnungszeiten nicht geprüft.","status":"OSM-Eintrag, nicht offiziell geprüft","startDate":null,"endDate":null,"nextStep":"Aktuelle Angaben direkt beim Ort prüfen.","scale":"street","geometryPrecision":"approximate","reviewState":"candidate","asOf":"2026-09-26T17:13:34.916Z","sourceCount":1,"primarySource":{"url":"https://www.openstreetmap.org/way/548338154","title":"OpenStreetMap contributors","publisher":"OpenStreetMap contributors","licence":"ODbL 1.0","reuse":"open_licence"}}},{"type":"Feature","geometry":{"type":"Point","coordinates":[13.89763,52.5747]},"properties":{"id":"osm:way-548708519","version":"06fc1fab4049f59814bbd43619c89123f34d3538c112d705ba8183de7ca9fb0f","cityId":"strausberg","kind":"place","category":"kindergarten","title":"DRK- Kita \" Zauberwald\"","statement":"DRK- Kita \" Zauberwald\" ist in OpenStreetMap als kindergarten eingetragen. Betrieb und Öffnungszeiten nicht geprüft.","status":"OSM-Eintrag, nicht offiziell geprüft","startDate":null,"endDate":null,"nextStep":"Aktuelle Angaben direkt beim Ort prüfen.","scale":"street","geometryPrecision":"approximate","reviewState":"candidate","asOf":"2026-09-26T17:13:34.916Z","sourceCount":1,"primarySource":{"url":"https://www.openstreetmap.org/way/548708519","title":"OpenStreetMap contributors","publisher":"OpenStreetMap contributors","licence":"ODbL 1.0","reuse":"open_licence"}}},{"type":"Feature","geometry":{"type":"Point","coordinates":[13.86651,52.55096]},"properties":{"id":"osm:way-549512494","version":"34dc314de00ba267b301e232e71e44e02aebafaadb6a75f2ba78e53c20fb054b","cityId":"strausberg","kind":"place","category":"kindergarten","title":"Kita Tausendfüßler","statement":"Kita Tausendfüßler ist in OpenStreetMap als kindergarten eingetragen. Betrieb und Öffnungszeiten nicht geprüft.","status":"OSM-Eintrag, nicht offiziell geprüft","startDate":null,"endDate":null,"nextStep":"Aktuelle Angaben direkt beim Ort prüfen.","scale":"street","geometryPrecision":"approximate","reviewState":"candidate","asOf":"2026-09-26T17:13:34.916Z","sourceCount":1,"primarySource":{"url":"https://www.openstreetmap.org/way/549512494","title":"OpenStreetMap contributors","publisher":"OpenStreetMap contributors","licence":"ODbL 1.0","reuse":"open_licence"}}},{"type":"Feature","geometry":{"type":"Point","coordinates":[13.89871,52.5755]},"properties":{"id":"osm:way-549566943","version":"4aea719a7e5d66b79fbacfdc6b7a3a52dc7c3c22f2d7a682d186f0d16466fc16","cityId":"strausberg","kind":"place","category":"school","title":"Grundschule am Wäldchen","statement":"Grundschule am Wäldchen ist in OpenStreetMap als school eingetragen. Betrieb und Öffnungszeiten nicht geprüft.","status":"OSM-Eintrag, nicht offiziell geprüft","startDate":null,"endDate":null,"nextStep":"Aktuelle Angaben direkt beim Ort prüfen.","scale":"street","geometryPrecision":"approximate","reviewState":"candidate","asOf":"2026-09-26T17:13:34.916Z","sourceCount":1,"primarySource":{"url":"https://www.openstreetmap.org/way/549566943","title":"OpenStreetMap contributors","publisher":"OpenStreetMap contributors","licence":"ODbL 1.0","reuse":"open_licence"}}},{"type":"Feature","geometry":{"type":"Point","coordinates":[13.87841,52.57464]},"properties":{"id":"osm:way-651629597","version":"1b710321f7fa3dc8edf9ea222d4a0e6c26b3e6482383cc3866472c79124cc1a5","cityId":"strausberg","kind":"place","category":"school","title":"Theodor-Fontane-Gymnasium Strausberg","statement":"Theodor-Fontane-Gymnasium Strausberg ist in OpenStreetMap als school eingetragen. Betrieb und Öffnungszeiten nicht geprüft.","status":"OSM-Eintrag, nicht offiziell geprüft","startDate":null,"endDate":null,"nextStep":"Aktuelle Angaben direkt beim Ort prüfen.","scale":"street","geometryPrecision":"approximate","reviewState":"candidate","asOf":"2026-09-26T17:13:34.916Z","sourceCount":1,"primarySource":{"url":"https://www.openstreetmap.org/way/651629597","title":"OpenStreetMap contributors","publisher":"OpenStreetMap contributors","licence":"ODbL 1.0","reuse":"open_licence"}}},{"type":"Feature","geometry":{"type":"Point","coordinates":[13.89072,52.58387]},"properties":{"id":"osm:way-652562416","version":"f15ad1c86851bdadc507af0e0c0f5c90694c1beadfb5d79e314b1468fc46ad06","cityId":"strausberg","kind":"place","category":"school","title":"Anne-Frank-Oberschule","statement":"Anne-Frank-Oberschule ist in OpenStreetMap als school eingetragen. Betrieb und Öffnungszeiten nicht geprüft.","status":"OSM-Eintrag, nicht offiziell geprüft","startDate":null,"endDate":null,"nextStep":"Aktuelle Angaben direkt beim Ort prüfen.","scale":"street","geometryPrecision":"approximate","reviewState":"candidate","asOf":"2026-09-26T17:13:34.916Z","sourceCount":1,"primarySource":{"url":"https://www.openstreetmap.org/way/652562416","title":"OpenStreetMap contributors","publisher":"OpenStreetMap contributors","licence":"ODbL 1.0","reuse":"open_licence"}}},{"type":"Feature","geometry":{"type":"Point","coordinates":[13.89023,52.58792]},"properties":{"id":"osm:way-653409891","version":"e4c42c473b0b2a57b5f43d347020767586e4bd54479178adbdf586d8f06df8c2","cityId":"strausberg","kind":"place","category":"kindergarten","title":"Kita Nord","statement":"Kita Nord ist in OpenStreetMap als kindergarten eingetragen. Öffnungszeiten in OSM eingetragen; nicht unabhängig bestätigt.","status":"OSM-Eintrag, nicht offiziell geprüft","startDate":null,"endDate":null,"nextStep":"Aktuelle Angaben direkt beim Ort prüfen.","scale":"street","geometryPrecision":"approximate","reviewState":"candidate","asOf":"2026-09-26T17:13:34.916Z","sourceCount":1,"primarySource":{"url":"https://www.openstreetmap.org/way/653409891","title":"OpenStreetMap contributors","publisher":"OpenStreetMap contributors","licence":"ODbL 1.0","reuse":"open_licence"}}},{"type":"Feature","geometry":{"type":"Point","coordinates":[13.8746,52.57231]},"properties":{"id":"osm:way-948240525","version":"b3d0132799c6e58f56b2b0f13cc38a51910e1d7c916bae646c288615498a9cc1","cityId":"strausberg","kind":"place","category":"kindergarten","title":"Integrationskita \"Am See\"","statement":"Integrationskita \"Am See\" ist in OpenStreetMap als kindergarten eingetragen. Betrieb und Öffnungszeiten nicht geprüft.","status":"OSM-Eintrag, nicht offiziell geprüft","startDate":null,"endDate":null,"nextStep":"Aktuelle Angaben direkt beim Ort prüfen.","scale":"street","geometryPrecision":"approximate","reviewState":"candidate","asOf":"2026-09-26T17:13:34.916Z","sourceCount":1,"primarySource":{"url":"https://www.openstreetmap.org/way/948240525","title":"OpenStreetMap contributors","publisher":"OpenStreetMap contributors","licence":"ODbL 1.0","reuse":"open_licence"}}},{"type":"Feature","geometry":{"type":"Point","coordinates":[13.83072,52.53658]},"properties":{"id":"osm:way-992423099","version":"d071fb3cf85908bb750a083245e27dbd8bc1ed1fee8e8ecca27cd1c6c3a69f05","cityId":"strausberg","kind":"place","category":"school","title":"Lise-Meitner-Oberschule","statement":"Lise-Meitner-Oberschule ist in OpenStreetMap als school eingetragen. Betrieb und Öffnungszeiten nicht geprüft.","status":"OSM-Eintrag, nicht offiziell geprüft","startDate":null,"endDate":null,"nextStep":"Aktuelle Angaben direkt beim Ort prüfen.","scale":"street","geometryPrecision":"approximate","reviewState":"candidate","asOf":"2026-09-26T17:13:34.916Z","sourceCount":1,"primarySource":{"url":"https://www.openstreetmap.org/way/992423099","title":"OpenStreetMap contributors","publisher":"OpenStreetMap contributors","licence":"ODbL 1.0","reuse":"open_licence"}}},{"type":"Feature","geometry":{"type":"Point","coordinates":[13.84419,52.54008]},"properties":{"id":"osm:way-992423119","version":"a3c84bf4311ea1629b73e35a3c8e783e02ed21fd08f26f878b949298e1384498","cityId":"strausberg","kind":"place","category":"school","title":"Clara-Zetkin-Schule","statement":"Clara-Zetkin-Schule ist in OpenStreetMap als school eingetragen. Betrieb und Öffnungszeiten nicht geprüft.","status":"OSM-Eintrag, nicht offiziell geprüft","startDate":null,"endDate":null,"nextStep":"Aktuelle Angaben direkt beim Ort prüfen.","scale":"street","geometryPrecision":"approximate","reviewState":"candidate","asOf":"2026-09-26T17:13:34.916Z","sourceCount":1,"primarySource":{"url":"https://www.openstreetmap.org/way/992423119","title":"OpenStreetMap contributors","publisher":"OpenStreetMap contributors","licence":"ODbL 1.0","reuse":"open_licence"}}},{"type":"Feature","geometry":null,"properties":{"id":"budget:investment-outlays-2025","version":"1b6eafbbcc3540570b354a3609295cda432032a85b5460fa0ee87aede9a99eee","cityId":"strausberg","kind":"budget","category":"Geplante Investitionsauszahlungen","title":"Investitionsplan 2025: 17.941.270 €","statement":"§ 1 der Haushaltssatzung setzt für 2025 geplante Auszahlungen aus Investitionstätigkeit von 17.941.270 Euro fest; das ist kein Betrag tatsächlicher Ausgaben.","status":"Haushaltsansatz; keine tatsächliche Ausgabe","startDate":"2025-01-01","endDate":"2025-12-31","nextStep":"Tatsächliche Auszahlungen gesondert prüfen.","scale":"city","geometryPrecision":"none","reviewState":"auto_checked","asOf":"2026-09-26T16:49:24.355Z","sourceCount":1,"primarySource":{"url":"https://www.stadt-strausberg.de/wp-content/uploads/2025/04/2024-11-07_Haushaltssatzung_2025_2026.pdf","title":"Haushaltssatzung 2025/2026","publisher":"Stadt Strausberg","licence":"§ 5 UrhG – amtliches Werk","reuse":"official_work"},"faithfulness":{"score":1,"threshold":0.8}}},{"type":"Feature","geometry":null,"properties":{"id":"budget:investment-outlays-2026","version":"02fe062da7ba03d3295b5de4e7fa449bb2a3dbcca35b8ffdcb90cec3823ed245","cityId":"strausberg","kind":"budget","category":"Geplante Investitionsauszahlungen","title":"Investitionsplan 2026: 12.609.320 €","statement":"Die Haushaltssatzung setzt für 2026 geplante Auszahlungen aus Investitionstätigkeit von 12.609.320 Euro fest.","status":"Haushaltsansatz; keine tatsächliche Ausgabe","startDate":"2026-01-01","endDate":"2026-12-31","nextStep":"Weitere Angaben stehen in § 1 der Haushaltssatzung.","scale":"city","geometryPrecision":"none","reviewState":"auto_checked","asOf":"2026-09-26T16:49:24.355Z","sourceCount":1,"primarySource":{"url":"https://www.stadt-strausberg.de/wp-content/uploads/2025/04/2024-11-07_Haushaltssatzung_2025_2026.pdf","title":"Haushaltssatzung 2025/2026","publisher":"Stadt Strausberg","licence":"§ 5 UrhG – amtliches Werk","reuse":"official_work"},"faithfulness":{"score":1,"threshold":0.8}}}]}
