{
  "type": "FeatureCollection",
  "features": [
    {
      "type": "Feature",
      "geometry": null,
      "properties": {
        "id": "atlas:altstadt-plan69",
        "version": "b1cfdfe18343905f4144679ef22b5e94ac9fc762df0fdd55b9d9148153677d0a",
        "cityId": "strausberg",
        "kind": "planning",
        "category": "Stadtplanung",
        "title": "Strausberger Altstadt · Plan 69/24",
        "statement": "Eigenes Planverfahren für die Altstadt; vom konkreten Altstadt Quartier 67/22 zu unterscheiden.",
        "status": "Aufstellungsbeschluss dokumentiert",
        "startDate": "2024-05-16",
        "endDate": null,
        "nextStep": "Neueren Entwurfs- oder Beteiligungsstand nachführen.",
        "unknowns": [
          "Aktueller Bearbeitungsstand",
          "Nächster veröffentlichter Termin",
          "Datum bezeichnet den jüngsten quellengebundenen dokumentierten Vorgang, keinen bestätigten Baubeginn."
        ],
        "scale": "city",
        "geometryPrecision": "none",
        "sources": [
          {
            "url": "https://www.stadt-strausberg.de/bauleitplanung-2/#rb_dasl_accordion_2_collapse3",
            "title": "Stadt Strausberg · Verfahrensunterlagen",
            "publisher": "www.stadt-strausberg.de",
            "locator": "atlas project altstadt-plan69; Stadt Strausberg · Verfahrensunterlagen",
            "retrievedAt": "2026-09-28T18:37:21.572Z",
            "sha256": null,
            "snapshot": false,
            "licence": "unknown",
            "reuse": "facts_with_attribution"
          },
          {
            "url": "https://www.stadt-strausberg.de/wp-content/uploads/2024/08/Beschlussblatt.pdf",
            "title": "Beschlussblatt · 16.05.2024",
            "publisher": "www.stadt-strausberg.de",
            "locator": "atlas project altstadt-plan69; Beschlussblatt · 16.05.2024; sourced event 2024-05-16: Aufstellung beschlossen",
            "retrievedAt": "2026-09-28T18:37:21.572Z",
            "sha256": null,
            "snapshot": false,
            "licence": "unknown",
            "reuse": "facts_with_attribution"
          },
          {
            "url": "https://raw.githubusercontent.com/GiraeffleAeffle/ledger-of-life/26e1421270c67d6449afa8d4ddc908eff686595c/docs/research/STADTSTACK_ATLAS_AND_CCF_INTERFACES.md",
            "snapshotUrl": "https://raw.githubusercontent.com/GiraeffleAeffle/ledger-of-life/26e1421270c67d6449afa8d4ddc908eff686595c/docs/research/STADTSTACK_ATLAS_AND_CCF_INTERFACES.md",
            "title": "Committed Atlas interface research (not a hosted API)",
            "publisher": "Stadtstack research",
            "locator": "Atlas method provenance; local curated register SHA-256 aff9ebc64a779696f7fcc0ddc898804443a73c81d742dab7cafe65c91be0df80; project altstadt-plan69. Register hash describes local derivation bytes, not the public research document or primary documents. This source sha256 hashes only fetched public research bytes.",
            "retrievedAt": "2026-10-10T21:56:45.198Z",
            "sha256": "5e29f25382f7d94b903a4ec21358c7e16d645ac5725a9eed8bf62074e5a9f53f",
            "snapshot": true,
            "licence": "unknown",
            "reuse": "facts_with_attribution"
          }
        ],
        "extraction": {
          "method": "structured"
        },
        "reviewState": "candidate",
        "asOf": "2026-09-05",
        "temporalBasis": "source_event"
      }
    },
    {
      "type": "Feature",
      "geometry": {
        "type": "Polygon",
        "coordinates": [
          [
            [
              13.8841385,
              52.581485
            ],
            [
              13.8837245,
              52.5815469
            ],
            [
              13.8835144,
              52.5817769
            ],
            [
              13.8820951,
              52.5818625
            ],
            [
              13.8817578,
              52.5809974
            ],
            [
              13.8822184,
              52.5809531
            ],
            [
              13.8827167,
              52.5809164
            ],
            [
              13.8829129,
              52.580895
            ],
            [
              13.8828198,
              52.5804839
            ],
            [
              13.8831923,
              52.5804625
            ],
            [
              13.8832552,
              52.5808446
            ],
            [
              13.883381,
              52.5808201
            ],
            [
              13.8834741,
              52.5811632
            ],
            [
              13.8840165,
              52.5811227
            ],
            [
              13.8841385,
              52.581485
            ]
          ]
        ]
      },
      "properties": {
        "id": "atlas:altstadt-quartier",
        "version": "8cf71ba4106f96634f7230a6db3aabe981d186b240d455eda63941fc9c8f63fe",
        "cityId": "strausberg",
        "kind": "consultation",
        "category": "Wohnen & Stadtentwicklung",
        "title": "Altstadt Quartier",
        "statement": "Leerstände und Baulücken sollen einem Quartier mit Wohnungen, Handel und Dienstleistungen weichen. Die Stadt schafft dafür die planungsrechtlichen Voraussetzungen; Vorhabenträger ist TAMAX.",
        "status": "Beteiligungsfrist endete am 2026-09-20; aktueller Verfahrensstand nicht bestätigt",
        "startDate": "2026-08-17",
        "endDate": "2026-09-20",
        "nextStep": "Nach Fristende: Abwägung und weitere Entscheidung der Stadtverordnetenversammlung. Ein Termin dafür ist in den ausgewerteten Quellen nicht belegt.",
        "unknowns": [
          "Verbindlicher Baubeginn und Fertigstellungstermin",
          "Aktuell terminbestimmende Abhängigkeit",
          "Abschluss von Satzungsverfahren und Durchführungsvertrag"
        ],
        "scale": "neighbourhood",
        "geometryPrecision": "area",
        "sources": [
          {
            "url": "https://www.stadt-strausberg.de/wp-content/uploads/2026/08/20260600_BP67-22_Entwurf_Begruendung.pdf",
            "title": "Planbegründung · Entwurf Juni 2026",
            "publisher": "www.stadt-strausberg.de",
            "locator": "65 PDF-Seiten; S. 1–2, 9, 26–27, 58, 60",
            "retrievedAt": "2026-09-28T18:37:21.572Z",
            "sha256": null,
            "snapshot": false,
            "licence": "unknown",
            "reuse": "facts_with_attribution"
          },
          {
            "url": "https://www.stadt-strausberg.de/wp-content/uploads/2026/08/20240917_BP67-22_Beschlussblatt_Aenderung-Aufstellungsbeschluss.pdf",
            "title": "Beschlussblatt · 07.11.2024",
            "publisher": "www.stadt-strausberg.de",
            "locator": "PDF-Seite 1, Beschluss-Datum",
            "retrievedAt": "2026-09-28T18:37:21.572Z",
            "sha256": null,
            "snapshot": false,
            "licence": "unknown",
            "reuse": "facts_with_attribution"
          },
          {
            "url": "https://bb.beteiligung.diplanung.de/verfahren/altstadtquartier-srb/public/detail",
            "title": "DiPlan · Beteiligung und Verfahrensgebiet",
            "publisher": "bb.beteiligung.diplanung.de",
            "locator": "atlas project altstadt-quartier; DiPlan · Beteiligung und Verfahrensgebiet; sourced event 2026-08-17: consultation.start",
            "retrievedAt": "2026-09-28T18:37:21.572Z",
            "sha256": null,
            "snapshot": false,
            "licence": "unknown",
            "reuse": "facts_with_attribution"
          },
          {
            "url": "https://www.stadt-strausberg.de/bauleitplanung-2/#rb_dasl_accordion_2_collapse5",
            "title": "Stadt Strausberg · Verfahrensunterlagen",
            "publisher": "www.stadt-strausberg.de",
            "locator": "atlas project altstadt-quartier; Stadt Strausberg · Verfahrensunterlagen",
            "retrievedAt": "2026-09-28T18:37:21.572Z",
            "sha256": null,
            "snapshot": false,
            "licence": "unknown",
            "reuse": "facts_with_attribution"
          },
          {
            "url": "https://www.stadt-strausberg.de/aktuelles/#post-30247",
            "title": "Stadtmitteilung · Entwurfsbeschluss und Auslegung",
            "publisher": "www.stadt-strausberg.de",
            "locator": "atlas project altstadt-quartier; Stadtmitteilung · Entwurfsbeschluss und Auslegung",
            "retrievedAt": "2026-09-28T18:37:21.572Z",
            "sha256": null,
            "snapshot": false,
            "licence": "unknown",
            "reuse": "facts_with_attribution"
          },
          {
            "url": "https://www.stadt-strausberg.de/wp-content/uploads/2026/08/20260702_Bekanntmachung-Offenlage-BP67-22.pdf",
            "title": "Amtliche Bekanntmachung · Entwurfsbeschluss und Auslegung",
            "publisher": "www.stadt-strausberg.de",
            "locator": "PDF-Seite 1; BV-SVV-2026/0243, 02.07.2026",
            "retrievedAt": "2026-09-28T18:37:21.572Z",
            "sha256": null,
            "snapshot": false,
            "licence": "unknown",
            "reuse": "facts_with_attribution"
          },
          {
            "url": "https://raw.githubusercontent.com/GiraeffleAeffle/ledger-of-life/26e1421270c67d6449afa8d4ddc908eff686595c/docs/research/STADTSTACK_ATLAS_AND_CCF_INTERFACES.md",
            "snapshotUrl": "https://raw.githubusercontent.com/GiraeffleAeffle/ledger-of-life/26e1421270c67d6449afa8d4ddc908eff686595c/docs/research/STADTSTACK_ATLAS_AND_CCF_INTERFACES.md",
            "title": "Committed Atlas interface research (not a hosted API)",
            "publisher": "Stadtstack research",
            "locator": "Atlas method provenance; local curated register SHA-256 aff9ebc64a779696f7fcc0ddc898804443a73c81d742dab7cafe65c91be0df80; project altstadt-quartier. Register hash describes local derivation bytes, not the public research document or primary documents. This source sha256 hashes only fetched public research bytes.",
            "retrievedAt": "2026-10-10T21:56:45.198Z",
            "sha256": "5e29f25382f7d94b903a4ec21358c7e16d645ac5725a9eed8bf62074e5a9f53f",
            "snapshot": true,
            "licence": "unknown",
            "reuse": "facts_with_attribution"
          }
        ],
        "extraction": {
          "method": "structured"
        },
        "reviewState": "candidate",
        "asOf": "2026-09-05",
        "temporalBasis": "source_event"
      }
    },
    {
      "type": "Feature",
      "geometry": {
        "type": "Point",
        "coordinates": [
          13.8794724,
          52.5699722
        ]
      },
      "properties": {
        "id": "atlas:fliessstrasse",
        "version": "8d7c28eec3adef10d2f6c3278a45d0ce2808d8d28f38c7e9661de404dc6ee3db",
        "cityId": "strausberg",
        "kind": "planning",
        "category": "Wohnen & Stadtentwicklung",
        "title": "Wohngebiet an der Fließstraße",
        "statement": "Wohngebietsplanung mit Verkehrs- und Grünflächen, verbunden mit der dritten FNP-Änderung.",
        "status": "Ältere Verfahrensunterlagen; neuer Stand fehlt",
        "startDate": "2016-10-11",
        "endDate": null,
        "nextStep": "Aktuellen Verfahrensstand statt des alten Dokumentpakets abgleichen.",
        "unknowns": [
          "Fortgang seit der frühen Beteiligung",
          "Umsetzung und Terminplan",
          "Datum bezeichnet den jüngsten quellengebundenen dokumentierten Vorgang, keinen bestätigten Baubeginn."
        ],
        "scale": "neighbourhood",
        "geometryPrecision": "approximate",
        "sources": [
          {
            "url": "https://www.stadt-strausberg.de/bauleitplanung-2/#rb_dasl_accordion_2_collapse7",
            "title": "Stadt Strausberg · Verfahrensunterlagen",
            "publisher": "www.stadt-strausberg.de",
            "locator": "atlas project fliessstrasse; Stadt Strausberg · Verfahrensunterlagen; sourced event 2016-10-11: Frühe Bürgerversammlung dokumentiert",
            "retrievedAt": "2026-09-28T18:37:21.572Z",
            "sha256": null,
            "snapshot": false,
            "licence": "unknown",
            "reuse": "facts_with_attribution"
          },
          {
            "url": "https://nominatim.openstreetmap.org/search?q=Flie%C3%9Fstra%C3%9Fe%2C+Strausberg%2C+Germany&format=jsonv2&limit=2&countrycodes=de",
            "title": "OpenStreetMap · ungefährer Ortsbezug",
            "publisher": "nominatim.openstreetmap.org",
            "locator": "atlas project fliessstrasse; OpenStreetMap · ungefährer Ortsbezug",
            "retrievedAt": "2026-09-28T18:37:21.572Z",
            "sha256": null,
            "snapshot": false,
            "licence": "unknown",
            "reuse": "facts_with_attribution"
          },
          {
            "url": "https://raw.githubusercontent.com/GiraeffleAeffle/ledger-of-life/26e1421270c67d6449afa8d4ddc908eff686595c/docs/research/STADTSTACK_ATLAS_AND_CCF_INTERFACES.md",
            "snapshotUrl": "https://raw.githubusercontent.com/GiraeffleAeffle/ledger-of-life/26e1421270c67d6449afa8d4ddc908eff686595c/docs/research/STADTSTACK_ATLAS_AND_CCF_INTERFACES.md",
            "title": "Committed Atlas interface research (not a hosted API)",
            "publisher": "Stadtstack research",
            "locator": "Atlas method provenance; local curated register SHA-256 aff9ebc64a779696f7fcc0ddc898804443a73c81d742dab7cafe65c91be0df80; project fliessstrasse. Register hash describes local derivation bytes, not the public research document or primary documents. This source sha256 hashes only fetched public research bytes.",
            "retrievedAt": "2026-10-10T21:56:45.198Z",
            "sha256": "5e29f25382f7d94b903a4ec21358c7e16d645ac5725a9eed8bf62074e5a9f53f",
            "snapshot": true,
            "licence": "unknown",
            "reuse": "facts_with_attribution"
          }
        ],
        "extraction": {
          "method": "structured"
        },
        "reviewState": "candidate",
        "asOf": "2026-09-05",
        "temporalBasis": "source_event"
      }
    },
    {
      "type": "Feature",
      "geometry": {
        "type": "Point",
        "coordinates": [
          13.8816194,
          52.5731098
        ]
      },
      "properties": {
        "id": "atlas:heger-walk",
        "version": "1a4b3579b516a0ce5a17156ed71e5db55a3f2cc6b0291de1bc9feb3c5344131b",
        "cityId": "strausberg",
        "kind": "planning",
        "category": "Wohnen & Stadtentwicklung",
        "title": "Quartier Hegermühlen-/Walkmühlenstraße",
        "statement": "KW-Development plant ein Quartier mit sieben Mehrfamilienhäusern und einer öffentlichen Wegeverbindung.",
        "status": "Stellungnahmefrist beendet; Folgestand offen",
        "startDate": "2026-05-10",
        "endDate": null,
        "nextStep": "Ergebnis des Verfahrens und konkrete Umsetzungstermine veröffentlichen.",
        "unknowns": [
          "Entscheidung nach der Beteiligung",
          "Verbindlicher Baubeginn",
          "Datum bezeichnet den jüngsten quellengebundenen dokumentierten Vorgang, keinen bestätigten Baubeginn."
        ],
        "scale": "neighbourhood",
        "geometryPrecision": "approximate",
        "sources": [
          {
            "url": "https://www.stadt-strausberg.de/aktuelles/#post-29451",
            "title": "Stadt · Beteiligung zum Wohnquartier",
            "publisher": "www.stadt-strausberg.de",
            "locator": "atlas project heger-walk; Stadt · Beteiligung zum Wohnquartier; sourced event 2026-05-10: Stellungnahmefrist beendet",
            "retrievedAt": "2026-09-28T18:37:21.572Z",
            "sha256": null,
            "snapshot": false,
            "licence": "unknown",
            "reuse": "facts_with_attribution"
          },
          {
            "url": "https://nominatim.openstreetmap.org/search?q=Walkm%C3%BChlenstra%C3%9Fe%2C+Strausberg%2C+Germany&format=jsonv2&limit=2&countrycodes=de",
            "title": "OpenStreetMap · ungefährer Ortsbezug",
            "publisher": "nominatim.openstreetmap.org",
            "locator": "atlas project heger-walk; OpenStreetMap · ungefährer Ortsbezug",
            "retrievedAt": "2026-09-28T18:37:21.572Z",
            "sha256": null,
            "snapshot": false,
            "licence": "unknown",
            "reuse": "facts_with_attribution"
          },
          {
            "url": "https://raw.githubusercontent.com/GiraeffleAeffle/ledger-of-life/26e1421270c67d6449afa8d4ddc908eff686595c/docs/research/STADTSTACK_ATLAS_AND_CCF_INTERFACES.md",
            "snapshotUrl": "https://raw.githubusercontent.com/GiraeffleAeffle/ledger-of-life/26e1421270c67d6449afa8d4ddc908eff686595c/docs/research/STADTSTACK_ATLAS_AND_CCF_INTERFACES.md",
            "title": "Committed Atlas interface research (not a hosted API)",
            "publisher": "Stadtstack research",
            "locator": "Atlas method provenance; local curated register SHA-256 aff9ebc64a779696f7fcc0ddc898804443a73c81d742dab7cafe65c91be0df80; project heger-walk. Register hash describes local derivation bytes, not the public research document or primary documents. This source sha256 hashes only fetched public research bytes.",
            "retrievedAt": "2026-10-10T21:56:45.198Z",
            "sha256": "5e29f25382f7d94b903a4ec21358c7e16d645ac5725a9eed8bf62074e5a9f53f",
            "snapshot": true,
            "licence": "unknown",
            "reuse": "facts_with_attribution"
          }
        ],
        "extraction": {
          "method": "structured"
        },
        "reviewState": "candidate",
        "asOf": "2026-09-05",
        "temporalBasis": "source_event"
      }
    },
    {
      "type": "Feature",
      "geometry": {
        "type": "Polygon",
        "coordinates": [
          [
            [
              13.8344796,
              52.5380846
            ],
            [
              13.8353352,
              52.5379362
            ],
            [
              13.8353881,
              52.5377939
            ],
            [
              13.8368797,
              52.5375266
            ],
            [
              13.8372979,
              52.5384478
            ],
            [
              13.834865,
              52.538815
            ],
            [
              13.8348072,
              52.5387569
            ],
            [
              13.8344796,
              52.5380846
            ]
          ]
        ]
      },
      "properties": {
        "id": "atlas:kieferngrund",
        "version": "23b4f0ca487e280680c17cfada826444d3fd21e27ba526f44f57ac703f22da4b",
        "cityId": "strausberg",
        "kind": "planning",
        "category": "Wohnen & Stadtentwicklung",
        "title": "Wohnen am Kieferngrund",
        "statement": "Wohnungsbau am südlichen Stadteingang. Das veröffentlichte Konzept nennt zehn Mehrfamilienhäuser und etwa 200 Wohnungen.",
        "status": "Beteiligung beendet; Folgestand offen",
        "startDate": "2026-02-08",
        "endDate": null,
        "nextStep": "Aktuellen Beschluss- und Umsetzungsstand mit Stadtplanung abgleichen.",
        "unknowns": [
          "Neuester Beschluss nach der Beteiligung",
          "Baustart und Fertigstellung",
          "Datum bezeichnet den jüngsten quellengebundenen dokumentierten Vorgang, keinen bestätigten Baubeginn."
        ],
        "scale": "neighbourhood",
        "geometryPrecision": "area",
        "sources": [
          {
            "url": "https://www.stadt-strausberg.de/bauleitplanung-2/#rb_dasl_accordion_2_collapse2",
            "title": "Stadt Strausberg · Verfahrensunterlagen",
            "publisher": "www.stadt-strausberg.de",
            "locator": "atlas project kieferngrund; Stadt Strausberg · Verfahrensunterlagen",
            "retrievedAt": "2026-09-28T18:37:21.572Z",
            "sha256": null,
            "snapshot": false,
            "licence": "unknown",
            "reuse": "facts_with_attribution"
          },
          {
            "url": "https://bb.beteiligung.diplanung.de/verfahren/kieferngrund/public/detail",
            "title": "DiPlan · Verfahrensstand und Gebiet",
            "publisher": "bb.beteiligung.diplanung.de",
            "locator": "atlas project kieferngrund; DiPlan · Verfahrensstand und Gebiet",
            "retrievedAt": "2026-09-28T18:37:21.572Z",
            "sha256": null,
            "snapshot": false,
            "licence": "unknown",
            "reuse": "facts_with_attribution"
          },
          {
            "url": "https://www.stadt-strausberg.de/bauleitplanung-2/#rb_dasl_accordion_1_collapse9",
            "title": "Stadt · parallele FNP-Änderung",
            "publisher": "www.stadt-strausberg.de",
            "locator": "atlas project kieferngrund; Stadt · parallele FNP-Änderung; sourced event 2026-02-08: FNP-Auslegungsfrist beendet",
            "retrievedAt": "2026-09-28T18:37:21.572Z",
            "sha256": null,
            "snapshot": false,
            "licence": "unknown",
            "reuse": "facts_with_attribution"
          },
          {
            "url": "https://raw.githubusercontent.com/GiraeffleAeffle/ledger-of-life/26e1421270c67d6449afa8d4ddc908eff686595c/docs/research/STADTSTACK_ATLAS_AND_CCF_INTERFACES.md",
            "snapshotUrl": "https://raw.githubusercontent.com/GiraeffleAeffle/ledger-of-life/26e1421270c67d6449afa8d4ddc908eff686595c/docs/research/STADTSTACK_ATLAS_AND_CCF_INTERFACES.md",
            "title": "Committed Atlas interface research (not a hosted API)",
            "publisher": "Stadtstack research",
            "locator": "Atlas method provenance; local curated register SHA-256 aff9ebc64a779696f7fcc0ddc898804443a73c81d742dab7cafe65c91be0df80; project kieferngrund. Register hash describes local derivation bytes, not the public research document or primary documents. This source sha256 hashes only fetched public research bytes.",
            "retrievedAt": "2026-10-10T21:56:45.198Z",
            "sha256": "5e29f25382f7d94b903a4ec21358c7e16d645ac5725a9eed8bf62074e5a9f53f",
            "snapshot": true,
            "licence": "unknown",
            "reuse": "facts_with_attribution"
          }
        ],
        "extraction": {
          "method": "structured"
        },
        "reviewState": "candidate",
        "asOf": "2026-09-05",
        "temporalBasis": "source_event"
      }
    },
    {
      "type": "Feature",
      "geometry": {
        "type": "Point",
        "coordinates": [
          13.8944832,
          52.569344
        ]
      },
      "properties": {
        "id": "atlas:kinderland",
        "version": "95121c4dd165a4404f66547d4ac20544ae6e3dac6243eee2a62c626545531200",
        "cityId": "strausberg",
        "kind": "planning",
        "category": "Schule & Betreuung",
        "title": "Kita Kinderland · U3-Spielplatz",
        "statement": "Die Stadt berichtet über die Einweihung des U3-Spielplatzes als Abschluss des dritten Abschnitts.",
        "status": "Dritter Abschnitt der Außenanlagen eröffnet",
        "startDate": "2025-06-20",
        "endDate": null,
        "nextStep": "Abschlussnachweis für den Projektverlauf erhalten.",
        "unknowns": [
          "Keine offene Bauphase aus dieser Meldung ableitbar",
          "Datum bezeichnet den jüngsten quellengebundenen dokumentierten Vorgang, keinen bestätigten Baubeginn."
        ],
        "scale": "neighbourhood",
        "geometryPrecision": "approximate",
        "sources": [
          {
            "url": "https://www.stadt-strausberg.de/aktuelles/#post-27357",
            "title": "Stadtmitteilung",
            "publisher": "www.stadt-strausberg.de",
            "locator": "atlas project kinderland; Stadtmitteilung; sourced event 2025-06-20: U3-Spielplatz eingeweiht",
            "retrievedAt": "2026-09-28T18:37:21.572Z",
            "sha256": null,
            "snapshot": false,
            "licence": "unknown",
            "reuse": "facts_with_attribution"
          },
          {
            "url": "https://nominatim.openstreetmap.org/search?q=Kita+Kinderland%2C+Strausberg%2C+Germany&format=jsonv2&limit=2&countrycodes=de",
            "title": "OpenStreetMap · ungefährer Ortsbezug",
            "publisher": "nominatim.openstreetmap.org",
            "locator": "atlas project kinderland; OpenStreetMap · ungefährer Ortsbezug",
            "retrievedAt": "2026-09-28T18:37:21.572Z",
            "sha256": null,
            "snapshot": false,
            "licence": "unknown",
            "reuse": "facts_with_attribution"
          },
          {
            "url": "https://raw.githubusercontent.com/GiraeffleAeffle/ledger-of-life/26e1421270c67d6449afa8d4ddc908eff686595c/docs/research/STADTSTACK_ATLAS_AND_CCF_INTERFACES.md",
            "snapshotUrl": "https://raw.githubusercontent.com/GiraeffleAeffle/ledger-of-life/26e1421270c67d6449afa8d4ddc908eff686595c/docs/research/STADTSTACK_ATLAS_AND_CCF_INTERFACES.md",
            "title": "Committed Atlas interface research (not a hosted API)",
            "publisher": "Stadtstack research",
            "locator": "Atlas method provenance; local curated register SHA-256 aff9ebc64a779696f7fcc0ddc898804443a73c81d742dab7cafe65c91be0df80; project kinderland. Register hash describes local derivation bytes, not the public research document or primary documents. This source sha256 hashes only fetched public research bytes.",
            "retrievedAt": "2026-10-10T21:56:45.198Z",
            "sha256": "5e29f25382f7d94b903a4ec21358c7e16d645ac5725a9eed8bf62074e5a9f53f",
            "snapshot": true,
            "licence": "unknown",
            "reuse": "facts_with_attribution"
          }
        ],
        "extraction": {
          "method": "structured"
        },
        "reviewState": "candidate",
        "asOf": "2026-09-05",
        "temporalBasis": "source_event"
      }
    },
    {
      "type": "Feature",
      "geometry": {
        "type": "Point",
        "coordinates": [
          13.9008693,
          52.5888518
        ]
      },
      "properties": {
        "id": "atlas:krankenhaus",
        "version": "154221343281069d51914540ede2f08a5f88f9b0042b47194422f95ff7af4f01",
        "cityId": "strausberg",
        "kind": "planning",
        "category": "Gesundheit",
        "title": "Krankenhaus · Anbau Haus D",
        "statement": "Ein Anbau schafft Platz für Interims-OP, Labor und Verwaltung. Die Meldung vom März 2025 nennt anschließende OP-Modernisierung.",
        "status": "Baubeginn belegt; aktueller Fortschritt offen",
        "startDate": "2025-03-12",
        "endDate": null,
        "nextStep": "Neueren Fortschrittsbericht des Krankenhauses abgleichen.",
        "unknowns": [
          "Fortschritt seit März 2025",
          "Bestätigung der Zieltermine",
          "Datum bezeichnet den jüngsten quellengebundenen dokumentierten Vorgang, keinen bestätigten Baubeginn."
        ],
        "scale": "neighbourhood",
        "geometryPrecision": "approximate",
        "sources": [
          {
            "url": "https://www.stadt-strausberg.de/aktuelles/#post-26616",
            "title": "Krankenhausmitteilung auf der Stadtseite",
            "publisher": "www.stadt-strausberg.de",
            "locator": "atlas project krankenhaus; Krankenhausmitteilung auf der Stadtseite; sourced event 2025-03-12: Anbau im Bau gemeldet",
            "retrievedAt": "2026-09-28T18:37:21.572Z",
            "sha256": null,
            "snapshot": false,
            "licence": "unknown",
            "reuse": "facts_with_attribution"
          },
          {
            "url": "https://nominatim.openstreetmap.org/search?q=Krankenhaus+M%C3%A4rkisch-Oderland%2C+Strausberg%2C+Germany&format=jsonv2&limit=2&countrycodes=de",
            "title": "OpenStreetMap · ungefährer Ortsbezug",
            "publisher": "nominatim.openstreetmap.org",
            "locator": "atlas project krankenhaus; OpenStreetMap · ungefährer Ortsbezug",
            "retrievedAt": "2026-09-28T18:37:21.572Z",
            "sha256": null,
            "snapshot": false,
            "licence": "unknown",
            "reuse": "facts_with_attribution"
          },
          {
            "url": "https://raw.githubusercontent.com/GiraeffleAeffle/ledger-of-life/26e1421270c67d6449afa8d4ddc908eff686595c/docs/research/STADTSTACK_ATLAS_AND_CCF_INTERFACES.md",
            "snapshotUrl": "https://raw.githubusercontent.com/GiraeffleAeffle/ledger-of-life/26e1421270c67d6449afa8d4ddc908eff686595c/docs/research/STADTSTACK_ATLAS_AND_CCF_INTERFACES.md",
            "title": "Committed Atlas interface research (not a hosted API)",
            "publisher": "Stadtstack research",
            "locator": "Atlas method provenance; local curated register SHA-256 aff9ebc64a779696f7fcc0ddc898804443a73c81d742dab7cafe65c91be0df80; project krankenhaus. Register hash describes local derivation bytes, not the public research document or primary documents. This source sha256 hashes only fetched public research bytes.",
            "retrievedAt": "2026-10-10T21:56:45.198Z",
            "sha256": "5e29f25382f7d94b903a4ec21358c7e16d645ac5725a9eed8bf62074e5a9f53f",
            "snapshot": true,
            "licence": "unknown",
            "reuse": "facts_with_attribution"
          }
        ],
        "extraction": {
          "method": "structured"
        },
        "reviewState": "candidate",
        "asOf": "2026-09-05",
        "temporalBasis": "source_event"
      }
    },
    {
      "type": "Feature",
      "geometry": {
        "type": "Point",
        "coordinates": [
          13.8805243,
          52.5833897
        ]
      },
      "properties": {
        "id": "atlas:kulturpark",
        "version": "3cc99ea8322d08336879982a01fc9ff2715b0aa64903d6cb7cb7ac8143476431",
        "cityId": "strausberg",
        "kind": "planning",
        "category": "Spiel & Grün",
        "title": "Kulturpark",
        "statement": "Spielplatz, Volleyball und Nachbarschaftsgarten sind Teil des eröffneten ersten Abschnitts. Das Gesamtprojekt soll bis 2028 folgen.",
        "status": "Erster Abschnitt eröffnet; weitere Abschnitte geplant",
        "startDate": "2026-05-09",
        "endDate": null,
        "nextStep": "Fortgang des Service- und Funktionsgebäudes: Der Vergabeindex listet weitere Baugewerke. Zuschläge und Baufortschritt sind noch abzugleichen.",
        "unknowns": [
          "Aktueller Stand der übrigen Bauabschnitte",
          "Einzeltermine für Zugang und Funktionsgebäude",
          "Datum bezeichnet den jüngsten quellengebundenen dokumentierten Vorgang, keinen bestätigten Baubeginn."
        ],
        "scale": "neighbourhood",
        "geometryPrecision": "approximate",
        "sources": [
          {
            "url": "https://www.stadt-strausberg.de/aktuelles/#post-29617",
            "title": "Stadt · Eröffnung des ersten Bauabschnitts",
            "publisher": "www.stadt-strausberg.de",
            "locator": "atlas project kulturpark; Stadt · Eröffnung des ersten Bauabschnitts; sourced event 2026-05-09: Erster Bauabschnitt eröffnet",
            "retrievedAt": "2026-09-28T18:37:21.572Z",
            "sha256": null,
            "snapshot": false,
            "licence": "unknown",
            "reuse": "facts_with_attribution"
          },
          {
            "url": "https://www.stadt-strausberg.de/aktuelles/#post-27746",
            "title": "Stadt · früherer Ablaufplan",
            "publisher": "www.stadt-strausberg.de",
            "locator": "atlas project kulturpark; Stadt · früherer Ablaufplan",
            "retrievedAt": "2026-09-28T18:37:21.572Z",
            "sha256": null,
            "snapshot": false,
            "licence": "unknown",
            "reuse": "facts_with_attribution"
          },
          {
            "url": "https://nominatim.openstreetmap.org/search?q=Kulturpark%2C+Strausberg%2C+Germany&format=jsonv2&limit=2&countrycodes=de",
            "title": "OpenStreetMap · ungefährer Ortsbezug",
            "publisher": "nominatim.openstreetmap.org",
            "locator": "atlas project kulturpark; OpenStreetMap · ungefährer Ortsbezug",
            "retrievedAt": "2026-09-28T18:37:21.572Z",
            "sha256": null,
            "snapshot": false,
            "licence": "unknown",
            "reuse": "facts_with_attribution"
          },
          {
            "url": "https://www.stadt-strausberg.de/vergaben-ausschreibungen-2/",
            "title": "Stadt Strausberg · Vergaben am Servicegebäude",
            "publisher": "www.stadt-strausberg.de",
            "locator": "TD ÖA 19/26, 20/26, 21/26 · drei Gewerke, ein bestehendes Projekt",
            "retrievedAt": "2026-09-06",
            "sha256": null,
            "snapshot": false,
            "licence": "unknown",
            "reuse": "facts_with_attribution"
          },
          {
            "url": "https://raw.githubusercontent.com/GiraeffleAeffle/ledger-of-life/26e1421270c67d6449afa8d4ddc908eff686595c/docs/research/STADTSTACK_ATLAS_AND_CCF_INTERFACES.md",
            "snapshotUrl": "https://raw.githubusercontent.com/GiraeffleAeffle/ledger-of-life/26e1421270c67d6449afa8d4ddc908eff686595c/docs/research/STADTSTACK_ATLAS_AND_CCF_INTERFACES.md",
            "title": "Committed Atlas interface research (not a hosted API)",
            "publisher": "Stadtstack research",
            "locator": "Atlas method provenance; local curated register SHA-256 aff9ebc64a779696f7fcc0ddc898804443a73c81d742dab7cafe65c91be0df80; project kulturpark. Register hash describes local derivation bytes, not the public research document or primary documents. This source sha256 hashes only fetched public research bytes.",
            "retrievedAt": "2026-10-10T21:56:45.198Z",
            "sha256": "5e29f25382f7d94b903a4ec21358c7e16d645ac5725a9eed8bf62074e5a9f53f",
            "snapshot": true,
            "licence": "unknown",
            "reuse": "facts_with_attribution"
          }
        ],
        "extraction": {
          "method": "structured"
        },
        "reviewState": "candidate",
        "asOf": "2026-09-05",
        "temporalBasis": "source_event"
      }
    },
    {
      "type": "Feature",
      "geometry": {
        "type": "Point",
        "coordinates": [
          13.8907984,
          52.5784309
        ]
      },
      "properties": {
        "id": "atlas:muehlenweg",
        "version": "c11b2730a8787b140d8671c32847c499c3cb0d303c65595edbd5e957b0e1b842",
        "cityId": "strausberg",
        "kind": "planning",
        "category": "Wohnen & Stadtentwicklung",
        "title": "Mühlenweg-West",
        "statement": "Die Stadt führt das Verfahren weiterhin unter den Plänen in Aufstellung.",
        "status": "Älterer Aufstellungsbeschluss; neuer Stand fehlt",
        "startDate": "2020-06-25",
        "endDate": null,
        "nextStep": "Neueren Verfahrensstand und bestätigte Gebietsgrenze ergänzen.",
        "unknowns": [
          "Fortgang seit 2020",
          "Aktuelle Umsetzungsperspektive",
          "Datum bezeichnet den jüngsten quellengebundenen dokumentierten Vorgang, keinen bestätigten Baubeginn."
        ],
        "scale": "neighbourhood",
        "geometryPrecision": "approximate",
        "sources": [
          {
            "url": "https://www.stadt-strausberg.de/bauleitplanung-2/#rb_dasl_accordion_2_collapse6",
            "title": "Stadt Strausberg · Verfahrensunterlagen",
            "publisher": "www.stadt-strausberg.de",
            "locator": "atlas project muehlenweg; Stadt Strausberg · Verfahrensunterlagen",
            "retrievedAt": "2026-09-28T18:37:21.572Z",
            "sha256": null,
            "snapshot": false,
            "licence": "unknown",
            "reuse": "facts_with_attribution"
          },
          {
            "url": "https://www.stadt-strausberg.de/wp-content/uploads/2020/10/Beschluss-Aufstellungsbeschluss.pdf",
            "title": "Beschluss 08/168/2020",
            "publisher": "www.stadt-strausberg.de",
            "locator": "PDF-Seite 1: SVV 25.06.2020; sourced event 2020-06-25: Aufstellungsbeschluss dokumentiert",
            "retrievedAt": "2026-09-28T18:37:21.572Z",
            "sha256": null,
            "snapshot": false,
            "licence": "unknown",
            "reuse": "facts_with_attribution"
          },
          {
            "url": "https://nominatim.openstreetmap.org/search?q=M%C3%BChlenweg%2C+Strausberg%2C+Germany&format=jsonv2&limit=2&countrycodes=de",
            "title": "OpenStreetMap · ungefährer Ortsbezug",
            "publisher": "nominatim.openstreetmap.org",
            "locator": "atlas project muehlenweg; OpenStreetMap · ungefährer Ortsbezug",
            "retrievedAt": "2026-09-28T18:37:21.572Z",
            "sha256": null,
            "snapshot": false,
            "licence": "unknown",
            "reuse": "facts_with_attribution"
          },
          {
            "url": "https://raw.githubusercontent.com/GiraeffleAeffle/ledger-of-life/26e1421270c67d6449afa8d4ddc908eff686595c/docs/research/STADTSTACK_ATLAS_AND_CCF_INTERFACES.md",
            "snapshotUrl": "https://raw.githubusercontent.com/GiraeffleAeffle/ledger-of-life/26e1421270c67d6449afa8d4ddc908eff686595c/docs/research/STADTSTACK_ATLAS_AND_CCF_INTERFACES.md",
            "title": "Committed Atlas interface research (not a hosted API)",
            "publisher": "Stadtstack research",
            "locator": "Atlas method provenance; local curated register SHA-256 aff9ebc64a779696f7fcc0ddc898804443a73c81d742dab7cafe65c91be0df80; project muehlenweg. Register hash describes local derivation bytes, not the public research document or primary documents. This source sha256 hashes only fetched public research bytes.",
            "retrievedAt": "2026-10-10T21:56:45.198Z",
            "sha256": "5e29f25382f7d94b903a4ec21358c7e16d645ac5725a9eed8bf62074e5a9f53f",
            "snapshot": true,
            "licence": "unknown",
            "reuse": "facts_with_attribution"
          }
        ],
        "extraction": {
          "method": "structured"
        },
        "reviewState": "candidate",
        "asOf": "2026-09-05",
        "temporalBasis": "source_event"
      }
    },
    {
      "type": "Feature",
      "geometry": {
        "type": "Polygon",
        "coordinates": [
          [
            [
              13.9208675,
              52.572855
            ],
            [
              13.9183078,
              52.5738899
            ],
            [
              13.9138211,
              52.5757976
            ],
            [
              13.9249191,
              52.5804518
            ],
            [
              13.9251834,
              52.5845172
            ],
            [
              13.9324059,
              52.5882078
            ],
            [
              13.9370742,
              52.5879404
            ],
            [
              13.9309086,
              52.5787935
            ],
            [
              13.9208675,
              52.572855
            ]
          ]
        ]
      },
      "properties": {
        "id": "atlas:solarpark-flugplatz",
        "version": "01926a3b11cf971a00b0ecf1c563fc569a60082941034ee5ca8b128e88a68163",
        "cityId": "strausberg",
        "kind": "planning",
        "category": "Energie",
        "title": "Solarpark am Flugplatz",
        "statement": "Geplante Photovoltaikfläche am Flugplatz. DiPlan nennt rund 41,5 Hektar und 48 MWp als Planungswerte.",
        "status": "Beteiligung beendet; Folgestand offen",
        "startDate": "2026-01-12",
        "endDate": null,
        "nextStep": "Aktuellen Beschluss- und Umsetzungsstand mit Stadtplanung abgleichen.",
        "unknowns": [
          "Neuester Beschluss nach der Beteiligung",
          "Baustart und Fertigstellung",
          "Datum bezeichnet den jüngsten quellengebundenen dokumentierten Vorgang, keinen bestätigten Baubeginn."
        ],
        "scale": "neighbourhood",
        "geometryPrecision": "area",
        "sources": [
          {
            "url": "https://www.stadt-strausberg.de/bauleitplanung-2/#rb_dasl_accordion_2_collapse4",
            "title": "Stadt Strausberg · Verfahrensunterlagen",
            "publisher": "www.stadt-strausberg.de",
            "locator": "atlas project solarpark-flugplatz; Stadt Strausberg · Verfahrensunterlagen",
            "retrievedAt": "2026-09-28T18:37:21.572Z",
            "sha256": null,
            "snapshot": false,
            "licence": "unknown",
            "reuse": "facts_with_attribution"
          },
          {
            "url": "https://bb.beteiligung.diplanung.de/verfahren/solarpark-flugplatz/public/detail",
            "title": "DiPlan · Verfahrensstand und Gebiet",
            "publisher": "bb.beteiligung.diplanung.de",
            "locator": "atlas project solarpark-flugplatz; DiPlan · Verfahrensstand und Gebiet; sourced event 2026-01-12: Veröffentlichte Frist beendet",
            "retrievedAt": "2026-09-28T18:37:21.572Z",
            "sha256": null,
            "snapshot": false,
            "licence": "unknown",
            "reuse": "facts_with_attribution"
          },
          {
            "url": "https://raw.githubusercontent.com/GiraeffleAeffle/ledger-of-life/26e1421270c67d6449afa8d4ddc908eff686595c/docs/research/STADTSTACK_ATLAS_AND_CCF_INTERFACES.md",
            "snapshotUrl": "https://raw.githubusercontent.com/GiraeffleAeffle/ledger-of-life/26e1421270c67d6449afa8d4ddc908eff686595c/docs/research/STADTSTACK_ATLAS_AND_CCF_INTERFACES.md",
            "title": "Committed Atlas interface research (not a hosted API)",
            "publisher": "Stadtstack research",
            "locator": "Atlas method provenance; local curated register SHA-256 aff9ebc64a779696f7fcc0ddc898804443a73c81d742dab7cafe65c91be0df80; project solarpark-flugplatz. Register hash describes local derivation bytes, not the public research document or primary documents. This source sha256 hashes only fetched public research bytes.",
            "retrievedAt": "2026-10-10T21:56:45.198Z",
            "sha256": "5e29f25382f7d94b903a4ec21358c7e16d645ac5725a9eed8bf62074e5a9f53f",
            "snapshot": true,
            "licence": "unknown",
            "reuse": "facts_with_attribution"
          }
        ],
        "extraction": {
          "method": "structured"
        },
        "reviewState": "candidate",
        "asOf": "2026-09-05",
        "temporalBasis": "source_event"
      }
    },
    {
      "type": "Feature",
      "geometry": {
        "type": "Polygon",
        "coordinates": [
          [
            [
              13.8654492,
              52.5558481
            ],
            [
              13.8648654,
              52.5551874
            ],
            [
              13.8660935,
              52.5549122
            ],
            [
              13.8662243,
              52.5553465
            ],
            [
              13.8662445,
              52.5556829
            ],
            [
              13.8654492,
              52.5558481
            ]
          ]
        ]
      },
      "properties": {
        "id": "atlas:thaelmann-nw",
        "version": "9c4cff9d636c3e25f0b22ff014832ec3721c2fa7853458172748b6ca4dffa751",
        "cityId": "strausberg",
        "kind": "planning",
        "category": "Wohnen & Stadtentwicklung",
        "title": "Ernst-Thälmann-Straße Nord-West",
        "statement": "Wohnbebauung im Verfahren Nr. 72/25. Neben der Behördenbeteiligung veröffentlicht DiPlan eine frühe Beteiligung der Öffentlichkeit.",
        "status": "Beteiligung beendet; Folgestand offen",
        "startDate": "2026-03-01",
        "endDate": null,
        "nextStep": "Aktuellen Beschluss- und Umsetzungsstand mit Stadtplanung abgleichen.",
        "unknowns": [
          "Neuester Beschluss nach der Beteiligung",
          "Baustart und Fertigstellung",
          "Datum bezeichnet den jüngsten quellengebundenen dokumentierten Vorgang, keinen bestätigten Baubeginn."
        ],
        "scale": "neighbourhood",
        "geometryPrecision": "area",
        "sources": [
          {
            "url": "https://www.stadt-strausberg.de/bauleitplanung-2/#rb_dasl_accordion_2_collapse1",
            "title": "Stadt Strausberg · Verfahrensunterlagen",
            "publisher": "www.stadt-strausberg.de",
            "locator": "atlas project thaelmann-nw; Stadt Strausberg · Verfahrensunterlagen",
            "retrievedAt": "2026-09-28T18:37:21.572Z",
            "sha256": null,
            "snapshot": false,
            "licence": "unknown",
            "reuse": "facts_with_attribution"
          },
          {
            "url": "https://bb.beteiligung.diplanung.de/verfahren/wohnbebauung-thaelmannstrasse-nw/public/detail",
            "title": "DiPlan · Verfahrensstand und Gebiet",
            "publisher": "bb.beteiligung.diplanung.de",
            "locator": "atlas project thaelmann-nw; DiPlan · Verfahrensstand und Gebiet; sourced event 2026-03-01: Veröffentlichte Frist beendet",
            "retrievedAt": "2026-09-28T18:37:21.572Z",
            "sha256": null,
            "snapshot": false,
            "licence": "unknown",
            "reuse": "facts_with_attribution"
          },
          {
            "url": "https://raw.githubusercontent.com/GiraeffleAeffle/ledger-of-life/26e1421270c67d6449afa8d4ddc908eff686595c/docs/research/STADTSTACK_ATLAS_AND_CCF_INTERFACES.md",
            "snapshotUrl": "https://raw.githubusercontent.com/GiraeffleAeffle/ledger-of-life/26e1421270c67d6449afa8d4ddc908eff686595c/docs/research/STADTSTACK_ATLAS_AND_CCF_INTERFACES.md",
            "title": "Committed Atlas interface research (not a hosted API)",
            "publisher": "Stadtstack research",
            "locator": "Atlas method provenance; local curated register SHA-256 aff9ebc64a779696f7fcc0ddc898804443a73c81d742dab7cafe65c91be0df80; project thaelmann-nw. Register hash describes local derivation bytes, not the public research document or primary documents. This source sha256 hashes only fetched public research bytes.",
            "retrievedAt": "2026-10-10T21:56:45.198Z",
            "sha256": "5e29f25382f7d94b903a4ec21358c7e16d645ac5725a9eed8bf62074e5a9f53f",
            "snapshot": true,
            "licence": "unknown",
            "reuse": "facts_with_attribution"
          }
        ],
        "extraction": {
          "method": "structured"
        },
        "reviewState": "candidate",
        "asOf": "2026-09-05",
        "temporalBasis": "source_event"
      }
    },
    {
      "type": "Feature",
      "geometry": {
        "type": "Polygon",
        "coordinates": [
          [
            [
              13.8708539,
              52.5665483
            ],
            [
              13.8706425,
              52.5663893
            ],
            [
              13.8699177,
              52.5666094
            ],
            [
              13.8705318,
              52.5672149
            ],
            [
              13.8712264,
              52.5676674
            ],
            [
              13.8718505,
              52.5675512
            ],
            [
              13.8708539,
              52.5665483
            ]
          ]
        ]
      },
      "properties": {
        "id": "atlas:weinberg",
        "version": "ecf7d6c51dfa365708b4eacde7adc6af473afa7bcec196522dd315e6baaff5d6",
        "cityId": "strausberg",
        "kind": "planning",
        "category": "Wohnen & Stadtentwicklung",
        "title": "Wohnen am Weinberg",
        "statement": "Wohngebietsplanung an den Weinbergen. Die aktuelle Stadtseite führt den Plan unter rechtsverbindlichen Bebauungsplänen.",
        "status": "Als rechtsverbindlicher Plan gelistet",
        "startDate": "2024-11-22",
        "endDate": null,
        "nextStep": "Umsetzung und Baustatus getrennt vom geltenden Plan bestätigen.",
        "unknowns": [
          "Baubeginn und tatsächlicher Baustand",
          "Fertigstellung",
          "Datum bezeichnet den jüngsten quellengebundenen dokumentierten Vorgang, keinen bestätigten Baubeginn."
        ],
        "scale": "neighbourhood",
        "geometryPrecision": "area",
        "sources": [
          {
            "url": "https://www.stadt-strausberg.de/bauleitplanung-2/#rb_dasl_accordion_3_collapse2",
            "title": "Stadt · rechtsverbindliche Bebauungspläne",
            "publisher": "www.stadt-strausberg.de",
            "locator": "atlas project weinberg; Stadt · rechtsverbindliche Bebauungspläne",
            "retrievedAt": "2026-09-28T18:37:21.572Z",
            "sha256": null,
            "snapshot": false,
            "licence": "unknown",
            "reuse": "facts_with_attribution"
          },
          {
            "url": "https://bb.beteiligung.diplanung.de/verfahren/wohnen-am-weinberg/public/detail",
            "title": "DiPlan · historischer Verfahrensstand",
            "publisher": "bb.beteiligung.diplanung.de",
            "locator": "atlas project weinberg; DiPlan · historischer Verfahrensstand; sourced event 2024-11-22: Abwägung als abgeschlossen gemeldet",
            "retrievedAt": "2026-09-28T18:37:21.572Z",
            "sha256": null,
            "snapshot": false,
            "licence": "unknown",
            "reuse": "facts_with_attribution"
          },
          {
            "url": "https://raw.githubusercontent.com/GiraeffleAeffle/ledger-of-life/26e1421270c67d6449afa8d4ddc908eff686595c/docs/research/STADTSTACK_ATLAS_AND_CCF_INTERFACES.md",
            "snapshotUrl": "https://raw.githubusercontent.com/GiraeffleAeffle/ledger-of-life/26e1421270c67d6449afa8d4ddc908eff686595c/docs/research/STADTSTACK_ATLAS_AND_CCF_INTERFACES.md",
            "title": "Committed Atlas interface research (not a hosted API)",
            "publisher": "Stadtstack research",
            "locator": "Atlas method provenance; local curated register SHA-256 aff9ebc64a779696f7fcc0ddc898804443a73c81d742dab7cafe65c91be0df80; project weinberg. Register hash describes local derivation bytes, not the public research document or primary documents. This source sha256 hashes only fetched public research bytes.",
            "retrievedAt": "2026-10-10T21:56:45.198Z",
            "sha256": "5e29f25382f7d94b903a4ec21358c7e16d645ac5725a9eed8bf62074e5a9f53f",
            "snapshot": true,
            "licence": "unknown",
            "reuse": "facts_with_attribution"
          }
        ],
        "extraction": {
          "method": "structured"
        },
        "reviewState": "candidate",
        "asOf": "2026-09-05",
        "temporalBasis": "source_event"
      }
    },
    {
      "type": "Feature",
      "geometry": {
        "type": "LineString",
        "coordinates": [
          [
            13.759929891755297,
            52.47647653245022
          ],
          [
            13.787603750881622,
            52.46499921950395
          ]
        ]
      },
      "properties": {
        "id": "autobahn:2023-006668--vi-bs.2026-05-18_10-00-00-000.devi-bs.2025-05-16_00-00-00-000.de1",
        "version": "cb734fdb66bd1761906b54661640e90e2ff0d26465f9ad574a48fcc1aea4f066",
        "cityId": "strausberg",
        "kind": "roadworks",
        "category": "Autobahn-Baustelle",
        "title": "A10 | Berlin-Hellersdorf - Kalkberge",
        "statement": "A10 | Berlin-Hellersdorf - Kalkberge: eine Baustelle ist im Autobahn-Verkehrsdienst verzeichnet. A10: Dreieck Barnim -> Dreieck Spreeau, zwischen 2.6 km hinter AS Berlin-Hellersdorf und 1.2 km vor Kalkberge Die Lage kann auch eine Pendelstrecke außerhalb des Stadtgebiets betreffen.",
        "status": "im Verkehrsdienst geführt",
        "startDate": "2026-05-18",
        "endDate": "2026-12-31",
        "nextStep": "Aktuelle Verkehrs- und Sperrinformationen beim Betreiber prüfen.",
        "unknowns": [
          "Genauer Verkehrsverlauf und tatsächliche Dauer vor Ort"
        ],
        "scale": "district",
        "geometryPrecision": "approximate",
        "sources": [
          {
            "url": "https://verkehr.autobahn.de/o/autobahn/A10/services/roadworks",
            "snapshotUrl": "https://verkehr.autobahn.de/o/autobahn/A10/services/roadworks",
            "title": "Autobahn A10 roadworks",
            "publisher": "Autobahn GmbH",
            "locator": "roadworks[identifier=2023-006668--vi-bs.2026-05-18_10-00-00-000.devi-bs.2025-05-16_00-00-00-000.de1]",
            "retrievedAt": "2026-09-28T18:37:25.483Z",
            "sha256": "8bc523e457fe08317bd31585d7d01c6070c401e363dce74db31df4b4c25d2302",
            "snapshot": true,
            "licence": "unknown",
            "reuse": "unknown"
          }
        ],
        "extraction": {
          "method": "structured"
        },
        "reviewState": "candidate",
        "asOf": "2026-09-28T18:37:25.483Z",
        "temporalBasis": "source_event"
      }
    },
    {
      "type": "Feature",
      "geometry": {
        "type": "LineString",
        "coordinates": [
          [
            13.787740710216339,
            52.4651086671944
          ],
          [
            13.760094430093174,
            52.47660023707503
          ]
        ]
      },
      "properties": {
        "id": "autobahn:2023-006668--vi-bs.2026-05-18_10-00-00-000.devi-bs.2025-05-16_00-00-00-000.de3",
        "version": "50be1c2233251891980760f4a77b5c6aa1f69a69ef35ce33b74837396baec64f",
        "cityId": "strausberg",
        "kind": "roadworks",
        "category": "Autobahn-Baustelle",
        "title": "A10 | Kalkberge - Berlin-Hellersdorf",
        "statement": "A10 | Kalkberge - Berlin-Hellersdorf: eine Baustelle ist im Autobahn-Verkehrsdienst verzeichnet. A10: Dreieck Spreeau -> Dreieck Barnim, zwischen 1.2 km hinter Kalkberge und 2.6 km vor AS Berlin-Hellersdorf Die Lage kann auch eine Pendelstrecke außerhalb des Stadtgebiets betreffen.",
        "status": "im Verkehrsdienst geführt",
        "startDate": "2026-05-18",
        "endDate": "2026-12-31",
        "nextStep": "Aktuelle Verkehrs- und Sperrinformationen beim Betreiber prüfen.",
        "unknowns": [
          "Genauer Verkehrsverlauf und tatsächliche Dauer vor Ort"
        ],
        "scale": "district",
        "geometryPrecision": "approximate",
        "sources": [
          {
            "url": "https://verkehr.autobahn.de/o/autobahn/A10/services/roadworks",
            "snapshotUrl": "https://verkehr.autobahn.de/o/autobahn/A10/services/roadworks",
            "title": "Autobahn A10 roadworks",
            "publisher": "Autobahn GmbH",
            "locator": "roadworks[identifier=2023-006668--vi-bs.2026-05-18_10-00-00-000.devi-bs.2025-05-16_00-00-00-000.de3]",
            "retrievedAt": "2026-09-28T18:37:25.483Z",
            "sha256": "8bc523e457fe08317bd31585d7d01c6070c401e363dce74db31df4b4c25d2302",
            "snapshot": true,
            "licence": "unknown",
            "reuse": "unknown"
          }
        ],
        "extraction": {
          "method": "structured"
        },
        "reviewState": "candidate",
        "asOf": "2026-09-28T18:37:25.483Z",
        "temporalBasis": "source_event"
      }
    },
    {
      "type": "Feature",
      "geometry": {
        "type": "LineString",
        "coordinates": [
          [
            13.759929891755297,
            52.47647653245022
          ],
          [
            13.787603750881622,
            52.46499921950395
          ]
        ]
      },
      "properties": {
        "id": "autobahn:2023-006668--vi-bs.2026-09-17_20-00-00-000.devi-bs.2025-05-16_00-00-00-000.de15",
        "version": "a3cec412a626f2b311d5d39cfe68995adee9a68bf21940a4ecb30e7b1d3317f2",
        "cityId": "strausberg",
        "kind": "roadworks",
        "category": "Autobahn-Baustelle",
        "title": "A10 | Berlin-Hellersdorf - Kalkberge",
        "statement": "A10 | Berlin-Hellersdorf - Kalkberge: eine Baustelle ist im Autobahn-Verkehrsdienst verzeichnet. A10: Dreieck Barnim -> Dreieck Spreeau, zwischen 2.6 km hinter AS Berlin-Hellersdorf und 1.2 km vor Kalkberge Die Lage kann auch eine Pendelstrecke außerhalb des Stadtgebiets betreffen.",
        "status": "im Verkehrsdienst geführt",
        "startDate": "2026-09-17",
        "endDate": "2026-12-31",
        "nextStep": "Aktuelle Verkehrs- und Sperrinformationen beim Betreiber prüfen.",
        "unknowns": [
          "Genauer Verkehrsverlauf und tatsächliche Dauer vor Ort"
        ],
        "scale": "district",
        "geometryPrecision": "approximate",
        "sources": [
          {
            "url": "https://verkehr.autobahn.de/o/autobahn/A10/services/roadworks",
            "snapshotUrl": "https://verkehr.autobahn.de/o/autobahn/A10/services/roadworks",
            "title": "Autobahn A10 roadworks",
            "publisher": "Autobahn GmbH",
            "locator": "roadworks[identifier=2023-006668--vi-bs.2026-09-17_20-00-00-000.devi-bs.2025-05-16_00-00-00-000.de15]",
            "retrievedAt": "2026-09-28T18:37:25.483Z",
            "sha256": "8bc523e457fe08317bd31585d7d01c6070c401e363dce74db31df4b4c25d2302",
            "snapshot": true,
            "licence": "unknown",
            "reuse": "unknown"
          }
        ],
        "extraction": {
          "method": "structured"
        },
        "reviewState": "candidate",
        "asOf": "2026-09-28T18:37:25.483Z",
        "temporalBasis": "source_event"
      }
    },
    {
      "type": "Feature",
      "geometry": {
        "type": "LineString",
        "coordinates": [
          [
            13.787740710216339,
            52.4651086671944
          ],
          [
            13.760094430093174,
            52.47660023707503
          ]
        ]
      },
      "properties": {
        "id": "autobahn:2023-006668--vi-bs.2026-09-17_20-00-00-000.devi-bs.2025-05-16_00-00-00-000.de17",
        "version": "6a733efc83e5fb04af96e36ef5978e278b2ff0b0e1d9fe3354f0ecd8bbec2074",
        "cityId": "strausberg",
        "kind": "roadworks",
        "category": "Autobahn-Baustelle",
        "title": "A10 | Kalkberge - Berlin-Hellersdorf",
        "statement": "A10 | Kalkberge - Berlin-Hellersdorf: eine Baustelle ist im Autobahn-Verkehrsdienst verzeichnet. A10: Dreieck Spreeau -> Dreieck Barnim, zwischen 1.2 km hinter Kalkberge und 2.6 km vor AS Berlin-Hellersdorf Die Lage kann auch eine Pendelstrecke außerhalb des Stadtgebiets betreffen.",
        "status": "im Verkehrsdienst geführt",
        "startDate": "2026-09-17",
        "endDate": "2026-12-31",
        "nextStep": "Aktuelle Verkehrs- und Sperrinformationen beim Betreiber prüfen.",
        "unknowns": [
          "Genauer Verkehrsverlauf und tatsächliche Dauer vor Ort"
        ],
        "scale": "district",
        "geometryPrecision": "approximate",
        "sources": [
          {
            "url": "https://verkehr.autobahn.de/o/autobahn/A10/services/roadworks",
            "snapshotUrl": "https://verkehr.autobahn.de/o/autobahn/A10/services/roadworks",
            "title": "Autobahn A10 roadworks",
            "publisher": "Autobahn GmbH",
            "locator": "roadworks[identifier=2023-006668--vi-bs.2026-09-17_20-00-00-000.devi-bs.2025-05-16_00-00-00-000.de17]",
            "retrievedAt": "2026-09-28T18:37:25.483Z",
            "sha256": "8bc523e457fe08317bd31585d7d01c6070c401e363dce74db31df4b4c25d2302",
            "snapshot": true,
            "licence": "unknown",
            "reuse": "unknown"
          }
        ],
        "extraction": {
          "method": "structured"
        },
        "reviewState": "candidate",
        "asOf": "2026-09-28T18:37:25.483Z",
        "temporalBasis": "source_event"
      }
    },
    {
      "type": "Feature",
      "geometry": {
        "type": "LineString",
        "coordinates": [
          [
            13.786466746232511,
            52.39277455794948
          ],
          [
            13.750975963224736,
            52.33085292349954
          ]
        ]
      },
      "properties": {
        "id": "autobahn:2024-047150--vi-bs.2026-09-02_18-00-00-000.devi-zus.2025-03-29_00-00-00-000.f.de1",
        "version": "ad3dae3fa2b60cfe5bc2d002dbc562a6cfaeb997440cc6893d18f0bd53fb8aaf",
        "cityId": "strausberg",
        "kind": "roadworks",
        "category": "Autobahn-Baustelle",
        "title": "A10 | Erkner - Spreeau",
        "statement": "A10 | Erkner - Spreeau: eine Baustelle ist im Autobahn-Verkehrsdienst verzeichnet. A10: Dreieck Barnim -> Dreieck Spreeau, zwischen 3.4 km hinter AS Erkner und 0.8 km vor AD Spreeau Die Lage kann auch eine Pendelstrecke außerhalb des Stadtgebiets betreffen.",
        "status": "im Verkehrsdienst geführt",
        "startDate": "2026-09-02",
        "endDate": "2030-12-31",
        "nextStep": "Aktuelle Verkehrs- und Sperrinformationen beim Betreiber prüfen.",
        "unknowns": [
          "Genauer Verkehrsverlauf und tatsächliche Dauer vor Ort"
        ],
        "scale": "district",
        "geometryPrecision": "approximate",
        "sources": [
          {
            "url": "https://verkehr.autobahn.de/o/autobahn/A10/services/roadworks",
            "snapshotUrl": "https://verkehr.autobahn.de/o/autobahn/A10/services/roadworks",
            "title": "Autobahn A10 roadworks",
            "publisher": "Autobahn GmbH",
            "locator": "roadworks[identifier=2024-047150--vi-bs.2026-09-02_18-00-00-000.devi-zus.2025-03-29_00-00-00-000.f.de1]",
            "retrievedAt": "2026-09-28T18:37:25.483Z",
            "sha256": "8bc523e457fe08317bd31585d7d01c6070c401e363dce74db31df4b4c25d2302",
            "snapshot": true,
            "licence": "unknown",
            "reuse": "unknown"
          }
        ],
        "extraction": {
          "method": "structured"
        },
        "reviewState": "candidate",
        "asOf": "2026-09-28T18:37:25.483Z",
        "temporalBasis": "source_event"
      }
    },
    {
      "type": "Feature",
      "geometry": {
        "type": "LineString",
        "coordinates": [
          [
            13.74657561579999,
            52.325440224297076
          ],
          [
            13.778646539744901,
            52.3805224486686
          ]
        ]
      },
      "properties": {
        "id": "autobahn:2024-047150--vi-bs.2026-09-02_18-00-00-000.devi-zus.2025-03-29_00-00-00-000.f.de3",
        "version": "1e29a4dff4d3a516fbf52f6dd2afe3a7888e97a48d3c148e915c7a117d19f3f2",
        "cityId": "strausberg",
        "kind": "roadworks",
        "category": "Autobahn-Baustelle",
        "title": "A10 | Spreeau - Freienbrink",
        "statement": "A10 | Spreeau - Freienbrink: eine Baustelle ist im Autobahn-Verkehrsdienst verzeichnet. A10: Dreieck Spreeau -> Dreieck Barnim, zwischen 0.1 km hinter AD Spreeau und 1.1 km vor AS Freienbrink Die Lage kann auch eine Pendelstrecke außerhalb des Stadtgebiets betreffen.",
        "status": "im Verkehrsdienst geführt",
        "startDate": "2026-09-02",
        "endDate": "2030-12-31",
        "nextStep": "Aktuelle Verkehrs- und Sperrinformationen beim Betreiber prüfen.",
        "unknowns": [
          "Genauer Verkehrsverlauf und tatsächliche Dauer vor Ort"
        ],
        "scale": "district",
        "geometryPrecision": "approximate",
        "sources": [
          {
            "url": "https://verkehr.autobahn.de/o/autobahn/A10/services/roadworks",
            "snapshotUrl": "https://verkehr.autobahn.de/o/autobahn/A10/services/roadworks",
            "title": "Autobahn A10 roadworks",
            "publisher": "Autobahn GmbH",
            "locator": "roadworks[identifier=2024-047150--vi-bs.2026-09-02_18-00-00-000.devi-zus.2025-03-29_00-00-00-000.f.de3]",
            "retrievedAt": "2026-09-28T18:37:25.483Z",
            "sha256": "8bc523e457fe08317bd31585d7d01c6070c401e363dce74db31df4b4c25d2302",
            "snapshot": true,
            "licence": "unknown",
            "reuse": "unknown"
          }
        ],
        "extraction": {
          "method": "structured"
        },
        "reviewState": "candidate",
        "asOf": "2026-09-28T18:37:25.483Z",
        "temporalBasis": "source_event"
      }
    },
    {
      "type": "Feature",
      "geometry": {
        "type": "LineString",
        "coordinates": [
          [
            14.069611298112399,
            52.33456638694898
          ],
          [
            14.178103879493378,
            52.34377456055436
          ]
        ]
      },
      "properties": {
        "id": "autobahn:2024-056148--vi-bs.2026-05-06_12-00-00-000.devi-zus.2025-03-03_00-00-00-000.f_004.de1",
        "version": "a876ff800dfd0279fce3ec4d96cd2279869914946b2d04066073cd7e21e9e612",
        "cityId": "strausberg",
        "kind": "roadworks",
        "category": "Autobahn-Baustelle",
        "title": "A12 | Briesenluch - Kersdorfer See",
        "statement": "A12 | Briesenluch - Kersdorfer See: eine Baustelle ist im Autobahn-Verkehrsdienst verzeichnet. A12: Berliner Ring -> Frankfurt(Oder), zwischen 8.4 km hinter Briesenluch und 3.0 km vor Kersdorfer See Die Lage kann auch eine Pendelstrecke außerhalb des Stadtgebiets betreffen.",
        "status": "im Verkehrsdienst geführt",
        "startDate": "2026-05-06",
        "endDate": "2028-10-31",
        "nextStep": "Aktuelle Verkehrs- und Sperrinformationen beim Betreiber prüfen.",
        "unknowns": [
          "Genauer Verkehrsverlauf und tatsächliche Dauer vor Ort"
        ],
        "scale": "district",
        "geometryPrecision": "approximate",
        "sources": [
          {
            "url": "https://verkehr.autobahn.de/o/autobahn/A12/services/roadworks",
            "snapshotUrl": "https://verkehr.autobahn.de/o/autobahn/A12/services/roadworks",
            "title": "Autobahn A12 roadworks",
            "publisher": "Autobahn GmbH",
            "locator": "roadworks[identifier=2024-056148--vi-bs.2026-05-06_12-00-00-000.devi-zus.2025-03-03_00-00-00-000.f_004.de1]",
            "retrievedAt": "2026-09-28T18:37:25.630Z",
            "sha256": "8af3289227b07d303558bb3ff421572a098e38ca478bb2ee41a962722b5ac5f0",
            "snapshot": true,
            "licence": "unknown",
            "reuse": "unknown"
          }
        ],
        "extraction": {
          "method": "structured"
        },
        "reviewState": "candidate",
        "asOf": "2026-09-28T18:37:25.630Z",
        "temporalBasis": "source_event"
      }
    },
    {
      "type": "Feature",
      "geometry": {
        "type": "LineString",
        "coordinates": [
          [
            14.178067141806228,
            52.34389378369681
          ],
          [
            14.069607420757215,
            52.33467591729012
          ]
        ]
      },
      "properties": {
        "id": "autobahn:2024-056148--vi-bs.2026-05-06_12-00-00-000.devi-zus.2025-03-03_00-00-00-000.f_004.de3",
        "version": "69b62969ebcfb66c85891136ce54aebbbb30d5f3ec9eefd09a8bb08e53dfa855",
        "cityId": "strausberg",
        "kind": "roadworks",
        "category": "Autobahn-Baustelle",
        "title": "A12 | Kersdorfer See - Briesenluch",
        "statement": "A12 | Kersdorfer See - Briesenluch: eine Baustelle ist im Autobahn-Verkehrsdienst verzeichnet. A12: Frankfurt(Oder) -> Berliner Ring, zwischen 3.0 km hinter Kersdorfer See und 8.4 km vor Briesenluch Die Lage kann auch eine Pendelstrecke außerhalb des Stadtgebiets betreffen.",
        "status": "im Verkehrsdienst geführt",
        "startDate": "2026-05-06",
        "endDate": "2028-10-31",
        "nextStep": "Aktuelle Verkehrs- und Sperrinformationen beim Betreiber prüfen.",
        "unknowns": [
          "Genauer Verkehrsverlauf und tatsächliche Dauer vor Ort"
        ],
        "scale": "district",
        "geometryPrecision": "approximate",
        "sources": [
          {
            "url": "https://verkehr.autobahn.de/o/autobahn/A12/services/roadworks",
            "snapshotUrl": "https://verkehr.autobahn.de/o/autobahn/A12/services/roadworks",
            "title": "Autobahn A12 roadworks",
            "publisher": "Autobahn GmbH",
            "locator": "roadworks[identifier=2024-056148--vi-bs.2026-05-06_12-00-00-000.devi-zus.2025-03-03_00-00-00-000.f_004.de3]",
            "retrievedAt": "2026-09-28T18:37:25.630Z",
            "sha256": "8af3289227b07d303558bb3ff421572a098e38ca478bb2ee41a962722b5ac5f0",
            "snapshot": true,
            "licence": "unknown",
            "reuse": "unknown"
          }
        ],
        "extraction": {
          "method": "structured"
        },
        "reviewState": "candidate",
        "asOf": "2026-09-28T18:37:25.630Z",
        "temporalBasis": "source_event"
      }
    },
    {
      "type": "Feature",
      "geometry": {
        "type": "LineString",
        "coordinates": [
          [
            14.058505067694105,
            52.33320993034486
          ],
          [
            14.069611298112399,
            52.33456638694898
          ]
        ]
      },
      "properties": {
        "id": "autobahn:2024-056148--vi-bs.2026-05-06_12-00-00-000.devi-zus.2025-03-03_00-00-00-000.f_004.de5",
        "version": "d5f719da64395edba4cab47461e7865893d0593ac2e36daf90b591b7f6ed7754",
        "cityId": "strausberg",
        "kind": "roadworks",
        "category": "Autobahn-Baustelle",
        "title": "A12 | Briesenluch - Fürstenwalde-West",
        "statement": "A12 | Briesenluch - Fürstenwalde-West: eine Baustelle ist im Autobahn-Verkehrsdienst verzeichnet. A12: Berliner Ring -> Frankfurt(Oder), zwischen 7.6 km hinter Briesenluch und 0.4 km vor AS Fürstenwalde-West Die Lage kann auch eine Pendelstrecke außerhalb des Stadtgebiets betreffen.",
        "status": "im Verkehrsdienst geführt",
        "startDate": "2026-05-06",
        "endDate": "2028-10-31",
        "nextStep": "Aktuelle Verkehrs- und Sperrinformationen beim Betreiber prüfen.",
        "unknowns": [
          "Genauer Verkehrsverlauf und tatsächliche Dauer vor Ort"
        ],
        "scale": "district",
        "geometryPrecision": "approximate",
        "sources": [
          {
            "url": "https://verkehr.autobahn.de/o/autobahn/A12/services/roadworks",
            "snapshotUrl": "https://verkehr.autobahn.de/o/autobahn/A12/services/roadworks",
            "title": "Autobahn A12 roadworks",
            "publisher": "Autobahn GmbH",
            "locator": "roadworks[identifier=2024-056148--vi-bs.2026-05-06_12-00-00-000.devi-zus.2025-03-03_00-00-00-000.f_004.de5]",
            "retrievedAt": "2026-09-28T18:37:25.630Z",
            "sha256": "8af3289227b07d303558bb3ff421572a098e38ca478bb2ee41a962722b5ac5f0",
            "snapshot": true,
            "licence": "unknown",
            "reuse": "unknown"
          }
        ],
        "extraction": {
          "method": "structured"
        },
        "reviewState": "candidate",
        "asOf": "2026-09-28T18:37:25.630Z",
        "temporalBasis": "source_event"
      }
    },
    {
      "type": "Feature",
      "geometry": {
        "type": "LineString",
        "coordinates": [
          [
            14.069592771703693,
            52.33467573185432
          ],
          [
            14.067395561293175,
            52.33464789769102
          ]
        ]
      },
      "properties": {
        "id": "autobahn:2024-056148--vi-bs.2026-05-06_12-00-00-000.devi-zus.2025-03-03_00-00-00-000.f_004.de7",
        "version": "8f6dc782a4f4613962917091d081321e83092b3ecf93827f2d8085b0914ba3bc",
        "cityId": "strausberg",
        "kind": "roadworks",
        "category": "Autobahn-Baustelle",
        "title": "A12 | Fürstenwalde-West - Briesenluch",
        "statement": "A12 | Fürstenwalde-West - Briesenluch: eine Baustelle ist im Autobahn-Verkehrsdienst verzeichnet. A12: Frankfurt(Oder) -> Berliner Ring, zwischen 0.4 km hinter AS Fürstenwalde-West und 8.2 km vor Briesenluch Die Lage kann auch eine Pendelstrecke außerhalb des Stadtgebiets betreffen.",
        "status": "im Verkehrsdienst geführt",
        "startDate": "2026-05-06",
        "endDate": "2028-10-31",
        "nextStep": "Aktuelle Verkehrs- und Sperrinformationen beim Betreiber prüfen.",
        "unknowns": [
          "Genauer Verkehrsverlauf und tatsächliche Dauer vor Ort"
        ],
        "scale": "district",
        "geometryPrecision": "approximate",
        "sources": [
          {
            "url": "https://verkehr.autobahn.de/o/autobahn/A12/services/roadworks",
            "snapshotUrl": "https://verkehr.autobahn.de/o/autobahn/A12/services/roadworks",
            "title": "Autobahn A12 roadworks",
            "publisher": "Autobahn GmbH",
            "locator": "roadworks[identifier=2024-056148--vi-bs.2026-05-06_12-00-00-000.devi-zus.2025-03-03_00-00-00-000.f_004.de7]",
            "retrievedAt": "2026-09-28T18:37:25.630Z",
            "sha256": "8af3289227b07d303558bb3ff421572a098e38ca478bb2ee41a962722b5ac5f0",
            "snapshot": true,
            "licence": "unknown",
            "reuse": "unknown"
          }
        ],
        "extraction": {
          "method": "structured"
        },
        "reviewState": "candidate",
        "asOf": "2026-09-28T18:37:25.630Z",
        "temporalBasis": "source_event"
      }
    },
    {
      "type": "Feature",
      "geometry": {
        "type": "LineString",
        "coordinates": [
          [
            14.178067141806228,
            52.34389378369681
          ],
          [
            14.069607420757215,
            52.33467591729012
          ]
        ]
      },
      "properties": {
        "id": "autobahn:2024-056148--vi-bs.2026-08-24_07-00-00-000.devi-zus.2025-03-03_00-00-00-000.f_004.de11",
        "version": "4315d18da6f6615658f816a13a91ec4527ee08d3d15591b91e5bc2d55c5453bc",
        "cityId": "strausberg",
        "kind": "roadworks",
        "category": "Autobahn-Baustelle",
        "title": "A12 | Kersdorfer See - Briesenluch",
        "statement": "A12 | Kersdorfer See - Briesenluch: eine Baustelle ist im Autobahn-Verkehrsdienst verzeichnet. A12: Frankfurt(Oder) -> Berliner Ring, zwischen 3.0 km hinter Kersdorfer See und 8.4 km vor Briesenluch Die Lage kann auch eine Pendelstrecke außerhalb des Stadtgebiets betreffen.",
        "status": "im Verkehrsdienst geführt",
        "startDate": "2026-08-24",
        "endDate": "2028-10-31",
        "nextStep": "Aktuelle Verkehrs- und Sperrinformationen beim Betreiber prüfen.",
        "unknowns": [
          "Genauer Verkehrsverlauf und tatsächliche Dauer vor Ort"
        ],
        "scale": "district",
        "geometryPrecision": "approximate",
        "sources": [
          {
            "url": "https://verkehr.autobahn.de/o/autobahn/A12/services/roadworks",
            "snapshotUrl": "https://verkehr.autobahn.de/o/autobahn/A12/services/roadworks",
            "title": "Autobahn A12 roadworks",
            "publisher": "Autobahn GmbH",
            "locator": "roadworks[identifier=2024-056148--vi-bs.2026-08-24_07-00-00-000.devi-zus.2025-03-03_00-00-00-000.f_004.de11]",
            "retrievedAt": "2026-09-28T18:37:25.630Z",
            "sha256": "8af3289227b07d303558bb3ff421572a098e38ca478bb2ee41a962722b5ac5f0",
            "snapshot": true,
            "licence": "unknown",
            "reuse": "unknown"
          }
        ],
        "extraction": {
          "method": "structured"
        },
        "reviewState": "candidate",
        "asOf": "2026-09-28T18:37:25.630Z",
        "temporalBasis": "source_event"
      }
    },
    {
      "type": "Feature",
      "geometry": {
        "type": "LineString",
        "coordinates": [
          [
            14.058505067694105,
            52.33320993034486
          ],
          [
            14.069611298112399,
            52.33456638694898
          ]
        ]
      },
      "properties": {
        "id": "autobahn:2024-056148--vi-bs.2026-08-24_07-00-00-000.devi-zus.2025-03-03_00-00-00-000.f_004.de13",
        "version": "50747555db2be91f31648000995b662270a005d339179a4694d395be6b92c84a",
        "cityId": "strausberg",
        "kind": "roadworks",
        "category": "Autobahn-Baustelle",
        "title": "A12 | Briesenluch - Fürstenwalde-West",
        "statement": "A12 | Briesenluch - Fürstenwalde-West: eine Baustelle ist im Autobahn-Verkehrsdienst verzeichnet. A12: Berliner Ring -> Frankfurt(Oder), zwischen 7.6 km hinter Briesenluch und 0.4 km vor AS Fürstenwalde-West Die Lage kann auch eine Pendelstrecke außerhalb des Stadtgebiets betreffen.",
        "status": "im Verkehrsdienst geführt",
        "startDate": "2026-08-24",
        "endDate": "2028-10-31",
        "nextStep": "Aktuelle Verkehrs- und Sperrinformationen beim Betreiber prüfen.",
        "unknowns": [
          "Genauer Verkehrsverlauf und tatsächliche Dauer vor Ort"
        ],
        "scale": "district",
        "geometryPrecision": "approximate",
        "sources": [
          {
            "url": "https://verkehr.autobahn.de/o/autobahn/A12/services/roadworks",
            "snapshotUrl": "https://verkehr.autobahn.de/o/autobahn/A12/services/roadworks",
            "title": "Autobahn A12 roadworks",
            "publisher": "Autobahn GmbH",
            "locator": "roadworks[identifier=2024-056148--vi-bs.2026-08-24_07-00-00-000.devi-zus.2025-03-03_00-00-00-000.f_004.de13]",
            "retrievedAt": "2026-09-28T18:37:25.630Z",
            "sha256": "8af3289227b07d303558bb3ff421572a098e38ca478bb2ee41a962722b5ac5f0",
            "snapshot": true,
            "licence": "unknown",
            "reuse": "unknown"
          }
        ],
        "extraction": {
          "method": "structured"
        },
        "reviewState": "candidate",
        "asOf": "2026-09-28T18:37:25.630Z",
        "temporalBasis": "source_event"
      }
    },
    {
      "type": "Feature",
      "geometry": {
        "type": "LineString",
        "coordinates": [
          [
            14.069592771703693,
            52.33467573185432
          ],
          [
            14.067395561293175,
            52.33464789769102
          ]
        ]
      },
      "properties": {
        "id": "autobahn:2024-056148--vi-bs.2026-08-24_07-00-00-000.devi-zus.2025-03-03_00-00-00-000.f_004.de15",
        "version": "1acf65b800d8b1411befbcb0e44fcfd35ce08ab426f3edb683ac3b81489b5aab",
        "cityId": "strausberg",
        "kind": "roadworks",
        "category": "Autobahn-Baustelle",
        "title": "A12 | Fürstenwalde-West - Briesenluch",
        "statement": "A12 | Fürstenwalde-West - Briesenluch: eine Baustelle ist im Autobahn-Verkehrsdienst verzeichnet. A12: Frankfurt(Oder) -> Berliner Ring, zwischen 0.4 km hinter AS Fürstenwalde-West und 8.2 km vor Briesenluch Die Lage kann auch eine Pendelstrecke außerhalb des Stadtgebiets betreffen.",
        "status": "im Verkehrsdienst geführt",
        "startDate": "2026-08-24",
        "endDate": "2028-10-31",
        "nextStep": "Aktuelle Verkehrs- und Sperrinformationen beim Betreiber prüfen.",
        "unknowns": [
          "Genauer Verkehrsverlauf und tatsächliche Dauer vor Ort"
        ],
        "scale": "district",
        "geometryPrecision": "approximate",
        "sources": [
          {
            "url": "https://verkehr.autobahn.de/o/autobahn/A12/services/roadworks",
            "snapshotUrl": "https://verkehr.autobahn.de/o/autobahn/A12/services/roadworks",
            "title": "Autobahn A12 roadworks",
            "publisher": "Autobahn GmbH",
            "locator": "roadworks[identifier=2024-056148--vi-bs.2026-08-24_07-00-00-000.devi-zus.2025-03-03_00-00-00-000.f_004.de15]",
            "retrievedAt": "2026-09-28T18:37:25.630Z",
            "sha256": "8af3289227b07d303558bb3ff421572a098e38ca478bb2ee41a962722b5ac5f0",
            "snapshot": true,
            "licence": "unknown",
            "reuse": "unknown"
          }
        ],
        "extraction": {
          "method": "structured"
        },
        "reviewState": "candidate",
        "asOf": "2026-09-28T18:37:25.630Z",
        "temporalBasis": "source_event"
      }
    },
    {
      "type": "Feature",
      "geometry": {
        "type": "LineString",
        "coordinates": [
          [
            14.069611298112399,
            52.33456638694898
          ],
          [
            14.178103879493378,
            52.34377456055436
          ]
        ]
      },
      "properties": {
        "id": "autobahn:2024-056148--vi-bs.2026-08-24_07-00-00-000.devi-zus.2025-03-03_00-00-00-000.f_004.de9",
        "version": "abcaeee5916dc09fa4dea5a7e1125761ef911b809067729da0fdac00aee6c4b4",
        "cityId": "strausberg",
        "kind": "roadworks",
        "category": "Autobahn-Baustelle",
        "title": "A12 | Briesenluch - Kersdorfer See",
        "statement": "A12 | Briesenluch - Kersdorfer See: eine Baustelle ist im Autobahn-Verkehrsdienst verzeichnet. A12: Berliner Ring -> Frankfurt(Oder), zwischen 8.4 km hinter Briesenluch und 3.0 km vor Kersdorfer See Die Lage kann auch eine Pendelstrecke außerhalb des Stadtgebiets betreffen.",
        "status": "im Verkehrsdienst geführt",
        "startDate": "2026-08-24",
        "endDate": "2028-10-31",
        "nextStep": "Aktuelle Verkehrs- und Sperrinformationen beim Betreiber prüfen.",
        "unknowns": [
          "Genauer Verkehrsverlauf und tatsächliche Dauer vor Ort"
        ],
        "scale": "district",
        "geometryPrecision": "approximate",
        "sources": [
          {
            "url": "https://verkehr.autobahn.de/o/autobahn/A12/services/roadworks",
            "snapshotUrl": "https://verkehr.autobahn.de/o/autobahn/A12/services/roadworks",
            "title": "Autobahn A12 roadworks",
            "publisher": "Autobahn GmbH",
            "locator": "roadworks[identifier=2024-056148--vi-bs.2026-08-24_07-00-00-000.devi-zus.2025-03-03_00-00-00-000.f_004.de9]",
            "retrievedAt": "2026-09-28T18:37:25.630Z",
            "sha256": "8af3289227b07d303558bb3ff421572a098e38ca478bb2ee41a962722b5ac5f0",
            "snapshot": true,
            "licence": "unknown",
            "reuse": "unknown"
          }
        ],
        "extraction": {
          "method": "structured"
        },
        "reviewState": "candidate",
        "asOf": "2026-09-28T18:37:25.630Z",
        "temporalBasis": "source_event"
      }
    },
    {
      "type": "Feature",
      "geometry": {
        "type": "LineString",
        "coordinates": [
          [
            14.109603566240464,
            52.33534476611254
          ],
          [
            14.112669670333021,
            52.33412052224613
          ]
        ]
      },
      "properties": {
        "id": "autobahn:2024-056148--vi-fbm.2026-08-24_07-00-00-000.devi-zus.2025-03-03_00-00-00-000.f_004.de17",
        "version": "fa702aac65074d936917c406e017db5db221cbadf7228c77ecbdd1996e50737d",
        "cityId": "strausberg",
        "kind": "roadworks",
        "category": "Sperrung",
        "title": "A12, Fahrbahnerhaltung zwischen AS Fürstenwalde-West und AS Briesen (km 22,9-31,5), beide FR",
        "statement": "A12, Fahrbahnerhaltung zwischen AS Fürstenwalde-West und AS Briesen (km 22,9-31,5), beide FR: eine Sperrung ist im Autobahn-Verkehrsdienst verzeichnet. Von A12: Berliner Ring -> Frankfurt(Oder), zwischen 2.4 km hinter AS Fürstenwalde-West und Kersdorfer See nach Abfahrt von der A12: AS Fürstenwalde-Ost (aus Richtung Fürstenwalde-West) Die Lage kann auch eine Pendelstrecke außerhalb des Stadtgebiets betreffen.",
        "status": "im Verkehrsdienst geführt",
        "startDate": "2026-08-24",
        "endDate": "2028-10-31",
        "nextStep": "Aktuelle Verkehrs- und Sperrinformationen beim Betreiber prüfen.",
        "unknowns": [
          "Genauer Verkehrsverlauf und tatsächliche Dauer vor Ort"
        ],
        "scale": "district",
        "geometryPrecision": "approximate",
        "sources": [
          {
            "url": "https://verkehr.autobahn.de/o/autobahn/A12/services/closure",
            "snapshotUrl": "https://verkehr.autobahn.de/o/autobahn/A12/services/closure",
            "title": "Autobahn A12 closure",
            "publisher": "Autobahn GmbH",
            "locator": "closure[identifier=2024-056148--vi-fbm.2026-08-24_07-00-00-000.devi-zus.2025-03-03_00-00-00-000.f_004.de17]",
            "retrievedAt": "2026-09-28T18:37:25.667Z",
            "sha256": "4cd206b8e591e4c12d56324c67351f66666f46ae08e0379110e001c12fe89728",
            "snapshot": true,
            "licence": "unknown",
            "reuse": "unknown"
          }
        ],
        "extraction": {
          "method": "structured"
        },
        "reviewState": "candidate",
        "asOf": "2026-09-28T18:37:25.667Z",
        "temporalBasis": "source_event"
      }
    },
    {
      "type": "Feature",
      "geometry": {
        "type": "LineString",
        "coordinates": [
          [
            14.112784171904337,
            52.33404288235092
          ],
          [
            14.118669873899456,
            52.335567800386684
          ]
        ]
      },
      "properties": {
        "id": "autobahn:2024-056148--vi-fbm.2026-08-24_07-00-00-000.devi-zus.2025-03-03_00-00-00-000.f_004.de18",
        "version": "7b4f38c861f439f9d06ca2138ca4bba0dfae00ce6fc17769ac7c1637eeb38e24",
        "cityId": "strausberg",
        "kind": "roadworks",
        "category": "Sperrung",
        "title": "A12, Fahrbahnerhaltung zwischen AS Fürstenwalde-West und AS Briesen (km 22,9-31,5), beide FR",
        "statement": "A12, Fahrbahnerhaltung zwischen AS Fürstenwalde-West und AS Briesen (km 22,9-31,5), beide FR: eine Sperrung ist im Autobahn-Verkehrsdienst verzeichnet. Von Auffahrt auf die A12: AS Fürstenwalde-Ost (aus Richtung Fürstenwalde-West) nach A12: Berliner Ring -> Frankfurt(Oder), zwischen AS Fürstenwalde-Ost und 7.2 km vor Kersdorfer See Die Lage kann auch eine Pendelstrecke außerhalb des Stadtgebiets betreffen.",
        "status": "im Verkehrsdienst geführt",
        "startDate": "2026-08-24",
        "endDate": "2028-10-31",
        "nextStep": "Aktuelle Verkehrs- und Sperrinformationen beim Betreiber prüfen.",
        "unknowns": [
          "Genauer Verkehrsverlauf und tatsächliche Dauer vor Ort"
        ],
        "scale": "district",
        "geometryPrecision": "approximate",
        "sources": [
          {
            "url": "https://verkehr.autobahn.de/o/autobahn/A12/services/closure",
            "snapshotUrl": "https://verkehr.autobahn.de/o/autobahn/A12/services/closure",
            "title": "Autobahn A12 closure",
            "publisher": "Autobahn GmbH",
            "locator": "closure[identifier=2024-056148--vi-fbm.2026-08-24_07-00-00-000.devi-zus.2025-03-03_00-00-00-000.f_004.de18]",
            "retrievedAt": "2026-09-28T18:37:25.667Z",
            "sha256": "4cd206b8e591e4c12d56324c67351f66666f46ae08e0379110e001c12fe89728",
            "snapshot": true,
            "licence": "unknown",
            "reuse": "unknown"
          }
        ],
        "extraction": {
          "method": "structured"
        },
        "reviewState": "candidate",
        "asOf": "2026-09-28T18:37:25.667Z",
        "temporalBasis": "source_event"
      }
    },
    {
      "type": "Feature",
      "geometry": {
        "type": "LineString",
        "coordinates": [
          [
            13.561444678898528,
            52.31977542080759
          ],
          [
            13.554874114232428,
            52.31237055833796
          ]
        ]
      },
      "properties": {
        "id": "autobahn:2026-047353--vi-fbm.2026-09-29_10-00-00-000.devi-zus.2026-09-28_08-00-00-000_011.de5",
        "version": "c8dc74181f4ec3488123303ddf9e894f868e68a09396c358296c2c03380cc111",
        "cityId": "strausberg",
        "kind": "roadworks",
        "category": "Sperrung",
        "title": "A10, A13 Bauwerksprüfung Ludwigsfelde-Ost - AK Schönefeld",
        "statement": "A10, A13 Bauwerksprüfung Ludwigsfelde-Ost - AK Schönefeld: eine Sperrung ist im Autobahn-Verkehrsdienst verzeichnet. 29.09.26 von 10:00 bis 12:00 Uhr Die Lage kann auch eine Pendelstrecke außerhalb des Stadtgebiets betreffen.",
        "status": "angekündigt; 29.09.26 von 10:00 bis 12:00 Uhr",
        "startDate": "2026-09-29",
        "endDate": "2026-09-30",
        "nextStep": "Aktuelle Verkehrs- und Sperrinformationen beim Betreiber prüfen.",
        "unknowns": [
          "Genauer Verkehrsverlauf und tatsächliche Dauer vor Ort"
        ],
        "scale": "district",
        "geometryPrecision": "approximate",
        "sources": [
          {
            "url": "https://verkehr.autobahn.de/o/autobahn/A10/services/closure",
            "snapshotUrl": "https://verkehr.autobahn.de/o/autobahn/A10/services/closure",
            "title": "Autobahn A10 closure",
            "publisher": "Autobahn GmbH",
            "locator": "closure[identifier=2026-047353--vi-fbm.2026-09-29_10-00-00-000.devi-zus.2026-09-28_08-00-00-000_011.de5]",
            "retrievedAt": "2026-09-28T18:37:25.526Z",
            "sha256": "1b21109540e6edc064dd5cf56d0cc5040e73cb4d1e67683cb0c03bb3c5f98ca3",
            "snapshot": true,
            "licence": "unknown",
            "reuse": "unknown"
          }
        ],
        "extraction": {
          "method": "structured"
        },
        "reviewState": "candidate",
        "asOf": "2026-09-28T18:37:25.526Z",
        "temporalBasis": "source_event"
      }
    },
    {
      "type": "Feature",
      "geometry": {
        "type": "LineString",
        "coordinates": [
          [
            13.55548557472061,
            52.31040027923864
          ],
          [
            13.572411875669856,
            52.319463637690006
          ]
        ]
      },
      "properties": {
        "id": "autobahn:2026-047353--vi-fbm.2026-09-30_10-00-00-000.devi-zus.2026-09-28_08-00-00-000_011.de8",
        "version": "67104a53589a08daf36c333cce32259b3ab129d700408de3246531320b80bbe0",
        "cityId": "strausberg",
        "kind": "roadworks",
        "category": "Sperrung",
        "title": "A10, A13 Bauwerksprüfung Ludwigsfelde-Ost - AK Schönefeld",
        "statement": "A10, A13 Bauwerksprüfung Ludwigsfelde-Ost - AK Schönefeld: eine Sperrung ist im Autobahn-Verkehrsdienst verzeichnet. 30.09.26 von 10:00 bis 12:00 Uhr Die Lage kann auch eine Pendelstrecke außerhalb des Stadtgebiets betreffen.",
        "status": "angekündigt; 30.09.26 von 10:00 bis 12:00 Uhr",
        "startDate": "2026-09-30",
        "endDate": "2026-09-30",
        "nextStep": "Aktuelle Verkehrs- und Sperrinformationen beim Betreiber prüfen.",
        "unknowns": [
          "Genauer Verkehrsverlauf und tatsächliche Dauer vor Ort"
        ],
        "scale": "district",
        "geometryPrecision": "approximate",
        "sources": [
          {
            "url": "https://verkehr.autobahn.de/o/autobahn/A10/services/closure",
            "snapshotUrl": "https://verkehr.autobahn.de/o/autobahn/A10/services/closure",
            "title": "Autobahn A10 closure",
            "publisher": "Autobahn GmbH",
            "locator": "closure[identifier=2026-047353--vi-fbm.2026-09-30_10-00-00-000.devi-zus.2026-09-28_08-00-00-000_011.de8]",
            "retrievedAt": "2026-09-28T18:37:25.526Z",
            "sha256": "1b21109540e6edc064dd5cf56d0cc5040e73cb4d1e67683cb0c03bb3c5f98ca3",
            "snapshot": true,
            "licence": "unknown",
            "reuse": "unknown"
          }
        ],
        "extraction": {
          "method": "structured"
        },
        "reviewState": "candidate",
        "asOf": "2026-09-28T18:37:25.526Z",
        "temporalBasis": "source_event"
      }
    },
    {
      "type": "Feature",
      "geometry": {
        "type": "LineString",
        "coordinates": [
          [
            13.580365392930293,
            52.611000508588866
          ],
          [
            13.785229310569044,
            52.41641912450418
          ]
        ]
      },
      "properties": {
        "id": "autobahn:2026-047635--vi-bs.2026-09-29_08-00-00-000.devi-zus.2026-09-29_08-00-00-000_001.de1",
        "version": "e0c069448f2f5d2e15a2cc50d4a3895e4f68d7182a37574157f39369a1b45873",
        "cityId": "strausberg",
        "kind": "roadworks",
        "category": "Autobahn-Baustelle",
        "title": "A10 | Barnim - Freienbrink",
        "statement": "A10 | Barnim - Freienbrink: eine Baustelle ist im Autobahn-Verkehrsdienst verzeichnet. 29.09.26 von 08:00 bis 16:00 Uhr Die Lage kann auch eine Pendelstrecke außerhalb des Stadtgebiets betreffen.",
        "status": "angekündigt; 29.09.26 von 08:00 bis 16:00 Uhr",
        "startDate": "2026-09-29",
        "endDate": "2026-10-01",
        "nextStep": "Aktuelle Verkehrs- und Sperrinformationen beim Betreiber prüfen.",
        "unknowns": [
          "Genauer Verkehrsverlauf und tatsächliche Dauer vor Ort"
        ],
        "scale": "district",
        "geometryPrecision": "approximate",
        "sources": [
          {
            "url": "https://verkehr.autobahn.de/o/autobahn/A10/services/roadworks",
            "snapshotUrl": "https://verkehr.autobahn.de/o/autobahn/A10/services/roadworks",
            "title": "Autobahn A10 roadworks",
            "publisher": "Autobahn GmbH",
            "locator": "roadworks[identifier=2026-047635--vi-bs.2026-09-29_08-00-00-000.devi-zus.2026-09-29_08-00-00-000_001.de1]",
            "retrievedAt": "2026-09-28T18:37:25.483Z",
            "sha256": "8bc523e457fe08317bd31585d7d01c6070c401e363dce74db31df4b4c25d2302",
            "snapshot": true,
            "licence": "unknown",
            "reuse": "unknown"
          }
        ],
        "extraction": {
          "method": "structured"
        },
        "reviewState": "candidate",
        "asOf": "2026-09-28T18:37:25.483Z",
        "temporalBasis": "source_event"
      }
    },
    {
      "type": "Feature",
      "geometry": {
        "type": "LineString",
        "coordinates": [
          [
            13.785459190351789,
            52.41642791904561
          ],
          [
            13.58043448524911,
            52.61116746261902
          ]
        ]
      },
      "properties": {
        "id": "autobahn:2026-047635--vi-bs.2026-09-29_08-00-00-000.devi-zus.2026-09-29_08-00-00-000_001.de3",
        "version": "49e02492169e498e6fe69663fa154e238671f409591b8ab15d8dd8c6b24ad3e1",
        "cityId": "strausberg",
        "kind": "roadworks",
        "category": "Autobahn-Baustelle",
        "title": "A10 | Freienbrink - Barnim",
        "statement": "A10 | Freienbrink - Barnim: eine Baustelle ist im Autobahn-Verkehrsdienst verzeichnet. 29.09.26 von 08:00 bis 16:00 Uhr Die Lage kann auch eine Pendelstrecke außerhalb des Stadtgebiets betreffen.",
        "status": "angekündigt; 29.09.26 von 08:00 bis 16:00 Uhr",
        "startDate": "2026-09-29",
        "endDate": "2026-10-01",
        "nextStep": "Aktuelle Verkehrs- und Sperrinformationen beim Betreiber prüfen.",
        "unknowns": [
          "Genauer Verkehrsverlauf und tatsächliche Dauer vor Ort"
        ],
        "scale": "district",
        "geometryPrecision": "approximate",
        "sources": [
          {
            "url": "https://verkehr.autobahn.de/o/autobahn/A10/services/roadworks",
            "snapshotUrl": "https://verkehr.autobahn.de/o/autobahn/A10/services/roadworks",
            "title": "Autobahn A10 roadworks",
            "publisher": "Autobahn GmbH",
            "locator": "roadworks[identifier=2026-047635--vi-bs.2026-09-29_08-00-00-000.devi-zus.2026-09-29_08-00-00-000_001.de3]",
            "retrievedAt": "2026-09-28T18:37:25.483Z",
            "sha256": "8bc523e457fe08317bd31585d7d01c6070c401e363dce74db31df4b4c25d2302",
            "snapshot": true,
            "licence": "unknown",
            "reuse": "unknown"
          }
        ],
        "extraction": {
          "method": "structured"
        },
        "reviewState": "candidate",
        "asOf": "2026-09-28T18:37:25.483Z",
        "temporalBasis": "source_event"
      }
    },
    {
      "type": "Feature",
      "geometry": {
        "type": "LineString",
        "coordinates": [
          [
            13.771525835047823,
            52.32159763724386
          ],
          [
            13.768713956288806,
            52.32216400245702
          ]
        ]
      },
      "properties": {
        "id": "autobahn:2026-047635--vi-bs.2026-09-29_08-00-00-000.devi-zus.2026-09-29_08-00-00-000_001.de5",
        "version": "7324982c5e8d75085dec490e3d7a3de396c4f8cc7469685aa152a4a56f22998d",
        "cityId": "strausberg",
        "kind": "roadworks",
        "category": "Autobahn-Baustelle",
        "title": "A12 | Friedersdorf - Spreeau",
        "statement": "A12 | Friedersdorf - Spreeau: eine Baustelle ist im Autobahn-Verkehrsdienst verzeichnet. 10.11.26 von 08:00 bis 16:00 Uhr Die Lage kann auch eine Pendelstrecke außerhalb des Stadtgebiets betreffen.",
        "status": "angekündigt; 10.11.26 von 08:00 bis 16:00 Uhr",
        "startDate": "2026-11-10",
        "endDate": "2026-11-12",
        "nextStep": "Aktuelle Verkehrs- und Sperrinformationen beim Betreiber prüfen.",
        "unknowns": [
          "Genauer Verkehrsverlauf und tatsächliche Dauer vor Ort"
        ],
        "scale": "district",
        "geometryPrecision": "approximate",
        "sources": [
          {
            "url": "https://verkehr.autobahn.de/o/autobahn/A12/services/roadworks",
            "snapshotUrl": "https://verkehr.autobahn.de/o/autobahn/A12/services/roadworks",
            "title": "Autobahn A12 roadworks",
            "publisher": "Autobahn GmbH",
            "locator": "roadworks[identifier=2026-047635--vi-bs.2026-09-29_08-00-00-000.devi-zus.2026-09-29_08-00-00-000_001.de5]",
            "retrievedAt": "2026-09-28T18:37:25.630Z",
            "sha256": "8af3289227b07d303558bb3ff421572a098e38ca478bb2ee41a962722b5ac5f0",
            "snapshot": true,
            "licence": "unknown",
            "reuse": "unknown"
          }
        ],
        "extraction": {
          "method": "structured"
        },
        "reviewState": "candidate",
        "asOf": "2026-09-28T18:37:25.630Z",
        "temporalBasis": "source_event"
      }
    },
    {
      "type": "Feature",
      "geometry": {
        "type": "LineString",
        "coordinates": [
          [
            13.541214738788797,
            52.72395814061028
          ],
          [
            13.565276365793933,
            52.6323934291766
          ]
        ]
      },
      "properties": {
        "id": "autobahn:2026-049193--vi-bs.2026-09-28_08-00-00-000_016.de0",
        "version": "244e6e0be913efc4d38d38a1222c05b51d89f1cc4ff3bc08231be2ad0b502114",
        "cityId": "strausberg",
        "kind": "roadworks",
        "category": "Autobahn-Baustelle",
        "title": "A11 | Wandlitz - Barnim",
        "statement": "A11 | Wandlitz - Barnim: eine Baustelle ist im Autobahn-Verkehrsdienst verzeichnet. 29.09.26 von 08:00 bis 18:00 Uhr Die Lage kann auch eine Pendelstrecke außerhalb des Stadtgebiets betreffen.",
        "status": "im Verkehrsdienst geführt; 29.09.26 von 08:00 bis 18:00 Uhr",
        "startDate": "2026-09-29",
        "endDate": "2026-10-02",
        "nextStep": "Aktuelle Verkehrs- und Sperrinformationen beim Betreiber prüfen.",
        "unknowns": [
          "Genauer Verkehrsverlauf und tatsächliche Dauer vor Ort"
        ],
        "scale": "district",
        "geometryPrecision": "approximate",
        "sources": [
          {
            "url": "https://verkehr.autobahn.de/o/autobahn/A11/services/roadworks",
            "snapshotUrl": "https://verkehr.autobahn.de/o/autobahn/A11/services/roadworks",
            "title": "Autobahn A11 roadworks",
            "publisher": "Autobahn GmbH",
            "locator": "roadworks[identifier=2026-049193--vi-bs.2026-09-28_08-00-00-000_016.de0]",
            "retrievedAt": "2026-09-28T18:37:25.561Z",
            "sha256": "92f9fe2426248ce7f2a4d37c2cd1b4a76ca132875d89c11437f946f0fb9a866a",
            "snapshot": true,
            "licence": "unknown",
            "reuse": "unknown"
          }
        ],
        "extraction": {
          "method": "structured"
        },
        "reviewState": "candidate",
        "asOf": "2026-09-28T18:37:25.561Z",
        "temporalBasis": "source_event"
      }
    },
    {
      "type": "Feature",
      "geometry": null,
      "properties": {
        "id": "budget:investment-outlays-2025",
        "version": "06beccf5c9cd824cca03ac5a8ee687eac6a7522d65fc90ce1715ecc23e89bb73",
        "cityId": "strausberg",
        "kind": "budget",
        "category": "Geplante Investitionsauszahlungen",
        "title": "Investitionsplan 2025",
        "statement": "Der Haushaltsplan der Stadt Strausberg setzt für 2025 geplante Auszahlungen aus Investitionstätigkeit von 17.941.270 EUR fest.",
        "status": "Plan (Haushaltssatzung)",
        "startDate": "2025-01-01",
        "endDate": "2025-12-31",
        "nextStep": "Originalquelle und neueren Stand bei der Stadt prüfen.",
        "unknowns": [
          "Tatsächliche Ausgaben und Einzelprojekte nicht belegt"
        ],
        "scale": "city",
        "geometryPrecision": "none",
        "sources": [
          {
            "url": "https://www.stadt-strausberg.de/wp-content/uploads/2025/04/2024-11-07_Haushaltssatzung_2025_2026.pdf",
            "snapshotUrl": "https://www.stadt-strausberg.de/wp-content/uploads/2025/04/2024-11-07_Haushaltssatzung_2025_2026.pdf",
            "title": "Haushaltssatzung 2025/2026",
            "publisher": "Stadt Strausberg",
            "locator": "PDF Seite 1, § 1, Zeile Auszahlungen aus Investitionstätigkeit, Spalte 2025",
            "retrievedAt": "2026-10-10T09:11:40.645Z",
            "sha256": "721b47b826a1913cee55054d1251857b2c2a6cf4a7f7319a8124110d16332315",
            "snapshot": true,
            "licence": "§ 5 UrhG – amtliches Werk",
            "reuse": "official_work"
          }
        ],
        "extraction": {
          "method": "structured",
          "faithfulness": {
            "score": 1,
            "reason": "The score is 1.00 because there are no contradictions; the actual output faithfully matches the retrieval context.",
            "evaluator": "DeepEval FaithfulnessMetric / llm / codex:gpt-6-luna",
            "threshold": 0.8
          }
        },
        "reviewState": "auto_checked",
        "asOf": "2024-11-07",
        "assertion": {
          "year": 2025,
          "value": 17941270,
          "unit": "EUR"
        },
        "verification": {
          "status": "auto-verified",
          "meaning": "Passed named automated gates; not human review or independent truth certification.",
          "evidenceBasis": "single-primary-source; no independent corroboration",
          "policy": {
            "metric": "DeepEval FaithfulnessMetric",
            "metricVersion": "3.9.9",
            "penalizeAmbiguousClaims": true,
            "threshold": 0.8,
            "model": "codex:gpt-6-luna"
          },
          "extractorVersion": "strausberg-core-pdf-v1",
          "assertionHash": "800e464451a2bad68981c445de4262803b4fd905cf306250f2c7a038ab5abddc",
          "sourceSha256": "721b47b826a1913cee55054d1251857b2c2a6cf4a7f7319a8124110d16332315",
          "deterministic": {
            "passed": true,
            "checks": [
              "document-date-2024-11-07",
              "section-1-plan-not-actual",
              "year-columns-2025-2026",
              "investment-outlays-row-and-EUR"
            ]
          },
          "faithfulness": {
            "score": 1,
            "threshold": 0.8,
            "reason": "The score is 1.00 because there are no contradictions; the actual output faithfully matches the retrieval context.",
            "evaluator": "DeepEval FaithfulnessMetric / llm / codex:gpt-6-luna",
            "model": "codex:gpt-6-luna",
            "actual": true,
            "evaluatedAt": "2026-10-10T09:07:50.268Z",
            "statementHash": "909cb13757bbaec04e02476738d4da7a445d3aa6cc10cf60c4ed270999ba8d69",
            "contextHash": "64c008aaa16172758160e5178d32291a59fdc2e88253ecf901128137147fcf58",
            "evidenceHash": "dd3f5c406a4681ceff21f548527f9c198a14e31fe6b4f3cd7b1d84122387f03f"
          }
        }
      }
    },
    {
      "type": "Feature",
      "geometry": null,
      "properties": {
        "id": "budget:investment-outlays-2026",
        "version": "bd1bd7de3299334ac30625edb2b9379b18fb7a399398b8361cbfc7fd39ad3230",
        "cityId": "strausberg",
        "kind": "budget",
        "category": "Geplante Investitionsauszahlungen",
        "title": "Investitionsplan 2026",
        "statement": "Der Haushaltsplan der Stadt Strausberg setzt für 2026 geplante Auszahlungen aus Investitionstätigkeit von 12.609.320 EUR fest.",
        "status": "Plan (Haushaltssatzung)",
        "startDate": "2026-01-01",
        "endDate": "2026-12-31",
        "nextStep": "Originalquelle und neueren Stand bei der Stadt prüfen.",
        "unknowns": [
          "Tatsächliche Ausgaben und Einzelprojekte nicht belegt"
        ],
        "scale": "city",
        "geometryPrecision": "none",
        "sources": [
          {
            "url": "https://www.stadt-strausberg.de/wp-content/uploads/2025/04/2024-11-07_Haushaltssatzung_2025_2026.pdf",
            "snapshotUrl": "https://www.stadt-strausberg.de/wp-content/uploads/2025/04/2024-11-07_Haushaltssatzung_2025_2026.pdf",
            "title": "Haushaltssatzung 2025/2026",
            "publisher": "Stadt Strausberg",
            "locator": "PDF Seite 1, § 1, Zeile Auszahlungen aus Investitionstätigkeit, Spalte 2026",
            "retrievedAt": "2026-10-10T09:11:40.645Z",
            "sha256": "721b47b826a1913cee55054d1251857b2c2a6cf4a7f7319a8124110d16332315",
            "snapshot": true,
            "licence": "§ 5 UrhG – amtliches Werk",
            "reuse": "official_work"
          }
        ],
        "extraction": {
          "method": "structured",
          "faithfulness": {
            "score": 1,
            "reason": "The score is 1.00 because no contradictions are listed, indicating the actual output aligns with the retrieval context.",
            "evaluator": "DeepEval FaithfulnessMetric / llm / codex:gpt-6-luna",
            "threshold": 0.8
          }
        },
        "reviewState": "auto_checked",
        "asOf": "2024-11-07",
        "assertion": {
          "year": 2026,
          "value": 12609320,
          "unit": "EUR"
        },
        "verification": {
          "status": "auto-verified",
          "meaning": "Passed named automated gates; not human review or independent truth certification.",
          "evidenceBasis": "single-primary-source; no independent corroboration",
          "policy": {
            "metric": "DeepEval FaithfulnessMetric",
            "metricVersion": "3.9.9",
            "penalizeAmbiguousClaims": true,
            "threshold": 0.8,
            "model": "codex:gpt-6-luna"
          },
          "extractorVersion": "strausberg-core-pdf-v1",
          "assertionHash": "cbd107971a2f12429f6e31d5745f464f0a83adc35730dc0c33e6d000474fdee8",
          "sourceSha256": "721b47b826a1913cee55054d1251857b2c2a6cf4a7f7319a8124110d16332315",
          "deterministic": {
            "passed": true,
            "checks": [
              "document-date-2024-11-07",
              "section-1-plan-not-actual",
              "year-columns-2025-2026",
              "investment-outlays-row-and-EUR"
            ]
          },
          "faithfulness": {
            "score": 1,
            "threshold": 0.8,
            "reason": "The score is 1.00 because no contradictions are listed, indicating the actual output aligns with the retrieval context.",
            "evaluator": "DeepEval FaithfulnessMetric / llm / codex:gpt-6-luna",
            "model": "codex:gpt-6-luna",
            "actual": true,
            "evaluatedAt": "2026-10-10T09:08:28.449Z",
            "statementHash": "459ca2379446c3c70479a0fc47124a215a023fb499322409864ecb25c6124cc2",
            "contextHash": "64c008aaa16172758160e5178d32291a59fdc2e88253ecf901128137147fcf58",
            "evidenceHash": "628889f1aa4e4bdd2201d5eb0c77b1332755a3ea913cde10fd3b9cb451bb73c4"
          }
        }
      }
    },
    {
      "type": "Feature",
      "geometry": null,
      "properties": {
        "id": "lake:straussee-level-2026-09-14",
        "version": "c0af066cab55be9c3d6bb05e2821e5a2aef1af26b1df7feb3308aa60d7111fcf",
        "cityId": "strausberg",
        "kind": "measurement",
        "category": "Historischer Wasserstand",
        "title": "Straussee: historische Messung 14.09.2026",
        "statement": "Am 14.09.2026 lag der Wasserstand des Straussees 1,61 m unter Normalstau (historische Messung).",
        "status": "Historische Messung",
        "startDate": "2026-09-14",
        "endDate": "2026-09-14",
        "nextStep": "Originalquelle und neueren Stand bei der Stadt prüfen.",
        "unknowns": [
          "Keine Aussage zum heutigen Wasserstand"
        ],
        "scale": "city",
        "geometryPrecision": "none",
        "sources": [
          {
            "url": "https://www.stadt-strausberg.de/wp-content/uploads/2025/05/26-10-05_Stauhoehe-Straussee.pdf",
            "snapshotUrl": "https://www.stadt-strausberg.de/wp-content/uploads/2025/05/26-10-05_Stauhoehe-Straussee.pdf",
            "title": "Monitoring des Wasserstandes im Straussee",
            "publisher": "Stadt Strausberg",
            "locator": "PDF Seite 1, Zeile 14.09.2026; Defizit 161 cm; Normalstau 65,49 m DHHN 92",
            "retrievedAt": "2026-10-10T09:11:40.515Z",
            "sha256": "11b2d8b03c0d615e056e9aa399bb47ce1665b5f99ac9a79c41dae067e81214b4",
            "snapshot": true,
            "licence": "unknown",
            "reuse": "facts_with_attribution"
          }
        ],
        "extraction": {
          "method": "structured",
          "faithfulness": {
            "score": 1,
            "reason": "The score is 1.00 because there are no contradictions, so the actual output aligns with the retrieval context.",
            "evaluator": "DeepEval FaithfulnessMetric / llm / codex:gpt-6-luna",
            "threshold": 0.8
          }
        },
        "reviewState": "auto_checked",
        "asOf": "2026-10-05",
        "assertion": {
          "date": "2026-09-14",
          "value": -1.61,
          "unit": "m",
          "reference": "Normalstau"
        },
        "verification": {
          "status": "auto-verified",
          "meaning": "Passed named automated gates; not human review or independent truth certification.",
          "evidenceBasis": "single-primary-source; no independent corroboration",
          "policy": {
            "metric": "DeepEval FaithfulnessMetric",
            "metricVersion": "3.9.9",
            "penalizeAmbiguousClaims": true,
            "threshold": 0.8,
            "model": "codex:gpt-6-luna"
          },
          "extractorVersion": "strausberg-core-pdf-v1",
          "assertionHash": "e426f721c889d830c10039014e563d41e74dd776e88577728d2f2bc1bebeba6a",
          "sourceSha256": "11b2d8b03c0d615e056e9aa399bb47ce1665b5f99ac9a79c41dae067e81214b4",
          "deterministic": {
            "passed": true,
            "checks": [
              "document-date-2026-10-05",
              "measurement-row-2026-09-14",
              "reference-normalstau-65.49-m-DHHN92",
              "deficit-161-cm-to-minus-1.61-m"
            ]
          },
          "faithfulness": {
            "score": 1,
            "threshold": 0.8,
            "reason": "The score is 1.00 because there are no contradictions, so the actual output aligns with the retrieval context.",
            "evaluator": "DeepEval FaithfulnessMetric / llm / codex:gpt-6-luna",
            "model": "codex:gpt-6-luna",
            "actual": true,
            "evaluatedAt": "2026-10-10T09:07:22.026Z",
            "statementHash": "b02fe8e1492d60a87af72fe5469893cf95e5b9bb8f717d0573bc3d31e3dced31",
            "contextHash": "dc913093ee8f7d58576d3c9f9237c889391b4fc25dccdba2c2a3c915a005dc5c",
            "evidenceHash": "e8951e39cc35591fb15ad1be5672987a67a0a2f5436aa08f18b81175c944622b"
          }
        }
      }
    },
    {
      "type": "Feature",
      "geometry": {
        "type": "Point",
        "coordinates": [
          13.8998071,
          52.5884347
        ]
      },
      "properties": {
        "id": "osm:node-10250740555",
        "version": "eeba3c73efe5ab5e703ef11ce5611578299e62815ec3172c240a5c157face322",
        "cityId": "strausberg",
        "kind": "place",
        "category": "doctors",
        "title": "Hausarztpraxis Birgit Hanisch",
        "statement": "Hausarztpraxis Birgit Hanisch ist in OpenStreetMap als doctors eingetragen. Öffnungszeiten in OSM eingetragen; nicht unabhängig bestätigt.",
        "status": "OSM-Eintrag, nicht offiziell geprüft",
        "startDate": null,
        "endDate": null,
        "nextStep": "Aktuelle Angaben direkt beim Ort prüfen.",
        "unknowns": [
          "Aktueller Betrieb und tatsächliche Öffnungszeiten"
        ],
        "scale": "street",
        "geometryPrecision": "exact",
        "sources": [
          {
            "url": "https://www.openstreetmap.org/node/10250740555",
            "snapshotUrl": "https://gall.openstreetmap.de/api/interpreter",
            "title": "OpenStreetMap contributors",
            "publisher": "OpenStreetMap contributors",
            "locator": "node/10250740555; tags.name, tags.amenity",
            "retrievedAt": "2026-09-28T18:37:25.186Z",
            "sha256": "ff4e3fbff162c1e3d5217ff0149c5839e641b588faf0bcb22c295abd59c980a0",
            "snapshot": true,
            "licence": "ODbL 1.0",
            "reuse": "open_licence"
          }
        ],
        "extraction": {
          "method": "structured"
        },
        "reviewState": "candidate",
        "asOf": "2026-09-28T18:37:25.186Z",
        "temporalBasis": "observation"
      }
    },
    {
      "type": "Feature",
      "geometry": {
        "type": "Point",
        "coordinates": [
          13.9708546,
          52.5667688
        ]
      },
      "properties": {
        "id": "osm:node-1028750231",
        "version": "4f727571726e149c84ea9910e0c99708eb224d0d21e21e1450e207d90427ccec",
        "cityId": "strausberg",
        "kind": "place",
        "category": "community_centre",
        "title": "Dorfgemeinschaftshaus Hohenstein",
        "statement": "Dorfgemeinschaftshaus Hohenstein ist in OpenStreetMap als community_centre eingetragen. Öffnungszeiten in OSM eingetragen; nicht unabhängig bestätigt.",
        "status": "OSM-Eintrag, nicht offiziell geprüft",
        "startDate": null,
        "endDate": null,
        "nextStep": "Aktuelle Angaben direkt beim Ort prüfen.",
        "unknowns": [
          "Aktueller Betrieb und tatsächliche Öffnungszeiten"
        ],
        "scale": "street",
        "geometryPrecision": "exact",
        "sources": [
          {
            "url": "https://www.openstreetmap.org/node/1028750231",
            "snapshotUrl": "https://gall.openstreetmap.de/api/interpreter",
            "title": "OpenStreetMap contributors",
            "publisher": "OpenStreetMap contributors",
            "locator": "node/1028750231; tags.name, tags.amenity",
            "retrievedAt": "2026-09-28T18:37:25.186Z",
            "sha256": "ff4e3fbff162c1e3d5217ff0149c5839e641b588faf0bcb22c295abd59c980a0",
            "snapshot": true,
            "licence": "ODbL 1.0",
            "reuse": "open_licence"
          }
        ],
        "extraction": {
          "method": "structured"
        },
        "reviewState": "candidate",
        "asOf": "2026-09-28T18:37:25.186Z",
        "temporalBasis": "observation"
      }
    },
    {
      "type": "Feature",
      "geometry": {
        "type": "Point",
        "coordinates": [
          13.8920823,
          52.57549
        ]
      },
      "properties": {
        "id": "osm:node-10893542847",
        "version": "a572157c42fb25496ebbc97b5bbca0544dab6e58720bd0b4eccc3299442ce3c6",
        "cityId": "strausberg",
        "kind": "place",
        "category": "bakery",
        "title": "Hennig",
        "statement": "Hennig ist in OpenStreetMap als bakery eingetragen. Öffnungszeiten in OSM eingetragen; nicht unabhängig bestätigt.",
        "status": "OSM-Eintrag, nicht offiziell geprüft",
        "startDate": null,
        "endDate": null,
        "nextStep": "Aktuelle Angaben direkt beim Ort prüfen.",
        "unknowns": [
          "Aktueller Betrieb und tatsächliche Öffnungszeiten"
        ],
        "scale": "street",
        "geometryPrecision": "exact",
        "sources": [
          {
            "url": "https://www.openstreetmap.org/node/10893542847",
            "snapshotUrl": "https://gall.openstreetmap.de/api/interpreter",
            "title": "OpenStreetMap contributors",
            "publisher": "OpenStreetMap contributors",
            "locator": "node/10893542847; tags.name, tags.shop",
            "retrievedAt": "2026-09-28T18:37:25.186Z",
            "sha256": "ff4e3fbff162c1e3d5217ff0149c5839e641b588faf0bcb22c295abd59c980a0",
            "snapshot": true,
            "licence": "ODbL 1.0",
            "reuse": "open_licence"
          }
        ],
        "extraction": {
          "method": "structured"
        },
        "reviewState": "candidate",
        "asOf": "2026-09-28T18:37:25.186Z",
        "temporalBasis": "observation"
      }
    },
    {
      "type": "Feature",
      "geometry": {
        "type": "Point",
        "coordinates": [
          13.8384198,
          52.5394145
        ]
      },
      "properties": {
        "id": "osm:node-10894513598",
        "version": "857174b9e8fb8259138a54eac24a025aa640329ceae6292728e10756b1e9fcf0",
        "cityId": "strausberg",
        "kind": "place",
        "category": "fitness",
        "title": "Krafttankstelle",
        "statement": "Krafttankstelle ist in OpenStreetMap als fitness eingetragen. Öffnungszeiten in OSM eingetragen; nicht unabhängig bestätigt.",
        "status": "OSM-Eintrag, nicht offiziell geprüft",
        "startDate": null,
        "endDate": null,
        "nextStep": "Aktuelle Angaben direkt beim Ort prüfen.",
        "unknowns": [
          "Aktueller Betrieb und tatsächliche Öffnungszeiten"
        ],
        "scale": "street",
        "geometryPrecision": "exact",
        "sources": [
          {
            "url": "https://www.openstreetmap.org/node/10894513598",
            "snapshotUrl": "https://gall.openstreetmap.de/api/interpreter",
            "title": "OpenStreetMap contributors",
            "publisher": "OpenStreetMap contributors",
            "locator": "node/10894513598; tags.name, tags.sport",
            "retrievedAt": "2026-09-28T18:37:25.186Z",
            "sha256": "ff4e3fbff162c1e3d5217ff0149c5839e641b588faf0bcb22c295abd59c980a0",
            "snapshot": true,
            "licence": "ODbL 1.0",
            "reuse": "open_licence"
          }
        ],
        "extraction": {
          "method": "structured"
        },
        "reviewState": "candidate",
        "asOf": "2026-09-28T18:37:25.186Z",
        "temporalBasis": "observation"
      }
    },
    {
      "type": "Feature",
      "geometry": {
        "type": "Point",
        "coordinates": [
          13.9007257,
          52.5818775
        ]
      },
      "properties": {
        "id": "osm:node-10957548426",
        "version": "6a047584d8c73b02de1b54e244c856d3e64995b31b5abef39244c707bfeb8bba",
        "cityId": "strausberg",
        "kind": "place",
        "category": "post_office",
        "title": "City Brief Bote",
        "statement": "City Brief Bote ist in OpenStreetMap als post_office eingetragen. Öffnungszeiten in OSM eingetragen; nicht unabhängig bestätigt.",
        "status": "OSM-Eintrag, nicht offiziell geprüft",
        "startDate": null,
        "endDate": null,
        "nextStep": "Aktuelle Angaben direkt beim Ort prüfen.",
        "unknowns": [
          "Aktueller Betrieb und tatsächliche Öffnungszeiten"
        ],
        "scale": "street",
        "geometryPrecision": "exact",
        "sources": [
          {
            "url": "https://www.openstreetmap.org/node/10957548426",
            "snapshotUrl": "https://gall.openstreetmap.de/api/interpreter",
            "title": "OpenStreetMap contributors",
            "publisher": "OpenStreetMap contributors",
            "locator": "node/10957548426; tags.name, tags.amenity",
            "retrievedAt": "2026-09-28T18:37:25.186Z",
            "sha256": "ff4e3fbff162c1e3d5217ff0149c5839e641b588faf0bcb22c295abd59c980a0",
            "snapshot": true,
            "licence": "ODbL 1.0",
            "reuse": "open_licence"
          }
        ],
        "extraction": {
          "method": "structured"
        },
        "reviewState": "candidate",
        "asOf": "2026-09-28T18:37:25.186Z",
        "temporalBasis": "observation"
      }
    },
    {
      "type": "Feature",
      "geometry": {
        "type": "Point",
        "coordinates": [
          13.8824316,
          52.5779075
        ]
      },
      "properties": {
        "id": "osm:node-10969497174",
        "version": "a82a7ea63ed3287a30ccfabcbca0ed214000fa838ebfffd1789be0ae4e46e989",
        "cityId": "strausberg",
        "kind": "place",
        "category": "yoga",
        "title": "Hormon Yoga",
        "statement": "Hormon Yoga ist in OpenStreetMap als yoga eingetragen. Betrieb und Öffnungszeiten nicht geprüft.",
        "status": "OSM-Eintrag, nicht offiziell geprüft",
        "startDate": null,
        "endDate": null,
        "nextStep": "Aktuelle Angaben direkt beim Ort prüfen.",
        "unknowns": [
          "Aktueller Betrieb und tatsächliche Öffnungszeiten"
        ],
        "scale": "street",
        "geometryPrecision": "exact",
        "sources": [
          {
            "url": "https://www.openstreetmap.org/node/10969497174",
            "snapshotUrl": "https://gall.openstreetmap.de/api/interpreter",
            "title": "OpenStreetMap contributors",
            "publisher": "OpenStreetMap contributors",
            "locator": "node/10969497174; tags.name, tags.sport",
            "retrievedAt": "2026-09-28T18:37:25.186Z",
            "sha256": "ff4e3fbff162c1e3d5217ff0149c5839e641b588faf0bcb22c295abd59c980a0",
            "snapshot": true,
            "licence": "ODbL 1.0",
            "reuse": "open_licence"
          }
        ],
        "extraction": {
          "method": "structured"
        },
        "reviewState": "candidate",
        "asOf": "2026-09-28T18:37:25.186Z",
        "temporalBasis": "observation"
      }
    },
    {
      "type": "Feature",
      "geometry": {
        "type": "Point",
        "coordinates": [
          13.8924999,
          52.576126
        ]
      },
      "properties": {
        "id": "osm:node-11375680435",
        "version": "aa8ffe530041479ea034775e1cf73ec99d055816e58c3533adb2a6b5b5718160",
        "cityId": "strausberg",
        "kind": "place",
        "category": "doctors",
        "title": "Praxis Dania Prütz - Fachärztin für Allgemeinmedizin, Naturheilkunde, Homöopathie und Akupunktur",
        "statement": "Praxis Dania Prütz - Fachärztin für Allgemeinmedizin, Naturheilkunde, Homöopathie und Akupunktur ist in OpenStreetMap als doctors eingetragen. Öffnungszeiten in OSM eingetragen; nicht unabhängig bestätigt.",
        "status": "OSM-Eintrag, nicht offiziell geprüft",
        "startDate": null,
        "endDate": null,
        "nextStep": "Aktuelle Angaben direkt beim Ort prüfen.",
        "unknowns": [
          "Aktueller Betrieb und tatsächliche Öffnungszeiten"
        ],
        "scale": "street",
        "geometryPrecision": "exact",
        "sources": [
          {
            "url": "https://www.openstreetmap.org/node/11375680435",
            "snapshotUrl": "https://gall.openstreetmap.de/api/interpreter",
            "title": "OpenStreetMap contributors",
            "publisher": "OpenStreetMap contributors",
            "locator": "node/11375680435; tags.name, tags.amenity",
            "retrievedAt": "2026-09-28T18:37:25.186Z",
            "sha256": "ff4e3fbff162c1e3d5217ff0149c5839e641b588faf0bcb22c295abd59c980a0",
            "snapshot": true,
            "licence": "ODbL 1.0",
            "reuse": "open_licence"
          }
        ],
        "extraction": {
          "method": "structured"
        },
        "reviewState": "candidate",
        "asOf": "2026-09-28T18:37:25.186Z",
        "temporalBasis": "observation"
      }
    },
    {
      "type": "Feature",
      "geometry": {
        "type": "Point",
        "coordinates": [
          13.881505,
          52.5776133
        ]
      },
      "properties": {
        "id": "osm:node-1201780398",
        "version": "e2f871cd4c0bb8b386c519dc1530d10bb877e7147bdbc83afee8c8538784baa7",
        "cityId": "strausberg",
        "kind": "place",
        "category": "bakery",
        "title": "Hennig",
        "statement": "Hennig ist in OpenStreetMap als bakery eingetragen. Öffnungszeiten in OSM eingetragen; nicht unabhängig bestätigt.",
        "status": "OSM-Eintrag, nicht offiziell geprüft",
        "startDate": null,
        "endDate": null,
        "nextStep": "Aktuelle Angaben direkt beim Ort prüfen.",
        "unknowns": [
          "Aktueller Betrieb und tatsächliche Öffnungszeiten"
        ],
        "scale": "street",
        "geometryPrecision": "exact",
        "sources": [
          {
            "url": "https://www.openstreetmap.org/node/1201780398",
            "snapshotUrl": "https://gall.openstreetmap.de/api/interpreter",
            "title": "OpenStreetMap contributors",
            "publisher": "OpenStreetMap contributors",
            "locator": "node/1201780398; tags.name, tags.shop",
            "retrievedAt": "2026-09-28T18:37:25.186Z",
            "sha256": "ff4e3fbff162c1e3d5217ff0149c5839e641b588faf0bcb22c295abd59c980a0",
            "snapshot": true,
            "licence": "ODbL 1.0",
            "reuse": "open_licence"
          }
        ],
        "extraction": {
          "method": "structured"
        },
        "reviewState": "candidate",
        "asOf": "2026-09-28T18:37:25.186Z",
        "temporalBasis": "observation"
      }
    },
    {
      "type": "Feature",
      "geometry": {
        "type": "Point",
        "coordinates": [
          13.8915867,
          52.5811644
        ]
      },
      "properties": {
        "id": "osm:node-12124465300",
        "version": "8ba3cf867ebec1f171fd341853af11660daebb690f82eab7044d9fd637735333",
        "cityId": "strausberg",
        "kind": "place",
        "category": "police",
        "title": "Sprechzimmer Revierpolizei",
        "statement": "Sprechzimmer Revierpolizei ist in OpenStreetMap als police eingetragen. Öffnungszeiten in OSM eingetragen; nicht unabhängig bestätigt.",
        "status": "OSM-Eintrag, nicht offiziell geprüft",
        "startDate": null,
        "endDate": null,
        "nextStep": "Aktuelle Angaben direkt beim Ort prüfen.",
        "unknowns": [
          "Aktueller Betrieb und tatsächliche Öffnungszeiten"
        ],
        "scale": "street",
        "geometryPrecision": "exact",
        "sources": [
          {
            "url": "https://www.openstreetmap.org/node/12124465300",
            "snapshotUrl": "https://gall.openstreetmap.de/api/interpreter",
            "title": "OpenStreetMap contributors",
            "publisher": "OpenStreetMap contributors",
            "locator": "node/12124465300; tags.name, tags.amenity",
            "retrievedAt": "2026-09-28T18:37:25.186Z",
            "sha256": "ff4e3fbff162c1e3d5217ff0149c5839e641b588faf0bcb22c295abd59c980a0",
            "snapshot": true,
            "licence": "ODbL 1.0",
            "reuse": "open_licence"
          }
        ],
        "extraction": {
          "method": "structured"
        },
        "reviewState": "candidate",
        "asOf": "2026-09-28T18:37:25.186Z",
        "temporalBasis": "observation"
      }
    },
    {
      "type": "Feature",
      "geometry": {
        "type": "Point",
        "coordinates": [
          13.8818546,
          52.5819131
        ]
      },
      "properties": {
        "id": "osm:node-12272893629",
        "version": "a938776c1947537e10a07115de6061d92dc5335aa4ba597f4f2875fe5b98a121",
        "cityId": "strausberg",
        "kind": "place",
        "category": "clinic",
        "title": "Psychiatrische Tagesklinik Strausberg",
        "statement": "Psychiatrische Tagesklinik Strausberg ist in OpenStreetMap als clinic eingetragen. Öffnungszeiten in OSM eingetragen; nicht unabhängig bestätigt.",
        "status": "OSM-Eintrag, nicht offiziell geprüft",
        "startDate": null,
        "endDate": null,
        "nextStep": "Aktuelle Angaben direkt beim Ort prüfen.",
        "unknowns": [
          "Aktueller Betrieb und tatsächliche Öffnungszeiten"
        ],
        "scale": "street",
        "geometryPrecision": "exact",
        "sources": [
          {
            "url": "https://www.openstreetmap.org/node/12272893629",
            "snapshotUrl": "https://gall.openstreetmap.de/api/interpreter",
            "title": "OpenStreetMap contributors",
            "publisher": "OpenStreetMap contributors",
            "locator": "node/12272893629; tags.name, tags.amenity",
            "retrievedAt": "2026-09-28T18:37:25.186Z",
            "sha256": "ff4e3fbff162c1e3d5217ff0149c5839e641b588faf0bcb22c295abd59c980a0",
            "snapshot": true,
            "licence": "ODbL 1.0",
            "reuse": "open_licence"
          }
        ],
        "extraction": {
          "method": "structured"
        },
        "reviewState": "candidate",
        "asOf": "2026-09-28T18:37:25.186Z",
        "temporalBasis": "observation"
      }
    },
    {
      "type": "Feature",
      "geometry": {
        "type": "Point",
        "coordinates": [
          13.8818146,
          52.58193
        ]
      },
      "properties": {
        "id": "osm:node-12273467435",
        "version": "4f54a7f6940f802f7259a0245abc20a5323749e5a339336894585310cf52bc4b",
        "cityId": "strausberg",
        "kind": "place",
        "category": "clinic",
        "title": "Sana Tagesklinik Strausberg",
        "statement": "Sana Tagesklinik Strausberg ist in OpenStreetMap als clinic eingetragen. Betrieb und Öffnungszeiten nicht geprüft.",
        "status": "OSM-Eintrag, nicht offiziell geprüft",
        "startDate": null,
        "endDate": null,
        "nextStep": "Aktuelle Angaben direkt beim Ort prüfen.",
        "unknowns": [
          "Aktueller Betrieb und tatsächliche Öffnungszeiten"
        ],
        "scale": "street",
        "geometryPrecision": "exact",
        "sources": [
          {
            "url": "https://www.openstreetmap.org/node/12273467435",
            "snapshotUrl": "https://gall.openstreetmap.de/api/interpreter",
            "title": "OpenStreetMap contributors",
            "publisher": "OpenStreetMap contributors",
            "locator": "node/12273467435; tags.name, tags.amenity",
            "retrievedAt": "2026-09-28T18:37:25.186Z",
            "sha256": "ff4e3fbff162c1e3d5217ff0149c5839e641b588faf0bcb22c295abd59c980a0",
            "snapshot": true,
            "licence": "ODbL 1.0",
            "reuse": "open_licence"
          }
        ],
        "extraction": {
          "method": "structured"
        },
        "reviewState": "candidate",
        "asOf": "2026-09-28T18:37:25.186Z",
        "temporalBasis": "observation"
      }
    },
    {
      "type": "Feature",
      "geometry": {
        "type": "Point",
        "coordinates": [
          13.8782238,
          52.5731927
        ]
      },
      "properties": {
        "id": "osm:node-12368656601",
        "version": "5430fd30c2c2aad6d27aa39998eb863717be407b3280b0f1b3ca13612e0c6e4d",
        "cityId": "strausberg",
        "kind": "place",
        "category": "community_centre",
        "title": "Julie",
        "statement": "Julie ist in OpenStreetMap als community_centre eingetragen. Betrieb und Öffnungszeiten nicht geprüft.",
        "status": "OSM-Eintrag, nicht offiziell geprüft",
        "startDate": null,
        "endDate": null,
        "nextStep": "Aktuelle Angaben direkt beim Ort prüfen.",
        "unknowns": [
          "Aktueller Betrieb und tatsächliche Öffnungszeiten"
        ],
        "scale": "street",
        "geometryPrecision": "exact",
        "sources": [
          {
            "url": "https://www.openstreetmap.org/node/12368656601",
            "snapshotUrl": "https://gall.openstreetmap.de/api/interpreter",
            "title": "OpenStreetMap contributors",
            "publisher": "OpenStreetMap contributors",
            "locator": "node/12368656601; tags.name, tags.amenity",
            "retrievedAt": "2026-09-28T18:37:25.186Z",
            "sha256": "ff4e3fbff162c1e3d5217ff0149c5839e641b588faf0bcb22c295abd59c980a0",
            "snapshot": true,
            "licence": "ODbL 1.0",
            "reuse": "open_licence"
          }
        ],
        "extraction": {
          "method": "structured"
        },
        "reviewState": "candidate",
        "asOf": "2026-09-28T18:37:25.186Z",
        "temporalBasis": "observation"
      }
    },
    {
      "type": "Feature",
      "geometry": {
        "type": "Point",
        "coordinates": [
          13.839127,
          52.5442403
        ]
      },
      "properties": {
        "id": "osm:node-12369543946",
        "version": "18f923bf54685b90cce21b33332190d3ea9923198fe9e1a2e6b9c18196b0d57d",
        "cityId": "strausberg",
        "kind": "place",
        "category": "shooting",
        "title": "Schützengilde Strausberg",
        "statement": "Schützengilde Strausberg ist in OpenStreetMap als shooting eingetragen. Betrieb und Öffnungszeiten nicht geprüft.",
        "status": "OSM-Eintrag, nicht offiziell geprüft",
        "startDate": null,
        "endDate": null,
        "nextStep": "Aktuelle Angaben direkt beim Ort prüfen.",
        "unknowns": [
          "Aktueller Betrieb und tatsächliche Öffnungszeiten"
        ],
        "scale": "street",
        "geometryPrecision": "exact",
        "sources": [
          {
            "url": "https://www.openstreetmap.org/node/12369543946",
            "snapshotUrl": "https://gall.openstreetmap.de/api/interpreter",
            "title": "OpenStreetMap contributors",
            "publisher": "OpenStreetMap contributors",
            "locator": "node/12369543946; tags.name, tags.sport",
            "retrievedAt": "2026-09-28T18:37:25.186Z",
            "sha256": "ff4e3fbff162c1e3d5217ff0149c5839e641b588faf0bcb22c295abd59c980a0",
            "snapshot": true,
            "licence": "ODbL 1.0",
            "reuse": "open_licence"
          }
        ],
        "extraction": {
          "method": "structured"
        },
        "reviewState": "candidate",
        "asOf": "2026-09-28T18:37:25.186Z",
        "temporalBasis": "observation"
      }
    },
    {
      "type": "Feature",
      "geometry": {
        "type": "Point",
        "coordinates": [
          13.8402805,
          52.5390011
        ]
      },
      "properties": {
        "id": "osm:node-12743368984",
        "version": "cd959aaf0cff8e8d55aa04deadfcc0bf49f19d855e25bea91b66c16f11012af4",
        "cityId": "strausberg",
        "kind": "place",
        "category": "police",
        "title": "Revierpolizei",
        "statement": "Revierpolizei ist in OpenStreetMap als police eingetragen. Betrieb und Öffnungszeiten nicht geprüft.",
        "status": "OSM-Eintrag, nicht offiziell geprüft",
        "startDate": null,
        "endDate": null,
        "nextStep": "Aktuelle Angaben direkt beim Ort prüfen.",
        "unknowns": [
          "Aktueller Betrieb und tatsächliche Öffnungszeiten"
        ],
        "scale": "street",
        "geometryPrecision": "exact",
        "sources": [
          {
            "url": "https://www.openstreetmap.org/node/12743368984",
            "snapshotUrl": "https://gall.openstreetmap.de/api/interpreter",
            "title": "OpenStreetMap contributors",
            "publisher": "OpenStreetMap contributors",
            "locator": "node/12743368984; tags.name, tags.amenity",
            "retrievedAt": "2026-09-28T18:37:25.186Z",
            "sha256": "ff4e3fbff162c1e3d5217ff0149c5839e641b588faf0bcb22c295abd59c980a0",
            "snapshot": true,
            "licence": "ODbL 1.0",
            "reuse": "open_licence"
          }
        ],
        "extraction": {
          "method": "structured"
        },
        "reviewState": "candidate",
        "asOf": "2026-09-28T18:37:25.186Z",
        "temporalBasis": "observation"
      }
    },
    {
      "type": "Feature",
      "geometry": {
        "type": "Point",
        "coordinates": [
          13.8378209,
          52.5420425
        ]
      },
      "properties": {
        "id": "osm:node-12743368985",
        "version": "945b062de35143334443b4422ba6b22012fe25ede20fe7c3b80b7bc716dbe1d3",
        "cityId": "strausberg",
        "kind": "place",
        "category": "sport",
        "title": "GSt. FC Strausberg e. V.",
        "statement": "GSt. FC Strausberg e. V. ist in OpenStreetMap als sport eingetragen. Betrieb und Öffnungszeiten nicht geprüft.",
        "status": "OSM-Eintrag, nicht offiziell geprüft",
        "startDate": null,
        "endDate": null,
        "nextStep": "Aktuelle Angaben direkt beim Ort prüfen.",
        "unknowns": [
          "Aktueller Betrieb und tatsächliche Öffnungszeiten"
        ],
        "scale": "street",
        "geometryPrecision": "exact",
        "sources": [
          {
            "url": "https://www.openstreetmap.org/node/12743368985",
            "snapshotUrl": "https://gall.openstreetmap.de/api/interpreter",
            "title": "OpenStreetMap contributors",
            "publisher": "OpenStreetMap contributors",
            "locator": "node/12743368985; tags.name, tags.club",
            "retrievedAt": "2026-09-28T18:37:25.186Z",
            "sha256": "ff4e3fbff162c1e3d5217ff0149c5839e641b588faf0bcb22c295abd59c980a0",
            "snapshot": true,
            "licence": "ODbL 1.0",
            "reuse": "open_licence"
          }
        ],
        "extraction": {
          "method": "structured"
        },
        "reviewState": "candidate",
        "asOf": "2026-09-28T18:37:25.186Z",
        "temporalBasis": "observation"
      }
    },
    {
      "type": "Feature",
      "geometry": {
        "type": "Point",
        "coordinates": [
          13.8366598,
          52.5433177
        ]
      },
      "properties": {
        "id": "osm:node-12743368986",
        "version": "13cdc0f4165e66792f4568a8a693e86f4c1653ebdd3c721910e71fa53c3b56cc",
        "cityId": "strausberg",
        "kind": "place",
        "category": "culture",
        "title": "OMCD e.V.",
        "statement": "OMCD e.V. ist in OpenStreetMap als culture eingetragen. Betrieb und Öffnungszeiten nicht geprüft.",
        "status": "OSM-Eintrag, nicht offiziell geprüft",
        "startDate": null,
        "endDate": null,
        "nextStep": "Aktuelle Angaben direkt beim Ort prüfen.",
        "unknowns": [
          "Aktueller Betrieb und tatsächliche Öffnungszeiten"
        ],
        "scale": "street",
        "geometryPrecision": "exact",
        "sources": [
          {
            "url": "https://www.openstreetmap.org/node/12743368986",
            "snapshotUrl": "https://gall.openstreetmap.de/api/interpreter",
            "title": "OpenStreetMap contributors",
            "publisher": "OpenStreetMap contributors",
            "locator": "node/12743368986; tags.name, tags.club",
            "retrievedAt": "2026-09-28T18:37:25.186Z",
            "sha256": "ff4e3fbff162c1e3d5217ff0149c5839e641b588faf0bcb22c295abd59c980a0",
            "snapshot": true,
            "licence": "ODbL 1.0",
            "reuse": "open_licence"
          }
        ],
        "extraction": {
          "method": "structured"
        },
        "reviewState": "candidate",
        "asOf": "2026-09-28T18:37:25.186Z",
        "temporalBasis": "observation"
      }
    },
    {
      "type": "Feature",
      "geometry": {
        "type": "Point",
        "coordinates": [
          13.9902242,
          52.5689431
        ]
      },
      "properties": {
        "id": "osm:node-1361867450",
        "version": "4be5258b5df17a19b70536b740fdfcb451104b2a8f5c72d5cd2bd82a346317ba",
        "cityId": "strausberg",
        "kind": "place",
        "category": "equestrian",
        "title": "Ewaldhof GbR - Jürgen & Kirsten Ewald",
        "statement": "Ewaldhof GbR - Jürgen & Kirsten Ewald ist in OpenStreetMap als equestrian eingetragen. Betrieb und Öffnungszeiten nicht geprüft.",
        "status": "OSM-Eintrag, nicht offiziell geprüft",
        "startDate": null,
        "endDate": null,
        "nextStep": "Aktuelle Angaben direkt beim Ort prüfen.",
        "unknowns": [
          "Aktueller Betrieb und tatsächliche Öffnungszeiten"
        ],
        "scale": "street",
        "geometryPrecision": "exact",
        "sources": [
          {
            "url": "https://www.openstreetmap.org/node/1361867450",
            "snapshotUrl": "https://gall.openstreetmap.de/api/interpreter",
            "title": "OpenStreetMap contributors",
            "publisher": "OpenStreetMap contributors",
            "locator": "node/1361867450; tags.name, tags.sport",
            "retrievedAt": "2026-09-28T18:37:25.186Z",
            "sha256": "ff4e3fbff162c1e3d5217ff0149c5839e641b588faf0bcb22c295abd59c980a0",
            "snapshot": true,
            "licence": "ODbL 1.0",
            "reuse": "open_licence"
          }
        ],
        "extraction": {
          "method": "structured"
        },
        "reviewState": "candidate",
        "asOf": "2026-09-28T18:37:25.186Z",
        "temporalBasis": "observation"
      }
    },
    {
      "type": "Feature",
      "geometry": {
        "type": "Point",
        "coordinates": [
          13.8805918,
          52.5804871
        ]
      },
      "properties": {
        "id": "osm:node-13783805116",
        "version": "0b9847810dc6d87ba78af31ae45d86f883990b72fc1e047282c0a44bc618d752",
        "cityId": "strausberg",
        "kind": "place",
        "category": "post_office",
        "title": "DHL",
        "statement": "DHL ist in OpenStreetMap als post_office eingetragen. Öffnungszeiten in OSM eingetragen; nicht unabhängig bestätigt.",
        "status": "OSM-Eintrag, nicht offiziell geprüft",
        "startDate": null,
        "endDate": null,
        "nextStep": "Aktuelle Angaben direkt beim Ort prüfen.",
        "unknowns": [
          "Aktueller Betrieb und tatsächliche Öffnungszeiten"
        ],
        "scale": "street",
        "geometryPrecision": "exact",
        "sources": [
          {
            "url": "https://www.openstreetmap.org/node/13783805116",
            "snapshotUrl": "https://gall.openstreetmap.de/api/interpreter",
            "title": "OpenStreetMap contributors",
            "publisher": "OpenStreetMap contributors",
            "locator": "node/13783805116; tags.name, tags.amenity",
            "retrievedAt": "2026-09-28T18:37:25.186Z",
            "sha256": "ff4e3fbff162c1e3d5217ff0149c5839e641b588faf0bcb22c295abd59c980a0",
            "snapshot": true,
            "licence": "ODbL 1.0",
            "reuse": "open_licence"
          }
        ],
        "extraction": {
          "method": "structured"
        },
        "reviewState": "candidate",
        "asOf": "2026-09-28T18:37:25.186Z",
        "temporalBasis": "observation"
      }
    },
    {
      "type": "Feature",
      "geometry": {
        "type": "Point",
        "coordinates": [
          13.8816884,
          52.5773317
        ]
      },
      "properties": {
        "id": "osm:node-13789549896",
        "version": "4fc29ad607c2c8b4746d556af146966989afd224ade11c1b61f18c594a420fad",
        "cityId": "strausberg",
        "kind": "place",
        "category": "doctors",
        "title": "Marina Hebes - Fachärztin für Innere Medizin",
        "statement": "Marina Hebes - Fachärztin für Innere Medizin ist in OpenStreetMap als doctors eingetragen. Öffnungszeiten in OSM eingetragen; nicht unabhängig bestätigt.",
        "status": "OSM-Eintrag, nicht offiziell geprüft",
        "startDate": null,
        "endDate": null,
        "nextStep": "Aktuelle Angaben direkt beim Ort prüfen.",
        "unknowns": [
          "Aktueller Betrieb und tatsächliche Öffnungszeiten"
        ],
        "scale": "street",
        "geometryPrecision": "exact",
        "sources": [
          {
            "url": "https://www.openstreetmap.org/node/13789549896",
            "snapshotUrl": "https://gall.openstreetmap.de/api/interpreter",
            "title": "OpenStreetMap contributors",
            "publisher": "OpenStreetMap contributors",
            "locator": "node/13789549896; tags.name, tags.amenity",
            "retrievedAt": "2026-09-28T18:37:25.186Z",
            "sha256": "ff4e3fbff162c1e3d5217ff0149c5839e641b588faf0bcb22c295abd59c980a0",
            "snapshot": true,
            "licence": "ODbL 1.0",
            "reuse": "open_licence"
          }
        ],
        "extraction": {
          "method": "structured"
        },
        "reviewState": "candidate",
        "asOf": "2026-09-28T18:37:25.186Z",
        "temporalBasis": "observation"
      }
    },
    {
      "type": "Feature",
      "geometry": {
        "type": "Point",
        "coordinates": [
          13.8816865,
          52.5773089
        ]
      },
      "properties": {
        "id": "osm:node-13789668887",
        "version": "306bdd88e533c899eca4f17bb1ab0d3b64c29aec4d5e49125326123b10e0433c",
        "cityId": "strausberg",
        "kind": "place",
        "category": "doctors",
        "title": "Kardiologie am Landsberger Tor",
        "statement": "Kardiologie am Landsberger Tor ist in OpenStreetMap als doctors eingetragen. Öffnungszeiten in OSM eingetragen; nicht unabhängig bestätigt.",
        "status": "OSM-Eintrag, nicht offiziell geprüft",
        "startDate": null,
        "endDate": null,
        "nextStep": "Aktuelle Angaben direkt beim Ort prüfen.",
        "unknowns": [
          "Aktueller Betrieb und tatsächliche Öffnungszeiten"
        ],
        "scale": "street",
        "geometryPrecision": "exact",
        "sources": [
          {
            "url": "https://www.openstreetmap.org/node/13789668887",
            "snapshotUrl": "https://gall.openstreetmap.de/api/interpreter",
            "title": "OpenStreetMap contributors",
            "publisher": "OpenStreetMap contributors",
            "locator": "node/13789668887; tags.name, tags.amenity",
            "retrievedAt": "2026-09-28T18:37:25.186Z",
            "sha256": "ff4e3fbff162c1e3d5217ff0149c5839e641b588faf0bcb22c295abd59c980a0",
            "snapshot": true,
            "licence": "ODbL 1.0",
            "reuse": "open_licence"
          }
        ],
        "extraction": {
          "method": "structured"
        },
        "reviewState": "candidate",
        "asOf": "2026-09-28T18:37:25.186Z",
        "temporalBasis": "observation"
      }
    },
    {
      "type": "Feature",
      "geometry": {
        "type": "Point",
        "coordinates": [
          13.8709727,
          52.5578867
        ]
      },
      "properties": {
        "id": "osm:node-13789668888",
        "version": "5493cf01a78dadef534de64852dd78adfe415331f0d7abee81b8521715cfce0d",
        "cityId": "strausberg",
        "kind": "place",
        "category": "supermarket",
        "title": "Netto Marken-Discount",
        "statement": "Netto Marken-Discount ist in OpenStreetMap als supermarket eingetragen. Öffnungszeiten in OSM eingetragen; nicht unabhängig bestätigt.",
        "status": "OSM-Eintrag, nicht offiziell geprüft",
        "startDate": null,
        "endDate": null,
        "nextStep": "Aktuelle Angaben direkt beim Ort prüfen.",
        "unknowns": [
          "Aktueller Betrieb und tatsächliche Öffnungszeiten"
        ],
        "scale": "street",
        "geometryPrecision": "exact",
        "sources": [
          {
            "url": "https://www.openstreetmap.org/node/13789668888",
            "snapshotUrl": "https://gall.openstreetmap.de/api/interpreter",
            "title": "OpenStreetMap contributors",
            "publisher": "OpenStreetMap contributors",
            "locator": "node/13789668888; tags.name, tags.shop",
            "retrievedAt": "2026-09-28T18:37:25.186Z",
            "sha256": "ff4e3fbff162c1e3d5217ff0149c5839e641b588faf0bcb22c295abd59c980a0",
            "snapshot": true,
            "licence": "ODbL 1.0",
            "reuse": "open_licence"
          }
        ],
        "extraction": {
          "method": "structured"
        },
        "reviewState": "candidate",
        "asOf": "2026-09-28T18:37:25.186Z",
        "temporalBasis": "observation"
      }
    },
    {
      "type": "Feature",
      "geometry": {
        "type": "Point",
        "coordinates": [
          13.895585,
          52.553841
        ]
      },
      "properties": {
        "id": "osm:node-1414755949",
        "version": "1046e41021bb16d1fd4ba771d6ffa58ed78666e7971247b3b10856ca628f290b",
        "cityId": "strausberg",
        "kind": "place",
        "category": "fishing",
        "title": "Baggerteiche im Fasanenpark Strausberg",
        "statement": "Baggerteiche im Fasanenpark Strausberg ist in OpenStreetMap als fishing eingetragen. Betrieb und Öffnungszeiten nicht geprüft.",
        "status": "OSM-Eintrag, nicht offiziell geprüft",
        "startDate": null,
        "endDate": null,
        "nextStep": "Aktuelle Angaben direkt beim Ort prüfen.",
        "unknowns": [
          "Aktueller Betrieb und tatsächliche Öffnungszeiten"
        ],
        "scale": "street",
        "geometryPrecision": "exact",
        "sources": [
          {
            "url": "https://www.openstreetmap.org/node/1414755949",
            "snapshotUrl": "https://gall.openstreetmap.de/api/interpreter",
            "title": "OpenStreetMap contributors",
            "publisher": "OpenStreetMap contributors",
            "locator": "node/1414755949; tags.name, tags.sport",
            "retrievedAt": "2026-09-28T18:37:25.186Z",
            "sha256": "ff4e3fbff162c1e3d5217ff0149c5839e641b588faf0bcb22c295abd59c980a0",
            "snapshot": true,
            "licence": "ODbL 1.0",
            "reuse": "open_licence"
          }
        ],
        "extraction": {
          "method": "structured"
        },
        "reviewState": "candidate",
        "asOf": "2026-09-28T18:37:25.186Z",
        "temporalBasis": "observation"
      }
    },
    {
      "type": "Feature",
      "geometry": {
        "type": "Point",
        "coordinates": [
          13.8972676,
          52.5820422
        ]
      },
      "properties": {
        "id": "osm:node-1526958171",
        "version": "27d3d79efcde5876309ef7d41fb12bfd248cba70cfaf51d5d25a38522a0c9518",
        "cityId": "strausberg",
        "kind": "place",
        "category": "school",
        "title": "Strausberger Bildungs- und Sozialwerk e.V.",
        "statement": "Strausberger Bildungs- und Sozialwerk e.V. ist in OpenStreetMap als school eingetragen. Betrieb und Öffnungszeiten nicht geprüft.",
        "status": "OSM-Eintrag, nicht offiziell geprüft",
        "startDate": null,
        "endDate": null,
        "nextStep": "Aktuelle Angaben direkt beim Ort prüfen.",
        "unknowns": [
          "Aktueller Betrieb und tatsächliche Öffnungszeiten"
        ],
        "scale": "street",
        "geometryPrecision": "exact",
        "sources": [
          {
            "url": "https://www.openstreetmap.org/node/1526958171",
            "snapshotUrl": "https://gall.openstreetmap.de/api/interpreter",
            "title": "OpenStreetMap contributors",
            "publisher": "OpenStreetMap contributors",
            "locator": "node/1526958171; tags.name, tags.amenity",
            "retrievedAt": "2026-09-28T18:37:25.186Z",
            "sha256": "ff4e3fbff162c1e3d5217ff0149c5839e641b588faf0bcb22c295abd59c980a0",
            "snapshot": true,
            "licence": "ODbL 1.0",
            "reuse": "open_licence"
          }
        ],
        "extraction": {
          "method": "structured"
        },
        "reviewState": "candidate",
        "asOf": "2026-09-28T18:37:25.186Z",
        "temporalBasis": "observation"
      }
    },
    {
      "type": "Feature",
      "geometry": {
        "type": "Point",
        "coordinates": [
          13.8595905,
          52.5481974
        ]
      },
      "properties": {
        "id": "osm:node-1631758479",
        "version": "d7d5b1259638a66076753abcf24a0caa14814a9b0367ac5890da20aebfbd7c06",
        "cityId": "strausberg",
        "kind": "place",
        "category": "police",
        "title": "Strausberg, Polizeiinspektion Märkisch-Oderland",
        "statement": "Strausberg, Polizeiinspektion Märkisch-Oderland ist in OpenStreetMap als police eingetragen. Betrieb und Öffnungszeiten nicht geprüft.",
        "status": "OSM-Eintrag, nicht offiziell geprüft",
        "startDate": null,
        "endDate": null,
        "nextStep": "Aktuelle Angaben direkt beim Ort prüfen.",
        "unknowns": [
          "Aktueller Betrieb und tatsächliche Öffnungszeiten"
        ],
        "scale": "street",
        "geometryPrecision": "exact",
        "sources": [
          {
            "url": "https://www.openstreetmap.org/node/1631758479",
            "snapshotUrl": "https://gall.openstreetmap.de/api/interpreter",
            "title": "OpenStreetMap contributors",
            "publisher": "OpenStreetMap contributors",
            "locator": "node/1631758479; tags.name, tags.amenity",
            "retrievedAt": "2026-09-28T18:37:25.186Z",
            "sha256": "ff4e3fbff162c1e3d5217ff0149c5839e641b588faf0bcb22c295abd59c980a0",
            "snapshot": true,
            "licence": "ODbL 1.0",
            "reuse": "open_licence"
          }
        ],
        "extraction": {
          "method": "structured"
        },
        "reviewState": "candidate",
        "asOf": "2026-09-28T18:37:25.186Z",
        "temporalBasis": "observation"
      }
    },
    {
      "type": "Feature",
      "geometry": {
        "type": "Point",
        "coordinates": [
          13.8823131,
          52.5752171
        ]
      },
      "properties": {
        "id": "osm:node-1631758488",
        "version": "73ea75c78a9166149be469d952ffcf84bdcfd5ca19d5435a5d7ed1cd24d6d3f3",
        "cityId": "strausberg",
        "kind": "place",
        "category": "library",
        "title": "Heinrich-Mann-Bibliothek Strausberg",
        "statement": "Heinrich-Mann-Bibliothek Strausberg ist in OpenStreetMap als library eingetragen. Öffnungszeiten in OSM eingetragen; nicht unabhängig bestätigt.",
        "status": "OSM-Eintrag, nicht offiziell geprüft",
        "startDate": null,
        "endDate": null,
        "nextStep": "Aktuelle Angaben direkt beim Ort prüfen.",
        "unknowns": [
          "Aktueller Betrieb und tatsächliche Öffnungszeiten"
        ],
        "scale": "street",
        "geometryPrecision": "exact",
        "sources": [
          {
            "url": "https://www.openstreetmap.org/node/1631758488",
            "snapshotUrl": "https://gall.openstreetmap.de/api/interpreter",
            "title": "OpenStreetMap contributors",
            "publisher": "OpenStreetMap contributors",
            "locator": "node/1631758488; tags.name, tags.amenity",
            "retrievedAt": "2026-09-28T18:37:25.186Z",
            "sha256": "ff4e3fbff162c1e3d5217ff0149c5839e641b588faf0bcb22c295abd59c980a0",
            "snapshot": true,
            "licence": "ODbL 1.0",
            "reuse": "open_licence"
          }
        ],
        "extraction": {
          "method": "structured"
        },
        "reviewState": "candidate",
        "asOf": "2026-09-28T18:37:25.186Z",
        "temporalBasis": "observation"
      }
    },
    {
      "type": "Feature",
      "geometry": {
        "type": "Point",
        "coordinates": [
          13.8449774,
          52.5306062
        ]
      },
      "properties": {
        "id": "osm:node-1758630727",
        "version": "259d5eaf5528a23fd0cdb99780b64fee298b57cc1466d77047e1f3053412e312",
        "cityId": "strausberg",
        "kind": "place",
        "category": "school",
        "title": "Montessori Oberschule Strausberg",
        "statement": "Montessori Oberschule Strausberg ist in OpenStreetMap als school eingetragen. Betrieb und Öffnungszeiten nicht geprüft.",
        "status": "OSM-Eintrag, nicht offiziell geprüft",
        "startDate": null,
        "endDate": null,
        "nextStep": "Aktuelle Angaben direkt beim Ort prüfen.",
        "unknowns": [
          "Aktueller Betrieb und tatsächliche Öffnungszeiten"
        ],
        "scale": "street",
        "geometryPrecision": "exact",
        "sources": [
          {
            "url": "https://www.openstreetmap.org/node/1758630727",
            "snapshotUrl": "https://gall.openstreetmap.de/api/interpreter",
            "title": "OpenStreetMap contributors",
            "publisher": "OpenStreetMap contributors",
            "locator": "node/1758630727; tags.name, tags.amenity",
            "retrievedAt": "2026-09-28T18:37:25.186Z",
            "sha256": "ff4e3fbff162c1e3d5217ff0149c5839e641b588faf0bcb22c295abd59c980a0",
            "snapshot": true,
            "licence": "ODbL 1.0",
            "reuse": "open_licence"
          }
        ],
        "extraction": {
          "method": "structured"
        },
        "reviewState": "candidate",
        "asOf": "2026-09-28T18:37:25.186Z",
        "temporalBasis": "observation"
      }
    },
    {
      "type": "Feature",
      "geometry": {
        "type": "Point",
        "coordinates": [
          13.8817844,
          52.5774795
        ]
      },
      "properties": {
        "id": "osm:node-3097198624",
        "version": "cf3407f17149c184b91bbb1e6298a8d8f71b920597d1d3ec87c43f382df0cbda",
        "cityId": "strausberg",
        "kind": "place",
        "category": "supermarket",
        "title": "nah und gut",
        "statement": "nah und gut ist in OpenStreetMap als supermarket eingetragen. Öffnungszeiten in OSM eingetragen; nicht unabhängig bestätigt.",
        "status": "OSM-Eintrag, nicht offiziell geprüft",
        "startDate": null,
        "endDate": null,
        "nextStep": "Aktuelle Angaben direkt beim Ort prüfen.",
        "unknowns": [
          "Aktueller Betrieb und tatsächliche Öffnungszeiten"
        ],
        "scale": "street",
        "geometryPrecision": "exact",
        "sources": [
          {
            "url": "https://www.openstreetmap.org/node/3097198624",
            "snapshotUrl": "https://gall.openstreetmap.de/api/interpreter",
            "title": "OpenStreetMap contributors",
            "publisher": "OpenStreetMap contributors",
            "locator": "node/3097198624; tags.name, tags.shop",
            "retrievedAt": "2026-09-28T18:37:25.186Z",
            "sha256": "ff4e3fbff162c1e3d5217ff0149c5839e641b588faf0bcb22c295abd59c980a0",
            "snapshot": true,
            "licence": "ODbL 1.0",
            "reuse": "open_licence"
          }
        ],
        "extraction": {
          "method": "structured"
        },
        "reviewState": "candidate",
        "asOf": "2026-09-28T18:37:25.186Z",
        "temporalBasis": "observation"
      }
    },
    {
      "type": "Feature",
      "geometry": {
        "type": "Point",
        "coordinates": [
          13.9017317,
          52.5894731
        ]
      },
      "properties": {
        "id": "osm:node-3356203011",
        "version": "c8cf77fd541c908346e47280d977969e485dba1676d273824c3380a2258f4477",
        "cityId": "strausberg",
        "kind": "place",
        "category": "pharmacy",
        "title": "Apotheke am Krankenhaus",
        "statement": "Apotheke am Krankenhaus ist in OpenStreetMap als pharmacy eingetragen. Öffnungszeiten in OSM eingetragen; nicht unabhängig bestätigt.",
        "status": "OSM-Eintrag, nicht offiziell geprüft",
        "startDate": null,
        "endDate": null,
        "nextStep": "Aktuelle Angaben direkt beim Ort prüfen.",
        "unknowns": [
          "Aktueller Betrieb und tatsächliche Öffnungszeiten"
        ],
        "scale": "street",
        "geometryPrecision": "exact",
        "sources": [
          {
            "url": "https://www.openstreetmap.org/node/3356203011",
            "snapshotUrl": "https://gall.openstreetmap.de/api/interpreter",
            "title": "OpenStreetMap contributors",
            "publisher": "OpenStreetMap contributors",
            "locator": "node/3356203011; tags.name, tags.amenity",
            "retrievedAt": "2026-09-28T18:37:25.186Z",
            "sha256": "ff4e3fbff162c1e3d5217ff0149c5839e641b588faf0bcb22c295abd59c980a0",
            "snapshot": true,
            "licence": "ODbL 1.0",
            "reuse": "open_licence"
          }
        ],
        "extraction": {
          "method": "structured"
        },
        "reviewState": "candidate",
        "asOf": "2026-09-28T18:37:25.186Z",
        "temporalBasis": "observation"
      }
    },
    {
      "type": "Feature",
      "geometry": {
        "type": "Point",
        "coordinates": [
          13.9203397,
          52.594147
        ]
      },
      "properties": {
        "id": "osm:node-3356233815",
        "version": "ca50bdcd20f2ea122cbfe142cac7d09c488b767779bdfc73aff832e3d83f40bd",
        "cityId": "strausberg",
        "kind": "place",
        "category": "pharmacy",
        "title": "Kreuz-Apotheke",
        "statement": "Kreuz-Apotheke ist in OpenStreetMap als pharmacy eingetragen. Öffnungszeiten in OSM eingetragen; nicht unabhängig bestätigt.",
        "status": "OSM-Eintrag, nicht offiziell geprüft",
        "startDate": null,
        "endDate": null,
        "nextStep": "Aktuelle Angaben direkt beim Ort prüfen.",
        "unknowns": [
          "Aktueller Betrieb und tatsächliche Öffnungszeiten"
        ],
        "scale": "street",
        "geometryPrecision": "exact",
        "sources": [
          {
            "url": "https://www.openstreetmap.org/node/3356233815",
            "snapshotUrl": "https://gall.openstreetmap.de/api/interpreter",
            "title": "OpenStreetMap contributors",
            "publisher": "OpenStreetMap contributors",
            "locator": "node/3356233815; tags.name, tags.amenity",
            "retrievedAt": "2026-09-28T18:37:25.186Z",
            "sha256": "ff4e3fbff162c1e3d5217ff0149c5839e641b588faf0bcb22c295abd59c980a0",
            "snapshot": true,
            "licence": "ODbL 1.0",
            "reuse": "open_licence"
          }
        ],
        "extraction": {
          "method": "structured"
        },
        "reviewState": "candidate",
        "asOf": "2026-09-28T18:37:25.186Z",
        "temporalBasis": "observation"
      }
    },
    {
      "type": "Feature",
      "geometry": {
        "type": "Point",
        "coordinates": [
          13.8644187,
          52.5490211
        ]
      },
      "properties": {
        "id": "osm:node-3356271244",
        "version": "586f6b37a64217fe7064d662364ba361a518b48e2685fa0772337e484f9ec27a",
        "cityId": "strausberg",
        "kind": "place",
        "category": "pharmacy",
        "title": "Annatal-Apotheke",
        "statement": "Annatal-Apotheke ist in OpenStreetMap als pharmacy eingetragen. Öffnungszeiten in OSM eingetragen; nicht unabhängig bestätigt.",
        "status": "OSM-Eintrag, nicht offiziell geprüft",
        "startDate": null,
        "endDate": null,
        "nextStep": "Aktuelle Angaben direkt beim Ort prüfen.",
        "unknowns": [
          "Aktueller Betrieb und tatsächliche Öffnungszeiten"
        ],
        "scale": "street",
        "geometryPrecision": "exact",
        "sources": [
          {
            "url": "https://www.openstreetmap.org/node/3356271244",
            "snapshotUrl": "https://gall.openstreetmap.de/api/interpreter",
            "title": "OpenStreetMap contributors",
            "publisher": "OpenStreetMap contributors",
            "locator": "node/3356271244; tags.name, tags.amenity",
            "retrievedAt": "2026-09-28T18:37:25.186Z",
            "sha256": "ff4e3fbff162c1e3d5217ff0149c5839e641b588faf0bcb22c295abd59c980a0",
            "snapshot": true,
            "licence": "ODbL 1.0",
            "reuse": "open_licence"
          }
        ],
        "extraction": {
          "method": "structured"
        },
        "reviewState": "candidate",
        "asOf": "2026-09-28T18:37:25.186Z",
        "temporalBasis": "observation"
      }
    },
    {
      "type": "Feature",
      "geometry": {
        "type": "Point",
        "coordinates": [
          13.8694261,
          52.5572152
        ]
      },
      "properties": {
        "id": "osm:node-3356282566",
        "version": "e91d30f819005f99e6f156cd0b707aab30014a436b1771f00e98f876d813ab4c",
        "cityId": "strausberg",
        "kind": "place",
        "category": "pharmacy",
        "title": "Schlüssel-Apotheke",
        "statement": "Schlüssel-Apotheke ist in OpenStreetMap als pharmacy eingetragen. Öffnungszeiten in OSM eingetragen; nicht unabhängig bestätigt.",
        "status": "OSM-Eintrag, nicht offiziell geprüft",
        "startDate": null,
        "endDate": null,
        "nextStep": "Aktuelle Angaben direkt beim Ort prüfen.",
        "unknowns": [
          "Aktueller Betrieb und tatsächliche Öffnungszeiten"
        ],
        "scale": "street",
        "geometryPrecision": "exact",
        "sources": [
          {
            "url": "https://www.openstreetmap.org/node/3356282566",
            "snapshotUrl": "https://gall.openstreetmap.de/api/interpreter",
            "title": "OpenStreetMap contributors",
            "publisher": "OpenStreetMap contributors",
            "locator": "node/3356282566; tags.name, tags.amenity",
            "retrievedAt": "2026-09-28T18:37:25.186Z",
            "sha256": "ff4e3fbff162c1e3d5217ff0149c5839e641b588faf0bcb22c295abd59c980a0",
            "snapshot": true,
            "licence": "ODbL 1.0",
            "reuse": "open_licence"
          }
        ],
        "extraction": {
          "method": "structured"
        },
        "reviewState": "candidate",
        "asOf": "2026-09-28T18:37:25.186Z",
        "temporalBasis": "observation"
      }
    },
    {
      "type": "Feature",
      "geometry": {
        "type": "Point",
        "coordinates": [
          13.8816939,
          52.5773579
        ]
      },
      "properties": {
        "id": "osm:node-3356307596",
        "version": "3aaf868b02bff589a681928968cd9af5c7179f95b9108b215e5082502d7a9646",
        "cityId": "strausberg",
        "kind": "place",
        "category": "pharmacy",
        "title": "Apotheke am Landsberger Tor",
        "statement": "Apotheke am Landsberger Tor ist in OpenStreetMap als pharmacy eingetragen. Öffnungszeiten in OSM eingetragen; nicht unabhängig bestätigt.",
        "status": "OSM-Eintrag, nicht offiziell geprüft",
        "startDate": null,
        "endDate": null,
        "nextStep": "Aktuelle Angaben direkt beim Ort prüfen.",
        "unknowns": [
          "Aktueller Betrieb und tatsächliche Öffnungszeiten"
        ],
        "scale": "street",
        "geometryPrecision": "exact",
        "sources": [
          {
            "url": "https://www.openstreetmap.org/node/3356307596",
            "snapshotUrl": "https://gall.openstreetmap.de/api/interpreter",
            "title": "OpenStreetMap contributors",
            "publisher": "OpenStreetMap contributors",
            "locator": "node/3356307596; tags.name, tags.amenity",
            "retrievedAt": "2026-09-28T18:37:25.186Z",
            "sha256": "ff4e3fbff162c1e3d5217ff0149c5839e641b588faf0bcb22c295abd59c980a0",
            "snapshot": true,
            "licence": "ODbL 1.0",
            "reuse": "open_licence"
          }
        ],
        "extraction": {
          "method": "structured"
        },
        "reviewState": "candidate",
        "asOf": "2026-09-28T18:37:25.186Z",
        "temporalBasis": "observation"
      }
    },
    {
      "type": "Feature",
      "geometry": {
        "type": "Point",
        "coordinates": [
          13.8814138,
          52.5804545
        ]
      },
      "properties": {
        "id": "osm:node-3356319924",
        "version": "fdc8c32a2e8c1117b8987dfc6757a74a0a4fb605f2b76d840085824dae8ef455",
        "cityId": "strausberg",
        "kind": "place",
        "category": "pharmacy",
        "title": "Stadt-Apotheke",
        "statement": "Stadt-Apotheke ist in OpenStreetMap als pharmacy eingetragen. Öffnungszeiten in OSM eingetragen; nicht unabhängig bestätigt.",
        "status": "OSM-Eintrag, nicht offiziell geprüft",
        "startDate": null,
        "endDate": null,
        "nextStep": "Aktuelle Angaben direkt beim Ort prüfen.",
        "unknowns": [
          "Aktueller Betrieb und tatsächliche Öffnungszeiten"
        ],
        "scale": "street",
        "geometryPrecision": "exact",
        "sources": [
          {
            "url": "https://www.openstreetmap.org/node/3356319924",
            "snapshotUrl": "https://gall.openstreetmap.de/api/interpreter",
            "title": "OpenStreetMap contributors",
            "publisher": "OpenStreetMap contributors",
            "locator": "node/3356319924; tags.name, tags.amenity",
            "retrievedAt": "2026-09-28T18:37:25.186Z",
            "sha256": "ff4e3fbff162c1e3d5217ff0149c5839e641b588faf0bcb22c295abd59c980a0",
            "snapshot": true,
            "licence": "ODbL 1.0",
            "reuse": "open_licence"
          }
        ],
        "extraction": {
          "method": "structured"
        },
        "reviewState": "candidate",
        "asOf": "2026-09-28T18:37:25.186Z",
        "temporalBasis": "observation"
      }
    },
    {
      "type": "Feature",
      "geometry": {
        "type": "Point",
        "coordinates": [
          13.8967512,
          52.5739067
        ]
      },
      "properties": {
        "id": "osm:node-3356323435",
        "version": "d16de09ba9734dbb6ed8e1eb39182d26d7e1e157bb9fab7d9e667f1724dffa96",
        "cityId": "strausberg",
        "kind": "place",
        "category": "pharmacy",
        "title": "Askanische Apotheke",
        "statement": "Askanische Apotheke ist in OpenStreetMap als pharmacy eingetragen. Öffnungszeiten in OSM eingetragen; nicht unabhängig bestätigt.",
        "status": "OSM-Eintrag, nicht offiziell geprüft",
        "startDate": null,
        "endDate": null,
        "nextStep": "Aktuelle Angaben direkt beim Ort prüfen.",
        "unknowns": [
          "Aktueller Betrieb und tatsächliche Öffnungszeiten"
        ],
        "scale": "street",
        "geometryPrecision": "exact",
        "sources": [
          {
            "url": "https://www.openstreetmap.org/node/3356323435",
            "snapshotUrl": "https://gall.openstreetmap.de/api/interpreter",
            "title": "OpenStreetMap contributors",
            "publisher": "OpenStreetMap contributors",
            "locator": "node/3356323435; tags.name, tags.amenity",
            "retrievedAt": "2026-09-28T18:37:25.186Z",
            "sha256": "ff4e3fbff162c1e3d5217ff0149c5839e641b588faf0bcb22c295abd59c980a0",
            "snapshot": true,
            "licence": "ODbL 1.0",
            "reuse": "open_licence"
          }
        ],
        "extraction": {
          "method": "structured"
        },
        "reviewState": "candidate",
        "asOf": "2026-09-28T18:37:25.186Z",
        "temporalBasis": "observation"
      }
    },
    {
      "type": "Feature",
      "geometry": {
        "type": "Point",
        "coordinates": [
          13.8335506,
          52.5360609
        ]
      },
      "properties": {
        "id": "osm:node-3356345545",
        "version": "501862dbf3d0c8479afc3a8c5fd9c401e72b24faa9c5ff1ecc1469c061fa8892",
        "cityId": "strausberg",
        "kind": "place",
        "category": "pharmacy",
        "title": "Märkische Apotheke",
        "statement": "Märkische Apotheke ist in OpenStreetMap als pharmacy eingetragen. Öffnungszeiten in OSM eingetragen; nicht unabhängig bestätigt.",
        "status": "OSM-Eintrag, nicht offiziell geprüft",
        "startDate": null,
        "endDate": null,
        "nextStep": "Aktuelle Angaben direkt beim Ort prüfen.",
        "unknowns": [
          "Aktueller Betrieb und tatsächliche Öffnungszeiten"
        ],
        "scale": "street",
        "geometryPrecision": "exact",
        "sources": [
          {
            "url": "https://www.openstreetmap.org/node/3356345545",
            "snapshotUrl": "https://gall.openstreetmap.de/api/interpreter",
            "title": "OpenStreetMap contributors",
            "publisher": "OpenStreetMap contributors",
            "locator": "node/3356345545; tags.name, tags.amenity",
            "retrievedAt": "2026-09-28T18:37:25.186Z",
            "sha256": "ff4e3fbff162c1e3d5217ff0149c5839e641b588faf0bcb22c295abd59c980a0",
            "snapshot": true,
            "licence": "ODbL 1.0",
            "reuse": "open_licence"
          }
        ],
        "extraction": {
          "method": "structured"
        },
        "reviewState": "candidate",
        "asOf": "2026-09-28T18:37:25.186Z",
        "temporalBasis": "observation"
      }
    },
    {
      "type": "Feature",
      "geometry": {
        "type": "Point",
        "coordinates": [
          13.8942418,
          52.5874291
        ]
      },
      "properties": {
        "id": "osm:node-4136344102",
        "version": "e7e014efdf409a5173da72f6160fb3efc24452f4afdc5a9130425f0ff817f976",
        "cityId": "strausberg",
        "kind": "place",
        "category": "pharmacy",
        "title": "Nord-Apotheke",
        "statement": "Nord-Apotheke ist in OpenStreetMap als pharmacy eingetragen. Öffnungszeiten in OSM eingetragen; nicht unabhängig bestätigt.",
        "status": "OSM-Eintrag, nicht offiziell geprüft",
        "startDate": null,
        "endDate": null,
        "nextStep": "Aktuelle Angaben direkt beim Ort prüfen.",
        "unknowns": [
          "Aktueller Betrieb und tatsächliche Öffnungszeiten"
        ],
        "scale": "street",
        "geometryPrecision": "exact",
        "sources": [
          {
            "url": "https://www.openstreetmap.org/node/4136344102",
            "snapshotUrl": "https://gall.openstreetmap.de/api/interpreter",
            "title": "OpenStreetMap contributors",
            "publisher": "OpenStreetMap contributors",
            "locator": "node/4136344102; tags.name, tags.amenity",
            "retrievedAt": "2026-09-28T18:37:25.186Z",
            "sha256": "ff4e3fbff162c1e3d5217ff0149c5839e641b588faf0bcb22c295abd59c980a0",
            "snapshot": true,
            "licence": "ODbL 1.0",
            "reuse": "open_licence"
          }
        ],
        "extraction": {
          "method": "structured"
        },
        "reviewState": "candidate",
        "asOf": "2026-09-28T18:37:25.186Z",
        "temporalBasis": "observation"
      }
    },
    {
      "type": "Feature",
      "geometry": {
        "type": "Point",
        "coordinates": [
          13.8354621,
          52.5325604
        ]
      },
      "properties": {
        "id": "osm:node-4711678818",
        "version": "2f2b2e38b91039f9930d9329315f0f954e2fdd77cac29ca48bf85b2027faa48b",
        "cityId": "strausberg",
        "kind": "place",
        "category": "bakery",
        "title": "Hennig",
        "statement": "Hennig ist in OpenStreetMap als bakery eingetragen. Öffnungszeiten in OSM eingetragen; nicht unabhängig bestätigt.",
        "status": "OSM-Eintrag, nicht offiziell geprüft",
        "startDate": null,
        "endDate": null,
        "nextStep": "Aktuelle Angaben direkt beim Ort prüfen.",
        "unknowns": [
          "Aktueller Betrieb und tatsächliche Öffnungszeiten"
        ],
        "scale": "street",
        "geometryPrecision": "exact",
        "sources": [
          {
            "url": "https://www.openstreetmap.org/node/4711678818",
            "snapshotUrl": "https://gall.openstreetmap.de/api/interpreter",
            "title": "OpenStreetMap contributors",
            "publisher": "OpenStreetMap contributors",
            "locator": "node/4711678818; tags.name, tags.shop",
            "retrievedAt": "2026-09-28T18:37:25.186Z",
            "sha256": "ff4e3fbff162c1e3d5217ff0149c5839e641b588faf0bcb22c295abd59c980a0",
            "snapshot": true,
            "licence": "ODbL 1.0",
            "reuse": "open_licence"
          }
        ],
        "extraction": {
          "method": "structured"
        },
        "reviewState": "candidate",
        "asOf": "2026-09-28T18:37:25.186Z",
        "temporalBasis": "observation"
      }
    },
    {
      "type": "Feature",
      "geometry": {
        "type": "Point",
        "coordinates": [
          13.8910853,
          52.5830412
        ]
      },
      "properties": {
        "id": "osm:node-473066616",
        "version": "27d7dc97f48cbe5ec0d09cde1a3144bd919bd6bcdac3a5ac6cc7d0f679437fd4",
        "cityId": "strausberg",
        "kind": "place",
        "category": "community_centre",
        "title": "Nordheimtreff, Bürgerbund \"Nordheim 91\" e.V.",
        "statement": "Nordheimtreff, Bürgerbund \"Nordheim 91\" e.V. ist in OpenStreetMap als community_centre eingetragen. Öffnungszeiten in OSM eingetragen; nicht unabhängig bestätigt.",
        "status": "OSM-Eintrag, nicht offiziell geprüft",
        "startDate": null,
        "endDate": null,
        "nextStep": "Aktuelle Angaben direkt beim Ort prüfen.",
        "unknowns": [
          "Aktueller Betrieb und tatsächliche Öffnungszeiten"
        ],
        "scale": "street",
        "geometryPrecision": "exact",
        "sources": [
          {
            "url": "https://www.openstreetmap.org/node/473066616",
            "snapshotUrl": "https://gall.openstreetmap.de/api/interpreter",
            "title": "OpenStreetMap contributors",
            "publisher": "OpenStreetMap contributors",
            "locator": "node/473066616; tags.name, tags.amenity",
            "retrievedAt": "2026-09-28T18:37:25.186Z",
            "sha256": "ff4e3fbff162c1e3d5217ff0149c5839e641b588faf0bcb22c295abd59c980a0",
            "snapshot": true,
            "licence": "ODbL 1.0",
            "reuse": "open_licence"
          }
        ],
        "extraction": {
          "method": "structured"
        },
        "reviewState": "candidate",
        "asOf": "2026-09-28T18:37:25.186Z",
        "temporalBasis": "observation"
      }
    },
    {
      "type": "Feature",
      "geometry": {
        "type": "Point",
        "coordinates": [
          13.8413603,
          52.5307874
        ]
      },
      "properties": {
        "id": "osm:node-4829730321",
        "version": "4923e38581ab843a2ecf16190246f699e4cc20485cd188081028d8ff267e448c",
        "cityId": "strausberg",
        "kind": "place",
        "category": "community_centre",
        "title": "Rolling Wheels MC Strausberg",
        "statement": "Rolling Wheels MC Strausberg ist in OpenStreetMap als community_centre eingetragen. Betrieb und Öffnungszeiten nicht geprüft.",
        "status": "OSM-Eintrag, nicht offiziell geprüft",
        "startDate": null,
        "endDate": null,
        "nextStep": "Aktuelle Angaben direkt beim Ort prüfen.",
        "unknowns": [
          "Aktueller Betrieb und tatsächliche Öffnungszeiten"
        ],
        "scale": "street",
        "geometryPrecision": "exact",
        "sources": [
          {
            "url": "https://www.openstreetmap.org/node/4829730321",
            "snapshotUrl": "https://gall.openstreetmap.de/api/interpreter",
            "title": "OpenStreetMap contributors",
            "publisher": "OpenStreetMap contributors",
            "locator": "node/4829730321; tags.name, tags.amenity",
            "retrievedAt": "2026-09-28T18:37:25.186Z",
            "sha256": "ff4e3fbff162c1e3d5217ff0149c5839e641b588faf0bcb22c295abd59c980a0",
            "snapshot": true,
            "licence": "ODbL 1.0",
            "reuse": "open_licence"
          }
        ],
        "extraction": {
          "method": "structured"
        },
        "reviewState": "candidate",
        "asOf": "2026-09-28T18:37:25.186Z",
        "temporalBasis": "observation"
      }
    },
    {
      "type": "Feature",
      "geometry": {
        "type": "Point",
        "coordinates": [
          13.8818801,
          52.5818866
        ]
      },
      "properties": {
        "id": "osm:node-4930249124",
        "version": "8f78b9ef269eaa74f6c8b048b823bf4a7f0960ed9e00e502a3fcf43758011968",
        "cityId": "strausberg",
        "kind": "place",
        "category": "clinic",
        "title": "Psychiatrische Institutsambulanz (PIA)",
        "statement": "Psychiatrische Institutsambulanz (PIA) ist in OpenStreetMap als clinic eingetragen. Öffnungszeiten in OSM eingetragen; nicht unabhängig bestätigt.",
        "status": "OSM-Eintrag, nicht offiziell geprüft",
        "startDate": null,
        "endDate": null,
        "nextStep": "Aktuelle Angaben direkt beim Ort prüfen.",
        "unknowns": [
          "Aktueller Betrieb und tatsächliche Öffnungszeiten"
        ],
        "scale": "street",
        "geometryPrecision": "exact",
        "sources": [
          {
            "url": "https://www.openstreetmap.org/node/4930249124",
            "snapshotUrl": "https://gall.openstreetmap.de/api/interpreter",
            "title": "OpenStreetMap contributors",
            "publisher": "OpenStreetMap contributors",
            "locator": "node/4930249124; tags.name, tags.amenity",
            "retrievedAt": "2026-09-28T18:37:25.186Z",
            "sha256": "ff4e3fbff162c1e3d5217ff0149c5839e641b588faf0bcb22c295abd59c980a0",
            "snapshot": true,
            "licence": "ODbL 1.0",
            "reuse": "open_licence"
          }
        ],
        "extraction": {
          "method": "structured"
        },
        "reviewState": "candidate",
        "asOf": "2026-09-28T18:37:25.186Z",
        "temporalBasis": "observation"
      }
    },
    {
      "type": "Feature",
      "geometry": {
        "type": "Point",
        "coordinates": [
          13.8824719,
          52.5758817
        ]
      },
      "properties": {
        "id": "osm:node-4935956637",
        "version": "d4ebc6eddbe858214fa648c42307a20f4153615e25d934d6b7c5793abdf955c8",
        "cityId": "strausberg",
        "kind": "place",
        "category": "doctors",
        "title": "Augenarzt Dipl.-Med. Mohammed Bittar",
        "statement": "Augenarzt Dipl.-Med. Mohammed Bittar ist in OpenStreetMap als doctors eingetragen. Betrieb und Öffnungszeiten nicht geprüft.",
        "status": "OSM-Eintrag, nicht offiziell geprüft",
        "startDate": null,
        "endDate": null,
        "nextStep": "Aktuelle Angaben direkt beim Ort prüfen.",
        "unknowns": [
          "Aktueller Betrieb und tatsächliche Öffnungszeiten"
        ],
        "scale": "street",
        "geometryPrecision": "exact",
        "sources": [
          {
            "url": "https://www.openstreetmap.org/node/4935956637",
            "snapshotUrl": "https://gall.openstreetmap.de/api/interpreter",
            "title": "OpenStreetMap contributors",
            "publisher": "OpenStreetMap contributors",
            "locator": "node/4935956637; tags.name, tags.amenity",
            "retrievedAt": "2026-09-28T18:37:25.186Z",
            "sha256": "ff4e3fbff162c1e3d5217ff0149c5839e641b588faf0bcb22c295abd59c980a0",
            "snapshot": true,
            "licence": "ODbL 1.0",
            "reuse": "open_licence"
          }
        ],
        "extraction": {
          "method": "structured"
        },
        "reviewState": "candidate",
        "asOf": "2026-09-28T18:37:25.186Z",
        "temporalBasis": "observation"
      }
    },
    {
      "type": "Feature",
      "geometry": {
        "type": "Point",
        "coordinates": [
          13.8876905,
          52.584621
        ]
      },
      "properties": {
        "id": "osm:node-5300513757",
        "version": "f345e2ab388a2e1166d5066052ad5b18e57dc2cf7295add5f477553067bf01ae",
        "cityId": "strausberg",
        "kind": "place",
        "category": "sport",
        "title": "FC Strausberg",
        "statement": "FC Strausberg ist in OpenStreetMap als sport eingetragen. Betrieb und Öffnungszeiten nicht geprüft.",
        "status": "OSM-Eintrag, nicht offiziell geprüft",
        "startDate": null,
        "endDate": null,
        "nextStep": "Aktuelle Angaben direkt beim Ort prüfen.",
        "unknowns": [
          "Aktueller Betrieb und tatsächliche Öffnungszeiten"
        ],
        "scale": "street",
        "geometryPrecision": "exact",
        "sources": [
          {
            "url": "https://www.openstreetmap.org/node/5300513757",
            "snapshotUrl": "https://gall.openstreetmap.de/api/interpreter",
            "title": "OpenStreetMap contributors",
            "publisher": "OpenStreetMap contributors",
            "locator": "node/5300513757; tags.name, tags.club",
            "retrievedAt": "2026-09-28T18:37:25.186Z",
            "sha256": "ff4e3fbff162c1e3d5217ff0149c5839e641b588faf0bcb22c295abd59c980a0",
            "snapshot": true,
            "licence": "ODbL 1.0",
            "reuse": "open_licence"
          }
        ],
        "extraction": {
          "method": "structured"
        },
        "reviewState": "candidate",
        "asOf": "2026-09-28T18:37:25.186Z",
        "temporalBasis": "observation"
      }
    },
    {
      "type": "Feature",
      "geometry": {
        "type": "Point",
        "coordinates": [
          13.9040753,
          52.5894694
        ]
      },
      "properties": {
        "id": "osm:node-5469267151",
        "version": "f4a5cd5047ea12cedf8695dc59814c72d31d22b130cef1e3c01b17e9d1520f80",
        "cityId": "strausberg",
        "kind": "place",
        "category": "school",
        "title": "bundtStift_Schulen",
        "statement": "bundtStift_Schulen ist in OpenStreetMap als school eingetragen. Betrieb und Öffnungszeiten nicht geprüft.",
        "status": "OSM-Eintrag, nicht offiziell geprüft",
        "startDate": null,
        "endDate": null,
        "nextStep": "Aktuelle Angaben direkt beim Ort prüfen.",
        "unknowns": [
          "Aktueller Betrieb und tatsächliche Öffnungszeiten"
        ],
        "scale": "street",
        "geometryPrecision": "exact",
        "sources": [
          {
            "url": "https://www.openstreetmap.org/node/5469267151",
            "snapshotUrl": "https://gall.openstreetmap.de/api/interpreter",
            "title": "OpenStreetMap contributors",
            "publisher": "OpenStreetMap contributors",
            "locator": "node/5469267151; tags.name, tags.amenity",
            "retrievedAt": "2026-09-28T18:37:25.186Z",
            "sha256": "ff4e3fbff162c1e3d5217ff0149c5839e641b588faf0bcb22c295abd59c980a0",
            "snapshot": true,
            "licence": "ODbL 1.0",
            "reuse": "open_licence"
          }
        ],
        "extraction": {
          "method": "structured"
        },
        "reviewState": "candidate",
        "asOf": "2026-09-28T18:37:25.186Z",
        "temporalBasis": "observation"
      }
    },
    {
      "type": "Feature",
      "geometry": {
        "type": "Point",
        "coordinates": [
          13.8818098,
          52.5784803
        ]
      },
      "properties": {
        "id": "osm:node-5964208971",
        "version": "e5fd9f80260f02779a547dd0f5cb842517410487ccc11f95c19fa5ad118f6340",
        "cityId": "strausberg",
        "kind": "place",
        "category": "post_office",
        "title": "DPD Pickup Paketshop",
        "statement": "DPD Pickup Paketshop ist in OpenStreetMap als post_office eingetragen. Öffnungszeiten in OSM eingetragen; nicht unabhängig bestätigt.",
        "status": "OSM-Eintrag, nicht offiziell geprüft",
        "startDate": null,
        "endDate": null,
        "nextStep": "Aktuelle Angaben direkt beim Ort prüfen.",
        "unknowns": [
          "Aktueller Betrieb und tatsächliche Öffnungszeiten"
        ],
        "scale": "street",
        "geometryPrecision": "exact",
        "sources": [
          {
            "url": "https://www.openstreetmap.org/node/5964208971",
            "snapshotUrl": "https://gall.openstreetmap.de/api/interpreter",
            "title": "OpenStreetMap contributors",
            "publisher": "OpenStreetMap contributors",
            "locator": "node/5964208971; tags.name, tags.amenity",
            "retrievedAt": "2026-09-28T18:37:25.186Z",
            "sha256": "ff4e3fbff162c1e3d5217ff0149c5839e641b588faf0bcb22c295abd59c980a0",
            "snapshot": true,
            "licence": "ODbL 1.0",
            "reuse": "open_licence"
          }
        ],
        "extraction": {
          "method": "structured"
        },
        "reviewState": "candidate",
        "asOf": "2026-09-28T18:37:25.186Z",
        "temporalBasis": "observation"
      }
    },
    {
      "type": "Feature",
      "geometry": {
        "type": "Point",
        "coordinates": [
          13.8825216,
          52.5775066
        ]
      },
      "properties": {
        "id": "osm:node-6025376571",
        "version": "f051e67e0d128eb6e29080336b3503fc7ded6a09b86008a516760bd5a17768ec",
        "cityId": "strausberg",
        "kind": "place",
        "category": "exercise;fitness",
        "title": "Clever Fit",
        "statement": "Clever Fit ist in OpenStreetMap als exercise;fitness eingetragen. Öffnungszeiten in OSM eingetragen; nicht unabhängig bestätigt.",
        "status": "OSM-Eintrag, nicht offiziell geprüft",
        "startDate": null,
        "endDate": null,
        "nextStep": "Aktuelle Angaben direkt beim Ort prüfen.",
        "unknowns": [
          "Aktueller Betrieb und tatsächliche Öffnungszeiten"
        ],
        "scale": "street",
        "geometryPrecision": "exact",
        "sources": [
          {
            "url": "https://www.openstreetmap.org/node/6025376571",
            "snapshotUrl": "https://gall.openstreetmap.de/api/interpreter",
            "title": "OpenStreetMap contributors",
            "publisher": "OpenStreetMap contributors",
            "locator": "node/6025376571; tags.name, tags.sport",
            "retrievedAt": "2026-09-28T18:37:25.186Z",
            "sha256": "ff4e3fbff162c1e3d5217ff0149c5839e641b588faf0bcb22c295abd59c980a0",
            "snapshot": true,
            "licence": "ODbL 1.0",
            "reuse": "open_licence"
          }
        ],
        "extraction": {
          "method": "structured"
        },
        "reviewState": "candidate",
        "asOf": "2026-09-28T18:37:25.186Z",
        "temporalBasis": "observation"
      }
    },
    {
      "type": "Feature",
      "geometry": {
        "type": "Point",
        "coordinates": [
          13.8817862,
          52.5782912
        ]
      },
      "properties": {
        "id": "osm:node-6040411543",
        "version": "f9642ca8b6dcfa64a8376daa6c8729d0bcd6ea40c2eab1da432018ef0fd17407",
        "cityId": "strausberg",
        "kind": "place",
        "category": "bakery",
        "title": "Bäckerei Klein",
        "statement": "Bäckerei Klein ist in OpenStreetMap als bakery eingetragen. Öffnungszeiten in OSM eingetragen; nicht unabhängig bestätigt.",
        "status": "OSM-Eintrag, nicht offiziell geprüft",
        "startDate": null,
        "endDate": null,
        "nextStep": "Aktuelle Angaben direkt beim Ort prüfen.",
        "unknowns": [
          "Aktueller Betrieb und tatsächliche Öffnungszeiten"
        ],
        "scale": "street",
        "geometryPrecision": "exact",
        "sources": [
          {
            "url": "https://www.openstreetmap.org/node/6040411543",
            "snapshotUrl": "https://gall.openstreetmap.de/api/interpreter",
            "title": "OpenStreetMap contributors",
            "publisher": "OpenStreetMap contributors",
            "locator": "node/6040411543; tags.name, tags.shop",
            "retrievedAt": "2026-09-28T18:37:25.186Z",
            "sha256": "ff4e3fbff162c1e3d5217ff0149c5839e641b588faf0bcb22c295abd59c980a0",
            "snapshot": true,
            "licence": "ODbL 1.0",
            "reuse": "open_licence"
          }
        ],
        "extraction": {
          "method": "structured"
        },
        "reviewState": "candidate",
        "asOf": "2026-09-28T18:37:25.186Z",
        "temporalBasis": "observation"
      }
    },
    {
      "type": "Feature",
      "geometry": {
        "type": "Point",
        "coordinates": [
          13.8941641,
          52.5874948
        ]
      },
      "properties": {
        "id": "osm:node-6063001985",
        "version": "8552ecc9687873d637250353a7f9fe798595a0b7105c31c814b8e29179bd6603",
        "cityId": "strausberg",
        "kind": "place",
        "category": "doctors",
        "title": "Praxis Dr. Gabriele Brömmer",
        "statement": "Praxis Dr. Gabriele Brömmer ist in OpenStreetMap als doctors eingetragen. Öffnungszeiten in OSM eingetragen; nicht unabhängig bestätigt.",
        "status": "OSM-Eintrag, nicht offiziell geprüft",
        "startDate": null,
        "endDate": null,
        "nextStep": "Aktuelle Angaben direkt beim Ort prüfen.",
        "unknowns": [
          "Aktueller Betrieb und tatsächliche Öffnungszeiten"
        ],
        "scale": "street",
        "geometryPrecision": "exact",
        "sources": [
          {
            "url": "https://www.openstreetmap.org/node/6063001985",
            "snapshotUrl": "https://gall.openstreetmap.de/api/interpreter",
            "title": "OpenStreetMap contributors",
            "publisher": "OpenStreetMap contributors",
            "locator": "node/6063001985; tags.name, tags.amenity",
            "retrievedAt": "2026-09-28T18:37:25.186Z",
            "sha256": "ff4e3fbff162c1e3d5217ff0149c5839e641b588faf0bcb22c295abd59c980a0",
            "snapshot": true,
            "licence": "ODbL 1.0",
            "reuse": "open_licence"
          }
        ],
        "extraction": {
          "method": "structured"
        },
        "reviewState": "candidate",
        "asOf": "2026-09-28T18:37:25.186Z",
        "temporalBasis": "observation"
      }
    },
    {
      "type": "Feature",
      "geometry": {
        "type": "Point",
        "coordinates": [
          13.8333334,
          52.5363457
        ]
      },
      "properties": {
        "id": "osm:node-6077382656",
        "version": "6ebbaecb595ddf910109fed4dc201c79a010bd6c2eab68f57ea2b40330b4fa89",
        "cityId": "strausberg",
        "kind": "place",
        "category": "post_office",
        "title": "Südpost",
        "statement": "Südpost ist in OpenStreetMap als post_office eingetragen. Öffnungszeiten in OSM eingetragen; nicht unabhängig bestätigt.",
        "status": "OSM-Eintrag, nicht offiziell geprüft",
        "startDate": null,
        "endDate": null,
        "nextStep": "Aktuelle Angaben direkt beim Ort prüfen.",
        "unknowns": [
          "Aktueller Betrieb und tatsächliche Öffnungszeiten"
        ],
        "scale": "street",
        "geometryPrecision": "exact",
        "sources": [
          {
            "url": "https://www.openstreetmap.org/node/6077382656",
            "snapshotUrl": "https://gall.openstreetmap.de/api/interpreter",
            "title": "OpenStreetMap contributors",
            "publisher": "OpenStreetMap contributors",
            "locator": "node/6077382656; tags.name, tags.amenity",
            "retrievedAt": "2026-09-28T18:37:25.186Z",
            "sha256": "ff4e3fbff162c1e3d5217ff0149c5839e641b588faf0bcb22c295abd59c980a0",
            "snapshot": true,
            "licence": "ODbL 1.0",
            "reuse": "open_licence"
          }
        ],
        "extraction": {
          "method": "structured"
        },
        "reviewState": "candidate",
        "asOf": "2026-09-28T18:37:25.186Z",
        "temporalBasis": "observation"
      }
    },
    {
      "type": "Feature",
      "geometry": {
        "type": "Point",
        "coordinates": [
          13.8642793,
          52.548826
        ]
      },
      "properties": {
        "id": "osm:node-6583838467",
        "version": "d97261bd8cda3012116ea8fbfd7003dfff7eef3080a3a120f02824cbfed58002",
        "cityId": "strausberg",
        "kind": "place",
        "category": "clinic",
        "title": "Ambulatorium",
        "statement": "Ambulatorium ist in OpenStreetMap als clinic eingetragen. Betrieb und Öffnungszeiten nicht geprüft.",
        "status": "OSM-Eintrag, nicht offiziell geprüft",
        "startDate": null,
        "endDate": null,
        "nextStep": "Aktuelle Angaben direkt beim Ort prüfen.",
        "unknowns": [
          "Aktueller Betrieb und tatsächliche Öffnungszeiten"
        ],
        "scale": "street",
        "geometryPrecision": "exact",
        "sources": [
          {
            "url": "https://www.openstreetmap.org/node/6583838467",
            "snapshotUrl": "https://gall.openstreetmap.de/api/interpreter",
            "title": "OpenStreetMap contributors",
            "publisher": "OpenStreetMap contributors",
            "locator": "node/6583838467; tags.name, tags.amenity",
            "retrievedAt": "2026-09-28T18:37:25.186Z",
            "sha256": "ff4e3fbff162c1e3d5217ff0149c5839e641b588faf0bcb22c295abd59c980a0",
            "snapshot": true,
            "licence": "ODbL 1.0",
            "reuse": "open_licence"
          }
        ],
        "extraction": {
          "method": "structured"
        },
        "reviewState": "candidate",
        "asOf": "2026-09-28T18:37:25.186Z",
        "temporalBasis": "observation"
      }
    },
    {
      "type": "Feature",
      "geometry": {
        "type": "Point",
        "coordinates": [
          13.8331398,
          52.5361516
        ]
      },
      "properties": {
        "id": "osm:node-6680737164",
        "version": "556b4dfd3b048296b88dce23676343e8e4b598a9641426f44fd33055048544fb",
        "cityId": "strausberg",
        "kind": "place",
        "category": "bakery",
        "title": "Wriezener Backstube",
        "statement": "Wriezener Backstube ist in OpenStreetMap als bakery eingetragen. Öffnungszeiten in OSM eingetragen; nicht unabhängig bestätigt.",
        "status": "OSM-Eintrag, nicht offiziell geprüft",
        "startDate": null,
        "endDate": null,
        "nextStep": "Aktuelle Angaben direkt beim Ort prüfen.",
        "unknowns": [
          "Aktueller Betrieb und tatsächliche Öffnungszeiten"
        ],
        "scale": "street",
        "geometryPrecision": "exact",
        "sources": [
          {
            "url": "https://www.openstreetmap.org/node/6680737164",
            "snapshotUrl": "https://gall.openstreetmap.de/api/interpreter",
            "title": "OpenStreetMap contributors",
            "publisher": "OpenStreetMap contributors",
            "locator": "node/6680737164; tags.name, tags.shop",
            "retrievedAt": "2026-09-28T18:37:25.186Z",
            "sha256": "ff4e3fbff162c1e3d5217ff0149c5839e641b588faf0bcb22c295abd59c980a0",
            "snapshot": true,
            "licence": "ODbL 1.0",
            "reuse": "open_licence"
          }
        ],
        "extraction": {
          "method": "structured"
        },
        "reviewState": "candidate",
        "asOf": "2026-09-28T18:37:25.186Z",
        "temporalBasis": "observation"
      }
    },
    {
      "type": "Feature",
      "geometry": {
        "type": "Point",
        "coordinates": [
          13.8330858,
          52.5362288
        ]
      },
      "properties": {
        "id": "osm:node-6689144120",
        "version": "03b2735f334ba93450182d3e53dea352b6551aedc5b474381995106d24ec861b",
        "cityId": "strausberg",
        "kind": "place",
        "category": "supermarket",
        "title": "Netto Marken-Discount",
        "statement": "Netto Marken-Discount ist in OpenStreetMap als supermarket eingetragen. Öffnungszeiten in OSM eingetragen; nicht unabhängig bestätigt.",
        "status": "OSM-Eintrag, nicht offiziell geprüft",
        "startDate": null,
        "endDate": null,
        "nextStep": "Aktuelle Angaben direkt beim Ort prüfen.",
        "unknowns": [
          "Aktueller Betrieb und tatsächliche Öffnungszeiten"
        ],
        "scale": "street",
        "geometryPrecision": "exact",
        "sources": [
          {
            "url": "https://www.openstreetmap.org/node/6689144120",
            "snapshotUrl": "https://gall.openstreetmap.de/api/interpreter",
            "title": "OpenStreetMap contributors",
            "publisher": "OpenStreetMap contributors",
            "locator": "node/6689144120; tags.name, tags.shop",
            "retrievedAt": "2026-09-28T18:37:25.186Z",
            "sha256": "ff4e3fbff162c1e3d5217ff0149c5839e641b588faf0bcb22c295abd59c980a0",
            "snapshot": true,
            "licence": "ODbL 1.0",
            "reuse": "open_licence"
          }
        ],
        "extraction": {
          "method": "structured"
        },
        "reviewState": "candidate",
        "asOf": "2026-09-28T18:37:25.186Z",
        "temporalBasis": "observation"
      }
    },
    {
      "type": "Feature",
      "geometry": {
        "type": "Point",
        "coordinates": [
          13.8424588,
          52.5320552
        ]
      },
      "properties": {
        "id": "osm:node-6715673603",
        "version": "abbbe1019c16ae9fa6661a60b18e40dc6055f82934fa84550c99056344d8e207",
        "cityId": "strausberg",
        "kind": "place",
        "category": "doctors",
        "title": "Praxis Dr. med. Katrin Miltkau",
        "statement": "Praxis Dr. med. Katrin Miltkau ist in OpenStreetMap als doctors eingetragen. Öffnungszeiten in OSM eingetragen; nicht unabhängig bestätigt.",
        "status": "OSM-Eintrag, nicht offiziell geprüft",
        "startDate": null,
        "endDate": null,
        "nextStep": "Aktuelle Angaben direkt beim Ort prüfen.",
        "unknowns": [
          "Aktueller Betrieb und tatsächliche Öffnungszeiten"
        ],
        "scale": "street",
        "geometryPrecision": "exact",
        "sources": [
          {
            "url": "https://www.openstreetmap.org/node/6715673603",
            "snapshotUrl": "https://gall.openstreetmap.de/api/interpreter",
            "title": "OpenStreetMap contributors",
            "publisher": "OpenStreetMap contributors",
            "locator": "node/6715673603; tags.name, tags.amenity",
            "retrievedAt": "2026-09-28T18:37:25.186Z",
            "sha256": "ff4e3fbff162c1e3d5217ff0149c5839e641b588faf0bcb22c295abd59c980a0",
            "snapshot": true,
            "licence": "ODbL 1.0",
            "reuse": "open_licence"
          }
        ],
        "extraction": {
          "method": "structured"
        },
        "reviewState": "candidate",
        "asOf": "2026-09-28T18:37:25.186Z",
        "temporalBasis": "observation"
      }
    },
    {
      "type": "Feature",
      "geometry": {
        "type": "Point",
        "coordinates": [
          13.8943355,
          52.586825
        ]
      },
      "properties": {
        "id": "osm:node-6912492681",
        "version": "ef0e1a084721a473544a7a57ba66e433a0254398bee52c122bacc7fe2d7e0b65",
        "cityId": "strausberg",
        "kind": "place",
        "category": "bakery",
        "title": "Steinecke",
        "statement": "Steinecke ist in OpenStreetMap als bakery eingetragen. Öffnungszeiten in OSM eingetragen; nicht unabhängig bestätigt.",
        "status": "OSM-Eintrag, nicht offiziell geprüft",
        "startDate": null,
        "endDate": null,
        "nextStep": "Aktuelle Angaben direkt beim Ort prüfen.",
        "unknowns": [
          "Aktueller Betrieb und tatsächliche Öffnungszeiten"
        ],
        "scale": "street",
        "geometryPrecision": "exact",
        "sources": [
          {
            "url": "https://www.openstreetmap.org/node/6912492681",
            "snapshotUrl": "https://gall.openstreetmap.de/api/interpreter",
            "title": "OpenStreetMap contributors",
            "publisher": "OpenStreetMap contributors",
            "locator": "node/6912492681; tags.name, tags.shop",
            "retrievedAt": "2026-09-28T18:37:25.186Z",
            "sha256": "ff4e3fbff162c1e3d5217ff0149c5839e641b588faf0bcb22c295abd59c980a0",
            "snapshot": true,
            "licence": "ODbL 1.0",
            "reuse": "open_licence"
          }
        ],
        "extraction": {
          "method": "structured"
        },
        "reviewState": "candidate",
        "asOf": "2026-09-28T18:37:25.186Z",
        "temporalBasis": "observation"
      }
    },
    {
      "type": "Feature",
      "geometry": {
        "type": "Point",
        "coordinates": [
          13.8636891,
          52.5473409
        ]
      },
      "properties": {
        "id": "osm:node-7059503759",
        "version": "101c1258de6fe0e78ab7edbbb53b69c869ecd999b5069a4e69220b3c168423c7",
        "cityId": "strausberg",
        "kind": "place",
        "category": "library",
        "title": "Heinrich-Mann-Bibliothek / Zweigbibliothek",
        "statement": "Heinrich-Mann-Bibliothek / Zweigbibliothek ist in OpenStreetMap als library eingetragen. Öffnungszeiten in OSM eingetragen; nicht unabhängig bestätigt.",
        "status": "OSM-Eintrag, nicht offiziell geprüft",
        "startDate": null,
        "endDate": null,
        "nextStep": "Aktuelle Angaben direkt beim Ort prüfen.",
        "unknowns": [
          "Aktueller Betrieb und tatsächliche Öffnungszeiten"
        ],
        "scale": "street",
        "geometryPrecision": "exact",
        "sources": [
          {
            "url": "https://www.openstreetmap.org/node/7059503759",
            "snapshotUrl": "https://gall.openstreetmap.de/api/interpreter",
            "title": "OpenStreetMap contributors",
            "publisher": "OpenStreetMap contributors",
            "locator": "node/7059503759; tags.name, tags.amenity",
            "retrievedAt": "2026-09-28T18:37:25.186Z",
            "sha256": "ff4e3fbff162c1e3d5217ff0149c5839e641b588faf0bcb22c295abd59c980a0",
            "snapshot": true,
            "licence": "ODbL 1.0",
            "reuse": "open_licence"
          }
        ],
        "extraction": {
          "method": "structured"
        },
        "reviewState": "candidate",
        "asOf": "2026-09-28T18:37:25.186Z",
        "temporalBasis": "observation"
      }
    },
    {
      "type": "Feature",
      "geometry": {
        "type": "Point",
        "coordinates": [
          13.8933359,
          52.5842057
        ]
      },
      "properties": {
        "id": "osm:node-7060281350",
        "version": "92faa89ef3b98d96250f6e31266b857608b3468105bec86e392924547f5f2593",
        "cityId": "strausberg",
        "kind": "place",
        "category": "supermarket",
        "title": "Netto Marken-Discount",
        "statement": "Netto Marken-Discount ist in OpenStreetMap als supermarket eingetragen. Öffnungszeiten in OSM eingetragen; nicht unabhängig bestätigt.",
        "status": "OSM-Eintrag, nicht offiziell geprüft",
        "startDate": null,
        "endDate": null,
        "nextStep": "Aktuelle Angaben direkt beim Ort prüfen.",
        "unknowns": [
          "Aktueller Betrieb und tatsächliche Öffnungszeiten"
        ],
        "scale": "street",
        "geometryPrecision": "exact",
        "sources": [
          {
            "url": "https://www.openstreetmap.org/node/7060281350",
            "snapshotUrl": "https://gall.openstreetmap.de/api/interpreter",
            "title": "OpenStreetMap contributors",
            "publisher": "OpenStreetMap contributors",
            "locator": "node/7060281350; tags.name, tags.shop",
            "retrievedAt": "2026-09-28T18:37:25.186Z",
            "sha256": "ff4e3fbff162c1e3d5217ff0149c5839e641b588faf0bcb22c295abd59c980a0",
            "snapshot": true,
            "licence": "ODbL 1.0",
            "reuse": "open_licence"
          }
        ],
        "extraction": {
          "method": "structured"
        },
        "reviewState": "candidate",
        "asOf": "2026-09-28T18:37:25.186Z",
        "temporalBasis": "observation"
      }
    },
    {
      "type": "Feature",
      "geometry": {
        "type": "Point",
        "coordinates": [
          13.8911282,
          52.5829847
        ]
      },
      "properties": {
        "id": "osm:node-7060281354",
        "version": "1e345ca82eab3ed99d22874749bcdbdb1638419d0c48e5fc3a4447f9fc5622b0",
        "cityId": "strausberg",
        "kind": "place",
        "category": "community_centre",
        "title": "Bürgerbund Nordheim 91 e.V.",
        "statement": "Bürgerbund Nordheim 91 e.V. ist in OpenStreetMap als community_centre eingetragen. Öffnungszeiten in OSM eingetragen; nicht unabhängig bestätigt.",
        "status": "OSM-Eintrag, nicht offiziell geprüft",
        "startDate": null,
        "endDate": null,
        "nextStep": "Aktuelle Angaben direkt beim Ort prüfen.",
        "unknowns": [
          "Aktueller Betrieb und tatsächliche Öffnungszeiten"
        ],
        "scale": "street",
        "geometryPrecision": "exact",
        "sources": [
          {
            "url": "https://www.openstreetmap.org/node/7060281354",
            "snapshotUrl": "https://gall.openstreetmap.de/api/interpreter",
            "title": "OpenStreetMap contributors",
            "publisher": "OpenStreetMap contributors",
            "locator": "node/7060281354; tags.name, tags.amenity",
            "retrievedAt": "2026-09-28T18:37:25.186Z",
            "sha256": "ff4e3fbff162c1e3d5217ff0149c5839e641b588faf0bcb22c295abd59c980a0",
            "snapshot": true,
            "licence": "ODbL 1.0",
            "reuse": "open_licence"
          },
          {
            "url": "https://www.openstreetmap.org/way/1296563661",
            "snapshotUrl": "https://gall.openstreetmap.de/api/interpreter",
            "title": "OpenStreetMap contributors",
            "publisher": "OpenStreetMap contributors",
            "locator": "way/1296563661; tags.name, tags.amenity",
            "retrievedAt": "2026-09-28T18:37:25.186Z",
            "sha256": "ff4e3fbff162c1e3d5217ff0149c5839e641b588faf0bcb22c295abd59c980a0",
            "snapshot": true,
            "licence": "ODbL 1.0",
            "reuse": "open_licence"
          }
        ],
        "extraction": {
          "method": "structured"
        },
        "reviewState": "candidate",
        "asOf": "2026-09-28T18:37:25.186Z",
        "temporalBasis": "observation"
      }
    },
    {
      "type": "Feature",
      "geometry": {
        "type": "Point",
        "coordinates": [
          13.8973645,
          52.5741529
        ]
      },
      "properties": {
        "id": "osm:node-7285154832",
        "version": "379613b1001fd7047737387f980fecc9148e52a0314bdfd01a6ba539d3f501d2",
        "cityId": "strausberg",
        "kind": "place",
        "category": "supermarket",
        "title": "Kaufland",
        "statement": "Kaufland ist in OpenStreetMap als supermarket eingetragen. Öffnungszeiten in OSM eingetragen; nicht unabhängig bestätigt.",
        "status": "OSM-Eintrag, nicht offiziell geprüft",
        "startDate": null,
        "endDate": null,
        "nextStep": "Aktuelle Angaben direkt beim Ort prüfen.",
        "unknowns": [
          "Aktueller Betrieb und tatsächliche Öffnungszeiten"
        ],
        "scale": "street",
        "geometryPrecision": "exact",
        "sources": [
          {
            "url": "https://www.openstreetmap.org/node/7285154832",
            "snapshotUrl": "https://gall.openstreetmap.de/api/interpreter",
            "title": "OpenStreetMap contributors",
            "publisher": "OpenStreetMap contributors",
            "locator": "node/7285154832; tags.name, tags.shop",
            "retrievedAt": "2026-09-28T18:37:25.186Z",
            "sha256": "ff4e3fbff162c1e3d5217ff0149c5839e641b588faf0bcb22c295abd59c980a0",
            "snapshot": true,
            "licence": "ODbL 1.0",
            "reuse": "open_licence"
          }
        ],
        "extraction": {
          "method": "structured"
        },
        "reviewState": "candidate",
        "asOf": "2026-09-28T18:37:25.186Z",
        "temporalBasis": "observation"
      }
    },
    {
      "type": "Feature",
      "geometry": {
        "type": "Point",
        "coordinates": [
          13.8831874,
          52.5750389
        ]
      },
      "properties": {
        "id": "osm:node-8050730961",
        "version": "9eb799b47366a515f1fdd2b2d3720682dd86f77880abaa9ef290c8049228eede",
        "cityId": "strausberg",
        "kind": "place",
        "category": "school",
        "title": "Hegermühlen-Grundschule",
        "statement": "Hegermühlen-Grundschule ist in OpenStreetMap als school eingetragen. Betrieb und Öffnungszeiten nicht geprüft.",
        "status": "OSM-Eintrag, nicht offiziell geprüft",
        "startDate": null,
        "endDate": null,
        "nextStep": "Aktuelle Angaben direkt beim Ort prüfen.",
        "unknowns": [
          "Aktueller Betrieb und tatsächliche Öffnungszeiten"
        ],
        "scale": "street",
        "geometryPrecision": "exact",
        "sources": [
          {
            "url": "https://www.openstreetmap.org/node/8050730961",
            "snapshotUrl": "https://gall.openstreetmap.de/api/interpreter",
            "title": "OpenStreetMap contributors",
            "publisher": "OpenStreetMap contributors",
            "locator": "node/8050730961; tags.name, tags.amenity",
            "retrievedAt": "2026-09-28T18:37:25.186Z",
            "sha256": "ff4e3fbff162c1e3d5217ff0149c5839e641b588faf0bcb22c295abd59c980a0",
            "snapshot": true,
            "licence": "ODbL 1.0",
            "reuse": "open_licence"
          }
        ],
        "extraction": {
          "method": "structured"
        },
        "reviewState": "candidate",
        "asOf": "2026-09-28T18:37:25.186Z",
        "temporalBasis": "observation"
      }
    },
    {
      "type": "Feature",
      "geometry": {
        "type": "Point",
        "coordinates": [
          13.8970432,
          52.5738929
        ]
      },
      "properties": {
        "id": "osm:node-8063950293",
        "version": "f6cc3845a32ee216f883099a4d8bfb5d560f0996166d6fb62eb5ccb79e8d468d",
        "cityId": "strausberg",
        "kind": "place",
        "category": "bakery",
        "title": "Steinecke",
        "statement": "Steinecke ist in OpenStreetMap als bakery eingetragen. Öffnungszeiten in OSM eingetragen; nicht unabhängig bestätigt.",
        "status": "OSM-Eintrag, nicht offiziell geprüft",
        "startDate": null,
        "endDate": null,
        "nextStep": "Aktuelle Angaben direkt beim Ort prüfen.",
        "unknowns": [
          "Aktueller Betrieb und tatsächliche Öffnungszeiten"
        ],
        "scale": "street",
        "geometryPrecision": "exact",
        "sources": [
          {
            "url": "https://www.openstreetmap.org/node/8063950293",
            "snapshotUrl": "https://gall.openstreetmap.de/api/interpreter",
            "title": "OpenStreetMap contributors",
            "publisher": "OpenStreetMap contributors",
            "locator": "node/8063950293; tags.name, tags.shop",
            "retrievedAt": "2026-09-28T18:37:25.186Z",
            "sha256": "ff4e3fbff162c1e3d5217ff0149c5839e641b588faf0bcb22c295abd59c980a0",
            "snapshot": true,
            "licence": "ODbL 1.0",
            "reuse": "open_licence"
          }
        ],
        "extraction": {
          "method": "structured"
        },
        "reviewState": "candidate",
        "asOf": "2026-09-28T18:37:25.186Z",
        "temporalBasis": "observation"
      }
    },
    {
      "type": "Feature",
      "geometry": {
        "type": "Point",
        "coordinates": [
          13.881873,
          52.5818549
        ]
      },
      "properties": {
        "id": "osm:node-8680767825",
        "version": "88d581af024d54a47cdeb315db646f333b4ef1a4143cdae31d5b76f432212da5",
        "cityId": "strausberg",
        "kind": "place",
        "category": "doctors",
        "title": "Kardiologische Facharztpraxis",
        "statement": "Kardiologische Facharztpraxis ist in OpenStreetMap als doctors eingetragen. Öffnungszeiten in OSM eingetragen; nicht unabhängig bestätigt.",
        "status": "OSM-Eintrag, nicht offiziell geprüft",
        "startDate": null,
        "endDate": null,
        "nextStep": "Aktuelle Angaben direkt beim Ort prüfen.",
        "unknowns": [
          "Aktueller Betrieb und tatsächliche Öffnungszeiten"
        ],
        "scale": "street",
        "geometryPrecision": "exact",
        "sources": [
          {
            "url": "https://www.openstreetmap.org/node/8680767825",
            "snapshotUrl": "https://gall.openstreetmap.de/api/interpreter",
            "title": "OpenStreetMap contributors",
            "publisher": "OpenStreetMap contributors",
            "locator": "node/8680767825; tags.name, tags.amenity",
            "retrievedAt": "2026-09-28T18:37:25.186Z",
            "sha256": "ff4e3fbff162c1e3d5217ff0149c5839e641b588faf0bcb22c295abd59c980a0",
            "snapshot": true,
            "licence": "ODbL 1.0",
            "reuse": "open_licence"
          }
        ],
        "extraction": {
          "method": "structured"
        },
        "reviewState": "candidate",
        "asOf": "2026-09-28T18:37:25.186Z",
        "temporalBasis": "observation"
      }
    },
    {
      "type": "Feature",
      "geometry": {
        "type": "Point",
        "coordinates": [
          13.8818675,
          52.5818258
        ]
      },
      "properties": {
        "id": "osm:node-8691936095",
        "version": "5a7acf2fb891fdb3c4257a1bcd2c100821876af015d117ed722308048a6ff7ac",
        "cityId": "strausberg",
        "kind": "place",
        "category": "doctors",
        "title": "Internistische Praxis Ulrike Pilz",
        "statement": "Internistische Praxis Ulrike Pilz ist in OpenStreetMap als doctors eingetragen. Öffnungszeiten in OSM eingetragen; nicht unabhängig bestätigt.",
        "status": "OSM-Eintrag, nicht offiziell geprüft",
        "startDate": null,
        "endDate": null,
        "nextStep": "Aktuelle Angaben direkt beim Ort prüfen.",
        "unknowns": [
          "Aktueller Betrieb und tatsächliche Öffnungszeiten"
        ],
        "scale": "street",
        "geometryPrecision": "exact",
        "sources": [
          {
            "url": "https://www.openstreetmap.org/node/8691936095",
            "snapshotUrl": "https://gall.openstreetmap.de/api/interpreter",
            "title": "OpenStreetMap contributors",
            "publisher": "OpenStreetMap contributors",
            "locator": "node/8691936095; tags.name, tags.amenity",
            "retrievedAt": "2026-09-28T18:37:25.186Z",
            "sha256": "ff4e3fbff162c1e3d5217ff0149c5839e641b588faf0bcb22c295abd59c980a0",
            "snapshot": true,
            "licence": "ODbL 1.0",
            "reuse": "open_licence"
          }
        ],
        "extraction": {
          "method": "structured"
        },
        "reviewState": "candidate",
        "asOf": "2026-09-28T18:37:25.186Z",
        "temporalBasis": "observation"
      }
    },
    {
      "type": "Feature",
      "geometry": {
        "type": "Point",
        "coordinates": [
          13.8706294,
          52.557783
        ]
      },
      "properties": {
        "id": "osm:node-9403488425",
        "version": "2ab706fdce780d8ecdc66d42c596bfc85b56c8c71bfce9c893988d4e9dcba21b",
        "cityId": "strausberg",
        "kind": "place",
        "category": "post_office",
        "title": "Postfiliale 515",
        "statement": "Postfiliale 515 ist in OpenStreetMap als post_office eingetragen. Öffnungszeiten in OSM eingetragen; nicht unabhängig bestätigt.",
        "status": "OSM-Eintrag, nicht offiziell geprüft",
        "startDate": null,
        "endDate": null,
        "nextStep": "Aktuelle Angaben direkt beim Ort prüfen.",
        "unknowns": [
          "Aktueller Betrieb und tatsächliche Öffnungszeiten"
        ],
        "scale": "street",
        "geometryPrecision": "exact",
        "sources": [
          {
            "url": "https://www.openstreetmap.org/node/9403488425",
            "snapshotUrl": "https://gall.openstreetmap.de/api/interpreter",
            "title": "OpenStreetMap contributors",
            "publisher": "OpenStreetMap contributors",
            "locator": "node/9403488425; tags.name, tags.amenity",
            "retrievedAt": "2026-09-28T18:37:25.186Z",
            "sha256": "ff4e3fbff162c1e3d5217ff0149c5839e641b588faf0bcb22c295abd59c980a0",
            "snapshot": true,
            "licence": "ODbL 1.0",
            "reuse": "open_licence"
          }
        ],
        "extraction": {
          "method": "structured"
        },
        "reviewState": "candidate",
        "asOf": "2026-09-28T18:37:25.186Z",
        "temporalBasis": "observation"
      }
    },
    {
      "type": "Feature",
      "geometry": {
        "type": "Point",
        "coordinates": [
          13.8644063,
          52.5478073
        ]
      },
      "properties": {
        "id": "osm:node-9690004150",
        "version": "56c752e8e6540175a0ea47957586d5e30efcbaaf9abc0ec2be512f57a337b377",
        "cityId": "strausberg",
        "kind": "place",
        "category": "community_centre",
        "title": "AWO Familienzentrum",
        "statement": "AWO Familienzentrum ist in OpenStreetMap als community_centre eingetragen. Betrieb und Öffnungszeiten nicht geprüft.",
        "status": "OSM-Eintrag, nicht offiziell geprüft",
        "startDate": null,
        "endDate": null,
        "nextStep": "Aktuelle Angaben direkt beim Ort prüfen.",
        "unknowns": [
          "Aktueller Betrieb und tatsächliche Öffnungszeiten"
        ],
        "scale": "street",
        "geometryPrecision": "exact",
        "sources": [
          {
            "url": "https://www.openstreetmap.org/node/9690004150",
            "snapshotUrl": "https://gall.openstreetmap.de/api/interpreter",
            "title": "OpenStreetMap contributors",
            "publisher": "OpenStreetMap contributors",
            "locator": "node/9690004150; tags.name, tags.amenity",
            "retrievedAt": "2026-09-28T18:37:25.186Z",
            "sha256": "ff4e3fbff162c1e3d5217ff0149c5839e641b588faf0bcb22c295abd59c980a0",
            "snapshot": true,
            "licence": "ODbL 1.0",
            "reuse": "open_licence"
          }
        ],
        "extraction": {
          "method": "structured"
        },
        "reviewState": "candidate",
        "asOf": "2026-09-28T18:37:25.186Z",
        "temporalBasis": "observation"
      }
    },
    {
      "type": "Feature",
      "geometry": {
        "type": "Point",
        "coordinates": [
          13.9007644,
          52.5888324
        ]
      },
      "properties": {
        "id": "osm:way-1047766622",
        "version": "69df555127bbea925eb94fcc1ec482b203ecf811934dc754a51ef3cd5790ccfd",
        "cityId": "strausberg",
        "kind": "place",
        "category": "hospital",
        "title": "Krankenhaus Märkisch-Oderland",
        "statement": "Krankenhaus Märkisch-Oderland ist in OpenStreetMap als hospital eingetragen. Betrieb und Öffnungszeiten nicht geprüft.",
        "status": "OSM-Eintrag, nicht offiziell geprüft",
        "startDate": null,
        "endDate": null,
        "nextStep": "Aktuelle Angaben direkt beim Ort prüfen.",
        "unknowns": [
          "Aktueller Betrieb und tatsächliche Öffnungszeiten"
        ],
        "scale": "street",
        "geometryPrecision": "approximate",
        "sources": [
          {
            "url": "https://www.openstreetmap.org/way/1047766622",
            "snapshotUrl": "https://gall.openstreetmap.de/api/interpreter",
            "title": "OpenStreetMap contributors",
            "publisher": "OpenStreetMap contributors",
            "locator": "way/1047766622; tags.name, tags.amenity",
            "retrievedAt": "2026-09-28T18:37:25.186Z",
            "sha256": "ff4e3fbff162c1e3d5217ff0149c5839e641b588faf0bcb22c295abd59c980a0",
            "snapshot": true,
            "licence": "ODbL 1.0",
            "reuse": "open_licence"
          }
        ],
        "extraction": {
          "method": "structured"
        },
        "reviewState": "candidate",
        "asOf": "2026-09-28T18:37:25.186Z",
        "temporalBasis": "observation"
      }
    },
    {
      "type": "Feature",
      "geometry": {
        "type": "Point",
        "coordinates": [
          13.8919962,
          52.5837314
        ]
      },
      "properties": {
        "id": "osm:way-1081144803",
        "version": "cfda285213797fbc45a5f40c412d881ce05f75a209cd05e652e6a22f83676aa5",
        "cityId": "strausberg",
        "kind": "place",
        "category": "kindergarten",
        "title": "Zwergenland",
        "statement": "Zwergenland ist in OpenStreetMap als kindergarten eingetragen. Öffnungszeiten in OSM eingetragen; nicht unabhängig bestätigt.",
        "status": "OSM-Eintrag, nicht offiziell geprüft",
        "startDate": null,
        "endDate": null,
        "nextStep": "Aktuelle Angaben direkt beim Ort prüfen.",
        "unknowns": [
          "Aktueller Betrieb und tatsächliche Öffnungszeiten"
        ],
        "scale": "street",
        "geometryPrecision": "approximate",
        "sources": [
          {
            "url": "https://www.openstreetmap.org/way/1081144803",
            "snapshotUrl": "https://gall.openstreetmap.de/api/interpreter",
            "title": "OpenStreetMap contributors",
            "publisher": "OpenStreetMap contributors",
            "locator": "way/1081144803; tags.name, tags.amenity",
            "retrievedAt": "2026-09-28T18:37:25.186Z",
            "sha256": "ff4e3fbff162c1e3d5217ff0149c5839e641b588faf0bcb22c295abd59c980a0",
            "snapshot": true,
            "licence": "ODbL 1.0",
            "reuse": "open_licence"
          }
        ],
        "extraction": {
          "method": "structured"
        },
        "reviewState": "candidate",
        "asOf": "2026-09-28T18:37:25.186Z",
        "temporalBasis": "observation"
      }
    },
    {
      "type": "Feature",
      "geometry": {
        "type": "Point",
        "coordinates": [
          13.8836189,
          52.574318
        ]
      },
      "properties": {
        "id": "osm:way-1292685499",
        "version": "c63332542c86d41b7a3da6503b24d4fec53f049f6e7a17a679f4d35173a2bc04",
        "cityId": "strausberg",
        "kind": "place",
        "category": "school",
        "title": "Hegermühlen-Grundschule",
        "statement": "Hegermühlen-Grundschule ist in OpenStreetMap als school eingetragen. Betrieb und Öffnungszeiten nicht geprüft.",
        "status": "OSM-Eintrag, nicht offiziell geprüft",
        "startDate": null,
        "endDate": null,
        "nextStep": "Aktuelle Angaben direkt beim Ort prüfen.",
        "unknowns": [
          "Aktueller Betrieb und tatsächliche Öffnungszeiten"
        ],
        "scale": "street",
        "geometryPrecision": "approximate",
        "sources": [
          {
            "url": "https://www.openstreetmap.org/way/1292685499",
            "snapshotUrl": "https://gall.openstreetmap.de/api/interpreter",
            "title": "OpenStreetMap contributors",
            "publisher": "OpenStreetMap contributors",
            "locator": "way/1292685499; tags.name, tags.amenity",
            "retrievedAt": "2026-09-28T18:37:25.186Z",
            "sha256": "ff4e3fbff162c1e3d5217ff0149c5839e641b588faf0bcb22c295abd59c980a0",
            "snapshot": true,
            "licence": "ODbL 1.0",
            "reuse": "open_licence"
          }
        ],
        "extraction": {
          "method": "structured"
        },
        "reviewState": "candidate",
        "asOf": "2026-09-28T18:37:25.186Z",
        "temporalBasis": "observation"
      }
    },
    {
      "type": "Feature",
      "geometry": {
        "type": "Point",
        "coordinates": [
          13.8900476,
          52.5750877
        ]
      },
      "properties": {
        "id": "osm:way-222135655",
        "version": "94e5c42a82e0a9a2e91a7dc5ff5624c48a7f88162e758f85bf5af919f949fe8e",
        "cityId": "strausberg",
        "kind": "place",
        "category": "kindergarten",
        "title": "Integrationskita Sonnenschein",
        "statement": "Integrationskita Sonnenschein ist in OpenStreetMap als kindergarten eingetragen. Betrieb und Öffnungszeiten nicht geprüft.",
        "status": "OSM-Eintrag, nicht offiziell geprüft",
        "startDate": null,
        "endDate": null,
        "nextStep": "Aktuelle Angaben direkt beim Ort prüfen.",
        "unknowns": [
          "Aktueller Betrieb und tatsächliche Öffnungszeiten"
        ],
        "scale": "street",
        "geometryPrecision": "approximate",
        "sources": [
          {
            "url": "https://www.openstreetmap.org/way/222135655",
            "snapshotUrl": "https://gall.openstreetmap.de/api/interpreter",
            "title": "OpenStreetMap contributors",
            "publisher": "OpenStreetMap contributors",
            "locator": "way/222135655; tags.name, tags.amenity",
            "retrievedAt": "2026-09-28T18:37:25.186Z",
            "sha256": "ff4e3fbff162c1e3d5217ff0149c5839e641b588faf0bcb22c295abd59c980a0",
            "snapshot": true,
            "licence": "ODbL 1.0",
            "reuse": "open_licence"
          }
        ],
        "extraction": {
          "method": "structured"
        },
        "reviewState": "candidate",
        "asOf": "2026-09-28T18:37:25.186Z",
        "temporalBasis": "observation"
      }
    },
    {
      "type": "Feature",
      "geometry": {
        "type": "Point",
        "coordinates": [
          13.8617736,
          52.5610098
        ]
      },
      "properties": {
        "id": "osm:way-25669658",
        "version": "daf3f0daa7c43187b7e6929a9a77619785a1d4d413a18c177e1d88a4b6e9b8cd",
        "cityId": "strausberg",
        "kind": "place",
        "category": "soccer",
        "title": "Sportplatz Marienberg",
        "statement": "Sportplatz Marienberg ist in OpenStreetMap als soccer eingetragen. Betrieb und Öffnungszeiten nicht geprüft.",
        "status": "OSM-Eintrag, nicht offiziell geprüft",
        "startDate": null,
        "endDate": null,
        "nextStep": "Aktuelle Angaben direkt beim Ort prüfen.",
        "unknowns": [
          "Aktueller Betrieb und tatsächliche Öffnungszeiten"
        ],
        "scale": "street",
        "geometryPrecision": "approximate",
        "sources": [
          {
            "url": "https://www.openstreetmap.org/way/25669658",
            "snapshotUrl": "https://gall.openstreetmap.de/api/interpreter",
            "title": "OpenStreetMap contributors",
            "publisher": "OpenStreetMap contributors",
            "locator": "way/25669658; tags.name, tags.sport",
            "retrievedAt": "2026-09-28T18:37:25.186Z",
            "sha256": "ff4e3fbff162c1e3d5217ff0149c5839e641b588faf0bcb22c295abd59c980a0",
            "snapshot": true,
            "licence": "ODbL 1.0",
            "reuse": "open_licence"
          }
        ],
        "extraction": {
          "method": "structured"
        },
        "reviewState": "candidate",
        "asOf": "2026-09-28T18:37:25.186Z",
        "temporalBasis": "observation"
      }
    },
    {
      "type": "Feature",
      "geometry": {
        "type": "Point",
        "coordinates": [
          13.9046734,
          52.5895354
        ]
      },
      "properties": {
        "id": "osm:way-289563042",
        "version": "45f3043ac76f2c95986dd1448a756f29aaa58c691fa6c4c0cc364251705092c6",
        "cityId": "strausberg",
        "kind": "place",
        "category": "community_centre",
        "title": "Volkshaus Strausberg",
        "statement": "Volkshaus Strausberg ist in OpenStreetMap als community_centre eingetragen. Betrieb und Öffnungszeiten nicht geprüft.",
        "status": "OSM-Eintrag, nicht offiziell geprüft",
        "startDate": null,
        "endDate": null,
        "nextStep": "Aktuelle Angaben direkt beim Ort prüfen.",
        "unknowns": [
          "Aktueller Betrieb und tatsächliche Öffnungszeiten"
        ],
        "scale": "street",
        "geometryPrecision": "approximate",
        "sources": [
          {
            "url": "https://www.openstreetmap.org/way/289563042",
            "snapshotUrl": "https://gall.openstreetmap.de/api/interpreter",
            "title": "OpenStreetMap contributors",
            "publisher": "OpenStreetMap contributors",
            "locator": "way/289563042; tags.name, tags.amenity",
            "retrievedAt": "2026-09-28T18:37:25.186Z",
            "sha256": "ff4e3fbff162c1e3d5217ff0149c5839e641b588faf0bcb22c295abd59c980a0",
            "snapshot": true,
            "licence": "ODbL 1.0",
            "reuse": "open_licence"
          }
        ],
        "extraction": {
          "method": "structured"
        },
        "reviewState": "candidate",
        "asOf": "2026-09-28T18:37:25.186Z",
        "temporalBasis": "observation"
      }
    },
    {
      "type": "Feature",
      "geometry": {
        "type": "Point",
        "coordinates": [
          13.877412,
          52.5722733
        ]
      },
      "properties": {
        "id": "osm:way-292602842",
        "version": "c023b244b5468de1f3637d359c3ae21399477dc064cc4b6eba2803cfceb5ed90",
        "cityId": "strausberg",
        "kind": "place",
        "category": "doctors",
        "title": "Saskia Richter",
        "statement": "Saskia Richter ist in OpenStreetMap als doctors eingetragen. Öffnungszeiten in OSM eingetragen; nicht unabhängig bestätigt.",
        "status": "OSM-Eintrag, nicht offiziell geprüft",
        "startDate": null,
        "endDate": null,
        "nextStep": "Aktuelle Angaben direkt beim Ort prüfen.",
        "unknowns": [
          "Aktueller Betrieb und tatsächliche Öffnungszeiten"
        ],
        "scale": "street",
        "geometryPrecision": "approximate",
        "sources": [
          {
            "url": "https://www.openstreetmap.org/way/292602842",
            "snapshotUrl": "https://gall.openstreetmap.de/api/interpreter",
            "title": "OpenStreetMap contributors",
            "publisher": "OpenStreetMap contributors",
            "locator": "way/292602842; tags.name, tags.amenity",
            "retrievedAt": "2026-09-28T18:37:25.186Z",
            "sha256": "ff4e3fbff162c1e3d5217ff0149c5839e641b588faf0bcb22c295abd59c980a0",
            "snapshot": true,
            "licence": "ODbL 1.0",
            "reuse": "open_licence"
          }
        ],
        "extraction": {
          "method": "structured"
        },
        "reviewState": "candidate",
        "asOf": "2026-09-28T18:37:25.186Z",
        "temporalBasis": "observation"
      }
    },
    {
      "type": "Feature",
      "geometry": {
        "type": "Point",
        "coordinates": [
          13.8424633,
          52.5320443
        ]
      },
      "properties": {
        "id": "osm:way-345581574",
        "version": "10e52e65f1e497fb5bfa5bd79f5cac638204d97e77bf2cbc1019887dccc5aaee",
        "cityId": "strausberg",
        "kind": "place",
        "category": "doctors",
        "title": "Vera-Marina Polster",
        "statement": "Vera-Marina Polster ist in OpenStreetMap als doctors eingetragen. Öffnungszeiten in OSM eingetragen; nicht unabhängig bestätigt.",
        "status": "OSM-Eintrag, nicht offiziell geprüft",
        "startDate": null,
        "endDate": null,
        "nextStep": "Aktuelle Angaben direkt beim Ort prüfen.",
        "unknowns": [
          "Aktueller Betrieb und tatsächliche Öffnungszeiten"
        ],
        "scale": "street",
        "geometryPrecision": "approximate",
        "sources": [
          {
            "url": "https://www.openstreetmap.org/way/345581574",
            "snapshotUrl": "https://gall.openstreetmap.de/api/interpreter",
            "title": "OpenStreetMap contributors",
            "publisher": "OpenStreetMap contributors",
            "locator": "way/345581574; tags.name, tags.amenity",
            "retrievedAt": "2026-09-28T18:37:25.186Z",
            "sha256": "ff4e3fbff162c1e3d5217ff0149c5839e641b588faf0bcb22c295abd59c980a0",
            "snapshot": true,
            "licence": "ODbL 1.0",
            "reuse": "open_licence"
          }
        ],
        "extraction": {
          "method": "structured"
        },
        "reviewState": "candidate",
        "asOf": "2026-09-28T18:37:25.186Z",
        "temporalBasis": "observation"
      }
    },
    {
      "type": "Feature",
      "geometry": {
        "type": "Point",
        "coordinates": [
          13.8941826,
          52.5870229
        ]
      },
      "properties": {
        "id": "osm:way-38246303",
        "version": "0ad535e691e1086276d6af118b50f86510c353dc40319ef753a63328620a5abf",
        "cityId": "strausberg",
        "kind": "place",
        "category": "supermarket",
        "title": "Netto",
        "statement": "Netto ist in OpenStreetMap als supermarket eingetragen. Öffnungszeiten in OSM eingetragen; nicht unabhängig bestätigt.",
        "status": "OSM-Eintrag, nicht offiziell geprüft",
        "startDate": null,
        "endDate": null,
        "nextStep": "Aktuelle Angaben direkt beim Ort prüfen.",
        "unknowns": [
          "Aktueller Betrieb und tatsächliche Öffnungszeiten"
        ],
        "scale": "street",
        "geometryPrecision": "approximate",
        "sources": [
          {
            "url": "https://www.openstreetmap.org/way/38246303",
            "snapshotUrl": "https://gall.openstreetmap.de/api/interpreter",
            "title": "OpenStreetMap contributors",
            "publisher": "OpenStreetMap contributors",
            "locator": "way/38246303; tags.name, tags.shop",
            "retrievedAt": "2026-09-28T18:37:25.186Z",
            "sha256": "ff4e3fbff162c1e3d5217ff0149c5839e641b588faf0bcb22c295abd59c980a0",
            "snapshot": true,
            "licence": "ODbL 1.0",
            "reuse": "open_licence"
          }
        ],
        "extraction": {
          "method": "structured"
        },
        "reviewState": "candidate",
        "asOf": "2026-09-28T18:37:25.186Z",
        "temporalBasis": "observation"
      }
    },
    {
      "type": "Feature",
      "geometry": {
        "type": "Point",
        "coordinates": [
          13.8939694,
          52.5824551
        ]
      },
      "properties": {
        "id": "osm:way-38247119",
        "version": "610d37050aecc7ccd9982309ab8c62e3992d5f035794b2e249c517cf38e2f4d9",
        "cityId": "strausberg",
        "kind": "place",
        "category": "clinic",
        "title": "Ärztehaus Kastanienallee",
        "statement": "Ärztehaus Kastanienallee ist in OpenStreetMap als clinic eingetragen. Öffnungszeiten in OSM eingetragen; nicht unabhängig bestätigt.",
        "status": "OSM-Eintrag, nicht offiziell geprüft",
        "startDate": null,
        "endDate": null,
        "nextStep": "Aktuelle Angaben direkt beim Ort prüfen.",
        "unknowns": [
          "Aktueller Betrieb und tatsächliche Öffnungszeiten"
        ],
        "scale": "street",
        "geometryPrecision": "approximate",
        "sources": [
          {
            "url": "https://www.openstreetmap.org/way/38247119",
            "snapshotUrl": "https://gall.openstreetmap.de/api/interpreter",
            "title": "OpenStreetMap contributors",
            "publisher": "OpenStreetMap contributors",
            "locator": "way/38247119; tags.name, tags.amenity",
            "retrievedAt": "2026-09-28T18:37:25.186Z",
            "sha256": "ff4e3fbff162c1e3d5217ff0149c5839e641b588faf0bcb22c295abd59c980a0",
            "snapshot": true,
            "licence": "ODbL 1.0",
            "reuse": "open_licence"
          }
        ],
        "extraction": {
          "method": "structured"
        },
        "reviewState": "candidate",
        "asOf": "2026-09-28T18:37:25.186Z",
        "temporalBasis": "observation"
      }
    },
    {
      "type": "Feature",
      "geometry": {
        "type": "Point",
        "coordinates": [
          13.8890684,
          52.5842318
        ]
      },
      "properties": {
        "id": "osm:way-38248475",
        "version": "6050ce51832e378c29544163416e2386bc71fb6ea44b3b9d0965dcff7f8c29da",
        "cityId": "strausberg",
        "kind": "place",
        "category": "multi",
        "title": "Energie Arena",
        "statement": "Energie Arena ist in OpenStreetMap als multi eingetragen. Betrieb und Öffnungszeiten nicht geprüft.",
        "status": "OSM-Eintrag, nicht offiziell geprüft",
        "startDate": null,
        "endDate": null,
        "nextStep": "Aktuelle Angaben direkt beim Ort prüfen.",
        "unknowns": [
          "Aktueller Betrieb und tatsächliche Öffnungszeiten"
        ],
        "scale": "street",
        "geometryPrecision": "approximate",
        "sources": [
          {
            "url": "https://www.openstreetmap.org/way/38248475",
            "snapshotUrl": "https://gall.openstreetmap.de/api/interpreter",
            "title": "OpenStreetMap contributors",
            "publisher": "OpenStreetMap contributors",
            "locator": "way/38248475; tags.name, tags.sport",
            "retrievedAt": "2026-09-28T18:37:25.186Z",
            "sha256": "ff4e3fbff162c1e3d5217ff0149c5839e641b588faf0bcb22c295abd59c980a0",
            "snapshot": true,
            "licence": "ODbL 1.0",
            "reuse": "open_licence"
          }
        ],
        "extraction": {
          "method": "structured"
        },
        "reviewState": "candidate",
        "asOf": "2026-09-28T18:37:25.186Z",
        "temporalBasis": "observation"
      }
    },
    {
      "type": "Feature",
      "geometry": {
        "type": "Point",
        "coordinates": [
          13.8879876,
          52.5850802
        ]
      },
      "properties": {
        "id": "osm:way-38248477",
        "version": "f0e8727040f17d4d2ce06c9c25adb19f0386182a26991a7a51acfcd6ff8eee2e",
        "cityId": "strausberg",
        "kind": "place",
        "category": "swimming",
        "title": "Strausbad",
        "statement": "Strausbad ist in OpenStreetMap als swimming eingetragen. Öffnungszeiten in OSM eingetragen; nicht unabhängig bestätigt.",
        "status": "OSM-Eintrag, nicht offiziell geprüft",
        "startDate": null,
        "endDate": null,
        "nextStep": "Aktuelle Angaben direkt beim Ort prüfen.",
        "unknowns": [
          "Aktueller Betrieb und tatsächliche Öffnungszeiten"
        ],
        "scale": "street",
        "geometryPrecision": "approximate",
        "sources": [
          {
            "url": "https://www.openstreetmap.org/way/38248477",
            "snapshotUrl": "https://gall.openstreetmap.de/api/interpreter",
            "title": "OpenStreetMap contributors",
            "publisher": "OpenStreetMap contributors",
            "locator": "way/38248477; tags.name, tags.sport",
            "retrievedAt": "2026-09-28T18:37:25.186Z",
            "sha256": "ff4e3fbff162c1e3d5217ff0149c5839e641b588faf0bcb22c295abd59c980a0",
            "snapshot": true,
            "licence": "ODbL 1.0",
            "reuse": "open_licence"
          }
        ],
        "extraction": {
          "method": "structured"
        },
        "reviewState": "candidate",
        "asOf": "2026-09-28T18:37:25.186Z",
        "temporalBasis": "observation"
      }
    },
    {
      "type": "Feature",
      "geometry": {
        "type": "Point",
        "coordinates": [
          13.8871542,
          52.5846049
        ]
      },
      "properties": {
        "id": "osm:way-38248483",
        "version": "03c54a9bfa7d3e4a6a88ad48d45593a1bff87a574bf9995d3d388abc1454b75c",
        "cityId": "strausberg",
        "kind": "place",
        "category": "multi",
        "title": "Mehrzweckhalle Oberstufenzentrum",
        "statement": "Mehrzweckhalle Oberstufenzentrum ist in OpenStreetMap als multi eingetragen. Betrieb und Öffnungszeiten nicht geprüft.",
        "status": "OSM-Eintrag, nicht offiziell geprüft",
        "startDate": null,
        "endDate": null,
        "nextStep": "Aktuelle Angaben direkt beim Ort prüfen.",
        "unknowns": [
          "Aktueller Betrieb und tatsächliche Öffnungszeiten"
        ],
        "scale": "street",
        "geometryPrecision": "approximate",
        "sources": [
          {
            "url": "https://www.openstreetmap.org/way/38248483",
            "snapshotUrl": "https://gall.openstreetmap.de/api/interpreter",
            "title": "OpenStreetMap contributors",
            "publisher": "OpenStreetMap contributors",
            "locator": "way/38248483; tags.name, tags.sport",
            "retrievedAt": "2026-09-28T18:37:25.186Z",
            "sha256": "ff4e3fbff162c1e3d5217ff0149c5839e641b588faf0bcb22c295abd59c980a0",
            "snapshot": true,
            "licence": "ODbL 1.0",
            "reuse": "open_licence"
          }
        ],
        "extraction": {
          "method": "structured"
        },
        "reviewState": "candidate",
        "asOf": "2026-09-28T18:37:25.186Z",
        "temporalBasis": "observation"
      }
    },
    {
      "type": "Feature",
      "geometry": {
        "type": "Point",
        "coordinates": [
          13.8865499,
          52.5841924
        ]
      },
      "properties": {
        "id": "osm:way-38248485",
        "version": "0774bc08f8ab3c6cf5be0356142f3b8271bdc77e650d4fd09a324bb7d400cd66",
        "cityId": "strausberg",
        "kind": "place",
        "category": "school",
        "title": "Oberstufenzentrum Märkisch-Oderland",
        "statement": "Oberstufenzentrum Märkisch-Oderland ist in OpenStreetMap als school eingetragen. Betrieb und Öffnungszeiten nicht geprüft.",
        "status": "OSM-Eintrag, nicht offiziell geprüft",
        "startDate": null,
        "endDate": null,
        "nextStep": "Aktuelle Angaben direkt beim Ort prüfen.",
        "unknowns": [
          "Aktueller Betrieb und tatsächliche Öffnungszeiten"
        ],
        "scale": "street",
        "geometryPrecision": "approximate",
        "sources": [
          {
            "url": "https://www.openstreetmap.org/way/38248485",
            "snapshotUrl": "https://gall.openstreetmap.de/api/interpreter",
            "title": "OpenStreetMap contributors",
            "publisher": "OpenStreetMap contributors",
            "locator": "way/38248485; tags.name, tags.amenity",
            "retrievedAt": "2026-09-28T18:37:25.186Z",
            "sha256": "ff4e3fbff162c1e3d5217ff0149c5839e641b588faf0bcb22c295abd59c980a0",
            "snapshot": true,
            "licence": "ODbL 1.0",
            "reuse": "open_licence"
          }
        ],
        "extraction": {
          "method": "structured"
        },
        "reviewState": "candidate",
        "asOf": "2026-09-28T18:37:25.186Z",
        "temporalBasis": "observation"
      }
    },
    {
      "type": "Feature",
      "geometry": {
        "type": "Point",
        "coordinates": [
          13.8891463,
          52.5758634
        ]
      },
      "properties": {
        "id": "osm:way-38285451",
        "version": "7089811bbe12646ea98e36eee025ea46c7b8c1b42ce4f0063e67dcaf25ee7295",
        "cityId": "strausberg",
        "kind": "place",
        "category": "multi;volleyball;soccer",
        "title": "Mühlenberghalle",
        "statement": "Mühlenberghalle ist in OpenStreetMap als multi;volleyball;soccer eingetragen. Betrieb und Öffnungszeiten nicht geprüft.",
        "status": "OSM-Eintrag, nicht offiziell geprüft",
        "startDate": null,
        "endDate": null,
        "nextStep": "Aktuelle Angaben direkt beim Ort prüfen.",
        "unknowns": [
          "Aktueller Betrieb und tatsächliche Öffnungszeiten"
        ],
        "scale": "street",
        "geometryPrecision": "approximate",
        "sources": [
          {
            "url": "https://www.openstreetmap.org/way/38285451",
            "snapshotUrl": "https://gall.openstreetmap.de/api/interpreter",
            "title": "OpenStreetMap contributors",
            "publisher": "OpenStreetMap contributors",
            "locator": "way/38285451; tags.name, tags.sport",
            "retrievedAt": "2026-09-28T18:37:25.186Z",
            "sha256": "ff4e3fbff162c1e3d5217ff0149c5839e641b588faf0bcb22c295abd59c980a0",
            "snapshot": true,
            "licence": "ODbL 1.0",
            "reuse": "open_licence"
          }
        ],
        "extraction": {
          "method": "structured"
        },
        "reviewState": "candidate",
        "asOf": "2026-09-28T18:37:25.186Z",
        "temporalBasis": "observation"
      }
    },
    {
      "type": "Feature",
      "geometry": {
        "type": "Point",
        "coordinates": [
          13.8805802,
          52.5829911
        ]
      },
      "properties": {
        "id": "osm:way-38495889",
        "version": "51efbc8e9ca2425029e5d8ae0478d071a717e92743aec638639e1541043e2b68",
        "cityId": "strausberg",
        "kind": "place",
        "category": "scuba_diving",
        "title": "Tauchbasis \"1A-Tauchcenter\"",
        "statement": "Tauchbasis \"1A-Tauchcenter\" ist in OpenStreetMap als scuba_diving eingetragen. Betrieb und Öffnungszeiten nicht geprüft.",
        "status": "OSM-Eintrag, nicht offiziell geprüft",
        "startDate": null,
        "endDate": null,
        "nextStep": "Aktuelle Angaben direkt beim Ort prüfen.",
        "unknowns": [
          "Aktueller Betrieb und tatsächliche Öffnungszeiten"
        ],
        "scale": "street",
        "geometryPrecision": "approximate",
        "sources": [
          {
            "url": "https://www.openstreetmap.org/way/38495889",
            "snapshotUrl": "https://gall.openstreetmap.de/api/interpreter",
            "title": "OpenStreetMap contributors",
            "publisher": "OpenStreetMap contributors",
            "locator": "way/38495889; tags.name, tags.sport",
            "retrievedAt": "2026-09-28T18:37:25.186Z",
            "sha256": "ff4e3fbff162c1e3d5217ff0149c5839e641b588faf0bcb22c295abd59c980a0",
            "snapshot": true,
            "licence": "ODbL 1.0",
            "reuse": "open_licence"
          }
        ],
        "extraction": {
          "method": "structured"
        },
        "reviewState": "candidate",
        "asOf": "2026-09-28T18:37:25.186Z",
        "temporalBasis": "observation"
      }
    },
    {
      "type": "Feature",
      "geometry": {
        "type": "Point",
        "coordinates": [
          13.8823142,
          52.5749909
        ]
      },
      "properties": {
        "id": "osm:way-38496524",
        "version": "e4d7130ec3d84d3a4c66dd28b0774f5826d3c255831999a36057b0881327f3c8",
        "cityId": "strausberg",
        "kind": "place",
        "category": "townhall",
        "title": "Stadtverwaltung",
        "statement": "Stadtverwaltung ist in OpenStreetMap als townhall eingetragen. Betrieb und Öffnungszeiten nicht geprüft.",
        "status": "OSM-Eintrag, nicht offiziell geprüft",
        "startDate": null,
        "endDate": null,
        "nextStep": "Aktuelle Angaben direkt beim Ort prüfen.",
        "unknowns": [
          "Aktueller Betrieb und tatsächliche Öffnungszeiten"
        ],
        "scale": "street",
        "geometryPrecision": "approximate",
        "sources": [
          {
            "url": "https://www.openstreetmap.org/way/38496524",
            "snapshotUrl": "https://gall.openstreetmap.de/api/interpreter",
            "title": "OpenStreetMap contributors",
            "publisher": "OpenStreetMap contributors",
            "locator": "way/38496524; tags.name, tags.amenity",
            "retrievedAt": "2026-09-28T18:37:25.186Z",
            "sha256": "ff4e3fbff162c1e3d5217ff0149c5839e641b588faf0bcb22c295abd59c980a0",
            "snapshot": true,
            "licence": "ODbL 1.0",
            "reuse": "open_licence"
          }
        ],
        "extraction": {
          "method": "structured"
        },
        "reviewState": "candidate",
        "asOf": "2026-09-28T18:37:25.186Z",
        "temporalBasis": "observation"
      }
    },
    {
      "type": "Feature",
      "geometry": {
        "type": "Point",
        "coordinates": [
          13.8785259,
          52.5745285
        ]
      },
      "properties": {
        "id": "osm:way-38496868",
        "version": "1235a8faf7ed4962d6fed66fa83d11721eb8c3c176c0ed4522d3bfb82a3b8ec3",
        "cityId": "strausberg",
        "kind": "place",
        "category": "school",
        "title": "Theodor-Fontane-Gymnasium Strausberg",
        "statement": "Theodor-Fontane-Gymnasium Strausberg ist in OpenStreetMap als school eingetragen. Betrieb und Öffnungszeiten nicht geprüft.",
        "status": "OSM-Eintrag, nicht offiziell geprüft",
        "startDate": null,
        "endDate": null,
        "nextStep": "Aktuelle Angaben direkt beim Ort prüfen.",
        "unknowns": [
          "Aktueller Betrieb und tatsächliche Öffnungszeiten"
        ],
        "scale": "street",
        "geometryPrecision": "approximate",
        "sources": [
          {
            "url": "https://www.openstreetmap.org/way/38496868",
            "snapshotUrl": "https://gall.openstreetmap.de/api/interpreter",
            "title": "OpenStreetMap contributors",
            "publisher": "OpenStreetMap contributors",
            "locator": "way/38496868; tags.name, tags.amenity",
            "retrievedAt": "2026-09-28T18:37:25.186Z",
            "sha256": "ff4e3fbff162c1e3d5217ff0149c5839e641b588faf0bcb22c295abd59c980a0",
            "snapshot": true,
            "licence": "ODbL 1.0",
            "reuse": "open_licence"
          }
        ],
        "extraction": {
          "method": "structured"
        },
        "reviewState": "candidate",
        "asOf": "2026-09-28T18:37:25.186Z",
        "temporalBasis": "observation"
      }
    },
    {
      "type": "Feature",
      "geometry": {
        "type": "Point",
        "coordinates": [
          13.9206497,
          52.5942186
        ]
      },
      "properties": {
        "id": "osm:way-38880148",
        "version": "7b3efd4b44b3a249a5b6f956e0fea49381e7b06de4b1e63ece0b9f36f8ef42fa",
        "cityId": "strausberg",
        "kind": "place",
        "category": "doctors",
        "title": "Gesundheitszentrum",
        "statement": "Gesundheitszentrum ist in OpenStreetMap als doctors eingetragen. Betrieb und Öffnungszeiten nicht geprüft.",
        "status": "OSM-Eintrag, nicht offiziell geprüft",
        "startDate": null,
        "endDate": null,
        "nextStep": "Aktuelle Angaben direkt beim Ort prüfen.",
        "unknowns": [
          "Aktueller Betrieb und tatsächliche Öffnungszeiten"
        ],
        "scale": "street",
        "geometryPrecision": "approximate",
        "sources": [
          {
            "url": "https://www.openstreetmap.org/way/38880148",
            "snapshotUrl": "https://gall.openstreetmap.de/api/interpreter",
            "title": "OpenStreetMap contributors",
            "publisher": "OpenStreetMap contributors",
            "locator": "way/38880148; tags.name, tags.amenity",
            "retrievedAt": "2026-09-28T18:37:25.186Z",
            "sha256": "ff4e3fbff162c1e3d5217ff0149c5839e641b588faf0bcb22c295abd59c980a0",
            "snapshot": true,
            "licence": "ODbL 1.0",
            "reuse": "open_licence"
          }
        ],
        "extraction": {
          "method": "structured"
        },
        "reviewState": "candidate",
        "asOf": "2026-09-28T18:37:25.186Z",
        "temporalBasis": "observation"
      }
    },
    {
      "type": "Feature",
      "geometry": {
        "type": "Point",
        "coordinates": [
          13.914383,
          52.5949464
        ]
      },
      "properties": {
        "id": "osm:way-38880150",
        "version": "e4e15b12244773b1a79b3551aa5a709834056f5b936b242e3b7aee073908377a",
        "cityId": "strausberg",
        "kind": "place",
        "category": "library",
        "title": "Fachinformationsstelle Strausberg",
        "statement": "Fachinformationsstelle Strausberg ist in OpenStreetMap als library eingetragen. Öffnungszeiten in OSM eingetragen; nicht unabhängig bestätigt.",
        "status": "OSM-Eintrag, nicht offiziell geprüft",
        "startDate": null,
        "endDate": null,
        "nextStep": "Aktuelle Angaben direkt beim Ort prüfen.",
        "unknowns": [
          "Aktueller Betrieb und tatsächliche Öffnungszeiten"
        ],
        "scale": "street",
        "geometryPrecision": "approximate",
        "sources": [
          {
            "url": "https://www.openstreetmap.org/way/38880150",
            "snapshotUrl": "https://gall.openstreetmap.de/api/interpreter",
            "title": "OpenStreetMap contributors",
            "publisher": "OpenStreetMap contributors",
            "locator": "way/38880150; tags.name, tags.amenity",
            "retrievedAt": "2026-09-28T18:37:25.186Z",
            "sha256": "ff4e3fbff162c1e3d5217ff0149c5839e641b588faf0bcb22c295abd59c980a0",
            "snapshot": true,
            "licence": "ODbL 1.0",
            "reuse": "open_licence"
          }
        ],
        "extraction": {
          "method": "structured"
        },
        "reviewState": "candidate",
        "asOf": "2026-09-28T18:37:25.186Z",
        "temporalBasis": "observation"
      }
    },
    {
      "type": "Feature",
      "geometry": {
        "type": "Point",
        "coordinates": [
          13.9097238,
          52.592169
        ]
      },
      "properties": {
        "id": "osm:way-38880957",
        "version": "72e30d3153177138bb237f330ef373bfd2de285f236d9ad681575ca62ea43291",
        "cityId": "strausberg",
        "kind": "place",
        "category": "supermarket",
        "title": "Aldi",
        "statement": "Aldi ist in OpenStreetMap als supermarket eingetragen. Öffnungszeiten in OSM eingetragen; nicht unabhängig bestätigt.",
        "status": "OSM-Eintrag, nicht offiziell geprüft",
        "startDate": null,
        "endDate": null,
        "nextStep": "Aktuelle Angaben direkt beim Ort prüfen.",
        "unknowns": [
          "Aktueller Betrieb und tatsächliche Öffnungszeiten"
        ],
        "scale": "street",
        "geometryPrecision": "approximate",
        "sources": [
          {
            "url": "https://www.openstreetmap.org/way/38880957",
            "snapshotUrl": "https://gall.openstreetmap.de/api/interpreter",
            "title": "OpenStreetMap contributors",
            "publisher": "OpenStreetMap contributors",
            "locator": "way/38880957; tags.name, tags.shop",
            "retrievedAt": "2026-09-28T18:37:25.186Z",
            "sha256": "ff4e3fbff162c1e3d5217ff0149c5839e641b588faf0bcb22c295abd59c980a0",
            "snapshot": true,
            "licence": "ODbL 1.0",
            "reuse": "open_licence"
          }
        ],
        "extraction": {
          "method": "structured"
        },
        "reviewState": "candidate",
        "asOf": "2026-09-28T18:37:25.186Z",
        "temporalBasis": "observation"
      }
    },
    {
      "type": "Feature",
      "geometry": {
        "type": "Point",
        "coordinates": [
          13.8957842,
          52.5947587
        ]
      },
      "properties": {
        "id": "osm:way-38910719",
        "version": "8b7fd5eb44aabbfd3d15a782b919958ad0486db7143f3ff192ecdce78778e6c2",
        "cityId": "strausberg",
        "kind": "place",
        "category": "soccer",
        "title": "SV Gartenstadt 71",
        "statement": "SV Gartenstadt 71 ist in OpenStreetMap als soccer eingetragen. Betrieb und Öffnungszeiten nicht geprüft.",
        "status": "OSM-Eintrag, nicht offiziell geprüft",
        "startDate": null,
        "endDate": null,
        "nextStep": "Aktuelle Angaben direkt beim Ort prüfen.",
        "unknowns": [
          "Aktueller Betrieb und tatsächliche Öffnungszeiten"
        ],
        "scale": "street",
        "geometryPrecision": "approximate",
        "sources": [
          {
            "url": "https://www.openstreetmap.org/way/38910719",
            "snapshotUrl": "https://gall.openstreetmap.de/api/interpreter",
            "title": "OpenStreetMap contributors",
            "publisher": "OpenStreetMap contributors",
            "locator": "way/38910719; tags.name, tags.sport",
            "retrievedAt": "2026-09-28T18:37:25.186Z",
            "sha256": "ff4e3fbff162c1e3d5217ff0149c5839e641b588faf0bcb22c295abd59c980a0",
            "snapshot": true,
            "licence": "ODbL 1.0",
            "reuse": "open_licence"
          }
        ],
        "extraction": {
          "method": "structured"
        },
        "reviewState": "candidate",
        "asOf": "2026-09-28T18:37:25.186Z",
        "temporalBasis": "observation"
      }
    },
    {
      "type": "Feature",
      "geometry": {
        "type": "Point",
        "coordinates": [
          13.872071,
          52.5581415
        ]
      },
      "properties": {
        "id": "osm:way-39216902",
        "version": "3112f6ac638271aa5b23182d59b8433ef43afb30ac37549a5f383ca8395368d8",
        "cityId": "strausberg",
        "kind": "place",
        "category": "supermarket",
        "title": "EDEKA Center Friedebold",
        "statement": "EDEKA Center Friedebold ist in OpenStreetMap als supermarket eingetragen. Öffnungszeiten in OSM eingetragen; nicht unabhängig bestätigt.",
        "status": "OSM-Eintrag, nicht offiziell geprüft",
        "startDate": null,
        "endDate": null,
        "nextStep": "Aktuelle Angaben direkt beim Ort prüfen.",
        "unknowns": [
          "Aktueller Betrieb und tatsächliche Öffnungszeiten"
        ],
        "scale": "street",
        "geometryPrecision": "approximate",
        "sources": [
          {
            "url": "https://www.openstreetmap.org/way/39216902",
            "snapshotUrl": "https://gall.openstreetmap.de/api/interpreter",
            "title": "OpenStreetMap contributors",
            "publisher": "OpenStreetMap contributors",
            "locator": "way/39216902; tags.name, tags.shop",
            "retrievedAt": "2026-09-28T18:37:25.186Z",
            "sha256": "ff4e3fbff162c1e3d5217ff0149c5839e641b588faf0bcb22c295abd59c980a0",
            "snapshot": true,
            "licence": "ODbL 1.0",
            "reuse": "open_licence"
          }
        ],
        "extraction": {
          "method": "structured"
        },
        "reviewState": "candidate",
        "asOf": "2026-09-28T18:37:25.186Z",
        "temporalBasis": "observation"
      }
    },
    {
      "type": "Feature",
      "geometry": {
        "type": "Point",
        "coordinates": [
          13.8884728,
          52.5785512
        ]
      },
      "properties": {
        "id": "osm:way-39490563",
        "version": "7f535d8482d0468d5bec368178252898a23df8af8b570d003086ac9af93accbb",
        "cityId": "strausberg",
        "kind": "place",
        "category": "fire_station",
        "title": "Freiwillige Feuerwehr Strausberg",
        "statement": "Freiwillige Feuerwehr Strausberg ist in OpenStreetMap als fire_station eingetragen. Betrieb und Öffnungszeiten nicht geprüft.",
        "status": "OSM-Eintrag, nicht offiziell geprüft",
        "startDate": null,
        "endDate": null,
        "nextStep": "Aktuelle Angaben direkt beim Ort prüfen.",
        "unknowns": [
          "Aktueller Betrieb und tatsächliche Öffnungszeiten"
        ],
        "scale": "street",
        "geometryPrecision": "approximate",
        "sources": [
          {
            "url": "https://www.openstreetmap.org/way/39490563",
            "snapshotUrl": "https://gall.openstreetmap.de/api/interpreter",
            "title": "OpenStreetMap contributors",
            "publisher": "OpenStreetMap contributors",
            "locator": "way/39490563; tags.name, tags.amenity",
            "retrievedAt": "2026-09-28T18:37:25.186Z",
            "sha256": "ff4e3fbff162c1e3d5217ff0149c5839e641b588faf0bcb22c295abd59c980a0",
            "snapshot": true,
            "licence": "ODbL 1.0",
            "reuse": "open_licence"
          }
        ],
        "extraction": {
          "method": "structured"
        },
        "reviewState": "candidate",
        "asOf": "2026-09-28T18:37:25.186Z",
        "temporalBasis": "observation"
      }
    },
    {
      "type": "Feature",
      "geometry": {
        "type": "Point",
        "coordinates": [
          13.871255,
          52.5684266
        ]
      },
      "properties": {
        "id": "osm:way-39629143",
        "version": "2029dedff0d292ada0f6f705c2a72d9513be1e9092882d3d97ca5f73744df0bc",
        "cityId": "strausberg",
        "kind": "place",
        "category": "supermarket",
        "title": "Lidl",
        "statement": "Lidl ist in OpenStreetMap als supermarket eingetragen. Öffnungszeiten in OSM eingetragen; nicht unabhängig bestätigt.",
        "status": "OSM-Eintrag, nicht offiziell geprüft",
        "startDate": null,
        "endDate": null,
        "nextStep": "Aktuelle Angaben direkt beim Ort prüfen.",
        "unknowns": [
          "Aktueller Betrieb und tatsächliche Öffnungszeiten"
        ],
        "scale": "street",
        "geometryPrecision": "approximate",
        "sources": [
          {
            "url": "https://www.openstreetmap.org/way/39629143",
            "snapshotUrl": "https://gall.openstreetmap.de/api/interpreter",
            "title": "OpenStreetMap contributors",
            "publisher": "OpenStreetMap contributors",
            "locator": "way/39629143; tags.name, tags.shop",
            "retrievedAt": "2026-09-28T18:37:25.186Z",
            "sha256": "ff4e3fbff162c1e3d5217ff0149c5839e641b588faf0bcb22c295abd59c980a0",
            "snapshot": true,
            "licence": "ODbL 1.0",
            "reuse": "open_licence"
          }
        ],
        "extraction": {
          "method": "structured"
        },
        "reviewState": "candidate",
        "asOf": "2026-09-28T18:37:25.186Z",
        "temporalBasis": "observation"
      }
    },
    {
      "type": "Feature",
      "geometry": {
        "type": "Point",
        "coordinates": [
          13.8370074,
          52.5407057
        ]
      },
      "properties": {
        "id": "osm:way-409585637",
        "version": "14cf4fb92d4f815c7ead96db086b70ef9ae40c737c5e17d64afe086361ffebaf",
        "cityId": "strausberg",
        "kind": "place",
        "category": "judo",
        "title": "Judohalle",
        "statement": "Judohalle ist in OpenStreetMap als judo eingetragen. Betrieb und Öffnungszeiten nicht geprüft.",
        "status": "OSM-Eintrag, nicht offiziell geprüft",
        "startDate": null,
        "endDate": null,
        "nextStep": "Aktuelle Angaben direkt beim Ort prüfen.",
        "unknowns": [
          "Aktueller Betrieb und tatsächliche Öffnungszeiten"
        ],
        "scale": "street",
        "geometryPrecision": "approximate",
        "sources": [
          {
            "url": "https://www.openstreetmap.org/way/409585637",
            "snapshotUrl": "https://gall.openstreetmap.de/api/interpreter",
            "title": "OpenStreetMap contributors",
            "publisher": "OpenStreetMap contributors",
            "locator": "way/409585637; tags.name, tags.sport",
            "retrievedAt": "2026-09-28T18:37:25.186Z",
            "sha256": "ff4e3fbff162c1e3d5217ff0149c5839e641b588faf0bcb22c295abd59c980a0",
            "snapshot": true,
            "licence": "ODbL 1.0",
            "reuse": "open_licence"
          }
        ],
        "extraction": {
          "method": "structured"
        },
        "reviewState": "candidate",
        "asOf": "2026-09-28T18:37:25.186Z",
        "temporalBasis": "observation"
      }
    },
    {
      "type": "Feature",
      "geometry": {
        "type": "Point",
        "coordinates": [
          13.8405693,
          52.5402
        ]
      },
      "properties": {
        "id": "osm:way-412761771",
        "version": "c89b82fd0c2123cd3f1019178cbe50ebe64e1d8d4b2930503033895788abe049",
        "cityId": "strausberg",
        "kind": "place",
        "category": "badminton;tennis;10pin;table_tennis;squash",
        "title": "Sportwelt Strausberg",
        "statement": "Sportwelt Strausberg ist in OpenStreetMap als badminton;tennis;10pin;table_tennis;squash eingetragen. Betrieb und Öffnungszeiten nicht geprüft.",
        "status": "OSM-Eintrag, nicht offiziell geprüft",
        "startDate": null,
        "endDate": null,
        "nextStep": "Aktuelle Angaben direkt beim Ort prüfen.",
        "unknowns": [
          "Aktueller Betrieb und tatsächliche Öffnungszeiten"
        ],
        "scale": "street",
        "geometryPrecision": "approximate",
        "sources": [
          {
            "url": "https://www.openstreetmap.org/way/412761771",
            "snapshotUrl": "https://gall.openstreetmap.de/api/interpreter",
            "title": "OpenStreetMap contributors",
            "publisher": "OpenStreetMap contributors",
            "locator": "way/412761771; tags.name, tags.sport",
            "retrievedAt": "2026-09-28T18:37:25.186Z",
            "sha256": "ff4e3fbff162c1e3d5217ff0149c5839e641b588faf0bcb22c295abd59c980a0",
            "snapshot": true,
            "licence": "ODbL 1.0",
            "reuse": "open_licence"
          }
        ],
        "extraction": {
          "method": "structured"
        },
        "reviewState": "candidate",
        "asOf": "2026-09-28T18:37:25.186Z",
        "temporalBasis": "observation"
      }
    },
    {
      "type": "Feature",
      "geometry": {
        "type": "Point",
        "coordinates": [
          13.8402937,
          52.5435184
        ]
      },
      "properties": {
        "id": "osm:way-412785735",
        "version": "87cab688462488b1dedff80ec9bfe42bbdd43f3c55e727b8ef0297f6e8a1bc23",
        "cityId": "strausberg",
        "kind": "place",
        "category": "sport",
        "title": "Vereinsheim und KK-Stand",
        "statement": "Vereinsheim und KK-Stand ist in OpenStreetMap als sport eingetragen. Betrieb und Öffnungszeiten nicht geprüft.",
        "status": "OSM-Eintrag, nicht offiziell geprüft",
        "startDate": null,
        "endDate": null,
        "nextStep": "Aktuelle Angaben direkt beim Ort prüfen.",
        "unknowns": [
          "Aktueller Betrieb und tatsächliche Öffnungszeiten"
        ],
        "scale": "street",
        "geometryPrecision": "approximate",
        "sources": [
          {
            "url": "https://www.openstreetmap.org/way/412785735",
            "snapshotUrl": "https://gall.openstreetmap.de/api/interpreter",
            "title": "OpenStreetMap contributors",
            "publisher": "OpenStreetMap contributors",
            "locator": "way/412785735; tags.name, tags.club",
            "retrievedAt": "2026-09-28T18:37:25.186Z",
            "sha256": "ff4e3fbff162c1e3d5217ff0149c5839e641b588faf0bcb22c295abd59c980a0",
            "snapshot": true,
            "licence": "ODbL 1.0",
            "reuse": "open_licence"
          }
        ],
        "extraction": {
          "method": "structured"
        },
        "reviewState": "candidate",
        "asOf": "2026-09-28T18:37:25.186Z",
        "temporalBasis": "observation"
      }
    },
    {
      "type": "Feature",
      "geometry": {
        "type": "Point",
        "coordinates": [
          13.8426259,
          52.5403769
        ]
      },
      "properties": {
        "id": "osm:way-421767736",
        "version": "1b0bc98d8b271b2c311aaad1966bf08b622546e91c1294af9ca7c60534f81dc6",
        "cityId": "strausberg",
        "kind": "place",
        "category": "climbing_adventure",
        "title": "CLIMB UP! Kletterwald",
        "statement": "CLIMB UP! Kletterwald ist in OpenStreetMap als climbing_adventure eingetragen. Betrieb und Öffnungszeiten nicht geprüft.",
        "status": "OSM-Eintrag, nicht offiziell geprüft",
        "startDate": null,
        "endDate": null,
        "nextStep": "Aktuelle Angaben direkt beim Ort prüfen.",
        "unknowns": [
          "Aktueller Betrieb und tatsächliche Öffnungszeiten"
        ],
        "scale": "street",
        "geometryPrecision": "approximate",
        "sources": [
          {
            "url": "https://www.openstreetmap.org/way/421767736",
            "snapshotUrl": "https://gall.openstreetmap.de/api/interpreter",
            "title": "OpenStreetMap contributors",
            "publisher": "OpenStreetMap contributors",
            "locator": "way/421767736; tags.name, tags.sport",
            "retrievedAt": "2026-09-28T18:37:25.186Z",
            "sha256": "ff4e3fbff162c1e3d5217ff0149c5839e641b588faf0bcb22c295abd59c980a0",
            "snapshot": true,
            "licence": "ODbL 1.0",
            "reuse": "open_licence"
          }
        ],
        "extraction": {
          "method": "structured"
        },
        "reviewState": "candidate",
        "asOf": "2026-09-28T18:37:25.186Z",
        "temporalBasis": "observation"
      }
    },
    {
      "type": "Feature",
      "geometry": {
        "type": "Point",
        "coordinates": [
          13.9705611,
          52.5668254
        ]
      },
      "properties": {
        "id": "osm:way-466886028",
        "version": "417736d184b5672ecfe6fa2483b978a04d12a188e25baf35ea834c44e5679058",
        "cityId": "strausberg",
        "kind": "place",
        "category": "fire_station",
        "title": "Freiwillige Feuerwehr Hohenstein",
        "statement": "Freiwillige Feuerwehr Hohenstein ist in OpenStreetMap als fire_station eingetragen. Betrieb und Öffnungszeiten nicht geprüft.",
        "status": "OSM-Eintrag, nicht offiziell geprüft",
        "startDate": null,
        "endDate": null,
        "nextStep": "Aktuelle Angaben direkt beim Ort prüfen.",
        "unknowns": [
          "Aktueller Betrieb und tatsächliche Öffnungszeiten"
        ],
        "scale": "street",
        "geometryPrecision": "approximate",
        "sources": [
          {
            "url": "https://www.openstreetmap.org/way/466886028",
            "snapshotUrl": "https://gall.openstreetmap.de/api/interpreter",
            "title": "OpenStreetMap contributors",
            "publisher": "OpenStreetMap contributors",
            "locator": "way/466886028; tags.name, tags.amenity",
            "retrievedAt": "2026-09-28T18:37:25.186Z",
            "sha256": "ff4e3fbff162c1e3d5217ff0149c5839e641b588faf0bcb22c295abd59c980a0",
            "snapshot": true,
            "licence": "ODbL 1.0",
            "reuse": "open_licence"
          }
        ],
        "extraction": {
          "method": "structured"
        },
        "reviewState": "candidate",
        "asOf": "2026-09-28T18:37:25.186Z",
        "temporalBasis": "observation"
      }
    },
    {
      "type": "Feature",
      "geometry": {
        "type": "Point",
        "coordinates": [
          13.8644199,
          52.5496797
        ]
      },
      "properties": {
        "id": "osm:way-51197646",
        "version": "19fda44df9e20f393dbbd388cc93ac280e1399735554095754f73a2747250a50",
        "cityId": "strausberg",
        "kind": "place",
        "category": "supermarket",
        "title": "nah & gut by Friedebold",
        "statement": "nah & gut by Friedebold ist in OpenStreetMap als supermarket eingetragen. Öffnungszeiten in OSM eingetragen; nicht unabhängig bestätigt.",
        "status": "OSM-Eintrag, nicht offiziell geprüft",
        "startDate": null,
        "endDate": null,
        "nextStep": "Aktuelle Angaben direkt beim Ort prüfen.",
        "unknowns": [
          "Aktueller Betrieb und tatsächliche Öffnungszeiten"
        ],
        "scale": "street",
        "geometryPrecision": "approximate",
        "sources": [
          {
            "url": "https://www.openstreetmap.org/way/51197646",
            "snapshotUrl": "https://gall.openstreetmap.de/api/interpreter",
            "title": "OpenStreetMap contributors",
            "publisher": "OpenStreetMap contributors",
            "locator": "way/51197646; tags.name, tags.shop",
            "retrievedAt": "2026-09-28T18:37:25.186Z",
            "sha256": "ff4e3fbff162c1e3d5217ff0149c5839e641b588faf0bcb22c295abd59c980a0",
            "snapshot": true,
            "licence": "ODbL 1.0",
            "reuse": "open_licence"
          }
        ],
        "extraction": {
          "method": "structured"
        },
        "reviewState": "candidate",
        "asOf": "2026-09-28T18:37:25.186Z",
        "temporalBasis": "observation"
      }
    },
    {
      "type": "Feature",
      "geometry": {
        "type": "Point",
        "coordinates": [
          13.8636582,
          52.5492091
        ]
      },
      "properties": {
        "id": "osm:way-51197664",
        "version": "d95503569d12e0ae0ab2d3b233e68492a2af15cc5d6b0b52166145790616552a",
        "cityId": "strausberg",
        "kind": "place",
        "category": "supermarket",
        "title": "Aldi",
        "statement": "Aldi ist in OpenStreetMap als supermarket eingetragen. Öffnungszeiten in OSM eingetragen; nicht unabhängig bestätigt.",
        "status": "OSM-Eintrag, nicht offiziell geprüft",
        "startDate": null,
        "endDate": null,
        "nextStep": "Aktuelle Angaben direkt beim Ort prüfen.",
        "unknowns": [
          "Aktueller Betrieb und tatsächliche Öffnungszeiten"
        ],
        "scale": "street",
        "geometryPrecision": "approximate",
        "sources": [
          {
            "url": "https://www.openstreetmap.org/way/51197664",
            "snapshotUrl": "https://gall.openstreetmap.de/api/interpreter",
            "title": "OpenStreetMap contributors",
            "publisher": "OpenStreetMap contributors",
            "locator": "way/51197664; tags.name, tags.shop",
            "retrievedAt": "2026-09-28T18:37:25.186Z",
            "sha256": "ff4e3fbff162c1e3d5217ff0149c5839e641b588faf0bcb22c295abd59c980a0",
            "snapshot": true,
            "licence": "ODbL 1.0",
            "reuse": "open_licence"
          }
        ],
        "extraction": {
          "method": "structured"
        },
        "reviewState": "candidate",
        "asOf": "2026-09-28T18:37:25.186Z",
        "temporalBasis": "observation"
      }
    },
    {
      "type": "Feature",
      "geometry": {
        "type": "Point",
        "coordinates": [
          13.8678832,
          52.5534197
        ]
      },
      "properties": {
        "id": "osm:way-51199583",
        "version": "88666e93915c76a09c79074f95c7f7f343fc7be2e22079621f59c9f9752631db",
        "cityId": "strausberg",
        "kind": "place",
        "category": "kindergarten",
        "title": "AWO Kita \"Spatzennest\"",
        "statement": "AWO Kita \"Spatzennest\" ist in OpenStreetMap als kindergarten eingetragen. Betrieb und Öffnungszeiten nicht geprüft.",
        "status": "OSM-Eintrag, nicht offiziell geprüft",
        "startDate": null,
        "endDate": null,
        "nextStep": "Aktuelle Angaben direkt beim Ort prüfen.",
        "unknowns": [
          "Aktueller Betrieb und tatsächliche Öffnungszeiten"
        ],
        "scale": "street",
        "geometryPrecision": "approximate",
        "sources": [
          {
            "url": "https://www.openstreetmap.org/way/51199583",
            "snapshotUrl": "https://gall.openstreetmap.de/api/interpreter",
            "title": "OpenStreetMap contributors",
            "publisher": "OpenStreetMap contributors",
            "locator": "way/51199583; tags.name, tags.amenity",
            "retrievedAt": "2026-09-28T18:37:25.186Z",
            "sha256": "ff4e3fbff162c1e3d5217ff0149c5839e641b588faf0bcb22c295abd59c980a0",
            "snapshot": true,
            "licence": "ODbL 1.0",
            "reuse": "open_licence"
          }
        ],
        "extraction": {
          "method": "structured"
        },
        "reviewState": "candidate",
        "asOf": "2026-09-28T18:37:25.186Z",
        "temporalBasis": "observation"
      }
    },
    {
      "type": "Feature",
      "geometry": {
        "type": "Point",
        "coordinates": [
          13.8651872,
          52.5491306
        ]
      },
      "properties": {
        "id": "osm:way-51203081",
        "version": "19658c0bff44ca290099232ed91af86bfd65e8270ba558cc425df9db8c3957e8",
        "cityId": "strausberg",
        "kind": "place",
        "category": "school",
        "title": "Grundschule Am Annatal",
        "statement": "Grundschule Am Annatal ist in OpenStreetMap als school eingetragen. Betrieb und Öffnungszeiten nicht geprüft.",
        "status": "OSM-Eintrag, nicht offiziell geprüft",
        "startDate": null,
        "endDate": null,
        "nextStep": "Aktuelle Angaben direkt beim Ort prüfen.",
        "unknowns": [
          "Aktueller Betrieb und tatsächliche Öffnungszeiten"
        ],
        "scale": "street",
        "geometryPrecision": "approximate",
        "sources": [
          {
            "url": "https://www.openstreetmap.org/way/51203081",
            "snapshotUrl": "https://gall.openstreetmap.de/api/interpreter",
            "title": "OpenStreetMap contributors",
            "publisher": "OpenStreetMap contributors",
            "locator": "way/51203081; tags.name, tags.amenity",
            "retrievedAt": "2026-09-28T18:37:25.186Z",
            "sha256": "ff4e3fbff162c1e3d5217ff0149c5839e641b588faf0bcb22c295abd59c980a0",
            "snapshot": true,
            "licence": "ODbL 1.0",
            "reuse": "open_licence"
          }
        ],
        "extraction": {
          "method": "structured"
        },
        "reviewState": "candidate",
        "asOf": "2026-09-28T18:37:25.186Z",
        "temporalBasis": "observation"
      }
    },
    {
      "type": "Feature",
      "geometry": {
        "type": "Point",
        "coordinates": [
          13.8946163,
          52.5692136
        ]
      },
      "properties": {
        "id": "osm:way-51496066",
        "version": "ddf458aa8f4fbad3f58d187e4ba3f186a8f82c15116edb6ac69f567fcb4047d0",
        "cityId": "strausberg",
        "kind": "place",
        "category": "kindergarten",
        "title": "Kita \"Kinderland\"",
        "statement": "Kita \"Kinderland\" ist in OpenStreetMap als kindergarten eingetragen. Betrieb und Öffnungszeiten nicht geprüft.",
        "status": "OSM-Eintrag, nicht offiziell geprüft",
        "startDate": null,
        "endDate": null,
        "nextStep": "Aktuelle Angaben direkt beim Ort prüfen.",
        "unknowns": [
          "Aktueller Betrieb und tatsächliche Öffnungszeiten"
        ],
        "scale": "street",
        "geometryPrecision": "approximate",
        "sources": [
          {
            "url": "https://www.openstreetmap.org/way/51496066",
            "snapshotUrl": "https://gall.openstreetmap.de/api/interpreter",
            "title": "OpenStreetMap contributors",
            "publisher": "OpenStreetMap contributors",
            "locator": "way/51496066; tags.name, tags.amenity",
            "retrievedAt": "2026-09-28T18:37:25.186Z",
            "sha256": "ff4e3fbff162c1e3d5217ff0149c5839e641b588faf0bcb22c295abd59c980a0",
            "snapshot": true,
            "licence": "ODbL 1.0",
            "reuse": "open_licence"
          }
        ],
        "extraction": {
          "method": "structured"
        },
        "reviewState": "candidate",
        "asOf": "2026-09-28T18:37:25.186Z",
        "temporalBasis": "observation"
      }
    },
    {
      "type": "Feature",
      "geometry": {
        "type": "Point",
        "coordinates": [
          13.8375341,
          52.5370726
        ]
      },
      "properties": {
        "id": "osm:way-548335579",
        "version": "975d8a83cd0ac590f34d0cbdceb01ba2122542395da26f80d50d27ac60428f86",
        "cityId": "strausberg",
        "kind": "place",
        "category": "kindergarten",
        "title": "Kita Wirbelwind",
        "statement": "Kita Wirbelwind ist in OpenStreetMap als kindergarten eingetragen. Betrieb und Öffnungszeiten nicht geprüft.",
        "status": "OSM-Eintrag, nicht offiziell geprüft",
        "startDate": null,
        "endDate": null,
        "nextStep": "Aktuelle Angaben direkt beim Ort prüfen.",
        "unknowns": [
          "Aktueller Betrieb und tatsächliche Öffnungszeiten"
        ],
        "scale": "street",
        "geometryPrecision": "approximate",
        "sources": [
          {
            "url": "https://www.openstreetmap.org/way/548335579",
            "snapshotUrl": "https://gall.openstreetmap.de/api/interpreter",
            "title": "OpenStreetMap contributors",
            "publisher": "OpenStreetMap contributors",
            "locator": "way/548335579; tags.name, tags.amenity",
            "retrievedAt": "2026-09-28T18:37:25.186Z",
            "sha256": "ff4e3fbff162c1e3d5217ff0149c5839e641b588faf0bcb22c295abd59c980a0",
            "snapshot": true,
            "licence": "ODbL 1.0",
            "reuse": "open_licence"
          }
        ],
        "extraction": {
          "method": "structured"
        },
        "reviewState": "candidate",
        "asOf": "2026-09-28T18:37:25.186Z",
        "temporalBasis": "observation"
      }
    },
    {
      "type": "Feature",
      "geometry": {
        "type": "Point",
        "coordinates": [
          13.8374317,
          52.5363622
        ]
      },
      "properties": {
        "id": "osm:way-548335582",
        "version": "369a33b52f1ad3060d79e54dd3d54c8e765fd4ca38eefee37ab1297b53c184b9",
        "cityId": "strausberg",
        "kind": "place",
        "category": "school",
        "title": "Vorstadt-Grundschule Strausberg",
        "statement": "Vorstadt-Grundschule Strausberg ist in OpenStreetMap als school eingetragen. Betrieb und Öffnungszeiten nicht geprüft.",
        "status": "OSM-Eintrag, nicht offiziell geprüft",
        "startDate": null,
        "endDate": null,
        "nextStep": "Aktuelle Angaben direkt beim Ort prüfen.",
        "unknowns": [
          "Aktueller Betrieb und tatsächliche Öffnungszeiten"
        ],
        "scale": "street",
        "geometryPrecision": "approximate",
        "sources": [
          {
            "url": "https://www.openstreetmap.org/way/548335582",
            "snapshotUrl": "https://gall.openstreetmap.de/api/interpreter",
            "title": "OpenStreetMap contributors",
            "publisher": "OpenStreetMap contributors",
            "locator": "way/548335582; tags.name, tags.amenity",
            "retrievedAt": "2026-09-28T18:37:25.186Z",
            "sha256": "ff4e3fbff162c1e3d5217ff0149c5839e641b588faf0bcb22c295abd59c980a0",
            "snapshot": true,
            "licence": "ODbL 1.0",
            "reuse": "open_licence"
          }
        ],
        "extraction": {
          "method": "structured"
        },
        "reviewState": "candidate",
        "asOf": "2026-09-28T18:37:25.186Z",
        "temporalBasis": "observation"
      }
    },
    {
      "type": "Feature",
      "geometry": {
        "type": "Point",
        "coordinates": [
          13.8364241,
          52.5346716
        ]
      },
      "properties": {
        "id": "osm:way-548338154",
        "version": "6013856a0e9022195d0bf1612834ac94663ed14897308a6f8c5058b47ff99ba8",
        "cityId": "strausberg",
        "kind": "place",
        "category": "kindergarten",
        "title": "Kita Juri Gagarin",
        "statement": "Kita Juri Gagarin ist in OpenStreetMap als kindergarten eingetragen. Betrieb und Öffnungszeiten nicht geprüft.",
        "status": "OSM-Eintrag, nicht offiziell geprüft",
        "startDate": null,
        "endDate": null,
        "nextStep": "Aktuelle Angaben direkt beim Ort prüfen.",
        "unknowns": [
          "Aktueller Betrieb und tatsächliche Öffnungszeiten"
        ],
        "scale": "street",
        "geometryPrecision": "approximate",
        "sources": [
          {
            "url": "https://www.openstreetmap.org/way/548338154",
            "snapshotUrl": "https://gall.openstreetmap.de/api/interpreter",
            "title": "OpenStreetMap contributors",
            "publisher": "OpenStreetMap contributors",
            "locator": "way/548338154; tags.name, tags.amenity",
            "retrievedAt": "2026-09-28T18:37:25.186Z",
            "sha256": "ff4e3fbff162c1e3d5217ff0149c5839e641b588faf0bcb22c295abd59c980a0",
            "snapshot": true,
            "licence": "ODbL 1.0",
            "reuse": "open_licence"
          }
        ],
        "extraction": {
          "method": "structured"
        },
        "reviewState": "candidate",
        "asOf": "2026-09-28T18:37:25.186Z",
        "temporalBasis": "observation"
      }
    },
    {
      "type": "Feature",
      "geometry": {
        "type": "Point",
        "coordinates": [
          13.8976342,
          52.5747014
        ]
      },
      "properties": {
        "id": "osm:way-548708519",
        "version": "5338cd1438808f683de2ab2d8adf432de2ceef07f604e3eda42e47c33c3317c7",
        "cityId": "strausberg",
        "kind": "place",
        "category": "kindergarten",
        "title": "DRK- Kita \" Zauberwald\"",
        "statement": "DRK- Kita \" Zauberwald\" ist in OpenStreetMap als kindergarten eingetragen. Betrieb und Öffnungszeiten nicht geprüft.",
        "status": "OSM-Eintrag, nicht offiziell geprüft",
        "startDate": null,
        "endDate": null,
        "nextStep": "Aktuelle Angaben direkt beim Ort prüfen.",
        "unknowns": [
          "Aktueller Betrieb und tatsächliche Öffnungszeiten"
        ],
        "scale": "street",
        "geometryPrecision": "approximate",
        "sources": [
          {
            "url": "https://www.openstreetmap.org/way/548708519",
            "snapshotUrl": "https://gall.openstreetmap.de/api/interpreter",
            "title": "OpenStreetMap contributors",
            "publisher": "OpenStreetMap contributors",
            "locator": "way/548708519; tags.name, tags.amenity",
            "retrievedAt": "2026-09-28T18:37:25.186Z",
            "sha256": "ff4e3fbff162c1e3d5217ff0149c5839e641b588faf0bcb22c295abd59c980a0",
            "snapshot": true,
            "licence": "ODbL 1.0",
            "reuse": "open_licence"
          }
        ],
        "extraction": {
          "method": "structured"
        },
        "reviewState": "candidate",
        "asOf": "2026-09-28T18:37:25.186Z",
        "temporalBasis": "observation"
      }
    },
    {
      "type": "Feature",
      "geometry": {
        "type": "Point",
        "coordinates": [
          13.8665098,
          52.5509633
        ]
      },
      "properties": {
        "id": "osm:way-549512494",
        "version": "77564ba1e009b5ee9dac45dabe5f6ccf17f01be8c5f521ed0638a56fff339248",
        "cityId": "strausberg",
        "kind": "place",
        "category": "kindergarten",
        "title": "Kita Tausendfüßler",
        "statement": "Kita Tausendfüßler ist in OpenStreetMap als kindergarten eingetragen. Betrieb und Öffnungszeiten nicht geprüft.",
        "status": "OSM-Eintrag, nicht offiziell geprüft",
        "startDate": null,
        "endDate": null,
        "nextStep": "Aktuelle Angaben direkt beim Ort prüfen.",
        "unknowns": [
          "Aktueller Betrieb und tatsächliche Öffnungszeiten"
        ],
        "scale": "street",
        "geometryPrecision": "approximate",
        "sources": [
          {
            "url": "https://www.openstreetmap.org/way/549512494",
            "snapshotUrl": "https://gall.openstreetmap.de/api/interpreter",
            "title": "OpenStreetMap contributors",
            "publisher": "OpenStreetMap contributors",
            "locator": "way/549512494; tags.name, tags.amenity",
            "retrievedAt": "2026-09-28T18:37:25.186Z",
            "sha256": "ff4e3fbff162c1e3d5217ff0149c5839e641b588faf0bcb22c295abd59c980a0",
            "snapshot": true,
            "licence": "ODbL 1.0",
            "reuse": "open_licence"
          }
        ],
        "extraction": {
          "method": "structured"
        },
        "reviewState": "candidate",
        "asOf": "2026-09-28T18:37:25.186Z",
        "temporalBasis": "observation"
      }
    },
    {
      "type": "Feature",
      "geometry": {
        "type": "Point",
        "coordinates": [
          13.8987095,
          52.5754955
        ]
      },
      "properties": {
        "id": "osm:way-549566943",
        "version": "8084a1f192f3189203a992012a703a3cfbf42f813e893f9b3d4324813e912f25",
        "cityId": "strausberg",
        "kind": "place",
        "category": "school",
        "title": "Grundschule am Wäldchen",
        "statement": "Grundschule am Wäldchen ist in OpenStreetMap als school eingetragen. Betrieb und Öffnungszeiten nicht geprüft.",
        "status": "OSM-Eintrag, nicht offiziell geprüft",
        "startDate": null,
        "endDate": null,
        "nextStep": "Aktuelle Angaben direkt beim Ort prüfen.",
        "unknowns": [
          "Aktueller Betrieb und tatsächliche Öffnungszeiten"
        ],
        "scale": "street",
        "geometryPrecision": "approximate",
        "sources": [
          {
            "url": "https://www.openstreetmap.org/way/549566943",
            "snapshotUrl": "https://gall.openstreetmap.de/api/interpreter",
            "title": "OpenStreetMap contributors",
            "publisher": "OpenStreetMap contributors",
            "locator": "way/549566943; tags.name, tags.amenity",
            "retrievedAt": "2026-09-28T18:37:25.186Z",
            "sha256": "ff4e3fbff162c1e3d5217ff0149c5839e641b588faf0bcb22c295abd59c980a0",
            "snapshot": true,
            "licence": "ODbL 1.0",
            "reuse": "open_licence"
          }
        ],
        "extraction": {
          "method": "structured"
        },
        "reviewState": "candidate",
        "asOf": "2026-09-28T18:37:25.186Z",
        "temporalBasis": "observation"
      }
    },
    {
      "type": "Feature",
      "geometry": {
        "type": "Point",
        "coordinates": [
          13.8784099,
          52.5746415
        ]
      },
      "properties": {
        "id": "osm:way-651629597",
        "version": "4b78a56c30dd84cffb8218e1b6abeabb254bba6ade7aa63df4afd178ae228420",
        "cityId": "strausberg",
        "kind": "place",
        "category": "school",
        "title": "Theodor-Fontane-Gymnasium Strausberg",
        "statement": "Theodor-Fontane-Gymnasium Strausberg ist in OpenStreetMap als school eingetragen. Betrieb und Öffnungszeiten nicht geprüft.",
        "status": "OSM-Eintrag, nicht offiziell geprüft",
        "startDate": null,
        "endDate": null,
        "nextStep": "Aktuelle Angaben direkt beim Ort prüfen.",
        "unknowns": [
          "Aktueller Betrieb und tatsächliche Öffnungszeiten"
        ],
        "scale": "street",
        "geometryPrecision": "approximate",
        "sources": [
          {
            "url": "https://www.openstreetmap.org/way/651629597",
            "snapshotUrl": "https://gall.openstreetmap.de/api/interpreter",
            "title": "OpenStreetMap contributors",
            "publisher": "OpenStreetMap contributors",
            "locator": "way/651629597; tags.name, tags.amenity",
            "retrievedAt": "2026-09-28T18:37:25.186Z",
            "sha256": "ff4e3fbff162c1e3d5217ff0149c5839e641b588faf0bcb22c295abd59c980a0",
            "snapshot": true,
            "licence": "ODbL 1.0",
            "reuse": "open_licence"
          }
        ],
        "extraction": {
          "method": "structured"
        },
        "reviewState": "candidate",
        "asOf": "2026-09-28T18:37:25.186Z",
        "temporalBasis": "observation"
      }
    },
    {
      "type": "Feature",
      "geometry": {
        "type": "Point",
        "coordinates": [
          13.8907159,
          52.5838674
        ]
      },
      "properties": {
        "id": "osm:way-652562416",
        "version": "3e401b144a5aa863a34594fc45cb9dede10dd155da87882ee50fc2a1c9365e09",
        "cityId": "strausberg",
        "kind": "place",
        "category": "school",
        "title": "Anne-Frank-Oberschule",
        "statement": "Anne-Frank-Oberschule ist in OpenStreetMap als school eingetragen. Betrieb und Öffnungszeiten nicht geprüft.",
        "status": "OSM-Eintrag, nicht offiziell geprüft",
        "startDate": null,
        "endDate": null,
        "nextStep": "Aktuelle Angaben direkt beim Ort prüfen.",
        "unknowns": [
          "Aktueller Betrieb und tatsächliche Öffnungszeiten"
        ],
        "scale": "street",
        "geometryPrecision": "approximate",
        "sources": [
          {
            "url": "https://www.openstreetmap.org/way/652562416",
            "snapshotUrl": "https://gall.openstreetmap.de/api/interpreter",
            "title": "OpenStreetMap contributors",
            "publisher": "OpenStreetMap contributors",
            "locator": "way/652562416; tags.name, tags.amenity",
            "retrievedAt": "2026-09-28T18:37:25.186Z",
            "sha256": "ff4e3fbff162c1e3d5217ff0149c5839e641b588faf0bcb22c295abd59c980a0",
            "snapshot": true,
            "licence": "ODbL 1.0",
            "reuse": "open_licence"
          }
        ],
        "extraction": {
          "method": "structured"
        },
        "reviewState": "candidate",
        "asOf": "2026-09-28T18:37:25.186Z",
        "temporalBasis": "observation"
      }
    },
    {
      "type": "Feature",
      "geometry": {
        "type": "Point",
        "coordinates": [
          13.8902292,
          52.5879221
        ]
      },
      "properties": {
        "id": "osm:way-653409891",
        "version": "82795d347d204cfc58312c748be61436c6f70a2efde07e50c3f29caadd89007b",
        "cityId": "strausberg",
        "kind": "place",
        "category": "kindergarten",
        "title": "Kita Nord",
        "statement": "Kita Nord ist in OpenStreetMap als kindergarten eingetragen. Öffnungszeiten in OSM eingetragen; nicht unabhängig bestätigt.",
        "status": "OSM-Eintrag, nicht offiziell geprüft",
        "startDate": null,
        "endDate": null,
        "nextStep": "Aktuelle Angaben direkt beim Ort prüfen.",
        "unknowns": [
          "Aktueller Betrieb und tatsächliche Öffnungszeiten"
        ],
        "scale": "street",
        "geometryPrecision": "approximate",
        "sources": [
          {
            "url": "https://www.openstreetmap.org/way/653409891",
            "snapshotUrl": "https://gall.openstreetmap.de/api/interpreter",
            "title": "OpenStreetMap contributors",
            "publisher": "OpenStreetMap contributors",
            "locator": "way/653409891; tags.name, tags.amenity",
            "retrievedAt": "2026-09-28T18:37:25.186Z",
            "sha256": "ff4e3fbff162c1e3d5217ff0149c5839e641b588faf0bcb22c295abd59c980a0",
            "snapshot": true,
            "licence": "ODbL 1.0",
            "reuse": "open_licence"
          }
        ],
        "extraction": {
          "method": "structured"
        },
        "reviewState": "candidate",
        "asOf": "2026-09-28T18:37:25.186Z",
        "temporalBasis": "observation"
      }
    },
    {
      "type": "Feature",
      "geometry": {
        "type": "Point",
        "coordinates": [
          13.8745979,
          52.572311
        ]
      },
      "properties": {
        "id": "osm:way-948240525",
        "version": "a4ebd218fe0034d2b0bc8972df404ef69612668f050b80ad4bab0f06a38e4f99",
        "cityId": "strausberg",
        "kind": "place",
        "category": "kindergarten",
        "title": "Integrationskita \"Am See\"",
        "statement": "Integrationskita \"Am See\" ist in OpenStreetMap als kindergarten eingetragen. Betrieb und Öffnungszeiten nicht geprüft.",
        "status": "OSM-Eintrag, nicht offiziell geprüft",
        "startDate": null,
        "endDate": null,
        "nextStep": "Aktuelle Angaben direkt beim Ort prüfen.",
        "unknowns": [
          "Aktueller Betrieb und tatsächliche Öffnungszeiten"
        ],
        "scale": "street",
        "geometryPrecision": "approximate",
        "sources": [
          {
            "url": "https://www.openstreetmap.org/way/948240525",
            "snapshotUrl": "https://gall.openstreetmap.de/api/interpreter",
            "title": "OpenStreetMap contributors",
            "publisher": "OpenStreetMap contributors",
            "locator": "way/948240525; tags.name, tags.amenity",
            "retrievedAt": "2026-09-28T18:37:25.186Z",
            "sha256": "ff4e3fbff162c1e3d5217ff0149c5839e641b588faf0bcb22c295abd59c980a0",
            "snapshot": true,
            "licence": "ODbL 1.0",
            "reuse": "open_licence"
          }
        ],
        "extraction": {
          "method": "structured"
        },
        "reviewState": "candidate",
        "asOf": "2026-09-28T18:37:25.186Z",
        "temporalBasis": "observation"
      }
    },
    {
      "type": "Feature",
      "geometry": {
        "type": "Point",
        "coordinates": [
          13.8307211,
          52.536581
        ]
      },
      "properties": {
        "id": "osm:way-992423099",
        "version": "6218d70a0d51c79d13eb0e0d10e020ad46b3778db0f97f925241f002e252e3d9",
        "cityId": "strausberg",
        "kind": "place",
        "category": "school",
        "title": "Lise-Meitner-Oberschule",
        "statement": "Lise-Meitner-Oberschule ist in OpenStreetMap als school eingetragen. Betrieb und Öffnungszeiten nicht geprüft.",
        "status": "OSM-Eintrag, nicht offiziell geprüft",
        "startDate": null,
        "endDate": null,
        "nextStep": "Aktuelle Angaben direkt beim Ort prüfen.",
        "unknowns": [
          "Aktueller Betrieb und tatsächliche Öffnungszeiten"
        ],
        "scale": "street",
        "geometryPrecision": "approximate",
        "sources": [
          {
            "url": "https://www.openstreetmap.org/way/992423099",
            "snapshotUrl": "https://gall.openstreetmap.de/api/interpreter",
            "title": "OpenStreetMap contributors",
            "publisher": "OpenStreetMap contributors",
            "locator": "way/992423099; tags.name, tags.amenity",
            "retrievedAt": "2026-09-28T18:37:25.186Z",
            "sha256": "ff4e3fbff162c1e3d5217ff0149c5839e641b588faf0bcb22c295abd59c980a0",
            "snapshot": true,
            "licence": "ODbL 1.0",
            "reuse": "open_licence"
          }
        ],
        "extraction": {
          "method": "structured"
        },
        "reviewState": "candidate",
        "asOf": "2026-09-28T18:37:25.186Z",
        "temporalBasis": "observation"
      }
    },
    {
      "type": "Feature",
      "geometry": {
        "type": "Point",
        "coordinates": [
          13.8441916,
          52.5400779
        ]
      },
      "properties": {
        "id": "osm:way-992423119",
        "version": "78482eeb76f59c0642dddba069a0093e1243a5eacbc14887701a25390e5414d5",
        "cityId": "strausberg",
        "kind": "place",
        "category": "school",
        "title": "Clara-Zetkin-Schule",
        "statement": "Clara-Zetkin-Schule ist in OpenStreetMap als school eingetragen. Betrieb und Öffnungszeiten nicht geprüft.",
        "status": "OSM-Eintrag, nicht offiziell geprüft",
        "startDate": null,
        "endDate": null,
        "nextStep": "Aktuelle Angaben direkt beim Ort prüfen.",
        "unknowns": [
          "Aktueller Betrieb und tatsächliche Öffnungszeiten"
        ],
        "scale": "street",
        "geometryPrecision": "approximate",
        "sources": [
          {
            "url": "https://www.openstreetmap.org/way/992423119",
            "snapshotUrl": "https://gall.openstreetmap.de/api/interpreter",
            "title": "OpenStreetMap contributors",
            "publisher": "OpenStreetMap contributors",
            "locator": "way/992423119; tags.name, tags.amenity",
            "retrievedAt": "2026-09-28T18:37:25.186Z",
            "sha256": "ff4e3fbff162c1e3d5217ff0149c5839e641b588faf0bcb22c295abd59c980a0",
            "snapshot": true,
            "licence": "ODbL 1.0",
            "reuse": "open_licence"
          }
        ],
        "extraction": {
          "method": "structured"
        },
        "reviewState": "candidate",
        "asOf": "2026-09-28T18:37:25.186Z",
        "temporalBasis": "observation"
      }
    }
  ]
}
